ISO-10303-21;
HEADER;
FILE_DESCRIPTION(('Open CASCADE Model'),'2;1');
FILE_NAME('Open CASCADE Shape Model','2026-07-25T13:39:14',('Author'),(
    'Open CASCADE'),'Open CASCADE STEP processor 7.9','Open CASCADE 7.9'
  ,'Unknown');
FILE_SCHEMA(('AUTOMOTIVE_DESIGN { 1 0 10303 214 1 1 1 1 }'));
ENDSEC;
DATA;
#1 = APPLICATION_PROTOCOL_DEFINITION('international standard',
  'automotive_design',2000,#2);
#2 = APPLICATION_CONTEXT(
  'core data for automotive mechanical design processes');
#3 = SHAPE_DEFINITION_REPRESENTATION(#4,#10);
#4 = PRODUCT_DEFINITION_SHAPE('','',#5);
#5 = PRODUCT_DEFINITION('design','',#6,#9);
#6 = PRODUCT_DEFINITION_FORMATION('','',#7);
#7 = PRODUCT('Open CASCADE STEP translator 7.9 2',
  'Open CASCADE STEP translator 7.9 2','',(#8));
#8 = PRODUCT_CONTEXT('',#2,'mechanical');
#9 = PRODUCT_DEFINITION_CONTEXT('part definition',#2,'design');
#10 = ADVANCED_BREP_SHAPE_REPRESENTATION('',(#11,#15),#12641);
#11 = AXIS2_PLACEMENT_3D('',#12,#13,#14);
#12 = CARTESIAN_POINT('',(0.,0.,0.));
#13 = DIRECTION('',(0.,0.,1.));
#14 = DIRECTION('',(1.,0.,-0.));
#15 = MANIFOLD_SOLID_BREP('',#16);
#16 = CLOSED_SHELL('',(#17,#235,#6755,#6805,#6948,#10771,#10798,#10825,
    #10832,#10859,#10906,#10933,#10960,#10987,#11014,#11021,#11068,
    #11095,#11122,#11149,#11176,#11183,#11230,#11257,#11284,#11311,
    #11338,#11345,#11392,#11419,#11446,#11473,#11500,#11507,#11554,
    #11581,#11608,#11635,#11662,#11669,#11716,#11743,#11770,#11797,
    #11824,#11831,#11878,#11905,#11932,#11959,#11986,#11993,#12040,
    #12067,#12094,#12121,#12148,#12155,#12202,#12229,#12256,#12283,
    #12310,#12317,#12364,#12391,#12418,#12445,#12472,#12479,#12526,
    #12553,#12580,#12607,#12634));
#17 = ADVANCED_FACE('',(#18),#33,.F.);
#18 = FACE_BOUND('',#19,.T.);
#19 = EDGE_LOOP('',(#20,#56,#180,#209));
#20 = ORIENTED_EDGE('',*,*,#21,.F.);
#21 = EDGE_CURVE('',#22,#24,#26,.T.);
#22 = VERTEX_POINT('',#23);
#23 = CARTESIAN_POINT('',(46.702879264608,13.080178454266,0.));
#24 = VERTEX_POINT('',#25);
#25 = CARTESIAN_POINT('',(44.596679705236,19.06269024216,0.));
#26 = SURFACE_CURVE('',#27,(#32,#44),.PCURVE_S1.);
#27 = CIRCLE('',#28,48.5);
#28 = AXIS2_PLACEMENT_3D('',#29,#30,#31);
#29 = CARTESIAN_POINT('',(0.,0.,0.));
#30 = DIRECTION('',(0.,0.,1.));
#31 = DIRECTION('',(1.,0.,-0.));
#32 = PCURVE('',#33,#38);
#33 = CYLINDRICAL_SURFACE('',#34,48.5);
#34 = AXIS2_PLACEMENT_3D('',#35,#36,#37);
#35 = CARTESIAN_POINT('',(0.,0.,0.));
#36 = DIRECTION('',(-0.,-0.,-1.));
#37 = DIRECTION('',(1.,0.,-0.));
#38 = DEFINITIONAL_REPRESENTATION('',(#39),#43);
#39 = LINE('',#40,#41);
#40 = CARTESIAN_POINT('',(-0.,0.));
#41 = VECTOR('',#42,1.);
#42 = DIRECTION('',(-1.,0.));
#43 = ( GEOMETRIC_REPRESENTATION_CONTEXT(2) 
PARAMETRIC_REPRESENTATION_CONTEXT() REPRESENTATION_CONTEXT('2D SPACE',''
  ) );
#44 = PCURVE('',#45,#50);
#45 = PLANE('',#46);
#46 = AXIS2_PLACEMENT_3D('',#47,#48,#49);
#47 = CARTESIAN_POINT('',(-1.75032336965E-15,3.209892110372E-15,0.));
#48 = DIRECTION('',(0.,0.,1.));
#49 = DIRECTION('',(1.,0.,-0.));
#50 = DEFINITIONAL_REPRESENTATION('',(#51),#55);
#51 = CIRCLE('',#52,48.5);
#52 = AXIS2_PLACEMENT_2D('',#53,#54);
#53 = CARTESIAN_POINT('',(1.75032336965E-15,-3.209892110372E-15));
#54 = DIRECTION('',(1.,0.));
#55 = ( GEOMETRIC_REPRESENTATION_CONTEXT(2) 
PARAMETRIC_REPRESENTATION_CONTEXT() REPRESENTATION_CONTEXT('2D SPACE',''
  ) );
#56 = ORIENTED_EDGE('',*,*,#57,.T.);
#57 = EDGE_CURVE('',#22,#58,#60,.T.);
#58 = VERTEX_POINT('',#59);
#59 = CARTESIAN_POINT('',(46.702879264608,13.080178454266,22.4));
#60 = SURFACE_CURVE('',#61,(#65,#72),.PCURVE_S1.);
#61 = LINE('',#62,#63);
#62 = CARTESIAN_POINT('',(46.702879264608,13.080178454266,0.));
#63 = VECTOR('',#64,1.);
#64 = DIRECTION('',(0.,0.,1.));
#65 = PCURVE('',#33,#66);
#66 = DEFINITIONAL_REPRESENTATION('',(#67),#71);
#67 = LINE('',#68,#69);
#68 = CARTESIAN_POINT('',(-0.273075659071,0.));
#69 = VECTOR('',#70,1.);
#70 = DIRECTION('',(-0.,-1.));
#71 = ( GEOMETRIC_REPRESENTATION_CONTEXT(2) 
PARAMETRIC_REPRESENTATION_CONTEXT() REPRESENTATION_CONTEXT('2D SPACE',''
  ) );
#72 = PCURVE('',#73,#174);
#73 = B_SPLINE_SURFACE_WITH_KNOTS('',3,1,(
    (#74,#75)
    ,(#76,#77)
    ,(#78,#79)
    ,(#80,#81)
    ,(#82,#83)
    ,(#84,#85)
    ,(#86,#87)
    ,(#88,#89)
    ,(#90,#91)
    ,(#92,#93)
    ,(#94,#95)
    ,(#96,#97)
    ,(#98,#99)
    ,(#100,#101)
    ,(#102,#103)
    ,(#104,#105)
    ,(#106,#107)
    ,(#108,#109)
    ,(#110,#111)
    ,(#112,#113)
    ,(#114,#115)
    ,(#116,#117)
    ,(#118,#119)
    ,(#120,#121)
    ,(#122,#123)
    ,(#124,#125)
    ,(#126,#127)
    ,(#128,#129)
    ,(#130,#131)
    ,(#132,#133)
    ,(#134,#135)
    ,(#136,#137)
    ,(#138,#139)
    ,(#140,#141)
    ,(#142,#143)
    ,(#144,#145)
    ,(#146,#147)
    ,(#148,#149)
    ,(#150,#151)
    ,(#152,#153)
    ,(#154,#155)
    ,(#156,#157)
    ,(#158,#159)
    ,(#160,#161)
    ,(#162,#163)
    ,(#164,#165)
    ,(#166,#167)
    ,(#168,#169)
    ,(#170,#171)
    ,(#172,#173
    )),.UNSPECIFIED.,.F.,.F.,.F.,(4,1,1,1,1,1,1,1,1,1,1,1,1,1,1,1,1,1,1,
    1,1,1,1,1,1,1,1,1,1,1,1,1,1,1,1,1,1,1,1,1,1,1,1,1,1,1,1,4),(2,2),(0.
    ,2.766464139392,5.568319295326,8.177275145496,10.425160909405,
    12.698001103747,14.813706991925,16.784063111389,18.483896399813,
    20.207074900357,21.81810245116,23.327840693167,24.640860133639,
    25.985974841284,27.260500260188,28.473662841808,29.546573791048,
    30.665502050481,31.746604132965,32.796723932319,33.744037531687,
    34.751762028128,35.745458780463,36.730106112805,37.635070035337,
    38.615335519513,39.599805338773,40.592877392801,41.521106716853,
    42.54355210237,43.588460947472,44.661307186429,45.681682040739,
    46.825929386569,48.018033969658,49.266638650819,50.477859791669,
    51.863921967174,53.33914083985,54.917675284274,56.480212616324,
    58.303578905337,60.281721918016,62.435877257802,64.600562295301,
    67.15990258556,69.968318443063,73.053194077155),(-22.4,0.),
  .UNSPECIFIED.);
#74 = CARTESIAN_POINT('',(11.465086923869,9.659132507772E-02,22.4));
#75 = CARTESIAN_POINT('',(11.465086923869,9.659132507772E-02,0.));
#76 = CARTESIAN_POINT('',(11.562011354251,0.997531887688,22.4));
#77 = CARTESIAN_POINT('',(11.562011354251,0.997531887688,0.));
#78 = CARTESIAN_POINT('',(11.733861433439,2.869911982393,22.4));
#79 = CARTESIAN_POINT('',(11.733861433439,2.869911982393,0.));
#80 = CARTESIAN_POINT('',(12.154186304207,5.555149510144,22.4));
#81 = CARTESIAN_POINT('',(12.154186304207,5.555149510144,0.));
#82 = CARTESIAN_POINT('',(12.656613796004,8.061246716484,22.4));
#83 = CARTESIAN_POINT('',(12.656613796004,8.061246716484,0.));
#84 = CARTESIAN_POINT('',(13.238805018243,10.365827798951,22.4));
#85 = CARTESIAN_POINT('',(13.238805018243,10.365827798951,0.));
#86 = CARTESIAN_POINT('',(13.886147827978,12.482337860793,22.4));
#87 = CARTESIAN_POINT('',(13.886147827978,12.482337860793,0.));
#88 = CARTESIAN_POINT('',(14.615582282124,14.473629758889,22.4));
#89 = CARTESIAN_POINT('',(14.615582282124,14.473629758889,0.));
#90 = CARTESIAN_POINT('',(15.381107717009,16.245040316804,22.4));
#91 = CARTESIAN_POINT('',(15.381107717009,16.245040316804,0.));
#92 = CARTESIAN_POINT('',(16.188309774152,17.852461924634,22.4));
#93 = CARTESIAN_POINT('',(16.188309774152,17.852461924634,0.));
#94 = CARTESIAN_POINT('',(17.030418094951,19.305183808412,22.4));
#95 = CARTESIAN_POINT('',(17.030418094951,19.305183808412,0.));
#96 = CARTESIAN_POINT('',(17.930122412672,20.647439067325,22.4));
#97 = CARTESIAN_POINT('',(17.930122412672,20.647439067325,0.));
#98 = CARTESIAN_POINT('',(18.837890922507,21.815265409324,22.4));
#99 = CARTESIAN_POINT('',(18.837890922507,21.815265409324,0.));
#100 = CARTESIAN_POINT('',(19.759850462584,22.855601589807,22.4));
#101 = CARTESIAN_POINT('',(19.759850462584,22.855601589807,0.));
#102 = CARTESIAN_POINT('',(20.691550502438,23.779474227334,22.4));
#103 = CARTESIAN_POINT('',(20.691550502438,23.779474227334,0.));
#104 = CARTESIAN_POINT('',(21.668521729273,24.604886664143,22.4));
#105 = CARTESIAN_POINT('',(21.668521729273,24.604886664143,0.));
#106 = CARTESIAN_POINT('',(22.634140574527,25.29721043821,22.4));
#107 = CARTESIAN_POINT('',(22.634140574527,25.29721043821,0.));
#108 = CARTESIAN_POINT('',(23.606674675732,25.884428292563,22.4));
#109 = CARTESIAN_POINT('',(23.606674675732,25.884428292563,0.));
#110 = CARTESIAN_POINT('',(24.58348448695,26.373147396548,22.4));
#111 = CARTESIAN_POINT('',(24.58348448695,26.373147396548,0.));
#112 = CARTESIAN_POINT('',(25.590332188661,26.776431093043,22.4));
#113 = CARTESIAN_POINT('',(25.590332188661,26.776431093043,0.));
#114 = CARTESIAN_POINT('',(26.572226740316,27.078624195503,22.4));
#115 = CARTESIAN_POINT('',(26.572226740316,27.078624195503,0.));
#116 = CARTESIAN_POINT('',(27.550572930613,27.297867266821,22.4));
#117 = CARTESIAN_POINT('',(27.550572930613,27.297867266821,0.));
#118 = CARTESIAN_POINT('',(28.524319586207,27.439123206851,22.4));
#119 = CARTESIAN_POINT('',(28.524319586207,27.439123206851,0.));
#120 = CARTESIAN_POINT('',(29.518411626219,27.505547306111,22.4));
#121 = CARTESIAN_POINT('',(29.518411626219,27.505547306111,0.));
#122 = CARTESIAN_POINT('',(30.480365952539,27.497653174108,22.4));
#123 = CARTESIAN_POINT('',(30.480365952539,27.497653174108,0.));
#124 = CARTESIAN_POINT('',(31.43475794982,27.423142433975,22.4));
#125 = CARTESIAN_POINT('',(31.43475794982,27.423142433975,0.));
#126 = CARTESIAN_POINT('',(32.381979847014,27.284274332011,22.4));
#127 = CARTESIAN_POINT('',(32.381979847014,27.284274332011,0.));
#128 = CARTESIAN_POINT('',(33.346166164706,27.074813902316,22.4));
#129 = CARTESIAN_POINT('',(33.346166164706,27.074813902316,0.));
#130 = CARTESIAN_POINT('',(34.277556104178,26.806360136563,22.4));
#131 = CARTESIAN_POINT('',(34.277556104178,26.806360136563,0.));
#132 = CARTESIAN_POINT('',(35.201994635684,26.475626098635,22.4));
#133 = CARTESIAN_POINT('',(35.201994635684,26.475626098635,0.));
#134 = CARTESIAN_POINT('',(36.120026751544,26.081053342461,22.4));
#135 = CARTESIAN_POINT('',(36.120026751544,26.081053342461,0.));
#136 = CARTESIAN_POINT('',(37.053713084303,25.606310170402,22.4));
#137 = CARTESIAN_POINT('',(37.053713084303,25.606310170402,0.));
#138 = CARTESIAN_POINT('',(37.954296948307,25.07273456133,22.4));
#139 = CARTESIAN_POINT('',(37.954296948307,25.07273456133,0.));
#140 = CARTESIAN_POINT('',(38.847278044432,24.465681794331,22.4));
#141 = CARTESIAN_POINT('',(38.847278044432,24.465681794331,0.));
#142 = CARTESIAN_POINT('',(39.732034929987,23.779404953179,22.4));
#143 = CARTESIAN_POINT('',(39.732034929987,23.779404953179,0.));
#144 = CARTESIAN_POINT('',(40.626947180634,22.98621323695,22.4));
#145 = CARTESIAN_POINT('',(40.626947180634,22.98621323695,0.));
#146 = CARTESIAN_POINT('',(41.483582659192,22.120080821874,22.4));
#147 = CARTESIAN_POINT('',(41.483582659192,22.120080821874,0.));
#148 = CARTESIAN_POINT('',(42.326438533146,21.153148084479,22.4));
#149 = CARTESIAN_POINT('',(42.326438533146,21.153148084479,0.));
#150 = CARTESIAN_POINT('',(43.153090290469,20.075151089843,22.4));
#151 = CARTESIAN_POINT('',(43.153090290469,20.075151089843,0.));
#152 = CARTESIAN_POINT('',(43.977056471612,18.844612851793,22.4));
#153 = CARTESIAN_POINT('',(43.977056471612,18.844612851793,0.));
#154 = CARTESIAN_POINT('',(44.751951517801,17.51407662939,22.4));
#155 = CARTESIAN_POINT('',(44.751951517801,17.51407662939,0.));
#156 = CARTESIAN_POINT('',(45.500587447575,16.037304592966,22.4));
#157 = CARTESIAN_POINT('',(45.500587447575,16.037304592966,0.));
#158 = CARTESIAN_POINT('',(46.218322810518,14.398928243417,22.4));
#159 = CARTESIAN_POINT('',(46.218322810518,14.398928243417,0.));
#160 = CARTESIAN_POINT('',(46.912949194845,12.536703344974,22.4));
#161 = CARTESIAN_POINT('',(46.912949194845,12.536703344974,0.));
#162 = CARTESIAN_POINT('',(47.541679742908,10.539118513891,22.4));
#163 = CARTESIAN_POINT('',(47.541679742908,10.539118513891,0.));
#164 = CARTESIAN_POINT('',(48.12831353425,8.297876658534,22.4));
#165 = CARTESIAN_POINT('',(48.12831353425,8.297876658534,0.));
#166 = CARTESIAN_POINT('',(48.641127159287,5.947933569625,22.4));
#167 = CARTESIAN_POINT('',(48.641127159287,5.947933569625,0.));
#168 = CARTESIAN_POINT('',(49.184779359494,2.710378200263,22.4));
#169 = CARTESIAN_POINT('',(49.184779359494,2.710378200263,0.));
#170 = CARTESIAN_POINT('',(49.245463149114,2.015183314218,22.4));
#171 = CARTESIAN_POINT('',(49.245463149114,2.015183314218,0.));
#172 = CARTESIAN_POINT('',(49.49370321069,0.112044317377,22.4));
#173 = CARTESIAN_POINT('',(49.49370321069,0.112044317377,0.));
#174 = DEFINITIONAL_REPRESENTATION('',(#175),#179);
#175 = LINE('',#176,#177);
#176 = CARTESIAN_POINT('',(59.759046788485,0.));
#177 = VECTOR('',#178,1.);
#178 = DIRECTION('',(0.,-1.));
#179 = ( GEOMETRIC_REPRESENTATION_CONTEXT(2) 
PARAMETRIC_REPRESENTATION_CONTEXT() REPRESENTATION_CONTEXT('2D SPACE',''
  ) );
#180 = ORIENTED_EDGE('',*,*,#181,.T.);
#181 = EDGE_CURVE('',#58,#182,#184,.T.);
#182 = VERTEX_POINT('',#183);
#183 = CARTESIAN_POINT('',(44.596679705236,19.06269024216,22.4));
#184 = SURFACE_CURVE('',#185,(#190,#197),.PCURVE_S1.);
#185 = CIRCLE('',#186,48.5);
#186 = AXIS2_PLACEMENT_3D('',#187,#188,#189);
#187 = CARTESIAN_POINT('',(0.,0.,22.4));
#188 = DIRECTION('',(0.,0.,1.));
#189 = DIRECTION('',(1.,0.,-0.));
#190 = PCURVE('',#33,#191);
#191 = DEFINITIONAL_REPRESENTATION('',(#192),#196);
#192 = LINE('',#193,#194);
#193 = CARTESIAN_POINT('',(-0.,-22.4));
#194 = VECTOR('',#195,1.);
#195 = DIRECTION('',(-1.,0.));
#196 = ( GEOMETRIC_REPRESENTATION_CONTEXT(2) 
PARAMETRIC_REPRESENTATION_CONTEXT() REPRESENTATION_CONTEXT('2D SPACE',''
  ) );
#197 = PCURVE('',#198,#203);
#198 = PLANE('',#199);
#199 = AXIS2_PLACEMENT_3D('',#200,#201,#202);
#200 = CARTESIAN_POINT('',(-1.75032336965E-15,3.209892110372E-15,22.4));
#201 = DIRECTION('',(0.,0.,1.));
#202 = DIRECTION('',(1.,0.,-0.));
#203 = DEFINITIONAL_REPRESENTATION('',(#204),#208);
#204 = CIRCLE('',#205,48.5);
#205 = AXIS2_PLACEMENT_2D('',#206,#207);
#206 = CARTESIAN_POINT('',(1.75032336965E-15,-3.209892110372E-15));
#207 = DIRECTION('',(1.,0.));
#208 = ( GEOMETRIC_REPRESENTATION_CONTEXT(2) 
PARAMETRIC_REPRESENTATION_CONTEXT() REPRESENTATION_CONTEXT('2D SPACE',''
  ) );
#209 = ORIENTED_EDGE('',*,*,#210,.F.);
#210 = EDGE_CURVE('',#24,#182,#211,.T.);
#211 = SURFACE_CURVE('',#212,(#216,#223),.PCURVE_S1.);
#212 = LINE('',#213,#214);
#213 = CARTESIAN_POINT('',(44.596679705236,19.06269024216,0.));
#214 = VECTOR('',#215,1.);
#215 = DIRECTION('',(0.,0.,1.));
#216 = PCURVE('',#33,#217);
#217 = DEFINITIONAL_REPRESENTATION('',(#218),#222);
#218 = LINE('',#219,#220);
#219 = CARTESIAN_POINT('',(-0.403940945037,0.));
#220 = VECTOR('',#221,1.);
#221 = DIRECTION('',(-0.,-1.));
#222 = ( GEOMETRIC_REPRESENTATION_CONTEXT(2) 
PARAMETRIC_REPRESENTATION_CONTEXT() REPRESENTATION_CONTEXT('2D SPACE',''
  ) );
#223 = PCURVE('',#224,#229);
#224 = CYLINDRICAL_SURFACE('',#225,3.);
#225 = AXIS2_PLACEMENT_3D('',#226,#227,#228);
#226 = CARTESIAN_POINT('',(41.838122197696,17.883554763264,0.));
#227 = DIRECTION('',(0.,0.,1.));
#228 = DIRECTION('',(0.91951916918,0.393045159632,-0.));
#229 = DEFINITIONAL_REPRESENTATION('',(#230),#234);
#230 = LINE('',#231,#232);
#231 = CARTESIAN_POINT('',(0.,0.));
#232 = VECTOR('',#233,1.);
#233 = DIRECTION('',(0.,1.));
#234 = ( GEOMETRIC_REPRESENTATION_CONTEXT(2) 
PARAMETRIC_REPRESENTATION_CONTEXT() REPRESENTATION_CONTEXT('2D SPACE',''
  ) );
#235 = ADVANCED_FACE('',(#236,#652,#683,#1235,#1787,#2339,#2891,#3443,
    #3995,#4547,#5099,#5651,#6203),#45,.F.);
#236 = FACE_BOUND('',#237,.F.);
#237 = EDGE_LOOP('',(#238,#239,#356,#384,#602,#630));
#238 = ORIENTED_EDGE('',*,*,#21,.F.);
#239 = ORIENTED_EDGE('',*,*,#240,.F.);
#240 = EDGE_CURVE('',#241,#22,#243,.T.);
#241 = VERTEX_POINT('',#242);
#242 = CARTESIAN_POINT('',(12.015472425414,4.624853916871,0.));
#243 = SURFACE_CURVE('',#244,(#295,#349),.PCURVE_S1.);
#244 = B_SPLINE_CURVE_WITH_KNOTS('',3,(#245,#246,#247,#248,#249,#250,
    #251,#252,#253,#254,#255,#256,#257,#258,#259,#260,#261,#262,#263,
    #264,#265,#266,#267,#268,#269,#270,#271,#272,#273,#274,#275,#276,
    #277,#278,#279,#280,#281,#282,#283,#284,#285,#286,#287,#288,#289,
    #290,#291,#292,#293,#294),.UNSPECIFIED.,.F.,.F.,(4,1,1,1,1,1,1,1,1,1
    ,1,1,1,1,1,1,1,1,1,1,1,1,1,1,1,1,1,1,1,1,1,1,1,1,1,1,1,1,1,1,1,1,1,1
    ,1,1,1,4),(0.,2.766464139392,5.568319295326,8.177275145496,
    10.425160909405,12.698001103747,14.813706991925,16.784063111389,
    18.483896399813,20.207074900357,21.81810245116,23.327840693167,
    24.640860133639,25.985974841284,27.260500260188,28.473662841808,
    29.546573791048,30.665502050481,31.746604132965,32.796723932319,
    33.744037531687,34.751762028128,35.745458780463,36.730106112805,
    37.635070035337,38.615335519513,39.599805338773,40.592877392801,
    41.521106716853,42.54355210237,43.588460947472,44.661307186429,
    45.681682040739,46.825929386569,48.018033969658,49.266638650819,
    50.477859791669,51.863921967174,53.33914083985,54.917675284274,
    56.480212616324,58.303578905337,60.281721918016,62.435877257802,
    64.600562295301,67.15990258556,69.968318443063,73.053194077155),
  .UNSPECIFIED.);
#245 = CARTESIAN_POINT('',(11.465086923869,9.659132507772E-02,0.));
#246 = CARTESIAN_POINT('',(11.562011354251,0.997531887688,0.));
#247 = CARTESIAN_POINT('',(11.733861433439,2.869911982393,0.));
#248 = CARTESIAN_POINT('',(12.154186304207,5.555149510144,0.));
#249 = CARTESIAN_POINT('',(12.656613796004,8.061246716484,0.));
#250 = CARTESIAN_POINT('',(13.238805018243,10.365827798951,0.));
#251 = CARTESIAN_POINT('',(13.886147827978,12.482337860793,0.));
#252 = CARTESIAN_POINT('',(14.615582282124,14.473629758889,0.));
#253 = CARTESIAN_POINT('',(15.381107717009,16.245040316804,0.));
#254 = CARTESIAN_POINT('',(16.188309774152,17.852461924634,0.));
#255 = CARTESIAN_POINT('',(17.030418094951,19.305183808412,0.));
#256 = CARTESIAN_POINT('',(17.930122412672,20.647439067325,0.));
#257 = CARTESIAN_POINT('',(18.837890922507,21.815265409324,0.));
#258 = CARTESIAN_POINT('',(19.759850462584,22.855601589807,0.));
#259 = CARTESIAN_POINT('',(20.691550502438,23.779474227334,0.));
#260 = CARTESIAN_POINT('',(21.668521729273,24.604886664143,0.));
#261 = CARTESIAN_POINT('',(22.634140574527,25.29721043821,0.));
#262 = CARTESIAN_POINT('',(23.606674675732,25.884428292563,0.));
#263 = CARTESIAN_POINT('',(24.58348448695,26.373147396548,0.));
#264 = CARTESIAN_POINT('',(25.590332188661,26.776431093043,0.));
#265 = CARTESIAN_POINT('',(26.572226740316,27.078624195503,0.));
#266 = CARTESIAN_POINT('',(27.550572930613,27.297867266821,0.));
#267 = CARTESIAN_POINT('',(28.524319586207,27.439123206851,0.));
#268 = CARTESIAN_POINT('',(29.518411626219,27.505547306111,0.));
#269 = CARTESIAN_POINT('',(30.480365952539,27.497653174108,0.));
#270 = CARTESIAN_POINT('',(31.43475794982,27.423142433975,0.));
#271 = CARTESIAN_POINT('',(32.381979847014,27.284274332011,0.));
#272 = CARTESIAN_POINT('',(33.346166164706,27.074813902316,0.));
#273 = CARTESIAN_POINT('',(34.277556104178,26.806360136563,0.));
#274 = CARTESIAN_POINT('',(35.201994635684,26.475626098635,0.));
#275 = CARTESIAN_POINT('',(36.120026751544,26.081053342461,0.));
#276 = CARTESIAN_POINT('',(37.053713084303,25.606310170402,0.));
#277 = CARTESIAN_POINT('',(37.954296948307,25.07273456133,0.));
#278 = CARTESIAN_POINT('',(38.847278044432,24.465681794331,0.));
#279 = CARTESIAN_POINT('',(39.732034929987,23.779404953179,0.));
#280 = CARTESIAN_POINT('',(40.626947180634,22.98621323695,0.));
#281 = CARTESIAN_POINT('',(41.483582659192,22.120080821874,0.));
#282 = CARTESIAN_POINT('',(42.326438533146,21.153148084479,0.));
#283 = CARTESIAN_POINT('',(43.153090290469,20.075151089843,0.));
#284 = CARTESIAN_POINT('',(43.977056471612,18.844612851793,0.));
#285 = CARTESIAN_POINT('',(44.751951517801,17.51407662939,0.));
#286 = CARTESIAN_POINT('',(45.500587447575,16.037304592966,0.));
#287 = CARTESIAN_POINT('',(46.218322810518,14.398928243417,0.));
#288 = CARTESIAN_POINT('',(46.912949194845,12.536703344974,0.));
#289 = CARTESIAN_POINT('',(47.541679742908,10.539118513891,0.));
#290 = CARTESIAN_POINT('',(48.12831353425,8.297876658534,0.));
#291 = CARTESIAN_POINT('',(48.641127159287,5.947933569625,0.));
#292 = CARTESIAN_POINT('',(49.184779359494,2.710378200263,0.));
#293 = CARTESIAN_POINT('',(49.245463149114,2.015183314218,0.));
#294 = CARTESIAN_POINT('',(49.49370321069,0.112044317377,0.));
#295 = PCURVE('',#45,#296);
#296 = DEFINITIONAL_REPRESENTATION('',(#297),#348);
#297 = B_SPLINE_CURVE_WITH_KNOTS('',3,(#298,#299,#300,#301,#302,#303,
    #304,#305,#306,#307,#308,#309,#310,#311,#312,#313,#314,#315,#316,
    #317,#318,#319,#320,#321,#322,#323,#324,#325,#326,#327,#328,#329,
    #330,#331,#332,#333,#334,#335,#336,#337,#338,#339,#340,#341,#342,
    #343,#344,#345,#346,#347),.UNSPECIFIED.,.F.,.F.,(4,1,1,1,1,1,1,1,1,1
    ,1,1,1,1,1,1,1,1,1,1,1,1,1,1,1,1,1,1,1,1,1,1,1,1,1,1,1,1,1,1,1,1,1,1
    ,1,1,1,4),(0.,2.766464139392,5.568319295326,8.177275145496,
    10.425160909405,12.698001103747,14.813706991925,16.784063111389,
    18.483896399813,20.207074900357,21.81810245116,23.327840693167,
    24.640860133639,25.985974841284,27.260500260188,28.473662841808,
    29.546573791048,30.665502050481,31.746604132965,32.796723932319,
    33.744037531687,34.751762028128,35.745458780463,36.730106112805,
    37.635070035337,38.615335519513,39.599805338773,40.592877392801,
    41.521106716853,42.54355210237,43.588460947472,44.661307186429,
    45.681682040739,46.825929386569,48.018033969658,49.266638650819,
    50.477859791669,51.863921967174,53.33914083985,54.917675284274,
    56.480212616324,58.303578905337,60.281721918016,62.435877257802,
    64.600562295301,67.15990258556,69.968318443063,73.053194077155),
  .UNSPECIFIED.);
#298 = CARTESIAN_POINT('',(11.465086923869,9.659132507772E-02));
#299 = CARTESIAN_POINT('',(11.562011354251,0.997531887688));
#300 = CARTESIAN_POINT('',(11.733861433439,2.869911982393));
#301 = CARTESIAN_POINT('',(12.154186304207,5.555149510144));
#302 = CARTESIAN_POINT('',(12.656613796004,8.061246716484));
#303 = CARTESIAN_POINT('',(13.238805018243,10.365827798951));
#304 = CARTESIAN_POINT('',(13.886147827978,12.482337860793));
#305 = CARTESIAN_POINT('',(14.615582282124,14.473629758889));
#306 = CARTESIAN_POINT('',(15.381107717009,16.245040316804));
#307 = CARTESIAN_POINT('',(16.188309774152,17.852461924634));
#308 = CARTESIAN_POINT('',(17.030418094951,19.305183808412));
#309 = CARTESIAN_POINT('',(17.930122412672,20.647439067325));
#310 = CARTESIAN_POINT('',(18.837890922507,21.815265409324));
#311 = CARTESIAN_POINT('',(19.759850462584,22.855601589807));
#312 = CARTESIAN_POINT('',(20.691550502438,23.779474227334));
#313 = CARTESIAN_POINT('',(21.668521729273,24.604886664143));
#314 = CARTESIAN_POINT('',(22.634140574527,25.29721043821));
#315 = CARTESIAN_POINT('',(23.606674675732,25.884428292563));
#316 = CARTESIAN_POINT('',(24.58348448695,26.373147396548));
#317 = CARTESIAN_POINT('',(25.590332188661,26.776431093043));
#318 = CARTESIAN_POINT('',(26.572226740316,27.078624195503));
#319 = CARTESIAN_POINT('',(27.550572930613,27.297867266821));
#320 = CARTESIAN_POINT('',(28.524319586207,27.439123206851));
#321 = CARTESIAN_POINT('',(29.518411626219,27.505547306111));
#322 = CARTESIAN_POINT('',(30.480365952539,27.497653174108));
#323 = CARTESIAN_POINT('',(31.43475794982,27.423142433975));
#324 = CARTESIAN_POINT('',(32.381979847014,27.284274332011));
#325 = CARTESIAN_POINT('',(33.346166164706,27.074813902316));
#326 = CARTESIAN_POINT('',(34.277556104178,26.806360136563));
#327 = CARTESIAN_POINT('',(35.201994635684,26.475626098635));
#328 = CARTESIAN_POINT('',(36.120026751544,26.081053342461));
#329 = CARTESIAN_POINT('',(37.053713084303,25.606310170402));
#330 = CARTESIAN_POINT('',(37.954296948307,25.07273456133));
#331 = CARTESIAN_POINT('',(38.847278044432,24.465681794331));
#332 = CARTESIAN_POINT('',(39.732034929987,23.779404953179));
#333 = CARTESIAN_POINT('',(40.626947180634,22.98621323695));
#334 = CARTESIAN_POINT('',(41.483582659192,22.120080821874));
#335 = CARTESIAN_POINT('',(42.326438533146,21.153148084479));
#336 = CARTESIAN_POINT('',(43.153090290469,20.075151089843));
#337 = CARTESIAN_POINT('',(43.977056471612,18.844612851793));
#338 = CARTESIAN_POINT('',(44.751951517801,17.51407662939));
#339 = CARTESIAN_POINT('',(45.500587447575,16.037304592966));
#340 = CARTESIAN_POINT('',(46.218322810518,14.398928243417));
#341 = CARTESIAN_POINT('',(46.912949194845,12.536703344974));
#342 = CARTESIAN_POINT('',(47.541679742908,10.539118513891));
#343 = CARTESIAN_POINT('',(48.12831353425,8.297876658534));
#344 = CARTESIAN_POINT('',(48.641127159287,5.947933569625));
#345 = CARTESIAN_POINT('',(49.184779359494,2.710378200263));
#346 = CARTESIAN_POINT('',(49.245463149114,2.015183314218));
#347 = CARTESIAN_POINT('',(49.49370321069,0.112044317377));
#348 = ( GEOMETRIC_REPRESENTATION_CONTEXT(2) 
PARAMETRIC_REPRESENTATION_CONTEXT() REPRESENTATION_CONTEXT('2D SPACE',''
  ) );
#349 = PCURVE('',#73,#350);
#350 = DEFINITIONAL_REPRESENTATION('',(#351),#355);
#351 = LINE('',#352,#353);
#352 = CARTESIAN_POINT('',(0.,0.));
#353 = VECTOR('',#354,1.);
#354 = DIRECTION('',(1.,0.));
#355 = ( GEOMETRIC_REPRESENTATION_CONTEXT(2) 
PARAMETRIC_REPRESENTATION_CONTEXT() REPRESENTATION_CONTEXT('2D SPACE',''
  ) );
#356 = ORIENTED_EDGE('',*,*,#357,.F.);
#357 = EDGE_CURVE('',#358,#241,#360,.T.);
#358 = VERTEX_POINT('',#359);
#359 = CARTESIAN_POINT('',(12.116284385996,6.883805996763,0.));
#360 = SURFACE_CURVE('',#361,(#365,#372),.PCURVE_S1.);
#361 = LINE('',#362,#363);
#362 = CARTESIAN_POINT('',(12.116284385996,6.883805996763,0.));
#363 = VECTOR('',#364,1.);
#364 = DIRECTION('',(-4.458338040621E-02,-0.999005666746,0.));
#365 = PCURVE('',#45,#366);
#366 = DEFINITIONAL_REPRESENTATION('',(#367),#371);
#367 = LINE('',#368,#369);
#368 = CARTESIAN_POINT('',(12.116284385996,6.883805996763));
#369 = VECTOR('',#370,1.);
#370 = DIRECTION('',(-4.458338040621E-02,-0.999005666746));
#371 = ( GEOMETRIC_REPRESENTATION_CONTEXT(2) 
PARAMETRIC_REPRESENTATION_CONTEXT() REPRESENTATION_CONTEXT('2D SPACE',''
  ) );
#372 = PCURVE('',#373,#378);
#373 = PLANE('',#374);
#374 = AXIS2_PLACEMENT_3D('',#375,#376,#377);
#375 = CARTESIAN_POINT('',(12.116284385996,6.883805996763,0.));
#376 = DIRECTION('',(0.999005666746,-4.458338040621E-02,0.));
#377 = DIRECTION('',(-4.458338040621E-02,-0.999005666746,0.));
#378 = DEFINITIONAL_REPRESENTATION('',(#379),#383);
#379 = LINE('',#380,#381);
#380 = CARTESIAN_POINT('',(0.,0.));
#381 = VECTOR('',#382,1.);
#382 = DIRECTION('',(1.,0.));
#383 = ( GEOMETRIC_REPRESENTATION_CONTEXT(2) 
PARAMETRIC_REPRESENTATION_CONTEXT() REPRESENTATION_CONTEXT('2D SPACE',''
  ) );
#384 = ORIENTED_EDGE('',*,*,#385,.F.);
#385 = EDGE_CURVE('',#386,#358,#388,.T.);
#386 = VERTEX_POINT('',#387);
#387 = CARTESIAN_POINT('',(41.197682017954,23.656115169457,0.));
#388 = SURFACE_CURVE('',#389,(#440,#494),.PCURVE_S1.);
#389 = B_SPLINE_CURVE_WITH_KNOTS('',3,(#390,#391,#392,#393,#394,#395,
    #396,#397,#398,#399,#400,#401,#402,#403,#404,#405,#406,#407,#408,
    #409,#410,#411,#412,#413,#414,#415,#416,#417,#418,#419,#420,#421,
    #422,#423,#424,#425,#426,#427,#428,#429,#430,#431,#432,#433,#434,
    #435,#436,#437,#438,#439),.UNSPECIFIED.,.F.,.F.,(4,1,1,1,1,1,1,1,1,1
    ,1,1,1,1,1,1,1,1,1,1,1,1,1,1,1,1,1,1,1,1,1,1,1,1,1,1,1,1,1,1,1,1,1,1
    ,1,1,1,4),(0.,3.010134173011,5.734866089906,8.204243200285,
    10.280216915947,12.332164523515,14.201956865391,15.911237845672,
    17.363900720308,18.819208714806,20.167747400886,21.42468716853,
    22.515414853025,23.632925452475,24.694050367351,25.707901186754,
    26.608581862701,27.552388564938,28.468532489134,29.361872223827,
    30.169943636586,31.030962627216,31.880548884696,32.72227944396,
    33.495545472128,34.332992621126,35.174663745336,36.025783427864,
    36.825011523752,37.711824801461,38.627874308414,39.58148948206,
    40.502911686362,41.554574841448,42.671594637474,43.864256147866,
    45.041219012251,46.408073524505,47.880684921353,49.469922617188,
    51.049935999727,52.894334824252,54.887680127977,57.041280206621,
    59.18142193199,61.675679145654,64.364419403117,67.031728548195),
  .UNSPECIFIED.);
#390 = CARTESIAN_POINT('',(41.197682017954,23.656115169457,0.));
#391 = CARTESIAN_POINT('',(40.59750268534,24.440273040611,0.));
#392 = CARTESIAN_POINT('',(39.444784580053,25.994109956344,0.));
#393 = CARTESIAN_POINT('',(37.695705261432,28.087310268353,0.));
#394 = CARTESIAN_POINT('',(36.069454937216,29.887348100209,0.));
#395 = CARTESIAN_POINT('',(34.521309404821,31.449670117131,0.));
#396 = CARTESIAN_POINT('',(33.048079218703,32.802582150766,0.));
#397 = CARTESIAN_POINT('',(31.599901021549,33.998107610693,0.));
#398 = CARTESIAN_POINT('',(30.248323317952,34.992858536067,0.));
#399 = CARTESIAN_POINT('',(28.958714869125,35.834286255178,0.));
#400 = CARTESIAN_POINT('',(27.726602577159,36.53968540187,0.));
#401 = CARTESIAN_POINT('',(26.511283173321,37.137729772993,0.));
#402 = CARTESIAN_POINT('',(25.372392496309,37.610047835712,0.));
#403 = CARTESIAN_POINT('',(24.279143431836,37.984935282419,0.));
#404 = CARTESIAN_POINT('',(23.227320210941,38.273103626033,0.));
#405 = CARTESIAN_POINT('',(22.18398945201,38.486440407921,0.));
#406 = CARTESIAN_POINT('',(21.200577532397,38.621211494927,0.));
#407 = CARTESIAN_POINT('',(20.249819376274,38.691212914704,0.));
#408 = CARTESIAN_POINT('',(19.32901752529,38.701641446891,0.));
#409 = CARTESIAN_POINT('',(18.411922952298,38.652850462375,0.));
#410 = CARTESIAN_POINT('',(17.544818284358,38.550397988541,0.));
#411 = CARTESIAN_POINT('',(16.70398003906,38.397420634829,0.));
#412 = CARTESIAN_POINT('',(15.888465133527,38.195340048621,0.));
#413 = CARTESIAN_POINT('',(15.07752826767,37.935932580382,0.));
#414 = CARTESIAN_POINT('',(14.313355558876,37.632535123317,0.));
#415 = CARTESIAN_POINT('',(13.575185260546,37.279948391349,0.));
#416 = CARTESIAN_POINT('',(12.863224085207,36.876730953373,0.));
#417 = CARTESIAN_POINT('',(12.161844251501,36.406865191059,0.));
#418 = CARTESIAN_POINT('',(11.508835283954,35.89204427852,0.));
#419 = CARTESIAN_POINT('',(10.886057381937,35.318751033939,0.));
#420 = CARTESIAN_POINT('',(10.295052003154,34.682555085346,0.));
#421 = CARTESIAN_POINT('',(9.726625133919,33.959337152656,0.));
#422 = CARTESIAN_POINT('',(9.213707406018,33.181834569932,0.));
#423 = CARTESIAN_POINT('',(8.742330489725,32.326677020119,0.));
#424 = CARTESIAN_POINT('',(8.316968499722,31.387285534416,0.));
#425 = CARTESIAN_POINT('',(7.93809362255,30.331680403677,0.));
#426 = CARTESIAN_POINT('',(7.628710068421,29.210123569433,0.));
#427 = CARTESIAN_POINT('',(7.394409398782,27.98564911256,0.));
#428 = CARTESIAN_POINT('',(7.241834177369,26.654388015471,0.));
#429 = CARTESIAN_POINT('',(7.172534579738,25.178724388865,0.));
#430 = CARTESIAN_POINT('',(7.202023820633,23.630641581764,0.));
#431 = CARTESIAN_POINT('',(7.333571741476,21.963697473041,0.));
#432 = CARTESIAN_POINT('',(7.578896463739,20.173763198766,0.));
#433 = CARTESIAN_POINT('',(7.962725754083,18.21153838216,0.));
#434 = CARTESIAN_POINT('',(8.473684888989,16.183520498831,0.));
#435 = CARTESIAN_POINT('',(9.144462101168,13.999557685068,0.));
#436 = CARTESIAN_POINT('',(9.932823367122,11.788476784338,0.));
#437 = CARTESIAN_POINT('',(11.091085102334,9.011915653887,0.));
#438 = CARTESIAN_POINT('',(11.458176539373,8.292958249965,0.));
#439 = CARTESIAN_POINT('',(12.116284385996,6.883805996763,0.));
#440 = PCURVE('',#45,#441);
#441 = DEFINITIONAL_REPRESENTATION('',(#442),#493);
#442 = B_SPLINE_CURVE_WITH_KNOTS('',3,(#443,#444,#445,#446,#447,#448,
    #449,#450,#451,#452,#453,#454,#455,#456,#457,#458,#459,#460,#461,
    #462,#463,#464,#465,#466,#467,#468,#469,#470,#471,#472,#473,#474,
    #475,#476,#477,#478,#479,#480,#481,#482,#483,#484,#485,#486,#487,
    #488,#489,#490,#491,#492),.UNSPECIFIED.,.F.,.F.,(4,1,1,1,1,1,1,1,1,1
    ,1,1,1,1,1,1,1,1,1,1,1,1,1,1,1,1,1,1,1,1,1,1,1,1,1,1,1,1,1,1,1,1,1,1
    ,1,1,1,4),(0.,3.010134173011,5.734866089906,8.204243200285,
    10.280216915947,12.332164523515,14.201956865391,15.911237845672,
    17.363900720308,18.819208714806,20.167747400886,21.42468716853,
    22.515414853025,23.632925452475,24.694050367351,25.707901186754,
    26.608581862701,27.552388564938,28.468532489134,29.361872223827,
    30.169943636586,31.030962627216,31.880548884696,32.72227944396,
    33.495545472128,34.332992621126,35.174663745336,36.025783427864,
    36.825011523752,37.711824801461,38.627874308414,39.58148948206,
    40.502911686362,41.554574841448,42.671594637474,43.864256147866,
    45.041219012251,46.408073524505,47.880684921353,49.469922617188,
    51.049935999727,52.894334824252,54.887680127977,57.041280206621,
    59.18142193199,61.675679145654,64.364419403117,67.031728548195),
  .UNSPECIFIED.);
#443 = CARTESIAN_POINT('',(41.197682017954,23.656115169457));
#444 = CARTESIAN_POINT('',(40.59750268534,24.440273040611));
#445 = CARTESIAN_POINT('',(39.444784580053,25.994109956344));
#446 = CARTESIAN_POINT('',(37.695705261432,28.087310268353));
#447 = CARTESIAN_POINT('',(36.069454937216,29.887348100209));
#448 = CARTESIAN_POINT('',(34.521309404821,31.449670117131));
#449 = CARTESIAN_POINT('',(33.048079218703,32.802582150766));
#450 = CARTESIAN_POINT('',(31.599901021549,33.998107610693));
#451 = CARTESIAN_POINT('',(30.248323317952,34.992858536067));
#452 = CARTESIAN_POINT('',(28.958714869125,35.834286255178));
#453 = CARTESIAN_POINT('',(27.726602577159,36.53968540187));
#454 = CARTESIAN_POINT('',(26.511283173321,37.137729772993));
#455 = CARTESIAN_POINT('',(25.372392496309,37.610047835712));
#456 = CARTESIAN_POINT('',(24.279143431836,37.984935282419));
#457 = CARTESIAN_POINT('',(23.227320210941,38.273103626033));
#458 = CARTESIAN_POINT('',(22.18398945201,38.486440407921));
#459 = CARTESIAN_POINT('',(21.200577532397,38.621211494927));
#460 = CARTESIAN_POINT('',(20.249819376274,38.691212914704));
#461 = CARTESIAN_POINT('',(19.32901752529,38.701641446891));
#462 = CARTESIAN_POINT('',(18.411922952298,38.652850462375));
#463 = CARTESIAN_POINT('',(17.544818284358,38.550397988541));
#464 = CARTESIAN_POINT('',(16.70398003906,38.397420634829));
#465 = CARTESIAN_POINT('',(15.888465133527,38.195340048621));
#466 = CARTESIAN_POINT('',(15.07752826767,37.935932580382));
#467 = CARTESIAN_POINT('',(14.313355558876,37.632535123317));
#468 = CARTESIAN_POINT('',(13.575185260546,37.279948391349));
#469 = CARTESIAN_POINT('',(12.863224085207,36.876730953373));
#470 = CARTESIAN_POINT('',(12.161844251501,36.406865191059));
#471 = CARTESIAN_POINT('',(11.508835283954,35.89204427852));
#472 = CARTESIAN_POINT('',(10.886057381937,35.318751033939));
#473 = CARTESIAN_POINT('',(10.295052003154,34.682555085346));
#474 = CARTESIAN_POINT('',(9.726625133919,33.959337152656));
#475 = CARTESIAN_POINT('',(9.213707406018,33.181834569932));
#476 = CARTESIAN_POINT('',(8.742330489725,32.326677020119));
#477 = CARTESIAN_POINT('',(8.316968499722,31.387285534416));
#478 = CARTESIAN_POINT('',(7.93809362255,30.331680403677));
#479 = CARTESIAN_POINT('',(7.628710068421,29.210123569433));
#480 = CARTESIAN_POINT('',(7.394409398782,27.98564911256));
#481 = CARTESIAN_POINT('',(7.241834177369,26.654388015471));
#482 = CARTESIAN_POINT('',(7.172534579738,25.178724388865));
#483 = CARTESIAN_POINT('',(7.202023820633,23.630641581764));
#484 = CARTESIAN_POINT('',(7.333571741476,21.963697473041));
#485 = CARTESIAN_POINT('',(7.578896463739,20.173763198766));
#486 = CARTESIAN_POINT('',(7.962725754083,18.21153838216));
#487 = CARTESIAN_POINT('',(8.473684888989,16.183520498831));
#488 = CARTESIAN_POINT('',(9.144462101168,13.999557685068));
#489 = CARTESIAN_POINT('',(9.932823367122,11.788476784338));
#490 = CARTESIAN_POINT('',(11.091085102334,9.011915653887));
#491 = CARTESIAN_POINT('',(11.458176539373,8.292958249965));
#492 = CARTESIAN_POINT('',(12.116284385996,6.883805996763));
#493 = ( GEOMETRIC_REPRESENTATION_CONTEXT(2) 
PARAMETRIC_REPRESENTATION_CONTEXT() REPRESENTATION_CONTEXT('2D SPACE',''
  ) );
#494 = PCURVE('',#495,#596);
#495 = B_SPLINE_SURFACE_WITH_KNOTS('',3,1,(
    (#496,#497)
    ,(#498,#499)
    ,(#500,#501)
    ,(#502,#503)
    ,(#504,#505)
    ,(#506,#507)
    ,(#508,#509)
    ,(#510,#511)
    ,(#512,#513)
    ,(#514,#515)
    ,(#516,#517)
    ,(#518,#519)
    ,(#520,#521)
    ,(#522,#523)
    ,(#524,#525)
    ,(#526,#527)
    ,(#528,#529)
    ,(#530,#531)
    ,(#532,#533)
    ,(#534,#535)
    ,(#536,#537)
    ,(#538,#539)
    ,(#540,#541)
    ,(#542,#543)
    ,(#544,#545)
    ,(#546,#547)
    ,(#548,#549)
    ,(#550,#551)
    ,(#552,#553)
    ,(#554,#555)
    ,(#556,#557)
    ,(#558,#559)
    ,(#560,#561)
    ,(#562,#563)
    ,(#564,#565)
    ,(#566,#567)
    ,(#568,#569)
    ,(#570,#571)
    ,(#572,#573)
    ,(#574,#575)
    ,(#576,#577)
    ,(#578,#579)
    ,(#580,#581)
    ,(#582,#583)
    ,(#584,#585)
    ,(#586,#587)
    ,(#588,#589)
    ,(#590,#591)
    ,(#592,#593)
    ,(#594,#595
    )),.UNSPECIFIED.,.F.,.F.,.F.,(4,1,1,1,1,1,1,1,1,1,1,1,1,1,1,1,1,1,1,
    1,1,1,1,1,1,1,1,1,1,1,1,1,1,1,1,1,1,1,1,1,1,1,1,1,1,1,1,4),(2,2),(0.
    ,3.010134173011,5.734866089906,8.204243200285,10.280216915947,
    12.332164523515,14.201956865391,15.911237845672,17.363900720308,
    18.819208714806,20.167747400886,21.42468716853,22.515414853025,
    23.632925452475,24.694050367351,25.707901186754,26.608581862701,
    27.552388564938,28.468532489134,29.361872223827,30.169943636586,
    31.030962627216,31.880548884696,32.72227944396,33.495545472128,
    34.332992621126,35.174663745336,36.025783427864,36.825011523752,
    37.711824801461,38.627874308414,39.58148948206,40.502911686362,
    41.554574841448,42.671594637474,43.864256147866,45.041219012251,
    46.408073524505,47.880684921353,49.469922617188,51.049935999727,
    52.894334824252,54.887680127977,57.041280206621,59.18142193199,
    61.675679145654,64.364419403117,67.031728548195),(-22.4,0.),
  .UNSPECIFIED.);
#496 = CARTESIAN_POINT('',(41.197682017954,23.656115169457,22.4));
#497 = CARTESIAN_POINT('',(41.197682017954,23.656115169457,0.));
#498 = CARTESIAN_POINT('',(40.59750268534,24.440273040611,22.4));
#499 = CARTESIAN_POINT('',(40.59750268534,24.440273040611,0.));
#500 = CARTESIAN_POINT('',(39.444784580053,25.994109956344,22.4));
#501 = CARTESIAN_POINT('',(39.444784580053,25.994109956344,0.));
#502 = CARTESIAN_POINT('',(37.695705261432,28.087310268353,22.4));
#503 = CARTESIAN_POINT('',(37.695705261432,28.087310268353,0.));
#504 = CARTESIAN_POINT('',(36.069454937216,29.887348100209,22.4));
#505 = CARTESIAN_POINT('',(36.069454937216,29.887348100209,0.));
#506 = CARTESIAN_POINT('',(34.521309404821,31.449670117131,22.4));
#507 = CARTESIAN_POINT('',(34.521309404821,31.449670117131,0.));
#508 = CARTESIAN_POINT('',(33.048079218703,32.802582150766,22.4));
#509 = CARTESIAN_POINT('',(33.048079218703,32.802582150766,0.));
#510 = CARTESIAN_POINT('',(31.599901021549,33.998107610693,22.4));
#511 = CARTESIAN_POINT('',(31.599901021549,33.998107610693,0.));
#512 = CARTESIAN_POINT('',(30.248323317952,34.992858536067,22.4));
#513 = CARTESIAN_POINT('',(30.248323317952,34.992858536067,0.));
#514 = CARTESIAN_POINT('',(28.958714869125,35.834286255178,22.4));
#515 = CARTESIAN_POINT('',(28.958714869125,35.834286255178,0.));
#516 = CARTESIAN_POINT('',(27.726602577159,36.53968540187,22.4));
#517 = CARTESIAN_POINT('',(27.726602577159,36.53968540187,0.));
#518 = CARTESIAN_POINT('',(26.511283173321,37.137729772993,22.4));
#519 = CARTESIAN_POINT('',(26.511283173321,37.137729772993,0.));
#520 = CARTESIAN_POINT('',(25.372392496309,37.610047835712,22.4));
#521 = CARTESIAN_POINT('',(25.372392496309,37.610047835712,0.));
#522 = CARTESIAN_POINT('',(24.279143431836,37.984935282419,22.4));
#523 = CARTESIAN_POINT('',(24.279143431836,37.984935282419,0.));
#524 = CARTESIAN_POINT('',(23.227320210941,38.273103626033,22.4));
#525 = CARTESIAN_POINT('',(23.227320210941,38.273103626033,0.));
#526 = CARTESIAN_POINT('',(22.18398945201,38.486440407921,22.4));
#527 = CARTESIAN_POINT('',(22.18398945201,38.486440407921,0.));
#528 = CARTESIAN_POINT('',(21.200577532397,38.621211494927,22.4));
#529 = CARTESIAN_POINT('',(21.200577532397,38.621211494927,0.));
#530 = CARTESIAN_POINT('',(20.249819376274,38.691212914704,22.4));
#531 = CARTESIAN_POINT('',(20.249819376274,38.691212914704,0.));
#532 = CARTESIAN_POINT('',(19.32901752529,38.701641446891,22.4));
#533 = CARTESIAN_POINT('',(19.32901752529,38.701641446891,0.));
#534 = CARTESIAN_POINT('',(18.411922952298,38.652850462375,22.4));
#535 = CARTESIAN_POINT('',(18.411922952298,38.652850462375,0.));
#536 = CARTESIAN_POINT('',(17.544818284358,38.550397988541,22.4));
#537 = CARTESIAN_POINT('',(17.544818284358,38.550397988541,0.));
#538 = CARTESIAN_POINT('',(16.70398003906,38.397420634829,22.4));
#539 = CARTESIAN_POINT('',(16.70398003906,38.397420634829,0.));
#540 = CARTESIAN_POINT('',(15.888465133527,38.195340048621,22.4));
#541 = CARTESIAN_POINT('',(15.888465133527,38.195340048621,0.));
#542 = CARTESIAN_POINT('',(15.07752826767,37.935932580382,22.4));
#543 = CARTESIAN_POINT('',(15.07752826767,37.935932580382,0.));
#544 = CARTESIAN_POINT('',(14.313355558876,37.632535123317,22.4));
#545 = CARTESIAN_POINT('',(14.313355558876,37.632535123317,0.));
#546 = CARTESIAN_POINT('',(13.575185260546,37.279948391349,22.4));
#547 = CARTESIAN_POINT('',(13.575185260546,37.279948391349,0.));
#548 = CARTESIAN_POINT('',(12.863224085207,36.876730953373,22.4));
#549 = CARTESIAN_POINT('',(12.863224085207,36.876730953373,0.));
#550 = CARTESIAN_POINT('',(12.161844251501,36.406865191059,22.4));
#551 = CARTESIAN_POINT('',(12.161844251501,36.406865191059,0.));
#552 = CARTESIAN_POINT('',(11.508835283954,35.89204427852,22.4));
#553 = CARTESIAN_POINT('',(11.508835283954,35.89204427852,0.));
#554 = CARTESIAN_POINT('',(10.886057381937,35.318751033939,22.4));
#555 = CARTESIAN_POINT('',(10.886057381937,35.318751033939,0.));
#556 = CARTESIAN_POINT('',(10.295052003154,34.682555085346,22.4));
#557 = CARTESIAN_POINT('',(10.295052003154,34.682555085346,0.));
#558 = CARTESIAN_POINT('',(9.726625133919,33.959337152656,22.4));
#559 = CARTESIAN_POINT('',(9.726625133919,33.959337152656,0.));
#560 = CARTESIAN_POINT('',(9.213707406018,33.181834569932,22.4));
#561 = CARTESIAN_POINT('',(9.213707406018,33.181834569932,0.));
#562 = CARTESIAN_POINT('',(8.742330489725,32.326677020119,22.4));
#563 = CARTESIAN_POINT('',(8.742330489725,32.326677020119,0.));
#564 = CARTESIAN_POINT('',(8.316968499722,31.387285534416,22.4));
#565 = CARTESIAN_POINT('',(8.316968499722,31.387285534416,0.));
#566 = CARTESIAN_POINT('',(7.93809362255,30.331680403677,22.4));
#567 = CARTESIAN_POINT('',(7.93809362255,30.331680403677,0.));
#568 = CARTESIAN_POINT('',(7.628710068421,29.210123569433,22.4));
#569 = CARTESIAN_POINT('',(7.628710068421,29.210123569433,0.));
#570 = CARTESIAN_POINT('',(7.394409398782,27.98564911256,22.4));
#571 = CARTESIAN_POINT('',(7.394409398782,27.98564911256,0.));
#572 = CARTESIAN_POINT('',(7.241834177369,26.654388015471,22.4));
#573 = CARTESIAN_POINT('',(7.241834177369,26.654388015471,0.));
#574 = CARTESIAN_POINT('',(7.172534579738,25.178724388865,22.4));
#575 = CARTESIAN_POINT('',(7.172534579738,25.178724388865,0.));
#576 = CARTESIAN_POINT('',(7.202023820633,23.630641581764,22.4));
#577 = CARTESIAN_POINT('',(7.202023820633,23.630641581764,0.));
#578 = CARTESIAN_POINT('',(7.333571741476,21.963697473041,22.4));
#579 = CARTESIAN_POINT('',(7.333571741476,21.963697473041,0.));
#580 = CARTESIAN_POINT('',(7.578896463739,20.173763198766,22.4));
#581 = CARTESIAN_POINT('',(7.578896463739,20.173763198766,0.));
#582 = CARTESIAN_POINT('',(7.962725754083,18.21153838216,22.4));
#583 = CARTESIAN_POINT('',(7.962725754083,18.21153838216,0.));
#584 = CARTESIAN_POINT('',(8.473684888989,16.183520498831,22.4));
#585 = CARTESIAN_POINT('',(8.473684888989,16.183520498831,0.));
#586 = CARTESIAN_POINT('',(9.144462101168,13.999557685068,22.4));
#587 = CARTESIAN_POINT('',(9.144462101168,13.999557685068,0.));
#588 = CARTESIAN_POINT('',(9.932823367122,11.788476784338,22.4));
#589 = CARTESIAN_POINT('',(9.932823367122,11.788476784338,0.));
#590 = CARTESIAN_POINT('',(11.091085102334,9.011915653887,22.4));
#591 = CARTESIAN_POINT('',(11.091085102334,9.011915653887,0.));
#592 = CARTESIAN_POINT('',(11.458176539373,8.292958249965,22.4));
#593 = CARTESIAN_POINT('',(11.458176539373,8.292958249965,0.));
#594 = CARTESIAN_POINT('',(12.116284385996,6.883805996763,22.4));
#595 = CARTESIAN_POINT('',(12.116284385996,6.883805996763,0.));
#596 = DEFINITIONAL_REPRESENTATION('',(#597),#601);
#597 = LINE('',#598,#599);
#598 = CARTESIAN_POINT('',(0.,0.));
#599 = VECTOR('',#600,1.);
#600 = DIRECTION('',(1.,0.));
#601 = ( GEOMETRIC_REPRESENTATION_CONTEXT(2) 
PARAMETRIC_REPRESENTATION_CONTEXT() REPRESENTATION_CONTEXT('2D SPACE',''
  ) );
#602 = ORIENTED_EDGE('',*,*,#603,.F.);
#603 = EDGE_CURVE('',#604,#386,#606,.T.);
#604 = VERTEX_POINT('',#605);
#605 = CARTESIAN_POINT('',(44.220390794829,19.706957168416,0.));
#606 = SURFACE_CURVE('',#607,(#611,#618),.PCURVE_S1.);
#607 = LINE('',#608,#609);
#608 = CARTESIAN_POINT('',(48.149405014691,14.573714409047,0.));
#609 = VECTOR('',#610,1.);
#610 = DIRECTION('',(-0.607800801718,0.794089532378,0.));
#611 = PCURVE('',#45,#612);
#612 = DEFINITIONAL_REPRESENTATION('',(#613),#617);
#613 = LINE('',#614,#615);
#614 = CARTESIAN_POINT('',(48.149405014691,14.573714409047));
#615 = VECTOR('',#616,1.);
#616 = DIRECTION('',(-0.607800801718,0.794089532378));
#617 = ( GEOMETRIC_REPRESENTATION_CONTEXT(2) 
PARAMETRIC_REPRESENTATION_CONTEXT() REPRESENTATION_CONTEXT('2D SPACE',''
  ) );
#618 = PCURVE('',#619,#624);
#619 = PLANE('',#620);
#620 = AXIS2_PLACEMENT_3D('',#621,#622,#623);
#621 = CARTESIAN_POINT('',(44.445203270214,19.413240488631,0.));
#622 = DIRECTION('',(-0.794089532378,-0.607800801718,0.));
#623 = DIRECTION('',(-0.607800801718,0.794089532378,0.));
#624 = DEFINITIONAL_REPRESENTATION('',(#625),#629);
#625 = LINE('',#626,#627);
#626 = CARTESIAN_POINT('',(-6.094433791482,-0.));
#627 = VECTOR('',#628,1.);
#628 = DIRECTION('',(1.,0.));
#629 = ( GEOMETRIC_REPRESENTATION_CONTEXT(2) 
PARAMETRIC_REPRESENTATION_CONTEXT() REPRESENTATION_CONTEXT('2D SPACE',''
  ) );
#630 = ORIENTED_EDGE('',*,*,#631,.F.);
#631 = EDGE_CURVE('',#24,#604,#632,.T.);
#632 = SURFACE_CURVE('',#633,(#638,#645),.PCURVE_S1.);
#633 = CIRCLE('',#634,3.);
#634 = AXIS2_PLACEMENT_3D('',#635,#636,#637);
#635 = CARTESIAN_POINT('',(41.838122197696,17.883554763264,0.));
#636 = DIRECTION('',(0.,0.,1.));
#637 = DIRECTION('',(0.,-1.,0.));
#638 = PCURVE('',#45,#639);
#639 = DEFINITIONAL_REPRESENTATION('',(#640),#644);
#640 = CIRCLE('',#641,3.);
#641 = AXIS2_PLACEMENT_2D('',#642,#643);
#642 = CARTESIAN_POINT('',(41.838122197696,17.883554763264));
#643 = DIRECTION('',(0.,-1.));
#644 = ( GEOMETRIC_REPRESENTATION_CONTEXT(2) 
PARAMETRIC_REPRESENTATION_CONTEXT() REPRESENTATION_CONTEXT('2D SPACE',''
  ) );
#645 = PCURVE('',#224,#646);
#646 = DEFINITIONAL_REPRESENTATION('',(#647),#651);
#647 = LINE('',#648,#649);
#648 = CARTESIAN_POINT('',(-1.974737271832,0.));
#649 = VECTOR('',#650,1.);
#650 = DIRECTION('',(1.,0.));
#651 = ( GEOMETRIC_REPRESENTATION_CONTEXT(2) 
PARAMETRIC_REPRESENTATION_CONTEXT() REPRESENTATION_CONTEXT('2D SPACE',''
  ) );
#652 = FACE_BOUND('',#653,.F.);
#653 = EDGE_LOOP('',(#654));
#654 = ORIENTED_EDGE('',*,*,#655,.T.);
#655 = EDGE_CURVE('',#656,#656,#658,.T.);
#656 = VERTEX_POINT('',#657);
#657 = CARTESIAN_POINT('',(50.,0.,0.));
#658 = SURFACE_CURVE('',#659,(#664,#671),.PCURVE_S1.);
#659 = CIRCLE('',#660,50.);
#660 = AXIS2_PLACEMENT_3D('',#661,#662,#663);
#661 = CARTESIAN_POINT('',(-3.055333763768E-13,-4.707345624411E-14,0.));
#662 = DIRECTION('',(0.,0.,1.));
#663 = DIRECTION('',(1.,9.503509090791E-16,-0.));
#664 = PCURVE('',#45,#665);
#665 = DEFINITIONAL_REPRESENTATION('',(#666),#670);
#666 = CIRCLE('',#667,50.);
#667 = AXIS2_PLACEMENT_2D('',#668,#669);
#668 = CARTESIAN_POINT('',(-3.037830530072E-13,-5.028334835448E-14));
#669 = DIRECTION('',(1.,9.503509090791E-16));
#670 = ( GEOMETRIC_REPRESENTATION_CONTEXT(2) 
PARAMETRIC_REPRESENTATION_CONTEXT() REPRESENTATION_CONTEXT('2D SPACE',''
  ) );
#671 = PCURVE('',#672,#677);
#672 = CYLINDRICAL_SURFACE('',#673,50.);
#673 = AXIS2_PLACEMENT_3D('',#674,#675,#676);
#674 = CARTESIAN_POINT('',(-3.055333763768E-13,-4.707345624411E-14,0.));
#675 = DIRECTION('',(-0.,-0.,-1.));
#676 = DIRECTION('',(1.,9.503509090791E-16,-0.));
#677 = DEFINITIONAL_REPRESENTATION('',(#678),#682);
#678 = LINE('',#679,#680);
#679 = CARTESIAN_POINT('',(-0.,0.));
#680 = VECTOR('',#681,1.);
#681 = DIRECTION('',(-1.,0.));
#682 = ( GEOMETRIC_REPRESENTATION_CONTEXT(2) 
PARAMETRIC_REPRESENTATION_CONTEXT() REPRESENTATION_CONTEXT('2D SPACE',''
  ) );
#683 = FACE_BOUND('',#684,.F.);
#684 = EDGE_LOOP('',(#685,#716,#934,#962,#1180,#1208));
#685 = ORIENTED_EDGE('',*,*,#686,.F.);
#686 = EDGE_CURVE('',#687,#689,#691,.T.);
#687 = VERTEX_POINT('',#688);
#688 = CARTESIAN_POINT('',(46.985969100161,-12.02367280487,0.));
#689 = VERTEX_POINT('',#690);
#690 = CARTESIAN_POINT('',(48.153202670253,-5.789565838434,0.));
#691 = SURFACE_CURVE('',#692,(#697,#704),.PCURVE_S1.);
#692 = CIRCLE('',#693,48.5);
#693 = AXIS2_PLACEMENT_3D('',#694,#695,#696);
#694 = CARTESIAN_POINT('',(0.,0.,0.));
#695 = DIRECTION('',(0.,0.,1.));
#696 = DIRECTION('',(1.,0.,-0.));
#697 = PCURVE('',#45,#698);
#698 = DEFINITIONAL_REPRESENTATION('',(#699),#703);
#699 = CIRCLE('',#700,48.5);
#700 = AXIS2_PLACEMENT_2D('',#701,#702);
#701 = CARTESIAN_POINT('',(1.75032336965E-15,-3.209892110372E-15));
#702 = DIRECTION('',(1.,0.));
#703 = ( GEOMETRIC_REPRESENTATION_CONTEXT(2) 
PARAMETRIC_REPRESENTATION_CONTEXT() REPRESENTATION_CONTEXT('2D SPACE',''
  ) );
#704 = PCURVE('',#705,#710);
#705 = CYLINDRICAL_SURFACE('',#706,48.5);
#706 = AXIS2_PLACEMENT_3D('',#707,#708,#709);
#707 = CARTESIAN_POINT('',(0.,0.,0.));
#708 = DIRECTION('',(-0.,-0.,-1.));
#709 = DIRECTION('',(1.,0.,-0.));
#710 = DEFINITIONAL_REPRESENTATION('',(#711),#715);
#711 = LINE('',#712,#713);
#712 = CARTESIAN_POINT('',(-0.,0.));
#713 = VECTOR('',#714,1.);
#714 = DIRECTION('',(-1.,0.));
#715 = ( GEOMETRIC_REPRESENTATION_CONTEXT(2) 
PARAMETRIC_REPRESENTATION_CONTEXT() REPRESENTATION_CONTEXT('2D SPACE',''
  ) );
#716 = ORIENTED_EDGE('',*,*,#717,.F.);
#717 = EDGE_CURVE('',#718,#687,#720,.T.);
#718 = VERTEX_POINT('',#719);
#719 = CARTESIAN_POINT('',(12.718131317315,-2.002495231905,0.));
#720 = SURFACE_CURVE('',#721,(#772,#826),.PCURVE_S1.);
#721 = B_SPLINE_CURVE_WITH_KNOTS('',3,(#722,#723,#724,#725,#726,#727,
    #728,#729,#730,#731,#732,#733,#734,#735,#736,#737,#738,#739,#740,
    #741,#742,#743,#744,#745,#746,#747,#748,#749,#750,#751,#752,#753,
    #754,#755,#756,#757,#758,#759,#760,#761,#762,#763,#764,#765,#766,
    #767,#768,#769,#770,#771),.UNSPECIFIED.,.F.,.F.,(4,1,1,1,1,1,1,1,1,1
    ,1,1,1,1,1,1,1,1,1,1,1,1,1,1,1,1,1,1,1,1,1,1,1,1,1,1,1,1,1,1,1,1,1,1
    ,1,1,1,4),(0.,2.766464139392,5.568319295326,8.177275145496,
    10.425160909405,12.698001103747,14.813706991925,16.784063111389,
    18.483896399813,20.207074900357,21.81810245116,23.327840693167,
    24.640860133639,25.985974841284,27.260500260188,28.473662841808,
    29.546573791048,30.665502050481,31.746604132965,32.796723932319,
    33.744037531687,34.751762028128,35.745458780463,36.730106112805,
    37.635070035337,38.615335519513,39.599805338773,40.592877392801,
    41.521106716853,42.54355210237,43.588460947472,44.661307186429,
    45.681682040739,46.825929386569,48.018033969658,49.266638650819,
    50.477859791669,51.863921967174,53.33914083985,54.917675284274,
    56.480212616324,58.303578905337,60.281721918016,62.435877257802,
    64.600562295301,67.15990258556,69.968318443063,73.053194077155),
  .UNSPECIFIED.);
#722 = CARTESIAN_POINT('',(9.977352195207,-5.648892920632,0.));
#723 = CARTESIAN_POINT('',(10.51176149547,-4.917117721303,0.));
#724 = CARTESIAN_POINT('',(11.596778077042,-3.381514033342,0.));
#725 = CARTESIAN_POINT('',(13.303408856845,-1.266192554498,0.));
#726 = CARTESIAN_POINT('',(14.99157243147,0.652937544647,0.));
#727 = CARTESIAN_POINT('',(16.648055361023,2.357667696025,0.));
#728 = CARTESIAN_POINT('',(18.266925710132,3.866947772078,0.));
#729 = CARTESIAN_POINT('',(19.894280426866,5.226739915106,0.));
#730 = CARTESIAN_POINT('',(21.442950179676,6.37806374135,0.));
#731 = CARTESIAN_POINT('',(22.945718471064,7.366530659752,0.));
#732 = CARTESIAN_POINT('',(24.401366611504,8.203570555337,0.));
#733 = CARTESIAN_POINT('',(25.851661036001,8.916145549059,0.));
#734 = CARTESIAN_POINT('',(27.221724797273,9.473628573521,0.));
#735 = CARTESIAN_POINT('',(28.540333270482,9.913606364257,0.));
#736 = CARTESIAN_POINT('',(29.809145492467,10.247853518289,0.));
#737 = CARTESIAN_POINT('',(31.067933612077,10.474196043749,0.));
#738 = CARTESIAN_POINT('',(32.250345949474,10.590956597107,0.));
#739 = CARTESIAN_POINT('',(33.386194114341,10.61323512593,0.));
#740 = CARTESIAN_POINT('',(34.476495777513,10.548073379687,0.));
#741 = CARTESIAN_POINT('',(35.550093313185,10.393903454928,0.));
#742 = CARTESIAN_POINT('',(36.551535489985,10.164663082679,0.));
#743 = CARTESIAN_POINT('',(37.508429680137,9.865360056896,0.));
#744 = CARTESIAN_POINT('',(38.422346990747,9.500817961601,0.));
#745 = CARTESIAN_POINT('',(39.316468000727,9.061296898977,0.));
#746 = CARTESIAN_POINT('',(40.145597818599,8.573483216962,0.));
#747 = CARTESIAN_POINT('',(40.934870163346,8.031759024511,0.));
#748 = CARTESIAN_POINT('',(41.685754338355,7.437884771838,0.));
#749 = CARTESIAN_POINT('',(42.41603396861,6.774393559789,0.));
#750 = CARTESIAN_POINT('',(43.088414434146,6.076210809169,0.));
#751 = CARTESIAN_POINT('',(43.723634667703,5.327567464674,0.));
#752 = CARTESIAN_POINT('',(44.321387423441,4.526841376256,0.));
#753 = CARTESIAN_POINT('',(44.892611920748,3.6488585626,0.));
#754 = CARTESIAN_POINT('',(45.405752620677,2.736476598302,0.));
#755 = CARTESIAN_POINT('',(45.875570551521,1.764262932581,0.));
#756 = CARTESIAN_POINT('',(46.298654070009,0.727551311337,0.));
#757 = CARTESIAN_POINT('',(46.677074955113,-0.406828990312,0.));
#758 = CARTESIAN_POINT('',(46.985876833789,-1.585239404088,0.));
#759 = CARTESIAN_POINT('',(47.232345063664,-2.8440556554,0.));
#760 = CARTESIAN_POINT('',(47.409247988271,-4.19095431662,0.));
#761 = CARTESIAN_POINT('',(47.507554513975,-5.668614781671,0.));
#762 = CARTESIAN_POINT('',(47.51336519804,-7.208340474022,0.));
#763 = CARTESIAN_POINT('',(47.423316913199,-8.86158053805,0.));
#764 = CARTESIAN_POINT('',(47.225705795927,-10.63932375919,0.));
#765 = CARTESIAN_POINT('',(46.896157441672,-12.59937102096,0.));
#766 = CARTESIAN_POINT('',(46.441861652888,-14.64369550493,0.));
#767 = CARTESIAN_POINT('',(45.82928049123,-16.87798478336,0.));
#768 = CARTESIAN_POINT('',(45.098418573464,-19.16950200832,0.));
#769 = CARTESIAN_POINT('',(43.950457504985,-22.24513330445,0.));
#770 = CARTESIAN_POINT('',(43.655413765372,-22.87753163116,0.));
#771 = CARTESIAN_POINT('',(42.918826466513,-24.64981838014,0.));
#772 = PCURVE('',#45,#773);
#773 = DEFINITIONAL_REPRESENTATION('',(#774),#825);
#774 = B_SPLINE_CURVE_WITH_KNOTS('',3,(#775,#776,#777,#778,#779,#780,
    #781,#782,#783,#784,#785,#786,#787,#788,#789,#790,#791,#792,#793,
    #794,#795,#796,#797,#798,#799,#800,#801,#802,#803,#804,#805,#806,
    #807,#808,#809,#810,#811,#812,#813,#814,#815,#816,#817,#818,#819,
    #820,#821,#822,#823,#824),.UNSPECIFIED.,.F.,.F.,(4,1,1,1,1,1,1,1,1,1
    ,1,1,1,1,1,1,1,1,1,1,1,1,1,1,1,1,1,1,1,1,1,1,1,1,1,1,1,1,1,1,1,1,1,1
    ,1,1,1,4),(0.,2.766464139392,5.568319295326,8.177275145496,
    10.425160909405,12.698001103747,14.813706991925,16.784063111389,
    18.483896399813,20.207074900357,21.81810245116,23.327840693167,
    24.640860133639,25.985974841284,27.260500260188,28.473662841808,
    29.546573791048,30.665502050481,31.746604132965,32.796723932319,
    33.744037531687,34.751762028128,35.745458780463,36.730106112805,
    37.635070035337,38.615335519513,39.599805338773,40.592877392801,
    41.521106716853,42.54355210237,43.588460947472,44.661307186429,
    45.681682040739,46.825929386569,48.018033969658,49.266638650819,
    50.477859791669,51.863921967174,53.33914083985,54.917675284274,
    56.480212616324,58.303578905337,60.281721918016,62.435877257802,
    64.600562295301,67.15990258556,69.968318443063,73.053194077155),
  .UNSPECIFIED.);
#775 = CARTESIAN_POINT('',(9.977352195207,-5.648892920632));
#776 = CARTESIAN_POINT('',(10.51176149547,-4.917117721303));
#777 = CARTESIAN_POINT('',(11.596778077042,-3.381514033342));
#778 = CARTESIAN_POINT('',(13.303408856845,-1.266192554498));
#779 = CARTESIAN_POINT('',(14.99157243147,0.652937544647));
#780 = CARTESIAN_POINT('',(16.648055361023,2.357667696025));
#781 = CARTESIAN_POINT('',(18.266925710132,3.866947772078));
#782 = CARTESIAN_POINT('',(19.894280426866,5.226739915106));
#783 = CARTESIAN_POINT('',(21.442950179676,6.37806374135));
#784 = CARTESIAN_POINT('',(22.945718471064,7.366530659752));
#785 = CARTESIAN_POINT('',(24.401366611504,8.203570555337));
#786 = CARTESIAN_POINT('',(25.851661036001,8.916145549059));
#787 = CARTESIAN_POINT('',(27.221724797273,9.473628573521));
#788 = CARTESIAN_POINT('',(28.540333270482,9.913606364257));
#789 = CARTESIAN_POINT('',(29.809145492467,10.247853518289));
#790 = CARTESIAN_POINT('',(31.067933612077,10.474196043749));
#791 = CARTESIAN_POINT('',(32.250345949474,10.590956597107));
#792 = CARTESIAN_POINT('',(33.386194114341,10.61323512593));
#793 = CARTESIAN_POINT('',(34.476495777513,10.548073379687));
#794 = CARTESIAN_POINT('',(35.550093313185,10.393903454928));
#795 = CARTESIAN_POINT('',(36.551535489985,10.164663082679));
#796 = CARTESIAN_POINT('',(37.508429680137,9.865360056896));
#797 = CARTESIAN_POINT('',(38.422346990747,9.500817961601));
#798 = CARTESIAN_POINT('',(39.316468000727,9.061296898977));
#799 = CARTESIAN_POINT('',(40.145597818599,8.573483216962));
#800 = CARTESIAN_POINT('',(40.934870163346,8.031759024511));
#801 = CARTESIAN_POINT('',(41.685754338355,7.437884771838));
#802 = CARTESIAN_POINT('',(42.41603396861,6.774393559789));
#803 = CARTESIAN_POINT('',(43.088414434146,6.076210809169));
#804 = CARTESIAN_POINT('',(43.723634667703,5.327567464674));
#805 = CARTESIAN_POINT('',(44.321387423441,4.526841376256));
#806 = CARTESIAN_POINT('',(44.892611920748,3.6488585626));
#807 = CARTESIAN_POINT('',(45.405752620677,2.736476598302));
#808 = CARTESIAN_POINT('',(45.875570551521,1.764262932581));
#809 = CARTESIAN_POINT('',(46.298654070009,0.727551311337));
#810 = CARTESIAN_POINT('',(46.677074955113,-0.406828990312));
#811 = CARTESIAN_POINT('',(46.985876833789,-1.585239404088));
#812 = CARTESIAN_POINT('',(47.232345063664,-2.8440556554));
#813 = CARTESIAN_POINT('',(47.409247988271,-4.19095431662));
#814 = CARTESIAN_POINT('',(47.507554513975,-5.668614781671));
#815 = CARTESIAN_POINT('',(47.51336519804,-7.208340474022));
#816 = CARTESIAN_POINT('',(47.423316913199,-8.86158053805));
#817 = CARTESIAN_POINT('',(47.225705795927,-10.63932375919));
#818 = CARTESIAN_POINT('',(46.896157441672,-12.59937102096));
#819 = CARTESIAN_POINT('',(46.441861652888,-14.64369550493));
#820 = CARTESIAN_POINT('',(45.82928049123,-16.87798478336));
#821 = CARTESIAN_POINT('',(45.098418573464,-19.16950200832));
#822 = CARTESIAN_POINT('',(43.950457504985,-22.24513330445));
#823 = CARTESIAN_POINT('',(43.655413765372,-22.87753163116));
#824 = CARTESIAN_POINT('',(42.918826466513,-24.64981838014));
#825 = ( GEOMETRIC_REPRESENTATION_CONTEXT(2) 
PARAMETRIC_REPRESENTATION_CONTEXT() REPRESENTATION_CONTEXT('2D SPACE',''
  ) );
#826 = PCURVE('',#827,#928);
#827 = B_SPLINE_SURFACE_WITH_KNOTS('',3,1,(
    (#828,#829)
    ,(#830,#831)
    ,(#832,#833)
    ,(#834,#835)
    ,(#836,#837)
    ,(#838,#839)
    ,(#840,#841)
    ,(#842,#843)
    ,(#844,#845)
    ,(#846,#847)
    ,(#848,#849)
    ,(#850,#851)
    ,(#852,#853)
    ,(#854,#855)
    ,(#856,#857)
    ,(#858,#859)
    ,(#860,#861)
    ,(#862,#863)
    ,(#864,#865)
    ,(#866,#867)
    ,(#868,#869)
    ,(#870,#871)
    ,(#872,#873)
    ,(#874,#875)
    ,(#876,#877)
    ,(#878,#879)
    ,(#880,#881)
    ,(#882,#883)
    ,(#884,#885)
    ,(#886,#887)
    ,(#888,#889)
    ,(#890,#891)
    ,(#892,#893)
    ,(#894,#895)
    ,(#896,#897)
    ,(#898,#899)
    ,(#900,#901)
    ,(#902,#903)
    ,(#904,#905)
    ,(#906,#907)
    ,(#908,#909)
    ,(#910,#911)
    ,(#912,#913)
    ,(#914,#915)
    ,(#916,#917)
    ,(#918,#919)
    ,(#920,#921)
    ,(#922,#923)
    ,(#924,#925)
    ,(#926,#927
    )),.UNSPECIFIED.,.F.,.F.,.F.,(4,1,1,1,1,1,1,1,1,1,1,1,1,1,1,1,1,1,1,
    1,1,1,1,1,1,1,1,1,1,1,1,1,1,1,1,1,1,1,1,1,1,1,1,1,1,1,1,4),(2,2),(0.
    ,2.766464139392,5.568319295326,8.177275145496,10.425160909405,
    12.698001103747,14.813706991925,16.784063111389,18.483896399813,
    20.207074900357,21.81810245116,23.327840693167,24.640860133639,
    25.985974841284,27.260500260188,28.473662841808,29.546573791048,
    30.665502050481,31.746604132965,32.796723932319,33.744037531687,
    34.751762028128,35.745458780463,36.730106112805,37.635070035337,
    38.615335519513,39.599805338773,40.592877392801,41.521106716853,
    42.54355210237,43.588460947472,44.661307186429,45.681682040739,
    46.825929386569,48.018033969658,49.266638650819,50.477859791669,
    51.863921967174,53.33914083985,54.917675284274,56.480212616324,
    58.303578905337,60.281721918016,62.435877257802,64.600562295301,
    67.15990258556,69.968318443063,73.053194077155),(-22.4,0.),
  .UNSPECIFIED.);
#828 = CARTESIAN_POINT('',(9.977352195207,-5.648892920632,22.4));
#829 = CARTESIAN_POINT('',(9.977352195207,-5.648892920632,0.));
#830 = CARTESIAN_POINT('',(10.51176149547,-4.917117721303,22.4));
#831 = CARTESIAN_POINT('',(10.51176149547,-4.917117721303,0.));
#832 = CARTESIAN_POINT('',(11.596778077042,-3.381514033342,22.4));
#833 = CARTESIAN_POINT('',(11.596778077042,-3.381514033342,0.));
#834 = CARTESIAN_POINT('',(13.303408856845,-1.266192554498,22.4));
#835 = CARTESIAN_POINT('',(13.303408856845,-1.266192554498,0.));
#836 = CARTESIAN_POINT('',(14.99157243147,0.652937544647,22.4));
#837 = CARTESIAN_POINT('',(14.99157243147,0.652937544647,0.));
#838 = CARTESIAN_POINT('',(16.648055361023,2.357667696025,22.4));
#839 = CARTESIAN_POINT('',(16.648055361023,2.357667696025,0.));
#840 = CARTESIAN_POINT('',(18.266925710132,3.866947772078,22.4));
#841 = CARTESIAN_POINT('',(18.266925710132,3.866947772078,0.));
#842 = CARTESIAN_POINT('',(19.894280426866,5.226739915106,22.4));
#843 = CARTESIAN_POINT('',(19.894280426866,5.226739915106,0.));
#844 = CARTESIAN_POINT('',(21.442950179676,6.37806374135,22.4));
#845 = CARTESIAN_POINT('',(21.442950179676,6.37806374135,0.));
#846 = CARTESIAN_POINT('',(22.945718471064,7.366530659752,22.4));
#847 = CARTESIAN_POINT('',(22.945718471064,7.366530659752,0.));
#848 = CARTESIAN_POINT('',(24.401366611504,8.203570555337,22.4));
#849 = CARTESIAN_POINT('',(24.401366611504,8.203570555337,0.));
#850 = CARTESIAN_POINT('',(25.851661036001,8.916145549059,22.4));
#851 = CARTESIAN_POINT('',(25.851661036001,8.916145549059,0.));
#852 = CARTESIAN_POINT('',(27.221724797273,9.473628573521,22.4));
#853 = CARTESIAN_POINT('',(27.221724797273,9.473628573521,0.));
#854 = CARTESIAN_POINT('',(28.540333270482,9.913606364257,22.4));
#855 = CARTESIAN_POINT('',(28.540333270482,9.913606364257,0.));
#856 = CARTESIAN_POINT('',(29.809145492467,10.247853518289,22.4));
#857 = CARTESIAN_POINT('',(29.809145492467,10.247853518289,0.));
#858 = CARTESIAN_POINT('',(31.067933612077,10.474196043749,22.4));
#859 = CARTESIAN_POINT('',(31.067933612077,10.474196043749,0.));
#860 = CARTESIAN_POINT('',(32.250345949474,10.590956597107,22.4));
#861 = CARTESIAN_POINT('',(32.250345949474,10.590956597107,0.));
#862 = CARTESIAN_POINT('',(33.386194114341,10.61323512593,22.4));
#863 = CARTESIAN_POINT('',(33.386194114341,10.61323512593,0.));
#864 = CARTESIAN_POINT('',(34.476495777513,10.548073379687,22.4));
#865 = CARTESIAN_POINT('',(34.476495777513,10.548073379687,0.));
#866 = CARTESIAN_POINT('',(35.550093313185,10.393903454928,22.4));
#867 = CARTESIAN_POINT('',(35.550093313185,10.393903454928,0.));
#868 = CARTESIAN_POINT('',(36.551535489985,10.164663082679,22.4));
#869 = CARTESIAN_POINT('',(36.551535489985,10.164663082679,0.));
#870 = CARTESIAN_POINT('',(37.508429680137,9.865360056896,22.4));
#871 = CARTESIAN_POINT('',(37.508429680137,9.865360056896,0.));
#872 = CARTESIAN_POINT('',(38.422346990747,9.500817961601,22.4));
#873 = CARTESIAN_POINT('',(38.422346990747,9.500817961601,0.));
#874 = CARTESIAN_POINT('',(39.316468000727,9.061296898977,22.4));
#875 = CARTESIAN_POINT('',(39.316468000727,9.061296898977,0.));
#876 = CARTESIAN_POINT('',(40.145597818599,8.573483216962,22.4));
#877 = CARTESIAN_POINT('',(40.145597818599,8.573483216962,0.));
#878 = CARTESIAN_POINT('',(40.934870163346,8.031759024511,22.4));
#879 = CARTESIAN_POINT('',(40.934870163346,8.031759024511,0.));
#880 = CARTESIAN_POINT('',(41.685754338355,7.437884771838,22.4));
#881 = CARTESIAN_POINT('',(41.685754338355,7.437884771838,0.));
#882 = CARTESIAN_POINT('',(42.41603396861,6.774393559789,22.4));
#883 = CARTESIAN_POINT('',(42.41603396861,6.774393559789,0.));
#884 = CARTESIAN_POINT('',(43.088414434146,6.076210809169,22.4));
#885 = CARTESIAN_POINT('',(43.088414434146,6.076210809169,0.));
#886 = CARTESIAN_POINT('',(43.723634667703,5.327567464674,22.4));
#887 = CARTESIAN_POINT('',(43.723634667703,5.327567464674,0.));
#888 = CARTESIAN_POINT('',(44.321387423441,4.526841376256,22.4));
#889 = CARTESIAN_POINT('',(44.321387423441,4.526841376256,0.));
#890 = CARTESIAN_POINT('',(44.892611920748,3.6488585626,22.4));
#891 = CARTESIAN_POINT('',(44.892611920748,3.6488585626,0.));
#892 = CARTESIAN_POINT('',(45.405752620677,2.736476598302,22.4));
#893 = CARTESIAN_POINT('',(45.405752620677,2.736476598302,0.));
#894 = CARTESIAN_POINT('',(45.875570551521,1.764262932581,22.4));
#895 = CARTESIAN_POINT('',(45.875570551521,1.764262932581,0.));
#896 = CARTESIAN_POINT('',(46.298654070009,0.727551311337,22.4));
#897 = CARTESIAN_POINT('',(46.298654070009,0.727551311337,0.));
#898 = CARTESIAN_POINT('',(46.677074955113,-0.406828990312,22.4));
#899 = CARTESIAN_POINT('',(46.677074955113,-0.406828990312,0.));
#900 = CARTESIAN_POINT('',(46.985876833789,-1.585239404088,22.4));
#901 = CARTESIAN_POINT('',(46.985876833789,-1.585239404088,0.));
#902 = CARTESIAN_POINT('',(47.232345063664,-2.8440556554,22.4));
#903 = CARTESIAN_POINT('',(47.232345063664,-2.8440556554,0.));
#904 = CARTESIAN_POINT('',(47.409247988271,-4.19095431662,22.4));
#905 = CARTESIAN_POINT('',(47.409247988271,-4.19095431662,0.));
#906 = CARTESIAN_POINT('',(47.507554513975,-5.668614781671,22.4));
#907 = CARTESIAN_POINT('',(47.507554513975,-5.668614781671,0.));
#908 = CARTESIAN_POINT('',(47.51336519804,-7.208340474022,22.4));
#909 = CARTESIAN_POINT('',(47.51336519804,-7.208340474022,0.));
#910 = CARTESIAN_POINT('',(47.423316913199,-8.86158053805,22.4));
#911 = CARTESIAN_POINT('',(47.423316913199,-8.86158053805,0.));
#912 = CARTESIAN_POINT('',(47.225705795927,-10.63932375919,22.4));
#913 = CARTESIAN_POINT('',(47.225705795927,-10.63932375919,0.));
#914 = CARTESIAN_POINT('',(46.896157441672,-12.59937102096,22.4));
#915 = CARTESIAN_POINT('',(46.896157441672,-12.59937102096,0.));
#916 = CARTESIAN_POINT('',(46.441861652888,-14.64369550493,22.4));
#917 = CARTESIAN_POINT('',(46.441861652888,-14.64369550493,0.));
#918 = CARTESIAN_POINT('',(45.82928049123,-16.87798478336,22.4));
#919 = CARTESIAN_POINT('',(45.82928049123,-16.87798478336,0.));
#920 = CARTESIAN_POINT('',(45.098418573464,-19.16950200832,22.4));
#921 = CARTESIAN_POINT('',(45.098418573464,-19.16950200832,0.));
#922 = CARTESIAN_POINT('',(43.950457504985,-22.24513330445,22.4));
#923 = CARTESIAN_POINT('',(43.950457504985,-22.24513330445,0.));
#924 = CARTESIAN_POINT('',(43.655413765372,-22.87753163116,22.4));
#925 = CARTESIAN_POINT('',(43.655413765372,-22.87753163116,0.));
#926 = CARTESIAN_POINT('',(42.918826466513,-24.64981838014,22.4));
#927 = CARTESIAN_POINT('',(42.918826466513,-24.64981838014,0.));
#928 = DEFINITIONAL_REPRESENTATION('',(#929),#933);
#929 = LINE('',#930,#931);
#930 = CARTESIAN_POINT('',(0.,0.));
#931 = VECTOR('',#932,1.);
#932 = DIRECTION('',(1.,0.));
#933 = ( GEOMETRIC_REPRESENTATION_CONTEXT(2) 
PARAMETRIC_REPRESENTATION_CONTEXT() REPRESENTATION_CONTEXT('2D SPACE',''
  ) );
#934 = ORIENTED_EDGE('',*,*,#935,.F.);
#935 = EDGE_CURVE('',#936,#718,#938,.T.);
#936 = VERTEX_POINT('',#937);
#937 = CARTESIAN_POINT('',(13.934913076131,-9.659132507772E-02,0.));
#938 = SURFACE_CURVE('',#939,(#943,#950),.PCURVE_S1.);
#939 = LINE('',#940,#941);
#940 = CARTESIAN_POINT('',(13.934913076131,-9.659132507772E-02,0.));
#941 = VECTOR('',#942,1.);
#942 = DIRECTION('',(-0.538113173392,-0.842872595724,0.));
#943 = PCURVE('',#45,#944);
#944 = DEFINITIONAL_REPRESENTATION('',(#945),#949);
#945 = LINE('',#946,#947);
#946 = CARTESIAN_POINT('',(13.934913076131,-9.659132507773E-02));
#947 = VECTOR('',#948,1.);
#948 = DIRECTION('',(-0.538113173392,-0.842872595724));
#949 = ( GEOMETRIC_REPRESENTATION_CONTEXT(2) 
PARAMETRIC_REPRESENTATION_CONTEXT() REPRESENTATION_CONTEXT('2D SPACE',''
  ) );
#950 = PCURVE('',#951,#956);
#951 = PLANE('',#952);
#952 = AXIS2_PLACEMENT_3D('',#953,#954,#955);
#953 = CARTESIAN_POINT('',(13.934913076131,-9.659132507772E-02,0.));
#954 = DIRECTION('',(0.842872595724,-0.538113173392,0.));
#955 = DIRECTION('',(-0.538113173392,-0.842872595724,0.));
#956 = DEFINITIONAL_REPRESENTATION('',(#957),#961);
#957 = LINE('',#958,#959);
#958 = CARTESIAN_POINT('',(0.,0.));
#959 = VECTOR('',#960,1.);
#960 = DIRECTION('',(1.,0.));
#961 = ( GEOMETRIC_REPRESENTATION_CONTEXT(2) 
PARAMETRIC_REPRESENTATION_CONTEXT() REPRESENTATION_CONTEXT('2D SPACE',''
  ) );
#962 = ORIENTED_EDGE('',*,*,#963,.F.);
#963 = EDGE_CURVE('',#964,#936,#966,.T.);
#964 = VERTEX_POINT('',#965);
#965 = CARTESIAN_POINT('',(47.50629678931,-0.112044317377,0.));
#966 = SURFACE_CURVE('',#967,(#1018,#1072),.PCURVE_S1.);
#967 = B_SPLINE_CURVE_WITH_KNOTS('',3,(#968,#969,#970,#971,#972,#973,
    #974,#975,#976,#977,#978,#979,#980,#981,#982,#983,#984,#985,#986,
    #987,#988,#989,#990,#991,#992,#993,#994,#995,#996,#997,#998,#999,
    #1000,#1001,#1002,#1003,#1004,#1005,#1006,#1007,#1008,#1009,#1010,
    #1011,#1012,#1013,#1014,#1015,#1016,#1017),.UNSPECIFIED.,.F.,.F.,(4,
    1,1,1,1,1,1,1,1,1,1,1,1,1,1,1,1,1,1,1,1,1,1,1,1,1,1,1,1,1,1,1,1,1,1,
    1,1,1,1,1,1,1,1,1,1,1,1,4),(0.,3.010134173011,5.734866089906,
    8.204243200285,10.280216915947,12.332164523515,14.201956865391,
    15.911237845672,17.363900720308,18.819208714806,20.167747400886,
    21.42468716853,22.515414853025,23.632925452475,24.694050367351,
    25.707901186754,26.608581862701,27.552388564938,28.468532489134,
    29.361872223827,30.169943636586,31.030962627216,31.880548884696,
    32.72227944396,33.495545472128,34.332992621126,35.174663745336,
    36.025783427864,36.825011523752,37.711824801461,38.627874308414,
    39.58148948206,40.502911686362,41.554574841448,42.671594637474,
    43.864256147866,45.041219012251,46.408073524505,47.880684921353,
    49.469922617188,51.049935999727,52.894334824252,54.887680127977,
    57.041280206621,59.18142193199,61.675679145654,64.364419403117,
    67.031728548195),.UNSPECIFIED.);
#968 = CARTESIAN_POINT('',(47.50629678931,-0.112044317377,0.));
#969 = CARTESIAN_POINT('',(47.378605176017,0.867145985927,0.));
#970 = CARTESIAN_POINT('',(47.157240471303,2.789167280934,0.));
#971 = CARTESIAN_POINT('',(46.689093504147,5.476471585653,0.));
#972 = CARTESIAN_POINT('',(46.180738326391,7.848475237921,0.));
#973 = CARTESIAN_POINT('',(45.621165975043,9.975558559665,0.));
#974 = CARTESIAN_POINT('',(45.021767225061,11.883829842938,0.));
#975 = CARTESIAN_POINT('',(44.365370847082,13.643274360682,0.));
#976 = CARTESIAN_POINT('',(43.692245683265,15.180542784294,0.));
#977 = CARTESIAN_POINT('',(42.996125865202,16.554044788905,0.));
#978 = CARTESIAN_POINT('',(42.28178489339,17.780994515732,0.));
#979 = CARTESIAN_POINT('',(41.528309601515,18.906575835633,0.));
#980 = CARTESIAN_POINT('',(40.77816037445,19.88506061512,0.));
#981 = CARTESIAN_POINT('',(40.018822635305,20.756347199764,0.));
#982 = CARTESIAN_POINT('',(39.252001177527,21.531819916348,0.));
#983 = CARTESIAN_POINT('',(38.455118626687,22.23824036849,0.));
#984 = CARTESIAN_POINT('',(37.670844465421,22.84666151334,0.));
#985 = CARTESIAN_POINT('',(36.882464459251,23.382663599229,0.));
#986 = CARTESIAN_POINT('',(36.090240930542,23.852095898519,0.));
#987 = CARTESIAN_POINT('',(35.2716182404,24.268388952949,0.));
#988 = CARTESIAN_POINT('',(34.469457333306,24.613214841898,0.));
#989 = CARTESIAN_POINT('',(33.664781375549,24.901151690028,0.));
#990 = CARTESIAN_POINT('',(32.857484457088,25.133902221527,0.));
#991 = CARTESIAN_POINT('',(32.025488796271,25.31471719703,0.));
#992 = CARTESIAN_POINT('',(31.211997089044,25.434053646165,0.));
#993 = CARTESIAN_POINT('',(30.396429492387,25.497789728408,0.));
#994 = CARTESIAN_POINT('',(29.578244309047,25.504573771542,0.));
#995 = CARTESIAN_POINT('',(28.735898674199,25.448348001862,0.));
#996 = CARTESIAN_POINT('',(27.912965863135,25.329004496977,0.));
#997 = CARTESIAN_POINT('',(27.086977756782,25.143906934361,0.));
#998 = CARTESIAN_POINT('',(26.257054110686,24.888447770486,0.));
#999 = CARTESIAN_POINT('',(25.40317303539,24.546336102921,0.));
#1000 = CARTESIAN_POINT('',(24.570221961615,24.129457978725,0.));
#1001 = CARTESIAN_POINT('',(23.73441880244,23.624558274495,0.));
#1002 = CARTESIAN_POINT('',(22.896348770442,23.02370237878,0.));
#1003 = CARTESIAN_POINT('',(22.040430936586,22.29895895778,0.));
#1004 = CARTESIAN_POINT('',(21.211718502075,21.482354024601,0.));
#1005 = CARTESIAN_POINT('',(20.396570941608,20.539078373483,0.));
#1006 = CARTESIAN_POINT('',(19.598806375332,19.462460055041,0.));
#1007 = CARTESIAN_POINT('',(18.800959350008,18.219147665775,0.));
#1008 = CARTESIAN_POINT('',(18.052456378211,16.863724007216,0.));
#1009 = CARTESIAN_POINT('',(17.332908165115,15.354334101951,0.));
#1010 = CARTESIAN_POINT('',(16.650398469633,13.681543188194,0.));
#1011 = CARTESIAN_POINT('',(16.001691977485,11.790292003904,0.));
#1012 = CARTESIAN_POINT('',(15.430186626944,9.778497430159,0.));
#1013 = CARTESIAN_POINT('',(14.91911532609,7.55174154643,0.));
#1014 = CARTESIAN_POINT('',(14.4963157594,5.242708683599,0.));
#1015 = CARTESIAN_POINT('',(14.1111192811,2.259005341862,0.));
#1016 = CARTESIAN_POINT('',(14.069551089127,1.452824247307,0.));
#1017 = CARTESIAN_POINT('',(13.934913076131,-9.659132507772E-02,0.));
#1018 = PCURVE('',#45,#1019);
#1019 = DEFINITIONAL_REPRESENTATION('',(#1020),#1071);
#1020 = B_SPLINE_CURVE_WITH_KNOTS('',3,(#1021,#1022,#1023,#1024,#1025,
    #1026,#1027,#1028,#1029,#1030,#1031,#1032,#1033,#1034,#1035,#1036,
    #1037,#1038,#1039,#1040,#1041,#1042,#1043,#1044,#1045,#1046,#1047,
    #1048,#1049,#1050,#1051,#1052,#1053,#1054,#1055,#1056,#1057,#1058,
    #1059,#1060,#1061,#1062,#1063,#1064,#1065,#1066,#1067,#1068,#1069,
    #1070),.UNSPECIFIED.,.F.,.F.,(4,1,1,1,1,1,1,1,1,1,1,1,1,1,1,1,1,1,1,
    1,1,1,1,1,1,1,1,1,1,1,1,1,1,1,1,1,1,1,1,1,1,1,1,1,1,1,1,4),(0.,
    3.010134173011,5.734866089906,8.204243200285,10.280216915947,
    12.332164523515,14.201956865391,15.911237845672,17.363900720308,
    18.819208714806,20.167747400886,21.42468716853,22.515414853025,
    23.632925452475,24.694050367351,25.707901186754,26.608581862701,
    27.552388564938,28.468532489134,29.361872223827,30.169943636586,
    31.030962627216,31.880548884696,32.72227944396,33.495545472128,
    34.332992621126,35.174663745336,36.025783427864,36.825011523752,
    37.711824801461,38.627874308414,39.58148948206,40.502911686362,
    41.554574841448,42.671594637474,43.864256147866,45.041219012251,
    46.408073524505,47.880684921353,49.469922617188,51.049935999727,
    52.894334824252,54.887680127977,57.041280206621,59.18142193199,
    61.675679145654,64.364419403117,67.031728548195),.UNSPECIFIED.);
#1021 = CARTESIAN_POINT('',(47.50629678931,-0.112044317377));
#1022 = CARTESIAN_POINT('',(47.378605176017,0.867145985927));
#1023 = CARTESIAN_POINT('',(47.157240471303,2.789167280934));
#1024 = CARTESIAN_POINT('',(46.689093504147,5.476471585653));
#1025 = CARTESIAN_POINT('',(46.180738326391,7.848475237921));
#1026 = CARTESIAN_POINT('',(45.621165975043,9.975558559665));
#1027 = CARTESIAN_POINT('',(45.021767225061,11.883829842938));
#1028 = CARTESIAN_POINT('',(44.365370847082,13.643274360682));
#1029 = CARTESIAN_POINT('',(43.692245683265,15.180542784294));
#1030 = CARTESIAN_POINT('',(42.996125865202,16.554044788905));
#1031 = CARTESIAN_POINT('',(42.28178489339,17.780994515732));
#1032 = CARTESIAN_POINT('',(41.528309601515,18.906575835633));
#1033 = CARTESIAN_POINT('',(40.77816037445,19.88506061512));
#1034 = CARTESIAN_POINT('',(40.018822635305,20.756347199764));
#1035 = CARTESIAN_POINT('',(39.252001177527,21.531819916348));
#1036 = CARTESIAN_POINT('',(38.455118626687,22.23824036849));
#1037 = CARTESIAN_POINT('',(37.670844465421,22.84666151334));
#1038 = CARTESIAN_POINT('',(36.882464459251,23.382663599229));
#1039 = CARTESIAN_POINT('',(36.090240930542,23.852095898519));
#1040 = CARTESIAN_POINT('',(35.2716182404,24.268388952949));
#1041 = CARTESIAN_POINT('',(34.469457333306,24.613214841898));
#1042 = CARTESIAN_POINT('',(33.664781375549,24.901151690028));
#1043 = CARTESIAN_POINT('',(32.857484457088,25.133902221527));
#1044 = CARTESIAN_POINT('',(32.025488796271,25.31471719703));
#1045 = CARTESIAN_POINT('',(31.211997089044,25.434053646165));
#1046 = CARTESIAN_POINT('',(30.396429492387,25.497789728408));
#1047 = CARTESIAN_POINT('',(29.578244309047,25.504573771542));
#1048 = CARTESIAN_POINT('',(28.735898674199,25.448348001862));
#1049 = CARTESIAN_POINT('',(27.912965863135,25.329004496977));
#1050 = CARTESIAN_POINT('',(27.086977756782,25.143906934361));
#1051 = CARTESIAN_POINT('',(26.257054110686,24.888447770486));
#1052 = CARTESIAN_POINT('',(25.40317303539,24.546336102921));
#1053 = CARTESIAN_POINT('',(24.570221961615,24.129457978725));
#1054 = CARTESIAN_POINT('',(23.73441880244,23.624558274495));
#1055 = CARTESIAN_POINT('',(22.896348770442,23.02370237878));
#1056 = CARTESIAN_POINT('',(22.040430936586,22.29895895778));
#1057 = CARTESIAN_POINT('',(21.211718502075,21.482354024601));
#1058 = CARTESIAN_POINT('',(20.396570941608,20.539078373483));
#1059 = CARTESIAN_POINT('',(19.598806375332,19.462460055041));
#1060 = CARTESIAN_POINT('',(18.800959350008,18.219147665775));
#1061 = CARTESIAN_POINT('',(18.052456378211,16.863724007216));
#1062 = CARTESIAN_POINT('',(17.332908165115,15.354334101951));
#1063 = CARTESIAN_POINT('',(16.650398469633,13.681543188194));
#1064 = CARTESIAN_POINT('',(16.001691977485,11.790292003904));
#1065 = CARTESIAN_POINT('',(15.430186626944,9.778497430159));
#1066 = CARTESIAN_POINT('',(14.91911532609,7.55174154643));
#1067 = CARTESIAN_POINT('',(14.4963157594,5.242708683599));
#1068 = CARTESIAN_POINT('',(14.1111192811,2.259005341862));
#1069 = CARTESIAN_POINT('',(14.069551089127,1.452824247307));
#1070 = CARTESIAN_POINT('',(13.934913076131,-9.659132507773E-02));
#1071 = ( GEOMETRIC_REPRESENTATION_CONTEXT(2) 
PARAMETRIC_REPRESENTATION_CONTEXT() REPRESENTATION_CONTEXT('2D SPACE',''
  ) );
#1072 = PCURVE('',#1073,#1174);
#1073 = B_SPLINE_SURFACE_WITH_KNOTS('',3,1,(
    (#1074,#1075)
    ,(#1076,#1077)
    ,(#1078,#1079)
    ,(#1080,#1081)
    ,(#1082,#1083)
    ,(#1084,#1085)
    ,(#1086,#1087)
    ,(#1088,#1089)
    ,(#1090,#1091)
    ,(#1092,#1093)
    ,(#1094,#1095)
    ,(#1096,#1097)
    ,(#1098,#1099)
    ,(#1100,#1101)
    ,(#1102,#1103)
    ,(#1104,#1105)
    ,(#1106,#1107)
    ,(#1108,#1109)
    ,(#1110,#1111)
    ,(#1112,#1113)
    ,(#1114,#1115)
    ,(#1116,#1117)
    ,(#1118,#1119)
    ,(#1120,#1121)
    ,(#1122,#1123)
    ,(#1124,#1125)
    ,(#1126,#1127)
    ,(#1128,#1129)
    ,(#1130,#1131)
    ,(#1132,#1133)
    ,(#1134,#1135)
    ,(#1136,#1137)
    ,(#1138,#1139)
    ,(#1140,#1141)
    ,(#1142,#1143)
    ,(#1144,#1145)
    ,(#1146,#1147)
    ,(#1148,#1149)
    ,(#1150,#1151)
    ,(#1152,#1153)
    ,(#1154,#1155)
    ,(#1156,#1157)
    ,(#1158,#1159)
    ,(#1160,#1161)
    ,(#1162,#1163)
    ,(#1164,#1165)
    ,(#1166,#1167)
    ,(#1168,#1169)
    ,(#1170,#1171)
    ,(#1172,#1173
    )),.UNSPECIFIED.,.F.,.F.,.F.,(4,1,1,1,1,1,1,1,1,1,1,1,1,1,1,1,1,1,1,
    1,1,1,1,1,1,1,1,1,1,1,1,1,1,1,1,1,1,1,1,1,1,1,1,1,1,1,1,4),(2,2),(0.
    ,3.010134173011,5.734866089906,8.204243200285,10.280216915947,
    12.332164523515,14.201956865391,15.911237845672,17.363900720308,
    18.819208714806,20.167747400886,21.42468716853,22.515414853025,
    23.632925452475,24.694050367351,25.707901186754,26.608581862701,
    27.552388564938,28.468532489134,29.361872223827,30.169943636586,
    31.030962627216,31.880548884696,32.72227944396,33.495545472128,
    34.332992621126,35.174663745336,36.025783427864,36.825011523752,
    37.711824801461,38.627874308414,39.58148948206,40.502911686362,
    41.554574841448,42.671594637474,43.864256147866,45.041219012251,
    46.408073524505,47.880684921353,49.469922617188,51.049935999727,
    52.894334824252,54.887680127977,57.041280206621,59.18142193199,
    61.675679145654,64.364419403117,67.031728548195),(-22.4,0.),
  .UNSPECIFIED.);
#1074 = CARTESIAN_POINT('',(47.50629678931,-0.112044317377,22.4));
#1075 = CARTESIAN_POINT('',(47.50629678931,-0.112044317377,0.));
#1076 = CARTESIAN_POINT('',(47.378605176017,0.867145985927,22.4));
#1077 = CARTESIAN_POINT('',(47.378605176017,0.867145985927,0.));
#1078 = CARTESIAN_POINT('',(47.157240471303,2.789167280934,22.4));
#1079 = CARTESIAN_POINT('',(47.157240471303,2.789167280934,0.));
#1080 = CARTESIAN_POINT('',(46.689093504147,5.476471585653,22.4));
#1081 = CARTESIAN_POINT('',(46.689093504147,5.476471585653,0.));
#1082 = CARTESIAN_POINT('',(46.180738326391,7.848475237921,22.4));
#1083 = CARTESIAN_POINT('',(46.180738326391,7.848475237921,0.));
#1084 = CARTESIAN_POINT('',(45.621165975043,9.975558559665,22.4));
#1085 = CARTESIAN_POINT('',(45.621165975043,9.975558559665,0.));
#1086 = CARTESIAN_POINT('',(45.021767225061,11.883829842938,22.4));
#1087 = CARTESIAN_POINT('',(45.021767225061,11.883829842938,0.));
#1088 = CARTESIAN_POINT('',(44.365370847082,13.643274360682,22.4));
#1089 = CARTESIAN_POINT('',(44.365370847082,13.643274360682,0.));
#1090 = CARTESIAN_POINT('',(43.692245683265,15.180542784294,22.4));
#1091 = CARTESIAN_POINT('',(43.692245683265,15.180542784294,0.));
#1092 = CARTESIAN_POINT('',(42.996125865202,16.554044788905,22.4));
#1093 = CARTESIAN_POINT('',(42.996125865202,16.554044788905,0.));
#1094 = CARTESIAN_POINT('',(42.28178489339,17.780994515732,22.4));
#1095 = CARTESIAN_POINT('',(42.28178489339,17.780994515732,0.));
#1096 = CARTESIAN_POINT('',(41.528309601515,18.906575835633,22.4));
#1097 = CARTESIAN_POINT('',(41.528309601515,18.906575835633,0.));
#1098 = CARTESIAN_POINT('',(40.77816037445,19.88506061512,22.4));
#1099 = CARTESIAN_POINT('',(40.77816037445,19.88506061512,0.));
#1100 = CARTESIAN_POINT('',(40.018822635305,20.756347199764,22.4));
#1101 = CARTESIAN_POINT('',(40.018822635305,20.756347199764,0.));
#1102 = CARTESIAN_POINT('',(39.252001177527,21.531819916348,22.4));
#1103 = CARTESIAN_POINT('',(39.252001177527,21.531819916348,0.));
#1104 = CARTESIAN_POINT('',(38.455118626687,22.23824036849,22.4));
#1105 = CARTESIAN_POINT('',(38.455118626687,22.23824036849,0.));
#1106 = CARTESIAN_POINT('',(37.670844465421,22.84666151334,22.4));
#1107 = CARTESIAN_POINT('',(37.670844465421,22.84666151334,0.));
#1108 = CARTESIAN_POINT('',(36.882464459251,23.382663599229,22.4));
#1109 = CARTESIAN_POINT('',(36.882464459251,23.382663599229,0.));
#1110 = CARTESIAN_POINT('',(36.090240930542,23.852095898519,22.4));
#1111 = CARTESIAN_POINT('',(36.090240930542,23.852095898519,0.));
#1112 = CARTESIAN_POINT('',(35.2716182404,24.268388952949,22.4));
#1113 = CARTESIAN_POINT('',(35.2716182404,24.268388952949,0.));
#1114 = CARTESIAN_POINT('',(34.469457333306,24.613214841898,22.4));
#1115 = CARTESIAN_POINT('',(34.469457333306,24.613214841898,0.));
#1116 = CARTESIAN_POINT('',(33.664781375549,24.901151690028,22.4));
#1117 = CARTESIAN_POINT('',(33.664781375549,24.901151690028,0.));
#1118 = CARTESIAN_POINT('',(32.857484457088,25.133902221527,22.4));
#1119 = CARTESIAN_POINT('',(32.857484457088,25.133902221527,0.));
#1120 = CARTESIAN_POINT('',(32.025488796271,25.31471719703,22.4));
#1121 = CARTESIAN_POINT('',(32.025488796271,25.31471719703,0.));
#1122 = CARTESIAN_POINT('',(31.211997089044,25.434053646165,22.4));
#1123 = CARTESIAN_POINT('',(31.211997089044,25.434053646165,0.));
#1124 = CARTESIAN_POINT('',(30.396429492387,25.497789728408,22.4));
#1125 = CARTESIAN_POINT('',(30.396429492387,25.497789728408,0.));
#1126 = CARTESIAN_POINT('',(29.578244309047,25.504573771542,22.4));
#1127 = CARTESIAN_POINT('',(29.578244309047,25.504573771542,0.));
#1128 = CARTESIAN_POINT('',(28.735898674199,25.448348001862,22.4));
#1129 = CARTESIAN_POINT('',(28.735898674199,25.448348001862,0.));
#1130 = CARTESIAN_POINT('',(27.912965863135,25.329004496977,22.4));
#1131 = CARTESIAN_POINT('',(27.912965863135,25.329004496977,0.));
#1132 = CARTESIAN_POINT('',(27.086977756782,25.143906934361,22.4));
#1133 = CARTESIAN_POINT('',(27.086977756782,25.143906934361,0.));
#1134 = CARTESIAN_POINT('',(26.257054110686,24.888447770486,22.4));
#1135 = CARTESIAN_POINT('',(26.257054110686,24.888447770486,0.));
#1136 = CARTESIAN_POINT('',(25.40317303539,24.546336102921,22.4));
#1137 = CARTESIAN_POINT('',(25.40317303539,24.546336102921,0.));
#1138 = CARTESIAN_POINT('',(24.570221961615,24.129457978725,22.4));
#1139 = CARTESIAN_POINT('',(24.570221961615,24.129457978725,0.));
#1140 = CARTESIAN_POINT('',(23.73441880244,23.624558274495,22.4));
#1141 = CARTESIAN_POINT('',(23.73441880244,23.624558274495,0.));
#1142 = CARTESIAN_POINT('',(22.896348770442,23.02370237878,22.4));
#1143 = CARTESIAN_POINT('',(22.896348770442,23.02370237878,0.));
#1144 = CARTESIAN_POINT('',(22.040430936586,22.29895895778,22.4));
#1145 = CARTESIAN_POINT('',(22.040430936586,22.29895895778,0.));
#1146 = CARTESIAN_POINT('',(21.211718502075,21.482354024601,22.4));
#1147 = CARTESIAN_POINT('',(21.211718502075,21.482354024601,0.));
#1148 = CARTESIAN_POINT('',(20.396570941608,20.539078373483,22.4));
#1149 = CARTESIAN_POINT('',(20.396570941608,20.539078373483,0.));
#1150 = CARTESIAN_POINT('',(19.598806375332,19.462460055041,22.4));
#1151 = CARTESIAN_POINT('',(19.598806375332,19.462460055041,0.));
#1152 = CARTESIAN_POINT('',(18.800959350008,18.219147665775,22.4));
#1153 = CARTESIAN_POINT('',(18.800959350008,18.219147665775,0.));
#1154 = CARTESIAN_POINT('',(18.052456378211,16.863724007216,22.4));
#1155 = CARTESIAN_POINT('',(18.052456378211,16.863724007216,0.));
#1156 = CARTESIAN_POINT('',(17.332908165115,15.354334101951,22.4));
#1157 = CARTESIAN_POINT('',(17.332908165115,15.354334101951,0.));
#1158 = CARTESIAN_POINT('',(16.650398469633,13.681543188194,22.4));
#1159 = CARTESIAN_POINT('',(16.650398469633,13.681543188194,0.));
#1160 = CARTESIAN_POINT('',(16.001691977485,11.790292003904,22.4));
#1161 = CARTESIAN_POINT('',(16.001691977485,11.790292003904,0.));
#1162 = CARTESIAN_POINT('',(15.430186626944,9.778497430159,22.4));
#1163 = CARTESIAN_POINT('',(15.430186626944,9.778497430159,0.));
#1164 = CARTESIAN_POINT('',(14.91911532609,7.55174154643,22.4));
#1165 = CARTESIAN_POINT('',(14.91911532609,7.55174154643,0.));
#1166 = CARTESIAN_POINT('',(14.4963157594,5.242708683599,22.4));
#1167 = CARTESIAN_POINT('',(14.4963157594,5.242708683599,0.));
#1168 = CARTESIAN_POINT('',(14.1111192811,2.259005341862,22.4));
#1169 = CARTESIAN_POINT('',(14.1111192811,2.259005341862,0.));
#1170 = CARTESIAN_POINT('',(14.069551089127,1.452824247307,22.4));
#1171 = CARTESIAN_POINT('',(14.069551089127,1.452824247307,0.));
#1172 = CARTESIAN_POINT('',(13.934913076131,-9.659132507772E-02,22.4));
#1173 = CARTESIAN_POINT('',(13.934913076131,-9.659132507772E-02,0.));
#1174 = DEFINITIONAL_REPRESENTATION('',(#1175),#1179);
#1175 = LINE('',#1176,#1177);
#1176 = CARTESIAN_POINT('',(0.,0.));
#1177 = VECTOR('',#1178,1.);
#1178 = DIRECTION('',(1.,0.));
#1179 = ( GEOMETRIC_REPRESENTATION_CONTEXT(2) 
PARAMETRIC_REPRESENTATION_CONTEXT() REPRESENTATION_CONTEXT('2D SPACE',''
  ) );
#1180 = ORIENTED_EDGE('',*,*,#1181,.F.);
#1181 = EDGE_CURVE('',#1182,#964,#1184,.T.);
#1182 = VERTEX_POINT('',#1183);
#1183 = CARTESIAN_POINT('',(48.149460377805,-5.043469858274,0.));
#1184 = SURFACE_CURVE('',#1185,(#1189,#1196),.PCURVE_S1.);
#1185 = LINE('',#1186,#1187);
#1186 = CARTESIAN_POINT('',(48.985465124352,-11.45349560161,0.));
#1187 = VECTOR('',#1188,1.);
#1188 = DIRECTION('',(-0.129326168539,0.991602108777,0.));
#1189 = PCURVE('',#45,#1190);
#1190 = DEFINITIONAL_REPRESENTATION('',(#1191),#1195);
#1191 = LINE('',#1192,#1193);
#1192 = CARTESIAN_POINT('',(48.985465124352,-11.45349560161));
#1193 = VECTOR('',#1194,1.);
#1194 = DIRECTION('',(-0.129326168539,0.991602108777));
#1195 = ( GEOMETRIC_REPRESENTATION_CONTEXT(2) 
PARAMETRIC_REPRESENTATION_CONTEXT() REPRESENTATION_CONTEXT('2D SPACE',''
  ) );
#1196 = PCURVE('',#1197,#1202);
#1197 = PLANE('',#1198);
#1198 = AXIS2_PLACEMENT_3D('',#1199,#1200,#1201);
#1199 = CARTESIAN_POINT('',(48.197295352683,-5.41024220217,0.));
#1200 = DIRECTION('',(-0.991602108777,-0.129326168539,0.));
#1201 = DIRECTION('',(-0.129326168539,0.991602108777,0.));
#1202 = DEFINITIONAL_REPRESENTATION('',(#1203),#1207);
#1203 = LINE('',#1204,#1205);
#1204 = CARTESIAN_POINT('',(-6.094433791488,-0.));
#1205 = VECTOR('',#1206,1.);
#1206 = DIRECTION('',(1.,0.));
#1207 = ( GEOMETRIC_REPRESENTATION_CONTEXT(2) 
PARAMETRIC_REPRESENTATION_CONTEXT() REPRESENTATION_CONTEXT('2D SPACE',''
  ) );
#1208 = ORIENTED_EDGE('',*,*,#1209,.F.);
#1209 = EDGE_CURVE('',#689,#1182,#1210,.T.);
#1210 = SURFACE_CURVE('',#1211,(#1216,#1223),.PCURVE_S1.);
#1211 = CIRCLE('',#1212,3.);
#1212 = AXIS2_PLACEMENT_3D('',#1213,#1214,#1215);
#1213 = CARTESIAN_POINT('',(45.174654051474,-5.431448363891,0.));
#1214 = DIRECTION('',(0.,0.,1.));
#1215 = DIRECTION('',(0.,-1.,0.));
#1216 = PCURVE('',#45,#1217);
#1217 = DEFINITIONAL_REPRESENTATION('',(#1218),#1222);
#1218 = CIRCLE('',#1219,3.);
#1219 = AXIS2_PLACEMENT_2D('',#1220,#1221);
#1220 = CARTESIAN_POINT('',(45.174654051474,-5.431448363891));
#1221 = DIRECTION('',(0.,-1.));
#1222 = ( GEOMETRIC_REPRESENTATION_CONTEXT(2) 
PARAMETRIC_REPRESENTATION_CONTEXT() REPRESENTATION_CONTEXT('2D SPACE',''
  ) );
#1223 = PCURVE('',#1224,#1229);
#1224 = CYLINDRICAL_SURFACE('',#1225,3.);
#1225 = AXIS2_PLACEMENT_3D('',#1226,#1227,#1228);
#1226 = CARTESIAN_POINT('',(45.174654051474,-5.431448363891,0.));
#1227 = DIRECTION('',(0.,0.,1.));
#1228 = DIRECTION('',(0.992849539593,-0.119372491514,0.));
#1229 = DEFINITIONAL_REPRESENTATION('',(#1230),#1234);
#1230 = LINE('',#1231,#1232);
#1231 = CARTESIAN_POINT('',(-1.451138496233,0.));
#1232 = VECTOR('',#1233,1.);
#1233 = DIRECTION('',(1.,0.));
#1234 = ( GEOMETRIC_REPRESENTATION_CONTEXT(2) 
PARAMETRIC_REPRESENTATION_CONTEXT() REPRESENTATION_CONTEXT('2D SPACE',''
  ) );
#1235 = FACE_BOUND('',#1236,.F.);
#1236 = EDGE_LOOP('',(#1237,#1268,#1486,#1514,#1732,#1760));
#1237 = ORIENTED_EDGE('',*,*,#1238,.F.);
#1238 = EDGE_CURVE('',#1239,#1241,#1243,.T.);
#1239 = VERTEX_POINT('',#1240);
#1240 = CARTESIAN_POINT('',(34.679206459732,-33.90579064589,0.));
#1241 = VERTEX_POINT('',#1242);
#1242 = CARTESIAN_POINT('',(38.807113866803,-29.09051242809,0.));
#1243 = SURFACE_CURVE('',#1244,(#1249,#1256),.PCURVE_S1.);
#1244 = CIRCLE('',#1245,48.5);
#1245 = AXIS2_PLACEMENT_3D('',#1246,#1247,#1248);
#1246 = CARTESIAN_POINT('',(0.,0.,0.));
#1247 = DIRECTION('',(0.,0.,1.));
#1248 = DIRECTION('',(1.,0.,-0.));
#1249 = PCURVE('',#45,#1250);
#1250 = DEFINITIONAL_REPRESENTATION('',(#1251),#1255);
#1251 = CIRCLE('',#1252,48.5);
#1252 = AXIS2_PLACEMENT_2D('',#1253,#1254);
#1253 = CARTESIAN_POINT('',(1.75032336965E-15,-3.209892110372E-15));
#1254 = DIRECTION('',(1.,0.));
#1255 = ( GEOMETRIC_REPRESENTATION_CONTEXT(2) 
PARAMETRIC_REPRESENTATION_CONTEXT() REPRESENTATION_CONTEXT('2D SPACE',''
  ) );
#1256 = PCURVE('',#1257,#1262);
#1257 = CYLINDRICAL_SURFACE('',#1258,48.5);
#1258 = AXIS2_PLACEMENT_3D('',#1259,#1260,#1261);
#1259 = CARTESIAN_POINT('',(0.,0.,0.));
#1260 = DIRECTION('',(-0.,-0.,-1.));
#1261 = DIRECTION('',(1.,0.,-0.));
#1262 = DEFINITIONAL_REPRESENTATION('',(#1263),#1267);
#1263 = LINE('',#1264,#1265);
#1264 = CARTESIAN_POINT('',(-0.,0.));
#1265 = VECTOR('',#1266,1.);
#1266 = DIRECTION('',(-1.,0.));
#1267 = ( GEOMETRIC_REPRESENTATION_CONTEXT(2) 
PARAMETRIC_REPRESENTATION_CONTEXT() REPRESENTATION_CONTEXT('2D SPACE',''
  ) );
#1268 = ORIENTED_EDGE('',*,*,#1269,.F.);
#1269 = EDGE_CURVE('',#1270,#1239,#1272,.T.);
#1270 = VERTEX_POINT('',#1271);
#1271 = CARTESIAN_POINT('',(10.012977193509,-8.093277400445,0.));
#1272 = SURFACE_CURVE('',#1273,(#1324,#1378),.PCURVE_S1.);
#1273 = B_SPLINE_CURVE_WITH_KNOTS('',3,(#1274,#1275,#1276,#1277,#1278,
    #1279,#1280,#1281,#1282,#1283,#1284,#1285,#1286,#1287,#1288,#1289,
    #1290,#1291,#1292,#1293,#1294,#1295,#1296,#1297,#1298,#1299,#1300,
    #1301,#1302,#1303,#1304,#1305,#1306,#1307,#1308,#1309,#1310,#1311,
    #1312,#1313,#1314,#1315,#1316,#1317,#1318,#1319,#1320,#1321,#1322,
    #1323),.UNSPECIFIED.,.F.,.F.,(4,1,1,1,1,1,1,1,1,1,1,1,1,1,1,1,1,1,1,
    1,1,1,1,1,1,1,1,1,1,1,1,1,1,1,1,1,1,1,1,1,1,1,1,1,1,1,1,4),(0.,
    2.766464139392,5.568319295326,8.177275145496,10.425160909405,
    12.698001103747,14.813706991925,16.784063111389,18.483896399813,
    20.207074900357,21.81810245116,23.327840693167,24.640860133639,
    25.985974841284,27.260500260188,28.473662841808,29.546573791048,
    30.665502050481,31.746604132965,32.796723932319,33.744037531687,
    34.751762028128,35.745458780463,36.730106112805,37.635070035337,
    38.615335519513,39.599805338773,40.592877392801,41.521106716853,
    42.54355210237,43.588460947472,44.661307186429,45.681682040739,
    46.825929386569,48.018033969658,49.266638650819,50.477859791669,
    51.863921967174,53.33914083985,54.917675284274,56.480212616324,
    58.303578905337,60.281721918016,62.435877257802,64.600562295301,
    67.15990258556,69.968318443063,73.053194077155),.UNSPECIFIED.);
#1274 = CARTESIAN_POINT('',(5.816194003237,-9.880760870129,0.));
#1275 = CARTESIAN_POINT('',(6.644893632948,-9.514229607782,0.));
#1276 = CARTESIAN_POINT('',(8.352347400098,-8.726866094648,0.));
#1277 = CARTESIAN_POINT('',(10.887993749709,-7.7482593467,0.));
#1278 = CARTESIAN_POINT('',(13.309551340651,-6.930325714986,0.));
#1279 = CARTESIAN_POINT('',(15.596472714268,-6.282227562072,0.));
#1280 = CARTESIAN_POINT('',(17.753095600056,-5.784587849339,0.));
#1281 = CARTESIAN_POINT('',(19.842322197231,-5.420650667977,0.));
#1282 = CARTESIAN_POINT('',(21.759171458359,-5.197909862873,0.));
#1283 = CARTESIAN_POINT('',(23.554840433903,-5.09325654643,0.));
#1284 = CARTESIAN_POINT('',(25.233988650288,-5.096182803092,0.));
#1285 = CARTESIAN_POINT('',(26.84626796173,-5.204221968676,0.));
#1286 = CARTESIAN_POINT('',(28.311519496028,-5.40645938795,0.));
#1287 = CARTESIAN_POINT('',(29.67345682684,-5.684731680676,0.));
#1288 = CARTESIAN_POINT('',(30.939404020728,-6.029671265133,0.));
#1289 = CARTESIAN_POINT('',(32.142717773021,-6.463046947933,0.));
#1290 = CARTESIAN_POINT('',(33.225097171634,-6.953135511264,0.));
#1291 = CARTESIAN_POINT('',(34.219909801662,-7.501765821777,0.));
#1292 = CARTESIAN_POINT('',(35.131557866637,-8.103348380965,0.));
#1293 = CARTESIAN_POINT('',(35.98423564359,-8.773662220142,0.));
#1294 = CARTESIAN_POINT('',(36.736889822995,-9.472911294482,0.));
#1295 = CARTESIAN_POINT('',(37.415932987509,-10.21056241331,0.));
#1296 = CARTESIAN_POINT('',(38.025137547808,-10.98322378389,0.));
#1297 = CARTESIAN_POINT('',(38.579708525196,-11.81092069461,0.));
#1298 = CARTESIAN_POINT('',(39.053849169501,-12.64794464449,0.));
#1299 = CARTESIAN_POINT('',(39.466516974331,-13.51172772937,0.));
#1300 = CARTESIAN_POINT('',(39.819864618852,-14.40148000634,0.));
#1301 = CARTESIAN_POINT('',(40.120559724494,-15.34122006629,0.));
#1302 = CARTESIAN_POINT('',(40.353766913347,-16.28205429758,0.));
#1303 = CARTESIAN_POINT('',(40.529562100358,-17.24800856906,0.));
#1304 = CARTESIAN_POINT('',(40.6468681278,-18.24033408098,0.));
#1305 = CARTESIAN_POINT('',(40.702571646904,-19.28630175034,0.));
#1306 = CARTESIAN_POINT('',(40.690773546609,-20.33301805934,0.));
#1307 = CARTESIAN_POINT('',(40.611540977013,-21.40988875719,0.));
#1308 = CARTESIAN_POINT('',(40.459586241324,-22.51924911683,0.));
#1309 = CARTESIAN_POINT('',(40.220118190322,-23.69086171816,0.));
#1310 = CARTESIAN_POINT('',(39.898343255104,-24.86579601191,0.));
#1311 = CARTESIAN_POINT('',(39.482382877746,-26.07919697918,0.));
#1312 = CARTESIAN_POINT('',(38.962135973849,-27.33409689842,0.));
#1313 = CARTESIAN_POINT('',(38.308441689941,-28.66294166218,0.));
#1314 = CARTESIAN_POINT('',(37.543611043779,-29.99928856865,0.));
#1315 = CARTESIAN_POINT('',(36.639006909525,-31.38601232023,0.));
#1316 = CARTESIAN_POINT('',(35.578999051327,-32.82677755251,0.));
#1317 = CARTESIAN_POINT('',(34.31357817388,-34.35945409669,0.));
#1318 = CARTESIAN_POINT('',(32.897984237978,-35.90274313899,0.));
#1319 = CARTESIAN_POINT('',(31.250328750885,-37.53140383269,0.));
#1320 = CARTESIAN_POINT('',(29.471625150961,-39.15048500383,0.));
#1321 = CARTESIAN_POINT('',(26.939646055038,-41.24007930472,0.));
#1322 = CARTESIAN_POINT('',(26.367931517952,-41.64023045115,0.));
#1323 = CARTESIAN_POINT('',(24.843884830543,-42.80678214913,0.));
#1324 = PCURVE('',#45,#1325);
#1325 = DEFINITIONAL_REPRESENTATION('',(#1326),#1377);
#1326 = B_SPLINE_CURVE_WITH_KNOTS('',3,(#1327,#1328,#1329,#1330,#1331,
    #1332,#1333,#1334,#1335,#1336,#1337,#1338,#1339,#1340,#1341,#1342,
    #1343,#1344,#1345,#1346,#1347,#1348,#1349,#1350,#1351,#1352,#1353,
    #1354,#1355,#1356,#1357,#1358,#1359,#1360,#1361,#1362,#1363,#1364,
    #1365,#1366,#1367,#1368,#1369,#1370,#1371,#1372,#1373,#1374,#1375,
    #1376),.UNSPECIFIED.,.F.,.F.,(4,1,1,1,1,1,1,1,1,1,1,1,1,1,1,1,1,1,1,
    1,1,1,1,1,1,1,1,1,1,1,1,1,1,1,1,1,1,1,1,1,1,1,1,1,1,1,1,4),(0.,
    2.766464139392,5.568319295326,8.177275145496,10.425160909405,
    12.698001103747,14.813706991925,16.784063111389,18.483896399813,
    20.207074900357,21.81810245116,23.327840693167,24.640860133639,
    25.985974841284,27.260500260188,28.473662841808,29.546573791048,
    30.665502050481,31.746604132965,32.796723932319,33.744037531687,
    34.751762028128,35.745458780463,36.730106112805,37.635070035337,
    38.615335519513,39.599805338773,40.592877392801,41.521106716853,
    42.54355210237,43.588460947472,44.661307186429,45.681682040739,
    46.825929386569,48.018033969658,49.266638650819,50.477859791669,
    51.863921967174,53.33914083985,54.917675284274,56.480212616324,
    58.303578905337,60.281721918016,62.435877257802,64.600562295301,
    67.15990258556,69.968318443063,73.053194077155),.UNSPECIFIED.);
#1327 = CARTESIAN_POINT('',(5.816194003237,-9.880760870129));
#1328 = CARTESIAN_POINT('',(6.644893632948,-9.514229607782));
#1329 = CARTESIAN_POINT('',(8.352347400098,-8.726866094648));
#1330 = CARTESIAN_POINT('',(10.887993749709,-7.7482593467));
#1331 = CARTESIAN_POINT('',(13.309551340651,-6.930325714986));
#1332 = CARTESIAN_POINT('',(15.596472714268,-6.282227562072));
#1333 = CARTESIAN_POINT('',(17.753095600056,-5.784587849339));
#1334 = CARTESIAN_POINT('',(19.842322197231,-5.420650667977));
#1335 = CARTESIAN_POINT('',(21.759171458359,-5.197909862873));
#1336 = CARTESIAN_POINT('',(23.554840433903,-5.09325654643));
#1337 = CARTESIAN_POINT('',(25.233988650288,-5.096182803092));
#1338 = CARTESIAN_POINT('',(26.84626796173,-5.204221968676));
#1339 = CARTESIAN_POINT('',(28.311519496028,-5.40645938795));
#1340 = CARTESIAN_POINT('',(29.67345682684,-5.684731680676));
#1341 = CARTESIAN_POINT('',(30.939404020728,-6.029671265133));
#1342 = CARTESIAN_POINT('',(32.142717773021,-6.463046947933));
#1343 = CARTESIAN_POINT('',(33.225097171634,-6.953135511264));
#1344 = CARTESIAN_POINT('',(34.219909801662,-7.501765821777));
#1345 = CARTESIAN_POINT('',(35.131557866637,-8.103348380965));
#1346 = CARTESIAN_POINT('',(35.98423564359,-8.773662220142));
#1347 = CARTESIAN_POINT('',(36.736889822995,-9.472911294482));
#1348 = CARTESIAN_POINT('',(37.415932987509,-10.21056241331));
#1349 = CARTESIAN_POINT('',(38.025137547808,-10.98322378389));
#1350 = CARTESIAN_POINT('',(38.579708525196,-11.81092069461));
#1351 = CARTESIAN_POINT('',(39.053849169501,-12.64794464449));
#1352 = CARTESIAN_POINT('',(39.466516974331,-13.51172772937));
#1353 = CARTESIAN_POINT('',(39.819864618852,-14.40148000634));
#1354 = CARTESIAN_POINT('',(40.120559724494,-15.34122006629));
#1355 = CARTESIAN_POINT('',(40.353766913347,-16.28205429758));
#1356 = CARTESIAN_POINT('',(40.529562100358,-17.24800856906));
#1357 = CARTESIAN_POINT('',(40.6468681278,-18.24033408098));
#1358 = CARTESIAN_POINT('',(40.702571646904,-19.28630175034));
#1359 = CARTESIAN_POINT('',(40.690773546609,-20.33301805934));
#1360 = CARTESIAN_POINT('',(40.611540977013,-21.40988875719));
#1361 = CARTESIAN_POINT('',(40.459586241324,-22.51924911683));
#1362 = CARTESIAN_POINT('',(40.220118190322,-23.69086171816));
#1363 = CARTESIAN_POINT('',(39.898343255104,-24.86579601191));
#1364 = CARTESIAN_POINT('',(39.482382877746,-26.07919697918));
#1365 = CARTESIAN_POINT('',(38.962135973849,-27.33409689842));
#1366 = CARTESIAN_POINT('',(38.308441689941,-28.66294166218));
#1367 = CARTESIAN_POINT('',(37.543611043779,-29.99928856865));
#1368 = CARTESIAN_POINT('',(36.639006909525,-31.38601232023));
#1369 = CARTESIAN_POINT('',(35.578999051327,-32.82677755251));
#1370 = CARTESIAN_POINT('',(34.31357817388,-34.35945409669));
#1371 = CARTESIAN_POINT('',(32.897984237978,-35.90274313899));
#1372 = CARTESIAN_POINT('',(31.250328750885,-37.53140383269));
#1373 = CARTESIAN_POINT('',(29.471625150961,-39.15048500383));
#1374 = CARTESIAN_POINT('',(26.939646055038,-41.24007930472));
#1375 = CARTESIAN_POINT('',(26.367931517952,-41.64023045115));
#1376 = CARTESIAN_POINT('',(24.843884830543,-42.80678214913));
#1377 = ( GEOMETRIC_REPRESENTATION_CONTEXT(2) 
PARAMETRIC_REPRESENTATION_CONTEXT() REPRESENTATION_CONTEXT('2D SPACE',''
  ) );
#1378 = PCURVE('',#1379,#1480);
#1379 = B_SPLINE_SURFACE_WITH_KNOTS('',3,1,(
    (#1380,#1381)
    ,(#1382,#1383)
    ,(#1384,#1385)
    ,(#1386,#1387)
    ,(#1388,#1389)
    ,(#1390,#1391)
    ,(#1392,#1393)
    ,(#1394,#1395)
    ,(#1396,#1397)
    ,(#1398,#1399)
    ,(#1400,#1401)
    ,(#1402,#1403)
    ,(#1404,#1405)
    ,(#1406,#1407)
    ,(#1408,#1409)
    ,(#1410,#1411)
    ,(#1412,#1413)
    ,(#1414,#1415)
    ,(#1416,#1417)
    ,(#1418,#1419)
    ,(#1420,#1421)
    ,(#1422,#1423)
    ,(#1424,#1425)
    ,(#1426,#1427)
    ,(#1428,#1429)
    ,(#1430,#1431)
    ,(#1432,#1433)
    ,(#1434,#1435)
    ,(#1436,#1437)
    ,(#1438,#1439)
    ,(#1440,#1441)
    ,(#1442,#1443)
    ,(#1444,#1445)
    ,(#1446,#1447)
    ,(#1448,#1449)
    ,(#1450,#1451)
    ,(#1452,#1453)
    ,(#1454,#1455)
    ,(#1456,#1457)
    ,(#1458,#1459)
    ,(#1460,#1461)
    ,(#1462,#1463)
    ,(#1464,#1465)
    ,(#1466,#1467)
    ,(#1468,#1469)
    ,(#1470,#1471)
    ,(#1472,#1473)
    ,(#1474,#1475)
    ,(#1476,#1477)
    ,(#1478,#1479
    )),.UNSPECIFIED.,.F.,.F.,.F.,(4,1,1,1,1,1,1,1,1,1,1,1,1,1,1,1,1,1,1,
    1,1,1,1,1,1,1,1,1,1,1,1,1,1,1,1,1,1,1,1,1,1,1,1,1,1,1,1,4),(2,2),(0.
    ,2.766464139392,5.568319295326,8.177275145496,10.425160909405,
    12.698001103747,14.813706991925,16.784063111389,18.483896399813,
    20.207074900357,21.81810245116,23.327840693167,24.640860133639,
    25.985974841284,27.260500260188,28.473662841808,29.546573791048,
    30.665502050481,31.746604132965,32.796723932319,33.744037531687,
    34.751762028128,35.745458780463,36.730106112805,37.635070035337,
    38.615335519513,39.599805338773,40.592877392801,41.521106716853,
    42.54355210237,43.588460947472,44.661307186429,45.681682040739,
    46.825929386569,48.018033969658,49.266638650819,50.477859791669,
    51.863921967174,53.33914083985,54.917675284274,56.480212616324,
    58.303578905337,60.281721918016,62.435877257802,64.600562295301,
    67.15990258556,69.968318443063,73.053194077155),(-22.4,0.),
  .UNSPECIFIED.);
#1380 = CARTESIAN_POINT('',(5.816194003237,-9.880760870129,22.4));
#1381 = CARTESIAN_POINT('',(5.816194003237,-9.880760870129,0.));
#1382 = CARTESIAN_POINT('',(6.644893632948,-9.514229607782,22.4));
#1383 = CARTESIAN_POINT('',(6.644893632948,-9.514229607782,0.));
#1384 = CARTESIAN_POINT('',(8.352347400098,-8.726866094648,22.4));
#1385 = CARTESIAN_POINT('',(8.352347400098,-8.726866094648,0.));
#1386 = CARTESIAN_POINT('',(10.887993749709,-7.7482593467,22.4));
#1387 = CARTESIAN_POINT('',(10.887993749709,-7.7482593467,0.));
#1388 = CARTESIAN_POINT('',(13.309551340651,-6.930325714986,22.4));
#1389 = CARTESIAN_POINT('',(13.309551340651,-6.930325714986,0.));
#1390 = CARTESIAN_POINT('',(15.596472714268,-6.282227562072,22.4));
#1391 = CARTESIAN_POINT('',(15.596472714268,-6.282227562072,0.));
#1392 = CARTESIAN_POINT('',(17.753095600056,-5.784587849339,22.4));
#1393 = CARTESIAN_POINT('',(17.753095600056,-5.784587849339,0.));
#1394 = CARTESIAN_POINT('',(19.842322197231,-5.420650667977,22.4));
#1395 = CARTESIAN_POINT('',(19.842322197231,-5.420650667977,0.));
#1396 = CARTESIAN_POINT('',(21.759171458359,-5.197909862873,22.4));
#1397 = CARTESIAN_POINT('',(21.759171458359,-5.197909862873,0.));
#1398 = CARTESIAN_POINT('',(23.554840433903,-5.09325654643,22.4));
#1399 = CARTESIAN_POINT('',(23.554840433903,-5.09325654643,0.));
#1400 = CARTESIAN_POINT('',(25.233988650288,-5.096182803092,22.4));
#1401 = CARTESIAN_POINT('',(25.233988650288,-5.096182803092,0.));
#1402 = CARTESIAN_POINT('',(26.84626796173,-5.204221968676,22.4));
#1403 = CARTESIAN_POINT('',(26.84626796173,-5.204221968676,0.));
#1404 = CARTESIAN_POINT('',(28.311519496028,-5.40645938795,22.4));
#1405 = CARTESIAN_POINT('',(28.311519496028,-5.40645938795,0.));
#1406 = CARTESIAN_POINT('',(29.67345682684,-5.684731680676,22.4));
#1407 = CARTESIAN_POINT('',(29.67345682684,-5.684731680676,0.));
#1408 = CARTESIAN_POINT('',(30.939404020728,-6.029671265133,22.4));
#1409 = CARTESIAN_POINT('',(30.939404020728,-6.029671265133,0.));
#1410 = CARTESIAN_POINT('',(32.142717773021,-6.463046947933,22.4));
#1411 = CARTESIAN_POINT('',(32.142717773021,-6.463046947933,0.));
#1412 = CARTESIAN_POINT('',(33.225097171634,-6.953135511264,22.4));
#1413 = CARTESIAN_POINT('',(33.225097171634,-6.953135511264,0.));
#1414 = CARTESIAN_POINT('',(34.219909801662,-7.501765821777,22.4));
#1415 = CARTESIAN_POINT('',(34.219909801662,-7.501765821777,0.));
#1416 = CARTESIAN_POINT('',(35.131557866637,-8.103348380965,22.4));
#1417 = CARTESIAN_POINT('',(35.131557866637,-8.103348380965,0.));
#1418 = CARTESIAN_POINT('',(35.98423564359,-8.773662220142,22.4));
#1419 = CARTESIAN_POINT('',(35.98423564359,-8.773662220142,0.));
#1420 = CARTESIAN_POINT('',(36.736889822995,-9.472911294482,22.4));
#1421 = CARTESIAN_POINT('',(36.736889822995,-9.472911294482,0.));
#1422 = CARTESIAN_POINT('',(37.415932987509,-10.21056241331,22.4));
#1423 = CARTESIAN_POINT('',(37.415932987509,-10.21056241331,0.));
#1424 = CARTESIAN_POINT('',(38.025137547808,-10.98322378389,22.4));
#1425 = CARTESIAN_POINT('',(38.025137547808,-10.98322378389,0.));
#1426 = CARTESIAN_POINT('',(38.579708525196,-11.81092069461,22.4));
#1427 = CARTESIAN_POINT('',(38.579708525196,-11.81092069461,0.));
#1428 = CARTESIAN_POINT('',(39.053849169501,-12.64794464449,22.4));
#1429 = CARTESIAN_POINT('',(39.053849169501,-12.64794464449,0.));
#1430 = CARTESIAN_POINT('',(39.466516974331,-13.51172772937,22.4));
#1431 = CARTESIAN_POINT('',(39.466516974331,-13.51172772937,0.));
#1432 = CARTESIAN_POINT('',(39.819864618852,-14.40148000634,22.4));
#1433 = CARTESIAN_POINT('',(39.819864618852,-14.40148000634,0.));
#1434 = CARTESIAN_POINT('',(40.120559724494,-15.34122006629,22.4));
#1435 = CARTESIAN_POINT('',(40.120559724494,-15.34122006629,0.));
#1436 = CARTESIAN_POINT('',(40.353766913347,-16.28205429758,22.4));
#1437 = CARTESIAN_POINT('',(40.353766913347,-16.28205429758,0.));
#1438 = CARTESIAN_POINT('',(40.529562100358,-17.24800856906,22.4));
#1439 = CARTESIAN_POINT('',(40.529562100358,-17.24800856906,0.));
#1440 = CARTESIAN_POINT('',(40.6468681278,-18.24033408098,22.4));
#1441 = CARTESIAN_POINT('',(40.6468681278,-18.24033408098,0.));
#1442 = CARTESIAN_POINT('',(40.702571646904,-19.28630175034,22.4));
#1443 = CARTESIAN_POINT('',(40.702571646904,-19.28630175034,0.));
#1444 = CARTESIAN_POINT('',(40.690773546609,-20.33301805934,22.4));
#1445 = CARTESIAN_POINT('',(40.690773546609,-20.33301805934,0.));
#1446 = CARTESIAN_POINT('',(40.611540977013,-21.40988875719,22.4));
#1447 = CARTESIAN_POINT('',(40.611540977013,-21.40988875719,0.));
#1448 = CARTESIAN_POINT('',(40.459586241324,-22.51924911683,22.4));
#1449 = CARTESIAN_POINT('',(40.459586241324,-22.51924911683,0.));
#1450 = CARTESIAN_POINT('',(40.220118190322,-23.69086171816,22.4));
#1451 = CARTESIAN_POINT('',(40.220118190322,-23.69086171816,0.));
#1452 = CARTESIAN_POINT('',(39.898343255104,-24.86579601191,22.4));
#1453 = CARTESIAN_POINT('',(39.898343255104,-24.86579601191,0.));
#1454 = CARTESIAN_POINT('',(39.482382877746,-26.07919697918,22.4));
#1455 = CARTESIAN_POINT('',(39.482382877746,-26.07919697918,0.));
#1456 = CARTESIAN_POINT('',(38.962135973849,-27.33409689842,22.4));
#1457 = CARTESIAN_POINT('',(38.962135973849,-27.33409689842,0.));
#1458 = CARTESIAN_POINT('',(38.308441689941,-28.66294166218,22.4));
#1459 = CARTESIAN_POINT('',(38.308441689941,-28.66294166218,0.));
#1460 = CARTESIAN_POINT('',(37.543611043779,-29.99928856865,22.4));
#1461 = CARTESIAN_POINT('',(37.543611043779,-29.99928856865,0.));
#1462 = CARTESIAN_POINT('',(36.639006909525,-31.38601232023,22.4));
#1463 = CARTESIAN_POINT('',(36.639006909525,-31.38601232023,0.));
#1464 = CARTESIAN_POINT('',(35.578999051327,-32.82677755251,22.4));
#1465 = CARTESIAN_POINT('',(35.578999051327,-32.82677755251,0.));
#1466 = CARTESIAN_POINT('',(34.31357817388,-34.35945409669,22.4));
#1467 = CARTESIAN_POINT('',(34.31357817388,-34.35945409669,0.));
#1468 = CARTESIAN_POINT('',(32.897984237978,-35.90274313899,22.4));
#1469 = CARTESIAN_POINT('',(32.897984237978,-35.90274313899,0.));
#1470 = CARTESIAN_POINT('',(31.250328750885,-37.53140383269,22.4));
#1471 = CARTESIAN_POINT('',(31.250328750885,-37.53140383269,0.));
#1472 = CARTESIAN_POINT('',(29.471625150961,-39.15048500383,22.4));
#1473 = CARTESIAN_POINT('',(29.471625150961,-39.15048500383,0.));
#1474 = CARTESIAN_POINT('',(26.939646055038,-41.24007930472,22.4));
#1475 = CARTESIAN_POINT('',(26.939646055038,-41.24007930472,0.));
#1476 = CARTESIAN_POINT('',(26.367931517952,-41.64023045115,22.4));
#1477 = CARTESIAN_POINT('',(26.367931517952,-41.64023045115,0.));
#1478 = CARTESIAN_POINT('',(24.843884830543,-42.80678214913,22.4));
#1479 = CARTESIAN_POINT('',(24.843884830543,-42.80678214913,0.));
#1480 = DEFINITIONAL_REPRESENTATION('',(#1481),#1485);
#1481 = LINE('',#1482,#1483);
#1482 = CARTESIAN_POINT('',(0.,0.));
#1483 = VECTOR('',#1484,1.);
#1484 = DIRECTION('',(1.,0.));
#1485 = ( GEOMETRIC_REPRESENTATION_CONTEXT(2) 
PARAMETRIC_REPRESENTATION_CONTEXT() REPRESENTATION_CONTEXT('2D SPACE',''
  ) );
#1486 = ORIENTED_EDGE('',*,*,#1487,.F.);
#1487 = EDGE_CURVE('',#1488,#1270,#1490,.T.);
#1488 = VERTEX_POINT('',#1489);
#1489 = CARTESIAN_POINT('',(12.019693060918,-7.051107079368,0.));
#1490 = SURFACE_CURVE('',#1491,(#1495,#1502),.PCURVE_S1.);
#1491 = LINE('',#1492,#1493);
#1492 = CARTESIAN_POINT('',(12.019693060918,-7.051107079368,0.));
#1493 = VECTOR('',#1494,1.);
#1494 = DIRECTION('',(-0.88745597613,-0.460892493355,0.));
#1495 = PCURVE('',#45,#1496);
#1496 = DEFINITIONAL_REPRESENTATION('',(#1497),#1501);
#1497 = LINE('',#1498,#1499);
#1498 = CARTESIAN_POINT('',(12.019693060918,-7.051107079368));
#1499 = VECTOR('',#1500,1.);
#1500 = DIRECTION('',(-0.88745597613,-0.460892493355));
#1501 = ( GEOMETRIC_REPRESENTATION_CONTEXT(2) 
PARAMETRIC_REPRESENTATION_CONTEXT() REPRESENTATION_CONTEXT('2D SPACE',''
  ) );
#1502 = PCURVE('',#1503,#1508);
#1503 = PLANE('',#1504);
#1504 = AXIS2_PLACEMENT_3D('',#1505,#1506,#1507);
#1505 = CARTESIAN_POINT('',(12.019693060918,-7.051107079368,0.));
#1506 = DIRECTION('',(0.460892493355,-0.88745597613,0.));
#1507 = DIRECTION('',(-0.88745597613,-0.460892493355,0.));
#1508 = DEFINITIONAL_REPRESENTATION('',(#1509),#1513);
#1509 = LINE('',#1510,#1511);
#1510 = CARTESIAN_POINT('',(0.,0.));
#1511 = VECTOR('',#1512,1.);
#1512 = DIRECTION('',(1.,0.));
#1513 = ( GEOMETRIC_REPRESENTATION_CONTEXT(2) 
PARAMETRIC_REPRESENTATION_CONTEXT() REPRESENTATION_CONTEXT('2D SPACE',''
  ) );
#1514 = ORIENTED_EDGE('',*,*,#1515,.F.);
#1515 = EDGE_CURVE('',#1516,#1488,#1518,.T.);
#1516 = VERTEX_POINT('',#1517);
#1517 = CARTESIAN_POINT('',(41.085637700577,-23.85018161985,0.));
#1518 = SURFACE_CURVE('',#1519,(#1570,#1624),.PCURVE_S1.);
#1519 = B_SPLINE_CURVE_WITH_KNOTS('',3,(#1520,#1521,#1522,#1523,#1524,
    #1525,#1526,#1527,#1528,#1529,#1530,#1531,#1532,#1533,#1534,#1535,
    #1536,#1537,#1538,#1539,#1540,#1541,#1542,#1543,#1544,#1545,#1546,
    #1547,#1548,#1549,#1550,#1551,#1552,#1553,#1554,#1555,#1556,#1557,
    #1558,#1559,#1560,#1561,#1562,#1563,#1564,#1565,#1566,#1567,#1568,
    #1569),.UNSPECIFIED.,.F.,.F.,(4,1,1,1,1,1,1,1,1,1,1,1,1,1,1,1,1,1,1,
    1,1,1,1,1,1,1,1,1,1,1,1,1,1,1,1,1,1,1,1,1,1,1,1,1,1,1,1,4),(0.,
    3.010134173011,5.734866089906,8.204243200285,10.280216915947,
    12.332164523515,14.201956865391,15.911237845672,17.363900720308,
    18.819208714806,20.167747400886,21.42468716853,22.515414853025,
    23.632925452475,24.694050367351,25.707901186754,26.608581862701,
    27.552388564938,28.468532489134,29.361872223827,30.169943636586,
    31.030962627216,31.880548884696,32.72227944396,33.495545472128,
    34.332992621126,35.174663745336,36.025783427864,36.825011523752,
    37.711824801461,38.627874308414,39.58148948206,40.502911686362,
    41.554574841448,42.671594637474,43.864256147866,45.041219012251,
    46.408073524505,47.880684921353,49.469922617188,51.049935999727,
    52.894334824252,54.887680127977,57.041280206621,59.18142193199,
    61.675679145654,64.364419403117,67.031728548195),.UNSPECIFIED.);
#1520 = CARTESIAN_POINT('',(41.085637700577,-23.85018161985,0.));
#1521 = CARTESIAN_POINT('',(41.464648671267,-22.9383321354,0.));
#1522 = CARTESIAN_POINT('',(42.233951860987,-21.16313051495,0.));
#1523 = CARTESIAN_POINT('',(43.172176847085,-18.60178323579,0.));
#1524 = CARTESIAN_POINT('',(43.917930175137,-16.29339022618,0.));
#1525 = CARTESIAN_POINT('',(44.496867964486,-14.17149585791,0.));
#1526 = CARTESIAN_POINT('',(44.931909061641,-12.21918507429,0.));
#1527 = CARTESIAN_POINT('',(45.243175382232,-10.36726323638,0.));
#1528 = CARTESIAN_POINT('',(45.428866102245,-8.699387147197,0.));
#1529 = CARTESIAN_POINT('',(45.51275965803,-7.161839610024,0.));
#1530 = CARTESIAN_POINT('',(45.50759709289,-5.74209949152,0.));
#1531 = CARTESIAN_POINT('',(45.417859008954,-4.390579828522,0.));
#1532 = CARTESIAN_POINT('',(45.25745311143,-3.168112538737,0.));
#1533 = CARTESIAN_POINT('',(45.0354906316,-2.033887352887,0.));
#1534 = CARTESIAN_POINT('',(44.759140127289,-0.978897551494,0.));
#1535 = CARTESIAN_POINT('',(44.4222298205,3.132178123361E-02,0.));
#1536 = CARTESIAN_POINT('',(44.047239045737,0.950367029506,0.));
#1537 = CARTESIAN_POINT('',(43.632482975503,1.808748455452,0.));
#1538 = CARTESIAN_POINT('',(43.18111342381,2.611400516349,0.));
#1539 = CARTESIAN_POINT('',(42.680311905247,3.381232221976,0.));
#1540 = CARTESIAN_POINT('',(42.158033126256,4.080940655235,0.));
#1541 = CARTESIAN_POINT('',(41.605131729088,4.73263925928,0.));
#1542 = CARTESIAN_POINT('',(41.022367355054,5.337855591533,0.));
#1543 = CARTESIAN_POINT('',(40.3922454647,5.910443784111,0.));
#1544 = CARTESIAN_POINT('',(39.747409205041,6.420538034273,0.));
#1545 = CARTESIAN_POINT('',(39.072974988954,6.883518898961,0.));
#1546 = CARTESIAN_POINT('',(38.367797856748,7.298486644326,0.));
#1547 = CARTESIAN_POINT('',(37.610192253363,7.67096651686,0.));
#1548 = CARTESIAN_POINT('',(36.837839780931,7.979078415385,0.));
#1549 = CARTESIAN_POINT('',(36.029964316298,8.231773277157,0.));
#1550 = CARTESIAN_POINT('',(35.18349977364,8.42550097466,0.));
#1551 = CARTESIAN_POINT('',(34.27296123684,8.556164117265,0.));
#1552 = CARTESIAN_POINT('',(33.343165384743,8.611612608317,0.));
#1553 = CARTESIAN_POINT('',(32.36688876422,8.592258217678,0.));
#1554 = CARTESIAN_POINT('',(31.340670878501,8.490936763974,0.));
#1555 = CARTESIAN_POINT('',(30.23705258033,8.291249467091,0.));
#1556 = CARTESIAN_POINT('',(29.111064093022,7.998405067358,0.));
#1557 = CARTESIAN_POINT('',(27.933487772265,7.589078170952,0.));
#1558 = CARTESIAN_POINT('',(26.70429423241,7.055581640139,0.));
#1559 = CARTESIAN_POINT('',(25.391682245513,6.377765038857,0.));
#1560 = CARTESIAN_POINT('',(24.065747827849,5.578185203553,0.));
#1561 = CARTESIAN_POINT('',(22.687905843428,4.630789307926,0.));
#1562 = CARTESIAN_POINT('',(21.260439651933,3.523364729133,0.));
#1563 = CARTESIAN_POINT('',(19.753017757988,2.209846404675,0.));
#1564 = CARTESIAN_POINT('',(18.252182319148,0.753333871887,0.));
#1565 = CARTESIAN_POINT('',(16.696203647599,-0.919557641022,0.));
#1566 = CARTESIAN_POINT('',(15.175532050721,-2.707838975062,0.));
#1567 = CARTESIAN_POINT('',(13.350090444196,-5.099203627213,0.));
#1568 = CARTESIAN_POINT('',(12.91100078668,-5.776592839161,0.));
#1569 = CARTESIAN_POINT('',(12.019693060918,-7.051107079368,0.));
#1570 = PCURVE('',#45,#1571);
#1571 = DEFINITIONAL_REPRESENTATION('',(#1572),#1623);
#1572 = B_SPLINE_CURVE_WITH_KNOTS('',3,(#1573,#1574,#1575,#1576,#1577,
    #1578,#1579,#1580,#1581,#1582,#1583,#1584,#1585,#1586,#1587,#1588,
    #1589,#1590,#1591,#1592,#1593,#1594,#1595,#1596,#1597,#1598,#1599,
    #1600,#1601,#1602,#1603,#1604,#1605,#1606,#1607,#1608,#1609,#1610,
    #1611,#1612,#1613,#1614,#1615,#1616,#1617,#1618,#1619,#1620,#1621,
    #1622),.UNSPECIFIED.,.F.,.F.,(4,1,1,1,1,1,1,1,1,1,1,1,1,1,1,1,1,1,1,
    1,1,1,1,1,1,1,1,1,1,1,1,1,1,1,1,1,1,1,1,1,1,1,1,1,1,1,1,4),(0.,
    3.010134173011,5.734866089906,8.204243200285,10.280216915947,
    12.332164523515,14.201956865391,15.911237845672,17.363900720308,
    18.819208714806,20.167747400886,21.42468716853,22.515414853025,
    23.632925452475,24.694050367351,25.707901186754,26.608581862701,
    27.552388564938,28.468532489134,29.361872223827,30.169943636586,
    31.030962627216,31.880548884696,32.72227944396,33.495545472128,
    34.332992621126,35.174663745336,36.025783427864,36.825011523752,
    37.711824801461,38.627874308414,39.58148948206,40.502911686362,
    41.554574841448,42.671594637474,43.864256147866,45.041219012251,
    46.408073524505,47.880684921353,49.469922617188,51.049935999727,
    52.894334824252,54.887680127977,57.041280206621,59.18142193199,
    61.675679145654,64.364419403117,67.031728548195),.UNSPECIFIED.);
#1573 = CARTESIAN_POINT('',(41.085637700577,-23.85018161985));
#1574 = CARTESIAN_POINT('',(41.464648671267,-22.9383321354));
#1575 = CARTESIAN_POINT('',(42.233951860987,-21.16313051495));
#1576 = CARTESIAN_POINT('',(43.172176847085,-18.60178323579));
#1577 = CARTESIAN_POINT('',(43.917930175137,-16.29339022618));
#1578 = CARTESIAN_POINT('',(44.496867964486,-14.17149585791));
#1579 = CARTESIAN_POINT('',(44.931909061641,-12.21918507429));
#1580 = CARTESIAN_POINT('',(45.243175382232,-10.36726323638));
#1581 = CARTESIAN_POINT('',(45.428866102245,-8.699387147197));
#1582 = CARTESIAN_POINT('',(45.51275965803,-7.161839610024));
#1583 = CARTESIAN_POINT('',(45.50759709289,-5.74209949152));
#1584 = CARTESIAN_POINT('',(45.417859008954,-4.390579828522));
#1585 = CARTESIAN_POINT('',(45.25745311143,-3.168112538737));
#1586 = CARTESIAN_POINT('',(45.0354906316,-2.033887352887));
#1587 = CARTESIAN_POINT('',(44.759140127289,-0.978897551494));
#1588 = CARTESIAN_POINT('',(44.4222298205,3.132178123361E-02));
#1589 = CARTESIAN_POINT('',(44.047239045737,0.950367029506));
#1590 = CARTESIAN_POINT('',(43.632482975503,1.808748455452));
#1591 = CARTESIAN_POINT('',(43.18111342381,2.611400516349));
#1592 = CARTESIAN_POINT('',(42.680311905247,3.381232221976));
#1593 = CARTESIAN_POINT('',(42.158033126256,4.080940655235));
#1594 = CARTESIAN_POINT('',(41.605131729088,4.73263925928));
#1595 = CARTESIAN_POINT('',(41.022367355054,5.337855591533));
#1596 = CARTESIAN_POINT('',(40.3922454647,5.910443784111));
#1597 = CARTESIAN_POINT('',(39.747409205041,6.420538034273));
#1598 = CARTESIAN_POINT('',(39.072974988954,6.883518898961));
#1599 = CARTESIAN_POINT('',(38.367797856748,7.298486644326));
#1600 = CARTESIAN_POINT('',(37.610192253363,7.67096651686));
#1601 = CARTESIAN_POINT('',(36.837839780931,7.979078415385));
#1602 = CARTESIAN_POINT('',(36.029964316298,8.231773277157));
#1603 = CARTESIAN_POINT('',(35.18349977364,8.42550097466));
#1604 = CARTESIAN_POINT('',(34.27296123684,8.556164117265));
#1605 = CARTESIAN_POINT('',(33.343165384743,8.611612608317));
#1606 = CARTESIAN_POINT('',(32.36688876422,8.592258217678));
#1607 = CARTESIAN_POINT('',(31.340670878501,8.490936763974));
#1608 = CARTESIAN_POINT('',(30.23705258033,8.291249467091));
#1609 = CARTESIAN_POINT('',(29.111064093022,7.998405067358));
#1610 = CARTESIAN_POINT('',(27.933487772265,7.589078170952));
#1611 = CARTESIAN_POINT('',(26.70429423241,7.055581640139));
#1612 = CARTESIAN_POINT('',(25.391682245513,6.377765038857));
#1613 = CARTESIAN_POINT('',(24.065747827849,5.578185203553));
#1614 = CARTESIAN_POINT('',(22.687905843428,4.630789307926));
#1615 = CARTESIAN_POINT('',(21.260439651933,3.523364729133));
#1616 = CARTESIAN_POINT('',(19.753017757988,2.209846404675));
#1617 = CARTESIAN_POINT('',(18.252182319148,0.753333871887));
#1618 = CARTESIAN_POINT('',(16.696203647599,-0.919557641022));
#1619 = CARTESIAN_POINT('',(15.175532050721,-2.707838975062));
#1620 = CARTESIAN_POINT('',(13.350090444196,-5.099203627213));
#1621 = CARTESIAN_POINT('',(12.91100078668,-5.776592839161));
#1622 = CARTESIAN_POINT('',(12.019693060918,-7.051107079368));
#1623 = ( GEOMETRIC_REPRESENTATION_CONTEXT(2) 
PARAMETRIC_REPRESENTATION_CONTEXT() REPRESENTATION_CONTEXT('2D SPACE',''
  ) );
#1624 = PCURVE('',#1625,#1726);
#1625 = B_SPLINE_SURFACE_WITH_KNOTS('',3,1,(
    (#1626,#1627)
    ,(#1628,#1629)
    ,(#1630,#1631)
    ,(#1632,#1633)
    ,(#1634,#1635)
    ,(#1636,#1637)
    ,(#1638,#1639)
    ,(#1640,#1641)
    ,(#1642,#1643)
    ,(#1644,#1645)
    ,(#1646,#1647)
    ,(#1648,#1649)
    ,(#1650,#1651)
    ,(#1652,#1653)
    ,(#1654,#1655)
    ,(#1656,#1657)
    ,(#1658,#1659)
    ,(#1660,#1661)
    ,(#1662,#1663)
    ,(#1664,#1665)
    ,(#1666,#1667)
    ,(#1668,#1669)
    ,(#1670,#1671)
    ,(#1672,#1673)
    ,(#1674,#1675)
    ,(#1676,#1677)
    ,(#1678,#1679)
    ,(#1680,#1681)
    ,(#1682,#1683)
    ,(#1684,#1685)
    ,(#1686,#1687)
    ,(#1688,#1689)
    ,(#1690,#1691)
    ,(#1692,#1693)
    ,(#1694,#1695)
    ,(#1696,#1697)
    ,(#1698,#1699)
    ,(#1700,#1701)
    ,(#1702,#1703)
    ,(#1704,#1705)
    ,(#1706,#1707)
    ,(#1708,#1709)
    ,(#1710,#1711)
    ,(#1712,#1713)
    ,(#1714,#1715)
    ,(#1716,#1717)
    ,(#1718,#1719)
    ,(#1720,#1721)
    ,(#1722,#1723)
    ,(#1724,#1725
    )),.UNSPECIFIED.,.F.,.F.,.F.,(4,1,1,1,1,1,1,1,1,1,1,1,1,1,1,1,1,1,1,
    1,1,1,1,1,1,1,1,1,1,1,1,1,1,1,1,1,1,1,1,1,1,1,1,1,1,1,1,4),(2,2),(0.
    ,3.010134173011,5.734866089906,8.204243200285,10.280216915947,
    12.332164523515,14.201956865391,15.911237845672,17.363900720308,
    18.819208714806,20.167747400886,21.42468716853,22.515414853025,
    23.632925452475,24.694050367351,25.707901186754,26.608581862701,
    27.552388564938,28.468532489134,29.361872223827,30.169943636586,
    31.030962627216,31.880548884696,32.72227944396,33.495545472128,
    34.332992621126,35.174663745336,36.025783427864,36.825011523752,
    37.711824801461,38.627874308414,39.58148948206,40.502911686362,
    41.554574841448,42.671594637474,43.864256147866,45.041219012251,
    46.408073524505,47.880684921353,49.469922617188,51.049935999727,
    52.894334824252,54.887680127977,57.041280206621,59.18142193199,
    61.675679145654,64.364419403117,67.031728548195),(-22.4,0.),
  .UNSPECIFIED.);
#1626 = CARTESIAN_POINT('',(41.085637700577,-23.85018161985,22.4));
#1627 = CARTESIAN_POINT('',(41.085637700577,-23.85018161985,0.));
#1628 = CARTESIAN_POINT('',(41.464648671267,-22.9383321354,22.4));
#1629 = CARTESIAN_POINT('',(41.464648671267,-22.9383321354,0.));
#1630 = CARTESIAN_POINT('',(42.233951860987,-21.16313051495,22.4));
#1631 = CARTESIAN_POINT('',(42.233951860987,-21.16313051495,0.));
#1632 = CARTESIAN_POINT('',(43.172176847085,-18.60178323579,22.4));
#1633 = CARTESIAN_POINT('',(43.172176847085,-18.60178323579,0.));
#1634 = CARTESIAN_POINT('',(43.917930175137,-16.29339022618,22.4));
#1635 = CARTESIAN_POINT('',(43.917930175137,-16.29339022618,0.));
#1636 = CARTESIAN_POINT('',(44.496867964486,-14.17149585791,22.4));
#1637 = CARTESIAN_POINT('',(44.496867964486,-14.17149585791,0.));
#1638 = CARTESIAN_POINT('',(44.931909061641,-12.21918507429,22.4));
#1639 = CARTESIAN_POINT('',(44.931909061641,-12.21918507429,0.));
#1640 = CARTESIAN_POINT('',(45.243175382232,-10.36726323638,22.4));
#1641 = CARTESIAN_POINT('',(45.243175382232,-10.36726323638,0.));
#1642 = CARTESIAN_POINT('',(45.428866102245,-8.699387147197,22.4));
#1643 = CARTESIAN_POINT('',(45.428866102245,-8.699387147197,0.));
#1644 = CARTESIAN_POINT('',(45.51275965803,-7.161839610024,22.4));
#1645 = CARTESIAN_POINT('',(45.51275965803,-7.161839610024,0.));
#1646 = CARTESIAN_POINT('',(45.50759709289,-5.74209949152,22.4));
#1647 = CARTESIAN_POINT('',(45.50759709289,-5.74209949152,0.));
#1648 = CARTESIAN_POINT('',(45.417859008954,-4.390579828522,22.4));
#1649 = CARTESIAN_POINT('',(45.417859008954,-4.390579828522,0.));
#1650 = CARTESIAN_POINT('',(45.25745311143,-3.168112538737,22.4));
#1651 = CARTESIAN_POINT('',(45.25745311143,-3.168112538737,0.));
#1652 = CARTESIAN_POINT('',(45.0354906316,-2.033887352887,22.4));
#1653 = CARTESIAN_POINT('',(45.0354906316,-2.033887352887,0.));
#1654 = CARTESIAN_POINT('',(44.759140127289,-0.978897551494,22.4));
#1655 = CARTESIAN_POINT('',(44.759140127289,-0.978897551494,0.));
#1656 = CARTESIAN_POINT('',(44.4222298205,3.132178123361E-02,22.4));
#1657 = CARTESIAN_POINT('',(44.4222298205,3.132178123361E-02,0.));
#1658 = CARTESIAN_POINT('',(44.047239045737,0.950367029506,22.4));
#1659 = CARTESIAN_POINT('',(44.047239045737,0.950367029506,0.));
#1660 = CARTESIAN_POINT('',(43.632482975503,1.808748455452,22.4));
#1661 = CARTESIAN_POINT('',(43.632482975503,1.808748455452,0.));
#1662 = CARTESIAN_POINT('',(43.18111342381,2.611400516349,22.4));
#1663 = CARTESIAN_POINT('',(43.18111342381,2.611400516349,0.));
#1664 = CARTESIAN_POINT('',(42.680311905247,3.381232221976,22.4));
#1665 = CARTESIAN_POINT('',(42.680311905247,3.381232221976,0.));
#1666 = CARTESIAN_POINT('',(42.158033126256,4.080940655235,22.4));
#1667 = CARTESIAN_POINT('',(42.158033126256,4.080940655235,0.));
#1668 = CARTESIAN_POINT('',(41.605131729088,4.73263925928,22.4));
#1669 = CARTESIAN_POINT('',(41.605131729088,4.73263925928,0.));
#1670 = CARTESIAN_POINT('',(41.022367355054,5.337855591533,22.4));
#1671 = CARTESIAN_POINT('',(41.022367355054,5.337855591533,0.));
#1672 = CARTESIAN_POINT('',(40.3922454647,5.910443784111,22.4));
#1673 = CARTESIAN_POINT('',(40.3922454647,5.910443784111,0.));
#1674 = CARTESIAN_POINT('',(39.747409205041,6.420538034273,22.4));
#1675 = CARTESIAN_POINT('',(39.747409205041,6.420538034273,0.));
#1676 = CARTESIAN_POINT('',(39.072974988954,6.883518898961,22.4));
#1677 = CARTESIAN_POINT('',(39.072974988954,6.883518898961,0.));
#1678 = CARTESIAN_POINT('',(38.367797856748,7.298486644326,22.4));
#1679 = CARTESIAN_POINT('',(38.367797856748,7.298486644326,0.));
#1680 = CARTESIAN_POINT('',(37.610192253363,7.67096651686,22.4));
#1681 = CARTESIAN_POINT('',(37.610192253363,7.67096651686,0.));
#1682 = CARTESIAN_POINT('',(36.837839780931,7.979078415385,22.4));
#1683 = CARTESIAN_POINT('',(36.837839780931,7.979078415385,0.));
#1684 = CARTESIAN_POINT('',(36.029964316298,8.231773277157,22.4));
#1685 = CARTESIAN_POINT('',(36.029964316298,8.231773277157,0.));
#1686 = CARTESIAN_POINT('',(35.18349977364,8.42550097466,22.4));
#1687 = CARTESIAN_POINT('',(35.18349977364,8.42550097466,0.));
#1688 = CARTESIAN_POINT('',(34.27296123684,8.556164117265,22.4));
#1689 = CARTESIAN_POINT('',(34.27296123684,8.556164117265,0.));
#1690 = CARTESIAN_POINT('',(33.343165384743,8.611612608317,22.4));
#1691 = CARTESIAN_POINT('',(33.343165384743,8.611612608317,0.));
#1692 = CARTESIAN_POINT('',(32.36688876422,8.592258217678,22.4));
#1693 = CARTESIAN_POINT('',(32.36688876422,8.592258217678,0.));
#1694 = CARTESIAN_POINT('',(31.340670878501,8.490936763974,22.4));
#1695 = CARTESIAN_POINT('',(31.340670878501,8.490936763974,0.));
#1696 = CARTESIAN_POINT('',(30.23705258033,8.291249467091,22.4));
#1697 = CARTESIAN_POINT('',(30.23705258033,8.291249467091,0.));
#1698 = CARTESIAN_POINT('',(29.111064093022,7.998405067358,22.4));
#1699 = CARTESIAN_POINT('',(29.111064093022,7.998405067358,0.));
#1700 = CARTESIAN_POINT('',(27.933487772265,7.589078170952,22.4));
#1701 = CARTESIAN_POINT('',(27.933487772265,7.589078170952,0.));
#1702 = CARTESIAN_POINT('',(26.70429423241,7.055581640139,22.4));
#1703 = CARTESIAN_POINT('',(26.70429423241,7.055581640139,0.));
#1704 = CARTESIAN_POINT('',(25.391682245513,6.377765038857,22.4));
#1705 = CARTESIAN_POINT('',(25.391682245513,6.377765038857,0.));
#1706 = CARTESIAN_POINT('',(24.065747827849,5.578185203553,22.4));
#1707 = CARTESIAN_POINT('',(24.065747827849,5.578185203553,0.));
#1708 = CARTESIAN_POINT('',(22.687905843428,4.630789307926,22.4));
#1709 = CARTESIAN_POINT('',(22.687905843428,4.630789307926,0.));
#1710 = CARTESIAN_POINT('',(21.260439651933,3.523364729133,22.4));
#1711 = CARTESIAN_POINT('',(21.260439651933,3.523364729133,0.));
#1712 = CARTESIAN_POINT('',(19.753017757988,2.209846404675,22.4));
#1713 = CARTESIAN_POINT('',(19.753017757988,2.209846404675,0.));
#1714 = CARTESIAN_POINT('',(18.252182319148,0.753333871887,22.4));
#1715 = CARTESIAN_POINT('',(18.252182319148,0.753333871887,0.));
#1716 = CARTESIAN_POINT('',(16.696203647599,-0.919557641022,22.4));
#1717 = CARTESIAN_POINT('',(16.696203647599,-0.919557641022,0.));
#1718 = CARTESIAN_POINT('',(15.175532050721,-2.707838975062,22.4));
#1719 = CARTESIAN_POINT('',(15.175532050721,-2.707838975062,0.));
#1720 = CARTESIAN_POINT('',(13.350090444196,-5.099203627213,22.4));
#1721 = CARTESIAN_POINT('',(13.350090444196,-5.099203627213,0.));
#1722 = CARTESIAN_POINT('',(12.91100078668,-5.776592839161,22.4));
#1723 = CARTESIAN_POINT('',(12.91100078668,-5.776592839161,0.));
#1724 = CARTESIAN_POINT('',(12.019693060918,-7.051107079368,22.4));
#1725 = CARTESIAN_POINT('',(12.019693060918,-7.051107079368,0.));
#1726 = DEFINITIONAL_REPRESENTATION('',(#1727),#1731);
#1727 = LINE('',#1728,#1729);
#1728 = CARTESIAN_POINT('',(0.,0.));
#1729 = VECTOR('',#1730,1.);
#1730 = DIRECTION('',(1.,0.));
#1731 = ( GEOMETRIC_REPRESENTATION_CONTEXT(2) 
PARAMETRIC_REPRESENTATION_CONTEXT() REPRESENTATION_CONTEXT('2D SPACE',''
  ) );
#1732 = ORIENTED_EDGE('',*,*,#1733,.F.);
#1733 = EDGE_CURVE('',#1734,#1516,#1736,.T.);
#1734 = VERTEX_POINT('',#1735);
#1735 = CARTESIAN_POINT('',(39.176920936555,-28.44250320938,0.));
#1736 = SURFACE_CURVE('',#1737,(#1741,#1748),.PCURVE_S1.);
#1737 = LINE('',#1738,#1739);
#1738 = CARTESIAN_POINT('',(36.69590941308,-34.4117507153,0.));
#1739 = VECTOR('',#1740,1.);
#1740 = DIRECTION('',(0.383801307059,0.923415700917,0.));
#1741 = PCURVE('',#45,#1742);
#1742 = DEFINITIONAL_REPRESENTATION('',(#1743),#1747);
#1743 = LINE('',#1744,#1745);
#1744 = CARTESIAN_POINT('',(36.69590941308,-34.4117507153));
#1745 = VECTOR('',#1746,1.);
#1746 = DIRECTION('',(0.383801307059,0.923415700917));
#1747 = ( GEOMETRIC_REPRESENTATION_CONTEXT(2) 
PARAMETRIC_REPRESENTATION_CONTEXT() REPRESENTATION_CONTEXT('2D SPACE',''
  ) );
#1748 = PCURVE('',#1749,#1754);
#1749 = PLANE('',#1750);
#1750 = AXIS2_PLACEMENT_3D('',#1751,#1752,#1753);
#1751 = CARTESIAN_POINT('',(39.03496106804,-28.78405486404,0.));
#1752 = DIRECTION('',(-0.923415700917,0.383801307059,0.));
#1753 = DIRECTION('',(0.383801307059,0.923415700917,0.));
#1754 = DEFINITIONAL_REPRESENTATION('',(#1755),#1759);
#1755 = LINE('',#1756,#1757);
#1756 = CARTESIAN_POINT('',(-6.094433791486,-0.));
#1757 = VECTOR('',#1758,1.);
#1758 = DIRECTION('',(1.,0.));
#1759 = ( GEOMETRIC_REPRESENTATION_CONTEXT(2) 
PARAMETRIC_REPRESENTATION_CONTEXT() REPRESENTATION_CONTEXT('2D SPACE',''
  ) );
#1760 = ORIENTED_EDGE('',*,*,#1761,.F.);
#1761 = EDGE_CURVE('',#1241,#1734,#1762,.T.);
#1762 = SURFACE_CURVE('',#1763,(#1768,#1775),.PCURVE_S1.);
#1763 = CIRCLE('',#1764,3.);
#1764 = AXIS2_PLACEMENT_3D('',#1765,#1766,#1767);
#1765 = CARTESIAN_POINT('',(36.406673833805,-27.29109928821,0.));
#1766 = DIRECTION('',(0.,0.,1.));
#1767 = DIRECTION('',(0.,-1.,0.));
#1768 = PCURVE('',#45,#1769);
#1769 = DEFINITIONAL_REPRESENTATION('',(#1770),#1774);
#1770 = CIRCLE('',#1771,3.);
#1771 = AXIS2_PLACEMENT_2D('',#1772,#1773);
#1772 = CARTESIAN_POINT('',(36.406673833805,-27.29109928821));
#1773 = DIRECTION('',(0.,-1.));
#1774 = ( GEOMETRIC_REPRESENTATION_CONTEXT(2) 
PARAMETRIC_REPRESENTATION_CONTEXT() REPRESENTATION_CONTEXT('2D SPACE',''
  ) );
#1775 = PCURVE('',#1776,#1781);
#1776 = CYLINDRICAL_SURFACE('',#1777,3.);
#1777 = AXIS2_PLACEMENT_3D('',#1778,#1779,#1780);
#1778 = CARTESIAN_POINT('',(36.406673833805,-27.29109928821,0.));
#1779 = DIRECTION('',(0.,0.,1.));
#1780 = DIRECTION('',(0.800146677666,-0.599804379961,0.));
#1781 = DEFINITIONAL_REPRESENTATION('',(#1782),#1786);
#1782 = LINE('',#1783,#1784);
#1783 = CARTESIAN_POINT('',(-0.927539720635,0.));
#1784 = VECTOR('',#1785,1.);
#1785 = DIRECTION('',(1.,0.));
#1786 = ( GEOMETRIC_REPRESENTATION_CONTEXT(2) 
PARAMETRIC_REPRESENTATION_CONTEXT() REPRESENTATION_CONTEXT('2D SPACE',''
  ) );
#1787 = FACE_BOUND('',#1788,.F.);
#1788 = EDGE_LOOP('',(#1789,#1820,#2038,#2066,#2284,#2312));
#1789 = ORIENTED_EDGE('',*,*,#1790,.F.);
#1790 = EDGE_CURVE('',#1791,#1793,#1795,.T.);
#1791 = VERTEX_POINT('',#1792);
#1792 = CARTESIAN_POINT('',(13.080178454266,-46.7028792646,0.));
#1793 = VERTEX_POINT('',#1794);
#1794 = CARTESIAN_POINT('',(19.06269024216,-44.59667970523,0.));
#1795 = SURFACE_CURVE('',#1796,(#1801,#1808),.PCURVE_S1.);
#1796 = CIRCLE('',#1797,48.5);
#1797 = AXIS2_PLACEMENT_3D('',#1798,#1799,#1800);
#1798 = CARTESIAN_POINT('',(0.,0.,0.));
#1799 = DIRECTION('',(0.,0.,1.));
#1800 = DIRECTION('',(1.,0.,-0.));
#1801 = PCURVE('',#45,#1802);
#1802 = DEFINITIONAL_REPRESENTATION('',(#1803),#1807);
#1803 = CIRCLE('',#1804,48.5);
#1804 = AXIS2_PLACEMENT_2D('',#1805,#1806);
#1805 = CARTESIAN_POINT('',(1.75032336965E-15,-3.209892110372E-15));
#1806 = DIRECTION('',(1.,0.));
#1807 = ( GEOMETRIC_REPRESENTATION_CONTEXT(2) 
PARAMETRIC_REPRESENTATION_CONTEXT() REPRESENTATION_CONTEXT('2D SPACE',''
  ) );
#1808 = PCURVE('',#1809,#1814);
#1809 = CYLINDRICAL_SURFACE('',#1810,48.5);
#1810 = AXIS2_PLACEMENT_3D('',#1811,#1812,#1813);
#1811 = CARTESIAN_POINT('',(0.,0.,0.));
#1812 = DIRECTION('',(-0.,-0.,-1.));
#1813 = DIRECTION('',(1.,0.,-0.));
#1814 = DEFINITIONAL_REPRESENTATION('',(#1815),#1819);
#1815 = LINE('',#1816,#1817);
#1816 = CARTESIAN_POINT('',(-0.,0.));
#1817 = VECTOR('',#1818,1.);
#1818 = DIRECTION('',(-1.,0.));
#1819 = ( GEOMETRIC_REPRESENTATION_CONTEXT(2) 
PARAMETRIC_REPRESENTATION_CONTEXT() REPRESENTATION_CONTEXT('2D SPACE',''
  ) );
#1820 = ORIENTED_EDGE('',*,*,#1821,.F.);
#1821 = EDGE_CURVE('',#1822,#1791,#1824,.T.);
#1822 = VERTEX_POINT('',#1823);
#1823 = CARTESIAN_POINT('',(4.624853916871,-12.01547242541,0.));
#1824 = SURFACE_CURVE('',#1825,(#1876,#1930),.PCURVE_S1.);
#1825 = B_SPLINE_CURVE_WITH_KNOTS('',3,(#1826,#1827,#1828,#1829,#1830,
    #1831,#1832,#1833,#1834,#1835,#1836,#1837,#1838,#1839,#1840,#1841,
    #1842,#1843,#1844,#1845,#1846,#1847,#1848,#1849,#1850,#1851,#1852,
    #1853,#1854,#1855,#1856,#1857,#1858,#1859,#1860,#1861,#1862,#1863,
    #1864,#1865,#1866,#1867,#1868,#1869,#1870,#1871,#1872,#1873,#1874,
    #1875),.UNSPECIFIED.,.F.,.F.,(4,1,1,1,1,1,1,1,1,1,1,1,1,1,1,1,1,1,1,
    1,1,1,1,1,1,1,1,1,1,1,1,1,1,1,1,1,1,1,1,1,1,1,1,1,1,1,1,4),(0.,
    2.766464139392,5.568319295326,8.177275145496,10.425160909405,
    12.698001103747,14.813706991925,16.784063111389,18.483896399813,
    20.207074900357,21.81810245116,23.327840693167,24.640860133639,
    25.985974841284,27.260500260188,28.473662841808,29.546573791048,
    30.665502050481,31.746604132965,32.796723932319,33.744037531687,
    34.751762028128,35.745458780463,36.730106112805,37.635070035337,
    38.615335519513,39.599805338773,40.592877392801,41.521106716853,
    42.54355210237,43.588460947472,44.661307186429,45.681682040739,
    46.825929386569,48.018033969658,49.266638650819,50.477859791669,
    51.863921967174,53.33914083985,54.917675284274,56.480212616324,
    58.303578905337,60.281721918016,62.435877257802,64.600562295301,
    67.15990258556,69.968318443063,73.053194077155),.UNSPECIFIED.);
#1826 = CARTESIAN_POINT('',(9.659132507772E-02,-11.46508692386,0.));
#1827 = CARTESIAN_POINT('',(0.997531887688,-11.56201135425,0.));
#1828 = CARTESIAN_POINT('',(2.869911982393,-11.73386143343,0.));
#1829 = CARTESIAN_POINT('',(5.555149510144,-12.1541863042,0.));
#1830 = CARTESIAN_POINT('',(8.061246716484,-12.656613796,0.));
#1831 = CARTESIAN_POINT('',(10.365827798951,-13.23880501824,0.));
#1832 = CARTESIAN_POINT('',(12.482337860793,-13.88614782797,0.));
#1833 = CARTESIAN_POINT('',(14.473629758889,-14.61558228212,0.));
#1834 = CARTESIAN_POINT('',(16.245040316804,-15.381107717,0.));
#1835 = CARTESIAN_POINT('',(17.852461924634,-16.18830977415,0.));
#1836 = CARTESIAN_POINT('',(19.305183808412,-17.03041809495,0.));
#1837 = CARTESIAN_POINT('',(20.647439067325,-17.93012241267,0.));
#1838 = CARTESIAN_POINT('',(21.815265409324,-18.8378909225,0.));
#1839 = CARTESIAN_POINT('',(22.855601589807,-19.75985046258,0.));
#1840 = CARTESIAN_POINT('',(23.779474227334,-20.69155050243,0.));
#1841 = CARTESIAN_POINT('',(24.604886664143,-21.66852172927,0.));
#1842 = CARTESIAN_POINT('',(25.29721043821,-22.63414057452,0.));
#1843 = CARTESIAN_POINT('',(25.884428292563,-23.60667467573,0.));
#1844 = CARTESIAN_POINT('',(26.373147396548,-24.58348448695,0.));
#1845 = CARTESIAN_POINT('',(26.776431093043,-25.59033218866,0.));
#1846 = CARTESIAN_POINT('',(27.078624195503,-26.57222674031,0.));
#1847 = CARTESIAN_POINT('',(27.297867266821,-27.55057293061,0.));
#1848 = CARTESIAN_POINT('',(27.439123206851,-28.5243195862,0.));
#1849 = CARTESIAN_POINT('',(27.505547306111,-29.51841162621,0.));
#1850 = CARTESIAN_POINT('',(27.497653174108,-30.48036595253,0.));
#1851 = CARTESIAN_POINT('',(27.423142433975,-31.43475794982,0.));
#1852 = CARTESIAN_POINT('',(27.284274332011,-32.38197984701,0.));
#1853 = CARTESIAN_POINT('',(27.074813902316,-33.3461661647,0.));
#1854 = CARTESIAN_POINT('',(26.806360136563,-34.27755610417,0.));
#1855 = CARTESIAN_POINT('',(26.475626098635,-35.20199463568,0.));
#1856 = CARTESIAN_POINT('',(26.081053342461,-36.12002675154,0.));
#1857 = CARTESIAN_POINT('',(25.606310170402,-37.0537130843,0.));
#1858 = CARTESIAN_POINT('',(25.07273456133,-37.9542969483,0.));
#1859 = CARTESIAN_POINT('',(24.465681794331,-38.84727804443,0.));
#1860 = CARTESIAN_POINT('',(23.779404953179,-39.73203492998,0.));
#1861 = CARTESIAN_POINT('',(22.98621323695,-40.62694718063,0.));
#1862 = CARTESIAN_POINT('',(22.120080821874,-41.48358265919,0.));
#1863 = CARTESIAN_POINT('',(21.153148084479,-42.32643853314,0.));
#1864 = CARTESIAN_POINT('',(20.075151089843,-43.15309029046,0.));
#1865 = CARTESIAN_POINT('',(18.844612851793,-43.97705647161,0.));
#1866 = CARTESIAN_POINT('',(17.51407662939,-44.7519515178,0.));
#1867 = CARTESIAN_POINT('',(16.037304592966,-45.50058744757,0.));
#1868 = CARTESIAN_POINT('',(14.398928243417,-46.21832281051,0.));
#1869 = CARTESIAN_POINT('',(12.536703344974,-46.91294919484,0.));
#1870 = CARTESIAN_POINT('',(10.539118513891,-47.5416797429,0.));
#1871 = CARTESIAN_POINT('',(8.297876658534,-48.12831353425,0.));
#1872 = CARTESIAN_POINT('',(5.947933569625,-48.64112715928,0.));
#1873 = CARTESIAN_POINT('',(2.710378200263,-49.18477935949,0.));
#1874 = CARTESIAN_POINT('',(2.015183314218,-49.24546314911,0.));
#1875 = CARTESIAN_POINT('',(0.112044317377,-49.49370321069,0.));
#1876 = PCURVE('',#45,#1877);
#1877 = DEFINITIONAL_REPRESENTATION('',(#1878),#1929);
#1878 = B_SPLINE_CURVE_WITH_KNOTS('',3,(#1879,#1880,#1881,#1882,#1883,
    #1884,#1885,#1886,#1887,#1888,#1889,#1890,#1891,#1892,#1893,#1894,
    #1895,#1896,#1897,#1898,#1899,#1900,#1901,#1902,#1903,#1904,#1905,
    #1906,#1907,#1908,#1909,#1910,#1911,#1912,#1913,#1914,#1915,#1916,
    #1917,#1918,#1919,#1920,#1921,#1922,#1923,#1924,#1925,#1926,#1927,
    #1928),.UNSPECIFIED.,.F.,.F.,(4,1,1,1,1,1,1,1,1,1,1,1,1,1,1,1,1,1,1,
    1,1,1,1,1,1,1,1,1,1,1,1,1,1,1,1,1,1,1,1,1,1,1,1,1,1,1,1,4),(0.,
    2.766464139392,5.568319295326,8.177275145496,10.425160909405,
    12.698001103747,14.813706991925,16.784063111389,18.483896399813,
    20.207074900357,21.81810245116,23.327840693167,24.640860133639,
    25.985974841284,27.260500260188,28.473662841808,29.546573791048,
    30.665502050481,31.746604132965,32.796723932319,33.744037531687,
    34.751762028128,35.745458780463,36.730106112805,37.635070035337,
    38.615335519513,39.599805338773,40.592877392801,41.521106716853,
    42.54355210237,43.588460947472,44.661307186429,45.681682040739,
    46.825929386569,48.018033969658,49.266638650819,50.477859791669,
    51.863921967174,53.33914083985,54.917675284274,56.480212616324,
    58.303578905337,60.281721918016,62.435877257802,64.600562295301,
    67.15990258556,69.968318443063,73.053194077155),.UNSPECIFIED.);
#1879 = CARTESIAN_POINT('',(9.659132507772E-02,-11.46508692386));
#1880 = CARTESIAN_POINT('',(0.997531887688,-11.56201135425));
#1881 = CARTESIAN_POINT('',(2.869911982393,-11.73386143343));
#1882 = CARTESIAN_POINT('',(5.555149510144,-12.1541863042));
#1883 = CARTESIAN_POINT('',(8.061246716484,-12.656613796));
#1884 = CARTESIAN_POINT('',(10.365827798951,-13.23880501824));
#1885 = CARTESIAN_POINT('',(12.482337860793,-13.88614782797));
#1886 = CARTESIAN_POINT('',(14.473629758889,-14.61558228212));
#1887 = CARTESIAN_POINT('',(16.245040316804,-15.381107717));
#1888 = CARTESIAN_POINT('',(17.852461924634,-16.18830977415));
#1889 = CARTESIAN_POINT('',(19.305183808412,-17.03041809495));
#1890 = CARTESIAN_POINT('',(20.647439067325,-17.93012241267));
#1891 = CARTESIAN_POINT('',(21.815265409324,-18.8378909225));
#1892 = CARTESIAN_POINT('',(22.855601589807,-19.75985046258));
#1893 = CARTESIAN_POINT('',(23.779474227334,-20.69155050243));
#1894 = CARTESIAN_POINT('',(24.604886664143,-21.66852172927));
#1895 = CARTESIAN_POINT('',(25.29721043821,-22.63414057452));
#1896 = CARTESIAN_POINT('',(25.884428292563,-23.60667467573));
#1897 = CARTESIAN_POINT('',(26.373147396548,-24.58348448695));
#1898 = CARTESIAN_POINT('',(26.776431093043,-25.59033218866));
#1899 = CARTESIAN_POINT('',(27.078624195503,-26.57222674031));
#1900 = CARTESIAN_POINT('',(27.297867266821,-27.55057293061));
#1901 = CARTESIAN_POINT('',(27.439123206851,-28.5243195862));
#1902 = CARTESIAN_POINT('',(27.505547306111,-29.51841162621));
#1903 = CARTESIAN_POINT('',(27.497653174108,-30.48036595253));
#1904 = CARTESIAN_POINT('',(27.423142433975,-31.43475794982));
#1905 = CARTESIAN_POINT('',(27.284274332011,-32.38197984701));
#1906 = CARTESIAN_POINT('',(27.074813902316,-33.3461661647));
#1907 = CARTESIAN_POINT('',(26.806360136563,-34.27755610417));
#1908 = CARTESIAN_POINT('',(26.475626098635,-35.20199463568));
#1909 = CARTESIAN_POINT('',(26.081053342461,-36.12002675154));
#1910 = CARTESIAN_POINT('',(25.606310170402,-37.0537130843));
#1911 = CARTESIAN_POINT('',(25.07273456133,-37.9542969483));
#1912 = CARTESIAN_POINT('',(24.465681794331,-38.84727804443));
#1913 = CARTESIAN_POINT('',(23.779404953179,-39.73203492998));
#1914 = CARTESIAN_POINT('',(22.98621323695,-40.62694718063));
#1915 = CARTESIAN_POINT('',(22.120080821874,-41.48358265919));
#1916 = CARTESIAN_POINT('',(21.153148084479,-42.32643853314));
#1917 = CARTESIAN_POINT('',(20.075151089843,-43.15309029046));
#1918 = CARTESIAN_POINT('',(18.844612851793,-43.97705647161));
#1919 = CARTESIAN_POINT('',(17.51407662939,-44.7519515178));
#1920 = CARTESIAN_POINT('',(16.037304592966,-45.50058744757));
#1921 = CARTESIAN_POINT('',(14.398928243417,-46.21832281051));
#1922 = CARTESIAN_POINT('',(12.536703344974,-46.91294919484));
#1923 = CARTESIAN_POINT('',(10.539118513891,-47.5416797429));
#1924 = CARTESIAN_POINT('',(8.297876658534,-48.12831353425));
#1925 = CARTESIAN_POINT('',(5.947933569625,-48.64112715928));
#1926 = CARTESIAN_POINT('',(2.710378200263,-49.18477935949));
#1927 = CARTESIAN_POINT('',(2.015183314218,-49.24546314911));
#1928 = CARTESIAN_POINT('',(0.112044317377,-49.49370321069));
#1929 = ( GEOMETRIC_REPRESENTATION_CONTEXT(2) 
PARAMETRIC_REPRESENTATION_CONTEXT() REPRESENTATION_CONTEXT('2D SPACE',''
  ) );
#1930 = PCURVE('',#1931,#2032);
#1931 = B_SPLINE_SURFACE_WITH_KNOTS('',3,1,(
    (#1932,#1933)
    ,(#1934,#1935)
    ,(#1936,#1937)
    ,(#1938,#1939)
    ,(#1940,#1941)
    ,(#1942,#1943)
    ,(#1944,#1945)
    ,(#1946,#1947)
    ,(#1948,#1949)
    ,(#1950,#1951)
    ,(#1952,#1953)
    ,(#1954,#1955)
    ,(#1956,#1957)
    ,(#1958,#1959)
    ,(#1960,#1961)
    ,(#1962,#1963)
    ,(#1964,#1965)
    ,(#1966,#1967)
    ,(#1968,#1969)
    ,(#1970,#1971)
    ,(#1972,#1973)
    ,(#1974,#1975)
    ,(#1976,#1977)
    ,(#1978,#1979)
    ,(#1980,#1981)
    ,(#1982,#1983)
    ,(#1984,#1985)
    ,(#1986,#1987)
    ,(#1988,#1989)
    ,(#1990,#1991)
    ,(#1992,#1993)
    ,(#1994,#1995)
    ,(#1996,#1997)
    ,(#1998,#1999)
    ,(#2000,#2001)
    ,(#2002,#2003)
    ,(#2004,#2005)
    ,(#2006,#2007)
    ,(#2008,#2009)
    ,(#2010,#2011)
    ,(#2012,#2013)
    ,(#2014,#2015)
    ,(#2016,#2017)
    ,(#2018,#2019)
    ,(#2020,#2021)
    ,(#2022,#2023)
    ,(#2024,#2025)
    ,(#2026,#2027)
    ,(#2028,#2029)
    ,(#2030,#2031
    )),.UNSPECIFIED.,.F.,.F.,.F.,(4,1,1,1,1,1,1,1,1,1,1,1,1,1,1,1,1,1,1,
    1,1,1,1,1,1,1,1,1,1,1,1,1,1,1,1,1,1,1,1,1,1,1,1,1,1,1,1,4),(2,2),(0.
    ,2.766464139392,5.568319295326,8.177275145496,10.425160909405,
    12.698001103747,14.813706991925,16.784063111389,18.483896399813,
    20.207074900357,21.81810245116,23.327840693167,24.640860133639,
    25.985974841284,27.260500260188,28.473662841808,29.546573791048,
    30.665502050481,31.746604132965,32.796723932319,33.744037531687,
    34.751762028128,35.745458780463,36.730106112805,37.635070035337,
    38.615335519513,39.599805338773,40.592877392801,41.521106716853,
    42.54355210237,43.588460947472,44.661307186429,45.681682040739,
    46.825929386569,48.018033969658,49.266638650819,50.477859791669,
    51.863921967174,53.33914083985,54.917675284274,56.480212616324,
    58.303578905337,60.281721918016,62.435877257802,64.600562295301,
    67.15990258556,69.968318443063,73.053194077155),(-22.4,0.),
  .UNSPECIFIED.);
#1932 = CARTESIAN_POINT('',(9.659132507772E-02,-11.46508692386,22.4));
#1933 = CARTESIAN_POINT('',(9.659132507772E-02,-11.46508692386,0.));
#1934 = CARTESIAN_POINT('',(0.997531887688,-11.56201135425,22.4));
#1935 = CARTESIAN_POINT('',(0.997531887688,-11.56201135425,0.));
#1936 = CARTESIAN_POINT('',(2.869911982393,-11.73386143343,22.4));
#1937 = CARTESIAN_POINT('',(2.869911982393,-11.73386143343,0.));
#1938 = CARTESIAN_POINT('',(5.555149510144,-12.1541863042,22.4));
#1939 = CARTESIAN_POINT('',(5.555149510144,-12.1541863042,0.));
#1940 = CARTESIAN_POINT('',(8.061246716484,-12.656613796,22.4));
#1941 = CARTESIAN_POINT('',(8.061246716484,-12.656613796,0.));
#1942 = CARTESIAN_POINT('',(10.365827798951,-13.23880501824,22.4));
#1943 = CARTESIAN_POINT('',(10.365827798951,-13.23880501824,0.));
#1944 = CARTESIAN_POINT('',(12.482337860793,-13.88614782797,22.4));
#1945 = CARTESIAN_POINT('',(12.482337860793,-13.88614782797,0.));
#1946 = CARTESIAN_POINT('',(14.473629758889,-14.61558228212,22.4));
#1947 = CARTESIAN_POINT('',(14.473629758889,-14.61558228212,0.));
#1948 = CARTESIAN_POINT('',(16.245040316804,-15.381107717,22.4));
#1949 = CARTESIAN_POINT('',(16.245040316804,-15.381107717,0.));
#1950 = CARTESIAN_POINT('',(17.852461924634,-16.18830977415,22.4));
#1951 = CARTESIAN_POINT('',(17.852461924634,-16.18830977415,0.));
#1952 = CARTESIAN_POINT('',(19.305183808412,-17.03041809495,22.4));
#1953 = CARTESIAN_POINT('',(19.305183808412,-17.03041809495,0.));
#1954 = CARTESIAN_POINT('',(20.647439067325,-17.93012241267,22.4));
#1955 = CARTESIAN_POINT('',(20.647439067325,-17.93012241267,0.));
#1956 = CARTESIAN_POINT('',(21.815265409324,-18.8378909225,22.4));
#1957 = CARTESIAN_POINT('',(21.815265409324,-18.8378909225,0.));
#1958 = CARTESIAN_POINT('',(22.855601589807,-19.75985046258,22.4));
#1959 = CARTESIAN_POINT('',(22.855601589807,-19.75985046258,0.));
#1960 = CARTESIAN_POINT('',(23.779474227334,-20.69155050243,22.4));
#1961 = CARTESIAN_POINT('',(23.779474227334,-20.69155050243,0.));
#1962 = CARTESIAN_POINT('',(24.604886664143,-21.66852172927,22.4));
#1963 = CARTESIAN_POINT('',(24.604886664143,-21.66852172927,0.));
#1964 = CARTESIAN_POINT('',(25.29721043821,-22.63414057452,22.4));
#1965 = CARTESIAN_POINT('',(25.29721043821,-22.63414057452,0.));
#1966 = CARTESIAN_POINT('',(25.884428292563,-23.60667467573,22.4));
#1967 = CARTESIAN_POINT('',(25.884428292563,-23.60667467573,0.));
#1968 = CARTESIAN_POINT('',(26.373147396548,-24.58348448695,22.4));
#1969 = CARTESIAN_POINT('',(26.373147396548,-24.58348448695,0.));
#1970 = CARTESIAN_POINT('',(26.776431093043,-25.59033218866,22.4));
#1971 = CARTESIAN_POINT('',(26.776431093043,-25.59033218866,0.));
#1972 = CARTESIAN_POINT('',(27.078624195503,-26.57222674031,22.4));
#1973 = CARTESIAN_POINT('',(27.078624195503,-26.57222674031,0.));
#1974 = CARTESIAN_POINT('',(27.297867266821,-27.55057293061,22.4));
#1975 = CARTESIAN_POINT('',(27.297867266821,-27.55057293061,0.));
#1976 = CARTESIAN_POINT('',(27.439123206851,-28.5243195862,22.4));
#1977 = CARTESIAN_POINT('',(27.439123206851,-28.5243195862,0.));
#1978 = CARTESIAN_POINT('',(27.505547306111,-29.51841162621,22.4));
#1979 = CARTESIAN_POINT('',(27.505547306111,-29.51841162621,0.));
#1980 = CARTESIAN_POINT('',(27.497653174108,-30.48036595253,22.4));
#1981 = CARTESIAN_POINT('',(27.497653174108,-30.48036595253,0.));
#1982 = CARTESIAN_POINT('',(27.423142433975,-31.43475794982,22.4));
#1983 = CARTESIAN_POINT('',(27.423142433975,-31.43475794982,0.));
#1984 = CARTESIAN_POINT('',(27.284274332011,-32.38197984701,22.4));
#1985 = CARTESIAN_POINT('',(27.284274332011,-32.38197984701,0.));
#1986 = CARTESIAN_POINT('',(27.074813902316,-33.3461661647,22.4));
#1987 = CARTESIAN_POINT('',(27.074813902316,-33.3461661647,0.));
#1988 = CARTESIAN_POINT('',(26.806360136563,-34.27755610417,22.4));
#1989 = CARTESIAN_POINT('',(26.806360136563,-34.27755610417,0.));
#1990 = CARTESIAN_POINT('',(26.475626098635,-35.20199463568,22.4));
#1991 = CARTESIAN_POINT('',(26.475626098635,-35.20199463568,0.));
#1992 = CARTESIAN_POINT('',(26.081053342461,-36.12002675154,22.4));
#1993 = CARTESIAN_POINT('',(26.081053342461,-36.12002675154,0.));
#1994 = CARTESIAN_POINT('',(25.606310170402,-37.0537130843,22.4));
#1995 = CARTESIAN_POINT('',(25.606310170402,-37.0537130843,0.));
#1996 = CARTESIAN_POINT('',(25.07273456133,-37.9542969483,22.4));
#1997 = CARTESIAN_POINT('',(25.07273456133,-37.9542969483,0.));
#1998 = CARTESIAN_POINT('',(24.465681794331,-38.84727804443,22.4));
#1999 = CARTESIAN_POINT('',(24.465681794331,-38.84727804443,0.));
#2000 = CARTESIAN_POINT('',(23.779404953179,-39.73203492998,22.4));
#2001 = CARTESIAN_POINT('',(23.779404953179,-39.73203492998,0.));
#2002 = CARTESIAN_POINT('',(22.98621323695,-40.62694718063,22.4));
#2003 = CARTESIAN_POINT('',(22.98621323695,-40.62694718063,0.));
#2004 = CARTESIAN_POINT('',(22.120080821874,-41.48358265919,22.4));
#2005 = CARTESIAN_POINT('',(22.120080821874,-41.48358265919,0.));
#2006 = CARTESIAN_POINT('',(21.153148084479,-42.32643853314,22.4));
#2007 = CARTESIAN_POINT('',(21.153148084479,-42.32643853314,0.));
#2008 = CARTESIAN_POINT('',(20.075151089843,-43.15309029046,22.4));
#2009 = CARTESIAN_POINT('',(20.075151089843,-43.15309029046,0.));
#2010 = CARTESIAN_POINT('',(18.844612851793,-43.97705647161,22.4));
#2011 = CARTESIAN_POINT('',(18.844612851793,-43.97705647161,0.));
#2012 = CARTESIAN_POINT('',(17.51407662939,-44.7519515178,22.4));
#2013 = CARTESIAN_POINT('',(17.51407662939,-44.7519515178,0.));
#2014 = CARTESIAN_POINT('',(16.037304592966,-45.50058744757,22.4));
#2015 = CARTESIAN_POINT('',(16.037304592966,-45.50058744757,0.));
#2016 = CARTESIAN_POINT('',(14.398928243417,-46.21832281051,22.4));
#2017 = CARTESIAN_POINT('',(14.398928243417,-46.21832281051,0.));
#2018 = CARTESIAN_POINT('',(12.536703344974,-46.91294919484,22.4));
#2019 = CARTESIAN_POINT('',(12.536703344974,-46.91294919484,0.));
#2020 = CARTESIAN_POINT('',(10.539118513891,-47.5416797429,22.4));
#2021 = CARTESIAN_POINT('',(10.539118513891,-47.5416797429,0.));
#2022 = CARTESIAN_POINT('',(8.297876658534,-48.12831353425,22.4));
#2023 = CARTESIAN_POINT('',(8.297876658534,-48.12831353425,0.));
#2024 = CARTESIAN_POINT('',(5.947933569625,-48.64112715928,22.4));
#2025 = CARTESIAN_POINT('',(5.947933569625,-48.64112715928,0.));
#2026 = CARTESIAN_POINT('',(2.710378200263,-49.18477935949,22.4));
#2027 = CARTESIAN_POINT('',(2.710378200263,-49.18477935949,0.));
#2028 = CARTESIAN_POINT('',(2.015183314218,-49.24546314911,22.4));
#2029 = CARTESIAN_POINT('',(2.015183314218,-49.24546314911,0.));
#2030 = CARTESIAN_POINT('',(0.112044317377,-49.49370321069,22.4));
#2031 = CARTESIAN_POINT('',(0.112044317377,-49.49370321069,0.));
#2032 = DEFINITIONAL_REPRESENTATION('',(#2033),#2037);
#2033 = LINE('',#2034,#2035);
#2034 = CARTESIAN_POINT('',(0.,0.));
#2035 = VECTOR('',#2036,1.);
#2036 = DIRECTION('',(1.,0.));
#2037 = ( GEOMETRIC_REPRESENTATION_CONTEXT(2) 
PARAMETRIC_REPRESENTATION_CONTEXT() REPRESENTATION_CONTEXT('2D SPACE',''
  ) );
#2038 = ORIENTED_EDGE('',*,*,#2039,.F.);
#2039 = EDGE_CURVE('',#2040,#1822,#2042,.T.);
#2040 = VERTEX_POINT('',#2041);
#2041 = CARTESIAN_POINT('',(6.883805996763,-12.11628438599,0.));
#2042 = SURFACE_CURVE('',#2043,(#2047,#2054),.PCURVE_S1.);
#2043 = LINE('',#2044,#2045);
#2044 = CARTESIAN_POINT('',(6.883805996763,-12.11628438599,0.));
#2045 = VECTOR('',#2046,1.);
#2046 = DIRECTION('',(-0.999005666746,4.458338040621E-02,0.));
#2047 = PCURVE('',#45,#2048);
#2048 = DEFINITIONAL_REPRESENTATION('',(#2049),#2053);
#2049 = LINE('',#2050,#2051);
#2050 = CARTESIAN_POINT('',(6.883805996763,-12.11628438599));
#2051 = VECTOR('',#2052,1.);
#2052 = DIRECTION('',(-0.999005666746,4.458338040621E-02));
#2053 = ( GEOMETRIC_REPRESENTATION_CONTEXT(2) 
PARAMETRIC_REPRESENTATION_CONTEXT() REPRESENTATION_CONTEXT('2D SPACE',''
  ) );
#2054 = PCURVE('',#2055,#2060);
#2055 = PLANE('',#2056);
#2056 = AXIS2_PLACEMENT_3D('',#2057,#2058,#2059);
#2057 = CARTESIAN_POINT('',(6.883805996763,-12.11628438599,0.));
#2058 = DIRECTION('',(-4.458338040621E-02,-0.999005666746,0.));
#2059 = DIRECTION('',(-0.999005666746,4.458338040621E-02,0.));
#2060 = DEFINITIONAL_REPRESENTATION('',(#2061),#2065);
#2061 = LINE('',#2062,#2063);
#2062 = CARTESIAN_POINT('',(0.,0.));
#2063 = VECTOR('',#2064,1.);
#2064 = DIRECTION('',(1.,0.));
#2065 = ( GEOMETRIC_REPRESENTATION_CONTEXT(2) 
PARAMETRIC_REPRESENTATION_CONTEXT() REPRESENTATION_CONTEXT('2D SPACE',''
  ) );
#2066 = ORIENTED_EDGE('',*,*,#2067,.F.);
#2067 = EDGE_CURVE('',#2068,#2040,#2070,.T.);
#2068 = VERTEX_POINT('',#2069);
#2069 = CARTESIAN_POINT('',(23.656115169457,-41.19768201795,0.));
#2070 = SURFACE_CURVE('',#2071,(#2122,#2176),.PCURVE_S1.);
#2071 = B_SPLINE_CURVE_WITH_KNOTS('',3,(#2072,#2073,#2074,#2075,#2076,
    #2077,#2078,#2079,#2080,#2081,#2082,#2083,#2084,#2085,#2086,#2087,
    #2088,#2089,#2090,#2091,#2092,#2093,#2094,#2095,#2096,#2097,#2098,
    #2099,#2100,#2101,#2102,#2103,#2104,#2105,#2106,#2107,#2108,#2109,
    #2110,#2111,#2112,#2113,#2114,#2115,#2116,#2117,#2118,#2119,#2120,
    #2121),.UNSPECIFIED.,.F.,.F.,(4,1,1,1,1,1,1,1,1,1,1,1,1,1,1,1,1,1,1,
    1,1,1,1,1,1,1,1,1,1,1,1,1,1,1,1,1,1,1,1,1,1,1,1,1,1,1,1,4),(0.,
    3.010134173011,5.734866089906,8.204243200285,10.280216915947,
    12.332164523515,14.201956865391,15.911237845672,17.363900720308,
    18.819208714806,20.167747400886,21.42468716853,22.515414853025,
    23.632925452475,24.694050367351,25.707901186754,26.608581862701,
    27.552388564938,28.468532489134,29.361872223827,30.169943636586,
    31.030962627216,31.880548884696,32.72227944396,33.495545472128,
    34.332992621126,35.174663745336,36.025783427864,36.825011523752,
    37.711824801461,38.627874308414,39.58148948206,40.502911686362,
    41.554574841448,42.671594637474,43.864256147866,45.041219012251,
    46.408073524505,47.880684921353,49.469922617188,51.049935999727,
    52.894334824252,54.887680127977,57.041280206621,59.18142193199,
    61.675679145654,64.364419403117,67.031728548195),.UNSPECIFIED.);
#2072 = CARTESIAN_POINT('',(23.656115169457,-41.19768201795,0.));
#2073 = CARTESIAN_POINT('',(24.440273040611,-40.59750268534,0.));
#2074 = CARTESIAN_POINT('',(25.994109956344,-39.44478458005,0.));
#2075 = CARTESIAN_POINT('',(28.087310268353,-37.69570526143,0.));
#2076 = CARTESIAN_POINT('',(29.887348100209,-36.06945493721,0.));
#2077 = CARTESIAN_POINT('',(31.449670117131,-34.52130940482,0.));
#2078 = CARTESIAN_POINT('',(32.802582150766,-33.0480792187,0.));
#2079 = CARTESIAN_POINT('',(33.998107610693,-31.59990102154,0.));
#2080 = CARTESIAN_POINT('',(34.992858536067,-30.24832331795,0.));
#2081 = CARTESIAN_POINT('',(35.834286255178,-28.95871486912,0.));
#2082 = CARTESIAN_POINT('',(36.53968540187,-27.72660257715,0.));
#2083 = CARTESIAN_POINT('',(37.137729772993,-26.51128317332,0.));
#2084 = CARTESIAN_POINT('',(37.610047835712,-25.3723924963,0.));
#2085 = CARTESIAN_POINT('',(37.984935282419,-24.27914343183,0.));
#2086 = CARTESIAN_POINT('',(38.273103626033,-23.22732021094,0.));
#2087 = CARTESIAN_POINT('',(38.486440407921,-22.18398945201,0.));
#2088 = CARTESIAN_POINT('',(38.621211494927,-21.20057753239,0.));
#2089 = CARTESIAN_POINT('',(38.691212914704,-20.24981937627,0.));
#2090 = CARTESIAN_POINT('',(38.701641446891,-19.32901752529,0.));
#2091 = CARTESIAN_POINT('',(38.652850462375,-18.41192295229,0.));
#2092 = CARTESIAN_POINT('',(38.550397988541,-17.54481828435,0.));
#2093 = CARTESIAN_POINT('',(38.397420634829,-16.70398003906,0.));
#2094 = CARTESIAN_POINT('',(38.195340048621,-15.88846513352,0.));
#2095 = CARTESIAN_POINT('',(37.935932580382,-15.07752826767,0.));
#2096 = CARTESIAN_POINT('',(37.632535123317,-14.31335555887,0.));
#2097 = CARTESIAN_POINT('',(37.279948391349,-13.57518526054,0.));
#2098 = CARTESIAN_POINT('',(36.876730953373,-12.8632240852,0.));
#2099 = CARTESIAN_POINT('',(36.406865191059,-12.1618442515,0.));
#2100 = CARTESIAN_POINT('',(35.89204427852,-11.50883528395,0.));
#2101 = CARTESIAN_POINT('',(35.318751033939,-10.88605738193,0.));
#2102 = CARTESIAN_POINT('',(34.682555085346,-10.29505200315,0.));
#2103 = CARTESIAN_POINT('',(33.959337152656,-9.726625133919,0.));
#2104 = CARTESIAN_POINT('',(33.181834569932,-9.213707406018,0.));
#2105 = CARTESIAN_POINT('',(32.326677020119,-8.742330489725,0.));
#2106 = CARTESIAN_POINT('',(31.387285534416,-8.316968499721,0.));
#2107 = CARTESIAN_POINT('',(30.331680403677,-7.93809362255,0.));
#2108 = CARTESIAN_POINT('',(29.210123569433,-7.628710068421,0.));
#2109 = CARTESIAN_POINT('',(27.98564911256,-7.394409398782,0.));
#2110 = CARTESIAN_POINT('',(26.654388015471,-7.241834177369,0.));
#2111 = CARTESIAN_POINT('',(25.178724388865,-7.172534579738,0.));
#2112 = CARTESIAN_POINT('',(23.630641581764,-7.202023820633,0.));
#2113 = CARTESIAN_POINT('',(21.963697473041,-7.333571741476,0.));
#2114 = CARTESIAN_POINT('',(20.173763198766,-7.578896463739,0.));
#2115 = CARTESIAN_POINT('',(18.21153838216,-7.962725754083,0.));
#2116 = CARTESIAN_POINT('',(16.183520498831,-8.473684888989,0.));
#2117 = CARTESIAN_POINT('',(13.999557685068,-9.144462101168,0.));
#2118 = CARTESIAN_POINT('',(11.788476784338,-9.932823367122,0.));
#2119 = CARTESIAN_POINT('',(9.011915653887,-11.09108510233,0.));
#2120 = CARTESIAN_POINT('',(8.292958249965,-11.45817653937,0.));
#2121 = CARTESIAN_POINT('',(6.883805996763,-12.11628438599,0.));
#2122 = PCURVE('',#45,#2123);
#2123 = DEFINITIONAL_REPRESENTATION('',(#2124),#2175);
#2124 = B_SPLINE_CURVE_WITH_KNOTS('',3,(#2125,#2126,#2127,#2128,#2129,
    #2130,#2131,#2132,#2133,#2134,#2135,#2136,#2137,#2138,#2139,#2140,
    #2141,#2142,#2143,#2144,#2145,#2146,#2147,#2148,#2149,#2150,#2151,
    #2152,#2153,#2154,#2155,#2156,#2157,#2158,#2159,#2160,#2161,#2162,
    #2163,#2164,#2165,#2166,#2167,#2168,#2169,#2170,#2171,#2172,#2173,
    #2174),.UNSPECIFIED.,.F.,.F.,(4,1,1,1,1,1,1,1,1,1,1,1,1,1,1,1,1,1,1,
    1,1,1,1,1,1,1,1,1,1,1,1,1,1,1,1,1,1,1,1,1,1,1,1,1,1,1,1,4),(0.,
    3.010134173011,5.734866089906,8.204243200285,10.280216915947,
    12.332164523515,14.201956865391,15.911237845672,17.363900720308,
    18.819208714806,20.167747400886,21.42468716853,22.515414853025,
    23.632925452475,24.694050367351,25.707901186754,26.608581862701,
    27.552388564938,28.468532489134,29.361872223827,30.169943636586,
    31.030962627216,31.880548884696,32.72227944396,33.495545472128,
    34.332992621126,35.174663745336,36.025783427864,36.825011523752,
    37.711824801461,38.627874308414,39.58148948206,40.502911686362,
    41.554574841448,42.671594637474,43.864256147866,45.041219012251,
    46.408073524505,47.880684921353,49.469922617188,51.049935999727,
    52.894334824252,54.887680127977,57.041280206621,59.18142193199,
    61.675679145654,64.364419403117,67.031728548195),.UNSPECIFIED.);
#2125 = CARTESIAN_POINT('',(23.656115169457,-41.19768201795));
#2126 = CARTESIAN_POINT('',(24.440273040611,-40.59750268534));
#2127 = CARTESIAN_POINT('',(25.994109956344,-39.44478458005));
#2128 = CARTESIAN_POINT('',(28.087310268353,-37.69570526143));
#2129 = CARTESIAN_POINT('',(29.887348100209,-36.06945493721));
#2130 = CARTESIAN_POINT('',(31.449670117131,-34.52130940482));
#2131 = CARTESIAN_POINT('',(32.802582150766,-33.0480792187));
#2132 = CARTESIAN_POINT('',(33.998107610693,-31.59990102154));
#2133 = CARTESIAN_POINT('',(34.992858536067,-30.24832331795));
#2134 = CARTESIAN_POINT('',(35.834286255178,-28.95871486912));
#2135 = CARTESIAN_POINT('',(36.53968540187,-27.72660257715));
#2136 = CARTESIAN_POINT('',(37.137729772993,-26.51128317332));
#2137 = CARTESIAN_POINT('',(37.610047835712,-25.3723924963));
#2138 = CARTESIAN_POINT('',(37.984935282419,-24.27914343183));
#2139 = CARTESIAN_POINT('',(38.273103626033,-23.22732021094));
#2140 = CARTESIAN_POINT('',(38.486440407921,-22.18398945201));
#2141 = CARTESIAN_POINT('',(38.621211494927,-21.20057753239));
#2142 = CARTESIAN_POINT('',(38.691212914704,-20.24981937627));
#2143 = CARTESIAN_POINT('',(38.701641446891,-19.32901752529));
#2144 = CARTESIAN_POINT('',(38.652850462375,-18.41192295229));
#2145 = CARTESIAN_POINT('',(38.550397988541,-17.54481828435));
#2146 = CARTESIAN_POINT('',(38.397420634829,-16.70398003906));
#2147 = CARTESIAN_POINT('',(38.195340048621,-15.88846513352));
#2148 = CARTESIAN_POINT('',(37.935932580382,-15.07752826767));
#2149 = CARTESIAN_POINT('',(37.632535123317,-14.31335555887));
#2150 = CARTESIAN_POINT('',(37.279948391349,-13.57518526054));
#2151 = CARTESIAN_POINT('',(36.876730953373,-12.8632240852));
#2152 = CARTESIAN_POINT('',(36.406865191059,-12.1618442515));
#2153 = CARTESIAN_POINT('',(35.89204427852,-11.50883528395));
#2154 = CARTESIAN_POINT('',(35.318751033939,-10.88605738193));
#2155 = CARTESIAN_POINT('',(34.682555085346,-10.29505200315));
#2156 = CARTESIAN_POINT('',(33.959337152656,-9.726625133919));
#2157 = CARTESIAN_POINT('',(33.181834569932,-9.213707406018));
#2158 = CARTESIAN_POINT('',(32.326677020119,-8.742330489725));
#2159 = CARTESIAN_POINT('',(31.387285534416,-8.316968499721));
#2160 = CARTESIAN_POINT('',(30.331680403677,-7.93809362255));
#2161 = CARTESIAN_POINT('',(29.210123569433,-7.628710068421));
#2162 = CARTESIAN_POINT('',(27.98564911256,-7.394409398782));
#2163 = CARTESIAN_POINT('',(26.654388015471,-7.241834177369));
#2164 = CARTESIAN_POINT('',(25.178724388865,-7.172534579738));
#2165 = CARTESIAN_POINT('',(23.630641581764,-7.202023820633));
#2166 = CARTESIAN_POINT('',(21.963697473041,-7.333571741476));
#2167 = CARTESIAN_POINT('',(20.173763198766,-7.578896463739));
#2168 = CARTESIAN_POINT('',(18.21153838216,-7.962725754083));
#2169 = CARTESIAN_POINT('',(16.183520498831,-8.473684888989));
#2170 = CARTESIAN_POINT('',(13.999557685068,-9.144462101168));
#2171 = CARTESIAN_POINT('',(11.788476784338,-9.932823367122));
#2172 = CARTESIAN_POINT('',(9.011915653887,-11.09108510233));
#2173 = CARTESIAN_POINT('',(8.292958249965,-11.45817653937));
#2174 = CARTESIAN_POINT('',(6.883805996763,-12.11628438599));
#2175 = ( GEOMETRIC_REPRESENTATION_CONTEXT(2) 
PARAMETRIC_REPRESENTATION_CONTEXT() REPRESENTATION_CONTEXT('2D SPACE',''
  ) );
#2176 = PCURVE('',#2177,#2278);
#2177 = B_SPLINE_SURFACE_WITH_KNOTS('',3,1,(
    (#2178,#2179)
    ,(#2180,#2181)
    ,(#2182,#2183)
    ,(#2184,#2185)
    ,(#2186,#2187)
    ,(#2188,#2189)
    ,(#2190,#2191)
    ,(#2192,#2193)
    ,(#2194,#2195)
    ,(#2196,#2197)
    ,(#2198,#2199)
    ,(#2200,#2201)
    ,(#2202,#2203)
    ,(#2204,#2205)
    ,(#2206,#2207)
    ,(#2208,#2209)
    ,(#2210,#2211)
    ,(#2212,#2213)
    ,(#2214,#2215)
    ,(#2216,#2217)
    ,(#2218,#2219)
    ,(#2220,#2221)
    ,(#2222,#2223)
    ,(#2224,#2225)
    ,(#2226,#2227)
    ,(#2228,#2229)
    ,(#2230,#2231)
    ,(#2232,#2233)
    ,(#2234,#2235)
    ,(#2236,#2237)
    ,(#2238,#2239)
    ,(#2240,#2241)
    ,(#2242,#2243)
    ,(#2244,#2245)
    ,(#2246,#2247)
    ,(#2248,#2249)
    ,(#2250,#2251)
    ,(#2252,#2253)
    ,(#2254,#2255)
    ,(#2256,#2257)
    ,(#2258,#2259)
    ,(#2260,#2261)
    ,(#2262,#2263)
    ,(#2264,#2265)
    ,(#2266,#2267)
    ,(#2268,#2269)
    ,(#2270,#2271)
    ,(#2272,#2273)
    ,(#2274,#2275)
    ,(#2276,#2277
    )),.UNSPECIFIED.,.F.,.F.,.F.,(4,1,1,1,1,1,1,1,1,1,1,1,1,1,1,1,1,1,1,
    1,1,1,1,1,1,1,1,1,1,1,1,1,1,1,1,1,1,1,1,1,1,1,1,1,1,1,1,4),(2,2),(0.
    ,3.010134173011,5.734866089906,8.204243200285,10.280216915947,
    12.332164523515,14.201956865391,15.911237845672,17.363900720308,
    18.819208714806,20.167747400886,21.42468716853,22.515414853025,
    23.632925452475,24.694050367351,25.707901186754,26.608581862701,
    27.552388564938,28.468532489134,29.361872223827,30.169943636586,
    31.030962627216,31.880548884696,32.72227944396,33.495545472128,
    34.332992621126,35.174663745336,36.025783427864,36.825011523752,
    37.711824801461,38.627874308414,39.58148948206,40.502911686362,
    41.554574841448,42.671594637474,43.864256147866,45.041219012251,
    46.408073524505,47.880684921353,49.469922617188,51.049935999727,
    52.894334824252,54.887680127977,57.041280206621,59.18142193199,
    61.675679145654,64.364419403117,67.031728548195),(-22.4,0.),
  .UNSPECIFIED.);
#2178 = CARTESIAN_POINT('',(23.656115169457,-41.19768201795,22.4));
#2179 = CARTESIAN_POINT('',(23.656115169457,-41.19768201795,0.));
#2180 = CARTESIAN_POINT('',(24.440273040611,-40.59750268534,22.4));
#2181 = CARTESIAN_POINT('',(24.440273040611,-40.59750268534,0.));
#2182 = CARTESIAN_POINT('',(25.994109956344,-39.44478458005,22.4));
#2183 = CARTESIAN_POINT('',(25.994109956344,-39.44478458005,0.));
#2184 = CARTESIAN_POINT('',(28.087310268353,-37.69570526143,22.4));
#2185 = CARTESIAN_POINT('',(28.087310268353,-37.69570526143,0.));
#2186 = CARTESIAN_POINT('',(29.887348100209,-36.06945493721,22.4));
#2187 = CARTESIAN_POINT('',(29.887348100209,-36.06945493721,0.));
#2188 = CARTESIAN_POINT('',(31.449670117131,-34.52130940482,22.4));
#2189 = CARTESIAN_POINT('',(31.449670117131,-34.52130940482,0.));
#2190 = CARTESIAN_POINT('',(32.802582150766,-33.0480792187,22.4));
#2191 = CARTESIAN_POINT('',(32.802582150766,-33.0480792187,0.));
#2192 = CARTESIAN_POINT('',(33.998107610693,-31.59990102154,22.4));
#2193 = CARTESIAN_POINT('',(33.998107610693,-31.59990102154,0.));
#2194 = CARTESIAN_POINT('',(34.992858536067,-30.24832331795,22.4));
#2195 = CARTESIAN_POINT('',(34.992858536067,-30.24832331795,0.));
#2196 = CARTESIAN_POINT('',(35.834286255178,-28.95871486912,22.4));
#2197 = CARTESIAN_POINT('',(35.834286255178,-28.95871486912,0.));
#2198 = CARTESIAN_POINT('',(36.53968540187,-27.72660257715,22.4));
#2199 = CARTESIAN_POINT('',(36.53968540187,-27.72660257715,0.));
#2200 = CARTESIAN_POINT('',(37.137729772993,-26.51128317332,22.4));
#2201 = CARTESIAN_POINT('',(37.137729772993,-26.51128317332,0.));
#2202 = CARTESIAN_POINT('',(37.610047835712,-25.3723924963,22.4));
#2203 = CARTESIAN_POINT('',(37.610047835712,-25.3723924963,0.));
#2204 = CARTESIAN_POINT('',(37.984935282419,-24.27914343183,22.4));
#2205 = CARTESIAN_POINT('',(37.984935282419,-24.27914343183,0.));
#2206 = CARTESIAN_POINT('',(38.273103626033,-23.22732021094,22.4));
#2207 = CARTESIAN_POINT('',(38.273103626033,-23.22732021094,0.));
#2208 = CARTESIAN_POINT('',(38.486440407921,-22.18398945201,22.4));
#2209 = CARTESIAN_POINT('',(38.486440407921,-22.18398945201,0.));
#2210 = CARTESIAN_POINT('',(38.621211494927,-21.20057753239,22.4));
#2211 = CARTESIAN_POINT('',(38.621211494927,-21.20057753239,0.));
#2212 = CARTESIAN_POINT('',(38.691212914704,-20.24981937627,22.4));
#2213 = CARTESIAN_POINT('',(38.691212914704,-20.24981937627,0.));
#2214 = CARTESIAN_POINT('',(38.701641446891,-19.32901752529,22.4));
#2215 = CARTESIAN_POINT('',(38.701641446891,-19.32901752529,0.));
#2216 = CARTESIAN_POINT('',(38.652850462375,-18.41192295229,22.4));
#2217 = CARTESIAN_POINT('',(38.652850462375,-18.41192295229,0.));
#2218 = CARTESIAN_POINT('',(38.550397988541,-17.54481828435,22.4));
#2219 = CARTESIAN_POINT('',(38.550397988541,-17.54481828435,0.));
#2220 = CARTESIAN_POINT('',(38.397420634829,-16.70398003906,22.4));
#2221 = CARTESIAN_POINT('',(38.397420634829,-16.70398003906,0.));
#2222 = CARTESIAN_POINT('',(38.195340048621,-15.88846513352,22.4));
#2223 = CARTESIAN_POINT('',(38.195340048621,-15.88846513352,0.));
#2224 = CARTESIAN_POINT('',(37.935932580382,-15.07752826767,22.4));
#2225 = CARTESIAN_POINT('',(37.935932580382,-15.07752826767,0.));
#2226 = CARTESIAN_POINT('',(37.632535123317,-14.31335555887,22.4));
#2227 = CARTESIAN_POINT('',(37.632535123317,-14.31335555887,0.));
#2228 = CARTESIAN_POINT('',(37.279948391349,-13.57518526054,22.4));
#2229 = CARTESIAN_POINT('',(37.279948391349,-13.57518526054,0.));
#2230 = CARTESIAN_POINT('',(36.876730953373,-12.8632240852,22.4));
#2231 = CARTESIAN_POINT('',(36.876730953373,-12.8632240852,0.));
#2232 = CARTESIAN_POINT('',(36.406865191059,-12.1618442515,22.4));
#2233 = CARTESIAN_POINT('',(36.406865191059,-12.1618442515,0.));
#2234 = CARTESIAN_POINT('',(35.89204427852,-11.50883528395,22.4));
#2235 = CARTESIAN_POINT('',(35.89204427852,-11.50883528395,0.));
#2236 = CARTESIAN_POINT('',(35.318751033939,-10.88605738193,22.4));
#2237 = CARTESIAN_POINT('',(35.318751033939,-10.88605738193,0.));
#2238 = CARTESIAN_POINT('',(34.682555085346,-10.29505200315,22.4));
#2239 = CARTESIAN_POINT('',(34.682555085346,-10.29505200315,0.));
#2240 = CARTESIAN_POINT('',(33.959337152656,-9.726625133919,22.4));
#2241 = CARTESIAN_POINT('',(33.959337152656,-9.726625133919,0.));
#2242 = CARTESIAN_POINT('',(33.181834569932,-9.213707406018,22.4));
#2243 = CARTESIAN_POINT('',(33.181834569932,-9.213707406018,0.));
#2244 = CARTESIAN_POINT('',(32.326677020119,-8.742330489725,22.4));
#2245 = CARTESIAN_POINT('',(32.326677020119,-8.742330489725,0.));
#2246 = CARTESIAN_POINT('',(31.387285534416,-8.316968499721,22.4));
#2247 = CARTESIAN_POINT('',(31.387285534416,-8.316968499721,0.));
#2248 = CARTESIAN_POINT('',(30.331680403677,-7.93809362255,22.4));
#2249 = CARTESIAN_POINT('',(30.331680403677,-7.93809362255,0.));
#2250 = CARTESIAN_POINT('',(29.210123569433,-7.628710068421,22.4));
#2251 = CARTESIAN_POINT('',(29.210123569433,-7.628710068421,0.));
#2252 = CARTESIAN_POINT('',(27.98564911256,-7.394409398782,22.4));
#2253 = CARTESIAN_POINT('',(27.98564911256,-7.394409398782,0.));
#2254 = CARTESIAN_POINT('',(26.654388015471,-7.241834177369,22.4));
#2255 = CARTESIAN_POINT('',(26.654388015471,-7.241834177369,0.));
#2256 = CARTESIAN_POINT('',(25.178724388865,-7.172534579738,22.4));
#2257 = CARTESIAN_POINT('',(25.178724388865,-7.172534579738,0.));
#2258 = CARTESIAN_POINT('',(23.630641581764,-7.202023820633,22.4));
#2259 = CARTESIAN_POINT('',(23.630641581764,-7.202023820633,0.));
#2260 = CARTESIAN_POINT('',(21.963697473041,-7.333571741476,22.4));
#2261 = CARTESIAN_POINT('',(21.963697473041,-7.333571741476,0.));
#2262 = CARTESIAN_POINT('',(20.173763198766,-7.578896463739,22.4));
#2263 = CARTESIAN_POINT('',(20.173763198766,-7.578896463739,0.));
#2264 = CARTESIAN_POINT('',(18.21153838216,-7.962725754083,22.4));
#2265 = CARTESIAN_POINT('',(18.21153838216,-7.962725754083,0.));
#2266 = CARTESIAN_POINT('',(16.183520498831,-8.473684888989,22.4));
#2267 = CARTESIAN_POINT('',(16.183520498831,-8.473684888989,0.));
#2268 = CARTESIAN_POINT('',(13.999557685068,-9.144462101168,22.4));
#2269 = CARTESIAN_POINT('',(13.999557685068,-9.144462101168,0.));
#2270 = CARTESIAN_POINT('',(11.788476784338,-9.932823367122,22.4));
#2271 = CARTESIAN_POINT('',(11.788476784338,-9.932823367122,0.));
#2272 = CARTESIAN_POINT('',(9.011915653887,-11.09108510233,22.4));
#2273 = CARTESIAN_POINT('',(9.011915653887,-11.09108510233,0.));
#2274 = CARTESIAN_POINT('',(8.292958249965,-11.45817653937,22.4));
#2275 = CARTESIAN_POINT('',(8.292958249965,-11.45817653937,0.));
#2276 = CARTESIAN_POINT('',(6.883805996763,-12.11628438599,22.4));
#2277 = CARTESIAN_POINT('',(6.883805996763,-12.11628438599,0.));
#2278 = DEFINITIONAL_REPRESENTATION('',(#2279),#2283);
#2279 = LINE('',#2280,#2281);
#2280 = CARTESIAN_POINT('',(0.,0.));
#2281 = VECTOR('',#2282,1.);
#2282 = DIRECTION('',(1.,0.));
#2283 = ( GEOMETRIC_REPRESENTATION_CONTEXT(2) 
PARAMETRIC_REPRESENTATION_CONTEXT() REPRESENTATION_CONTEXT('2D SPACE',''
  ) );
#2284 = ORIENTED_EDGE('',*,*,#2285,.F.);
#2285 = EDGE_CURVE('',#2286,#2068,#2288,.T.);
#2286 = VERTEX_POINT('',#2287);
#2287 = CARTESIAN_POINT('',(19.706957168416,-44.22039079482,0.));
#2288 = SURFACE_CURVE('',#2289,(#2293,#2300),.PCURVE_S1.);
#2289 = LINE('',#2290,#2291);
#2290 = CARTESIAN_POINT('',(14.573714409047,-48.14940501469,0.));
#2291 = VECTOR('',#2292,1.);
#2292 = DIRECTION('',(0.794089532378,0.607800801718,0.));
#2293 = PCURVE('',#45,#2294);
#2294 = DEFINITIONAL_REPRESENTATION('',(#2295),#2299);
#2295 = LINE('',#2296,#2297);
#2296 = CARTESIAN_POINT('',(14.573714409047,-48.14940501469));
#2297 = VECTOR('',#2298,1.);
#2298 = DIRECTION('',(0.794089532378,0.607800801718));
#2299 = ( GEOMETRIC_REPRESENTATION_CONTEXT(2) 
PARAMETRIC_REPRESENTATION_CONTEXT() REPRESENTATION_CONTEXT('2D SPACE',''
  ) );
#2300 = PCURVE('',#2301,#2306);
#2301 = PLANE('',#2302);
#2302 = AXIS2_PLACEMENT_3D('',#2303,#2304,#2305);
#2303 = CARTESIAN_POINT('',(19.413240488631,-44.44520327021,0.));
#2304 = DIRECTION('',(-0.607800801718,0.794089532378,0.));
#2305 = DIRECTION('',(0.794089532378,0.607800801718,0.));
#2306 = DEFINITIONAL_REPRESENTATION('',(#2307),#2311);
#2307 = LINE('',#2308,#2309);
#2308 = CARTESIAN_POINT('',(-6.094433791482,-0.));
#2309 = VECTOR('',#2310,1.);
#2310 = DIRECTION('',(1.,0.));
#2311 = ( GEOMETRIC_REPRESENTATION_CONTEXT(2) 
PARAMETRIC_REPRESENTATION_CONTEXT() REPRESENTATION_CONTEXT('2D SPACE',''
  ) );
#2312 = ORIENTED_EDGE('',*,*,#2313,.F.);
#2313 = EDGE_CURVE('',#1793,#2286,#2314,.T.);
#2314 = SURFACE_CURVE('',#2315,(#2320,#2327),.PCURVE_S1.);
#2315 = CIRCLE('',#2316,3.);
#2316 = AXIS2_PLACEMENT_3D('',#2317,#2318,#2319);
#2317 = CARTESIAN_POINT('',(17.883554763264,-41.83812219769,0.));
#2318 = DIRECTION('',(0.,0.,1.));
#2319 = DIRECTION('',(0.,-1.,0.));
#2320 = PCURVE('',#45,#2321);
#2321 = DEFINITIONAL_REPRESENTATION('',(#2322),#2326);
#2322 = CIRCLE('',#2323,3.);
#2323 = AXIS2_PLACEMENT_2D('',#2324,#2325);
#2324 = CARTESIAN_POINT('',(17.883554763264,-41.83812219769));
#2325 = DIRECTION('',(0.,-1.));
#2326 = ( GEOMETRIC_REPRESENTATION_CONTEXT(2) 
PARAMETRIC_REPRESENTATION_CONTEXT() REPRESENTATION_CONTEXT('2D SPACE',''
  ) );
#2327 = PCURVE('',#2328,#2333);
#2328 = CYLINDRICAL_SURFACE('',#2329,3.);
#2329 = AXIS2_PLACEMENT_3D('',#2330,#2331,#2332);
#2330 = CARTESIAN_POINT('',(17.883554763264,-41.83812219769,0.));
#2331 = DIRECTION('',(0.,0.,1.));
#2332 = DIRECTION('',(0.393045159632,-0.91951916918,0.));
#2333 = DEFINITIONAL_REPRESENTATION('',(#2334),#2338);
#2334 = LINE('',#2335,#2336);
#2335 = CARTESIAN_POINT('',(-0.403940945037,0.));
#2336 = VECTOR('',#2337,1.);
#2337 = DIRECTION('',(1.,0.));
#2338 = ( GEOMETRIC_REPRESENTATION_CONTEXT(2) 
PARAMETRIC_REPRESENTATION_CONTEXT() REPRESENTATION_CONTEXT('2D SPACE',''
  ) );
#2339 = FACE_BOUND('',#2340,.F.);
#2340 = EDGE_LOOP('',(#2341,#2372,#2590,#2618,#2836,#2864));
#2341 = ORIENTED_EDGE('',*,*,#2342,.F.);
#2342 = EDGE_CURVE('',#2343,#2345,#2347,.T.);
#2343 = VERTEX_POINT('',#2344);
#2344 = CARTESIAN_POINT('',(-12.02367280487,-46.98596910016,0.));
#2345 = VERTEX_POINT('',#2346);
#2346 = CARTESIAN_POINT('',(-5.789565838434,-48.15320267025,0.));
#2347 = SURFACE_CURVE('',#2348,(#2353,#2360),.PCURVE_S1.);
#2348 = CIRCLE('',#2349,48.5);
#2349 = AXIS2_PLACEMENT_3D('',#2350,#2351,#2352);
#2350 = CARTESIAN_POINT('',(0.,0.,0.));
#2351 = DIRECTION('',(0.,0.,1.));
#2352 = DIRECTION('',(1.,0.,-0.));
#2353 = PCURVE('',#45,#2354);
#2354 = DEFINITIONAL_REPRESENTATION('',(#2355),#2359);
#2355 = CIRCLE('',#2356,48.5);
#2356 = AXIS2_PLACEMENT_2D('',#2357,#2358);
#2357 = CARTESIAN_POINT('',(1.75032336965E-15,-3.209892110372E-15));
#2358 = DIRECTION('',(1.,0.));
#2359 = ( GEOMETRIC_REPRESENTATION_CONTEXT(2) 
PARAMETRIC_REPRESENTATION_CONTEXT() REPRESENTATION_CONTEXT('2D SPACE',''
  ) );
#2360 = PCURVE('',#2361,#2366);
#2361 = CYLINDRICAL_SURFACE('',#2362,48.5);
#2362 = AXIS2_PLACEMENT_3D('',#2363,#2364,#2365);
#2363 = CARTESIAN_POINT('',(0.,0.,0.));
#2364 = DIRECTION('',(-0.,-0.,-1.));
#2365 = DIRECTION('',(1.,0.,-0.));
#2366 = DEFINITIONAL_REPRESENTATION('',(#2367),#2371);
#2367 = LINE('',#2368,#2369);
#2368 = CARTESIAN_POINT('',(-0.,0.));
#2369 = VECTOR('',#2370,1.);
#2370 = DIRECTION('',(-1.,0.));
#2371 = ( GEOMETRIC_REPRESENTATION_CONTEXT(2) 
PARAMETRIC_REPRESENTATION_CONTEXT() REPRESENTATION_CONTEXT('2D SPACE',''
  ) );
#2372 = ORIENTED_EDGE('',*,*,#2373,.F.);
#2373 = EDGE_CURVE('',#2374,#2343,#2376,.T.);
#2374 = VERTEX_POINT('',#2375);
#2375 = CARTESIAN_POINT('',(-2.002495231905,-12.71813131731,0.));
#2376 = SURFACE_CURVE('',#2377,(#2428,#2482),.PCURVE_S1.);
#2377 = B_SPLINE_CURVE_WITH_KNOTS('',3,(#2378,#2379,#2380,#2381,#2382,
    #2383,#2384,#2385,#2386,#2387,#2388,#2389,#2390,#2391,#2392,#2393,
    #2394,#2395,#2396,#2397,#2398,#2399,#2400,#2401,#2402,#2403,#2404,
    #2405,#2406,#2407,#2408,#2409,#2410,#2411,#2412,#2413,#2414,#2415,
    #2416,#2417,#2418,#2419,#2420,#2421,#2422,#2423,#2424,#2425,#2426,
    #2427),.UNSPECIFIED.,.F.,.F.,(4,1,1,1,1,1,1,1,1,1,1,1,1,1,1,1,1,1,1,
    1,1,1,1,1,1,1,1,1,1,1,1,1,1,1,1,1,1,1,1,1,1,1,1,1,1,1,1,4),(0.,
    2.766464139392,5.568319295326,8.177275145496,10.425160909405,
    12.698001103747,14.813706991925,16.784063111389,18.483896399813,
    20.207074900357,21.81810245116,23.327840693167,24.640860133639,
    25.985974841284,27.260500260188,28.473662841808,29.546573791048,
    30.665502050481,31.746604132965,32.796723932319,33.744037531687,
    34.751762028128,35.745458780463,36.730106112805,37.635070035337,
    38.615335519513,39.599805338773,40.592877392801,41.521106716853,
    42.54355210237,43.588460947472,44.661307186429,45.681682040739,
    46.825929386569,48.018033969658,49.266638650819,50.477859791669,
    51.863921967174,53.33914083985,54.917675284274,56.480212616324,
    58.303578905337,60.281721918016,62.435877257802,64.600562295301,
    67.15990258556,69.968318443063,73.053194077155),.UNSPECIFIED.);
#2378 = CARTESIAN_POINT('',(-5.648892920632,-9.977352195207,0.));
#2379 = CARTESIAN_POINT('',(-4.917117721303,-10.51176149547,0.));
#2380 = CARTESIAN_POINT('',(-3.381514033342,-11.59677807704,0.));
#2381 = CARTESIAN_POINT('',(-1.266192554498,-13.30340885684,0.));
#2382 = CARTESIAN_POINT('',(0.652937544647,-14.99157243147,0.));
#2383 = CARTESIAN_POINT('',(2.357667696025,-16.64805536102,0.));
#2384 = CARTESIAN_POINT('',(3.866947772078,-18.26692571013,0.));
#2385 = CARTESIAN_POINT('',(5.226739915106,-19.89428042686,0.));
#2386 = CARTESIAN_POINT('',(6.37806374135,-21.44295017967,0.));
#2387 = CARTESIAN_POINT('',(7.366530659752,-22.94571847106,0.));
#2388 = CARTESIAN_POINT('',(8.203570555337,-24.4013666115,0.));
#2389 = CARTESIAN_POINT('',(8.916145549059,-25.851661036,0.));
#2390 = CARTESIAN_POINT('',(9.473628573521,-27.22172479727,0.));
#2391 = CARTESIAN_POINT('',(9.913606364257,-28.54033327048,0.));
#2392 = CARTESIAN_POINT('',(10.247853518289,-29.80914549246,0.));
#2393 = CARTESIAN_POINT('',(10.474196043749,-31.06793361207,0.));
#2394 = CARTESIAN_POINT('',(10.590956597107,-32.25034594947,0.));
#2395 = CARTESIAN_POINT('',(10.61323512593,-33.38619411434,0.));
#2396 = CARTESIAN_POINT('',(10.548073379687,-34.47649577751,0.));
#2397 = CARTESIAN_POINT('',(10.393903454928,-35.55009331318,0.));
#2398 = CARTESIAN_POINT('',(10.164663082679,-36.55153548998,0.));
#2399 = CARTESIAN_POINT('',(9.865360056896,-37.50842968013,0.));
#2400 = CARTESIAN_POINT('',(9.500817961601,-38.42234699074,0.));
#2401 = CARTESIAN_POINT('',(9.061296898977,-39.31646800072,0.));
#2402 = CARTESIAN_POINT('',(8.573483216962,-40.14559781859,0.));
#2403 = CARTESIAN_POINT('',(8.031759024511,-40.93487016334,0.));
#2404 = CARTESIAN_POINT('',(7.437884771838,-41.68575433835,0.));
#2405 = CARTESIAN_POINT('',(6.774393559789,-42.41603396861,0.));
#2406 = CARTESIAN_POINT('',(6.076210809169,-43.08841443414,0.));
#2407 = CARTESIAN_POINT('',(5.327567464674,-43.7236346677,0.));
#2408 = CARTESIAN_POINT('',(4.526841376256,-44.32138742344,0.));
#2409 = CARTESIAN_POINT('',(3.6488585626,-44.89261192074,0.));
#2410 = CARTESIAN_POINT('',(2.736476598302,-45.40575262067,0.));
#2411 = CARTESIAN_POINT('',(1.764262932581,-45.87557055152,0.));
#2412 = CARTESIAN_POINT('',(0.727551311337,-46.29865407,0.));
#2413 = CARTESIAN_POINT('',(-0.406828990312,-46.67707495511,0.));
#2414 = CARTESIAN_POINT('',(-1.585239404088,-46.98587683378,0.));
#2415 = CARTESIAN_POINT('',(-2.8440556554,-47.23234506366,0.));
#2416 = CARTESIAN_POINT('',(-4.19095431662,-47.40924798827,0.));
#2417 = CARTESIAN_POINT('',(-5.668614781671,-47.50755451397,0.));
#2418 = CARTESIAN_POINT('',(-7.208340474022,-47.51336519804,0.));
#2419 = CARTESIAN_POINT('',(-8.86158053805,-47.42331691319,0.));
#2420 = CARTESIAN_POINT('',(-10.63932375919,-47.22570579592,0.));
#2421 = CARTESIAN_POINT('',(-12.59937102096,-46.89615744167,0.));
#2422 = CARTESIAN_POINT('',(-14.64369550493,-46.44186165288,0.));
#2423 = CARTESIAN_POINT('',(-16.87798478336,-45.82928049123,0.));
#2424 = CARTESIAN_POINT('',(-19.16950200832,-45.09841857346,0.));
#2425 = CARTESIAN_POINT('',(-22.24513330445,-43.95045750498,0.));
#2426 = CARTESIAN_POINT('',(-22.87753163116,-43.65541376537,0.));
#2427 = CARTESIAN_POINT('',(-24.64981838014,-42.91882646651,0.));
#2428 = PCURVE('',#45,#2429);
#2429 = DEFINITIONAL_REPRESENTATION('',(#2430),#2481);
#2430 = B_SPLINE_CURVE_WITH_KNOTS('',3,(#2431,#2432,#2433,#2434,#2435,
    #2436,#2437,#2438,#2439,#2440,#2441,#2442,#2443,#2444,#2445,#2446,
    #2447,#2448,#2449,#2450,#2451,#2452,#2453,#2454,#2455,#2456,#2457,
    #2458,#2459,#2460,#2461,#2462,#2463,#2464,#2465,#2466,#2467,#2468,
    #2469,#2470,#2471,#2472,#2473,#2474,#2475,#2476,#2477,#2478,#2479,
    #2480),.UNSPECIFIED.,.F.,.F.,(4,1,1,1,1,1,1,1,1,1,1,1,1,1,1,1,1,1,1,
    1,1,1,1,1,1,1,1,1,1,1,1,1,1,1,1,1,1,1,1,1,1,1,1,1,1,1,1,4),(0.,
    2.766464139392,5.568319295326,8.177275145496,10.425160909405,
    12.698001103747,14.813706991925,16.784063111389,18.483896399813,
    20.207074900357,21.81810245116,23.327840693167,24.640860133639,
    25.985974841284,27.260500260188,28.473662841808,29.546573791048,
    30.665502050481,31.746604132965,32.796723932319,33.744037531687,
    34.751762028128,35.745458780463,36.730106112805,37.635070035337,
    38.615335519513,39.599805338773,40.592877392801,41.521106716853,
    42.54355210237,43.588460947472,44.661307186429,45.681682040739,
    46.825929386569,48.018033969658,49.266638650819,50.477859791669,
    51.863921967174,53.33914083985,54.917675284274,56.480212616324,
    58.303578905337,60.281721918016,62.435877257802,64.600562295301,
    67.15990258556,69.968318443063,73.053194077155),.UNSPECIFIED.);
#2431 = CARTESIAN_POINT('',(-5.648892920632,-9.977352195207));
#2432 = CARTESIAN_POINT('',(-4.917117721303,-10.51176149547));
#2433 = CARTESIAN_POINT('',(-3.381514033342,-11.59677807704));
#2434 = CARTESIAN_POINT('',(-1.266192554498,-13.30340885684));
#2435 = CARTESIAN_POINT('',(0.652937544647,-14.99157243147));
#2436 = CARTESIAN_POINT('',(2.357667696025,-16.64805536102));
#2437 = CARTESIAN_POINT('',(3.866947772078,-18.26692571013));
#2438 = CARTESIAN_POINT('',(5.226739915106,-19.89428042686));
#2439 = CARTESIAN_POINT('',(6.37806374135,-21.44295017967));
#2440 = CARTESIAN_POINT('',(7.366530659752,-22.94571847106));
#2441 = CARTESIAN_POINT('',(8.203570555337,-24.4013666115));
#2442 = CARTESIAN_POINT('',(8.916145549059,-25.851661036));
#2443 = CARTESIAN_POINT('',(9.473628573521,-27.22172479727));
#2444 = CARTESIAN_POINT('',(9.913606364257,-28.54033327048));
#2445 = CARTESIAN_POINT('',(10.247853518289,-29.80914549246));
#2446 = CARTESIAN_POINT('',(10.474196043749,-31.06793361207));
#2447 = CARTESIAN_POINT('',(10.590956597107,-32.25034594947));
#2448 = CARTESIAN_POINT('',(10.61323512593,-33.38619411434));
#2449 = CARTESIAN_POINT('',(10.548073379687,-34.47649577751));
#2450 = CARTESIAN_POINT('',(10.393903454928,-35.55009331318));
#2451 = CARTESIAN_POINT('',(10.164663082679,-36.55153548998));
#2452 = CARTESIAN_POINT('',(9.865360056896,-37.50842968013));
#2453 = CARTESIAN_POINT('',(9.500817961601,-38.42234699074));
#2454 = CARTESIAN_POINT('',(9.061296898977,-39.31646800072));
#2455 = CARTESIAN_POINT('',(8.573483216962,-40.14559781859));
#2456 = CARTESIAN_POINT('',(8.031759024511,-40.93487016334));
#2457 = CARTESIAN_POINT('',(7.437884771838,-41.68575433835));
#2458 = CARTESIAN_POINT('',(6.774393559789,-42.41603396861));
#2459 = CARTESIAN_POINT('',(6.076210809169,-43.08841443414));
#2460 = CARTESIAN_POINT('',(5.327567464674,-43.7236346677));
#2461 = CARTESIAN_POINT('',(4.526841376256,-44.32138742344));
#2462 = CARTESIAN_POINT('',(3.6488585626,-44.89261192074));
#2463 = CARTESIAN_POINT('',(2.736476598302,-45.40575262067));
#2464 = CARTESIAN_POINT('',(1.764262932581,-45.87557055152));
#2465 = CARTESIAN_POINT('',(0.727551311337,-46.29865407));
#2466 = CARTESIAN_POINT('',(-0.406828990312,-46.67707495511));
#2467 = CARTESIAN_POINT('',(-1.585239404088,-46.98587683378));
#2468 = CARTESIAN_POINT('',(-2.8440556554,-47.23234506366));
#2469 = CARTESIAN_POINT('',(-4.19095431662,-47.40924798827));
#2470 = CARTESIAN_POINT('',(-5.668614781671,-47.50755451397));
#2471 = CARTESIAN_POINT('',(-7.208340474022,-47.51336519804));
#2472 = CARTESIAN_POINT('',(-8.86158053805,-47.42331691319));
#2473 = CARTESIAN_POINT('',(-10.63932375919,-47.22570579592));
#2474 = CARTESIAN_POINT('',(-12.59937102096,-46.89615744167));
#2475 = CARTESIAN_POINT('',(-14.64369550493,-46.44186165288));
#2476 = CARTESIAN_POINT('',(-16.87798478336,-45.82928049123));
#2477 = CARTESIAN_POINT('',(-19.16950200832,-45.09841857346));
#2478 = CARTESIAN_POINT('',(-22.24513330445,-43.95045750498));
#2479 = CARTESIAN_POINT('',(-22.87753163116,-43.65541376537));
#2480 = CARTESIAN_POINT('',(-24.64981838014,-42.91882646651));
#2481 = ( GEOMETRIC_REPRESENTATION_CONTEXT(2) 
PARAMETRIC_REPRESENTATION_CONTEXT() REPRESENTATION_CONTEXT('2D SPACE',''
  ) );
#2482 = PCURVE('',#2483,#2584);
#2483 = B_SPLINE_SURFACE_WITH_KNOTS('',3,1,(
    (#2484,#2485)
    ,(#2486,#2487)
    ,(#2488,#2489)
    ,(#2490,#2491)
    ,(#2492,#2493)
    ,(#2494,#2495)
    ,(#2496,#2497)
    ,(#2498,#2499)
    ,(#2500,#2501)
    ,(#2502,#2503)
    ,(#2504,#2505)
    ,(#2506,#2507)
    ,(#2508,#2509)
    ,(#2510,#2511)
    ,(#2512,#2513)
    ,(#2514,#2515)
    ,(#2516,#2517)
    ,(#2518,#2519)
    ,(#2520,#2521)
    ,(#2522,#2523)
    ,(#2524,#2525)
    ,(#2526,#2527)
    ,(#2528,#2529)
    ,(#2530,#2531)
    ,(#2532,#2533)
    ,(#2534,#2535)
    ,(#2536,#2537)
    ,(#2538,#2539)
    ,(#2540,#2541)
    ,(#2542,#2543)
    ,(#2544,#2545)
    ,(#2546,#2547)
    ,(#2548,#2549)
    ,(#2550,#2551)
    ,(#2552,#2553)
    ,(#2554,#2555)
    ,(#2556,#2557)
    ,(#2558,#2559)
    ,(#2560,#2561)
    ,(#2562,#2563)
    ,(#2564,#2565)
    ,(#2566,#2567)
    ,(#2568,#2569)
    ,(#2570,#2571)
    ,(#2572,#2573)
    ,(#2574,#2575)
    ,(#2576,#2577)
    ,(#2578,#2579)
    ,(#2580,#2581)
    ,(#2582,#2583
    )),.UNSPECIFIED.,.F.,.F.,.F.,(4,1,1,1,1,1,1,1,1,1,1,1,1,1,1,1,1,1,1,
    1,1,1,1,1,1,1,1,1,1,1,1,1,1,1,1,1,1,1,1,1,1,1,1,1,1,1,1,4),(2,2),(0.
    ,2.766464139392,5.568319295326,8.177275145496,10.425160909405,
    12.698001103747,14.813706991925,16.784063111389,18.483896399813,
    20.207074900357,21.81810245116,23.327840693167,24.640860133639,
    25.985974841284,27.260500260188,28.473662841808,29.546573791048,
    30.665502050481,31.746604132965,32.796723932319,33.744037531687,
    34.751762028128,35.745458780463,36.730106112805,37.635070035337,
    38.615335519513,39.599805338773,40.592877392801,41.521106716853,
    42.54355210237,43.588460947472,44.661307186429,45.681682040739,
    46.825929386569,48.018033969658,49.266638650819,50.477859791669,
    51.863921967174,53.33914083985,54.917675284274,56.480212616324,
    58.303578905337,60.281721918016,62.435877257802,64.600562295301,
    67.15990258556,69.968318443063,73.053194077155),(-22.4,0.),
  .UNSPECIFIED.);
#2484 = CARTESIAN_POINT('',(-5.648892920632,-9.977352195207,22.4));
#2485 = CARTESIAN_POINT('',(-5.648892920632,-9.977352195207,0.));
#2486 = CARTESIAN_POINT('',(-4.917117721303,-10.51176149547,22.4));
#2487 = CARTESIAN_POINT('',(-4.917117721303,-10.51176149547,0.));
#2488 = CARTESIAN_POINT('',(-3.381514033342,-11.59677807704,22.4));
#2489 = CARTESIAN_POINT('',(-3.381514033342,-11.59677807704,0.));
#2490 = CARTESIAN_POINT('',(-1.266192554498,-13.30340885684,22.4));
#2491 = CARTESIAN_POINT('',(-1.266192554498,-13.30340885684,0.));
#2492 = CARTESIAN_POINT('',(0.652937544647,-14.99157243147,22.4));
#2493 = CARTESIAN_POINT('',(0.652937544647,-14.99157243147,0.));
#2494 = CARTESIAN_POINT('',(2.357667696025,-16.64805536102,22.4));
#2495 = CARTESIAN_POINT('',(2.357667696025,-16.64805536102,0.));
#2496 = CARTESIAN_POINT('',(3.866947772078,-18.26692571013,22.4));
#2497 = CARTESIAN_POINT('',(3.866947772078,-18.26692571013,0.));
#2498 = CARTESIAN_POINT('',(5.226739915106,-19.89428042686,22.4));
#2499 = CARTESIAN_POINT('',(5.226739915106,-19.89428042686,0.));
#2500 = CARTESIAN_POINT('',(6.37806374135,-21.44295017967,22.4));
#2501 = CARTESIAN_POINT('',(6.37806374135,-21.44295017967,0.));
#2502 = CARTESIAN_POINT('',(7.366530659752,-22.94571847106,22.4));
#2503 = CARTESIAN_POINT('',(7.366530659752,-22.94571847106,0.));
#2504 = CARTESIAN_POINT('',(8.203570555337,-24.4013666115,22.4));
#2505 = CARTESIAN_POINT('',(8.203570555337,-24.4013666115,0.));
#2506 = CARTESIAN_POINT('',(8.916145549059,-25.851661036,22.4));
#2507 = CARTESIAN_POINT('',(8.916145549059,-25.851661036,0.));
#2508 = CARTESIAN_POINT('',(9.473628573521,-27.22172479727,22.4));
#2509 = CARTESIAN_POINT('',(9.473628573521,-27.22172479727,0.));
#2510 = CARTESIAN_POINT('',(9.913606364257,-28.54033327048,22.4));
#2511 = CARTESIAN_POINT('',(9.913606364257,-28.54033327048,0.));
#2512 = CARTESIAN_POINT('',(10.247853518289,-29.80914549246,22.4));
#2513 = CARTESIAN_POINT('',(10.247853518289,-29.80914549246,0.));
#2514 = CARTESIAN_POINT('',(10.474196043749,-31.06793361207,22.4));
#2515 = CARTESIAN_POINT('',(10.474196043749,-31.06793361207,0.));
#2516 = CARTESIAN_POINT('',(10.590956597107,-32.25034594947,22.4));
#2517 = CARTESIAN_POINT('',(10.590956597107,-32.25034594947,0.));
#2518 = CARTESIAN_POINT('',(10.61323512593,-33.38619411434,22.4));
#2519 = CARTESIAN_POINT('',(10.61323512593,-33.38619411434,0.));
#2520 = CARTESIAN_POINT('',(10.548073379687,-34.47649577751,22.4));
#2521 = CARTESIAN_POINT('',(10.548073379687,-34.47649577751,0.));
#2522 = CARTESIAN_POINT('',(10.393903454928,-35.55009331318,22.4));
#2523 = CARTESIAN_POINT('',(10.393903454928,-35.55009331318,0.));
#2524 = CARTESIAN_POINT('',(10.164663082679,-36.55153548998,22.4));
#2525 = CARTESIAN_POINT('',(10.164663082679,-36.55153548998,0.));
#2526 = CARTESIAN_POINT('',(9.865360056896,-37.50842968013,22.4));
#2527 = CARTESIAN_POINT('',(9.865360056896,-37.50842968013,0.));
#2528 = CARTESIAN_POINT('',(9.500817961601,-38.42234699074,22.4));
#2529 = CARTESIAN_POINT('',(9.500817961601,-38.42234699074,0.));
#2530 = CARTESIAN_POINT('',(9.061296898977,-39.31646800072,22.4));
#2531 = CARTESIAN_POINT('',(9.061296898977,-39.31646800072,0.));
#2532 = CARTESIAN_POINT('',(8.573483216962,-40.14559781859,22.4));
#2533 = CARTESIAN_POINT('',(8.573483216962,-40.14559781859,0.));
#2534 = CARTESIAN_POINT('',(8.031759024511,-40.93487016334,22.4));
#2535 = CARTESIAN_POINT('',(8.031759024511,-40.93487016334,0.));
#2536 = CARTESIAN_POINT('',(7.437884771838,-41.68575433835,22.4));
#2537 = CARTESIAN_POINT('',(7.437884771838,-41.68575433835,0.));
#2538 = CARTESIAN_POINT('',(6.774393559789,-42.41603396861,22.4));
#2539 = CARTESIAN_POINT('',(6.774393559789,-42.41603396861,0.));
#2540 = CARTESIAN_POINT('',(6.076210809169,-43.08841443414,22.4));
#2541 = CARTESIAN_POINT('',(6.076210809169,-43.08841443414,0.));
#2542 = CARTESIAN_POINT('',(5.327567464674,-43.7236346677,22.4));
#2543 = CARTESIAN_POINT('',(5.327567464674,-43.7236346677,0.));
#2544 = CARTESIAN_POINT('',(4.526841376256,-44.32138742344,22.4));
#2545 = CARTESIAN_POINT('',(4.526841376256,-44.32138742344,0.));
#2546 = CARTESIAN_POINT('',(3.6488585626,-44.89261192074,22.4));
#2547 = CARTESIAN_POINT('',(3.6488585626,-44.89261192074,0.));
#2548 = CARTESIAN_POINT('',(2.736476598302,-45.40575262067,22.4));
#2549 = CARTESIAN_POINT('',(2.736476598302,-45.40575262067,0.));
#2550 = CARTESIAN_POINT('',(1.764262932581,-45.87557055152,22.4));
#2551 = CARTESIAN_POINT('',(1.764262932581,-45.87557055152,0.));
#2552 = CARTESIAN_POINT('',(0.727551311337,-46.29865407,22.4));
#2553 = CARTESIAN_POINT('',(0.727551311337,-46.29865407,0.));
#2554 = CARTESIAN_POINT('',(-0.406828990312,-46.67707495511,22.4));
#2555 = CARTESIAN_POINT('',(-0.406828990312,-46.67707495511,0.));
#2556 = CARTESIAN_POINT('',(-1.585239404088,-46.98587683378,22.4));
#2557 = CARTESIAN_POINT('',(-1.585239404088,-46.98587683378,0.));
#2558 = CARTESIAN_POINT('',(-2.8440556554,-47.23234506366,22.4));
#2559 = CARTESIAN_POINT('',(-2.8440556554,-47.23234506366,0.));
#2560 = CARTESIAN_POINT('',(-4.19095431662,-47.40924798827,22.4));
#2561 = CARTESIAN_POINT('',(-4.19095431662,-47.40924798827,0.));
#2562 = CARTESIAN_POINT('',(-5.668614781671,-47.50755451397,22.4));
#2563 = CARTESIAN_POINT('',(-5.668614781671,-47.50755451397,0.));
#2564 = CARTESIAN_POINT('',(-7.208340474022,-47.51336519804,22.4));
#2565 = CARTESIAN_POINT('',(-7.208340474022,-47.51336519804,0.));
#2566 = CARTESIAN_POINT('',(-8.86158053805,-47.42331691319,22.4));
#2567 = CARTESIAN_POINT('',(-8.86158053805,-47.42331691319,0.));
#2568 = CARTESIAN_POINT('',(-10.63932375919,-47.22570579592,22.4));
#2569 = CARTESIAN_POINT('',(-10.63932375919,-47.22570579592,0.));
#2570 = CARTESIAN_POINT('',(-12.59937102096,-46.89615744167,22.4));
#2571 = CARTESIAN_POINT('',(-12.59937102096,-46.89615744167,0.));
#2572 = CARTESIAN_POINT('',(-14.64369550493,-46.44186165288,22.4));
#2573 = CARTESIAN_POINT('',(-14.64369550493,-46.44186165288,0.));
#2574 = CARTESIAN_POINT('',(-16.87798478336,-45.82928049123,22.4));
#2575 = CARTESIAN_POINT('',(-16.87798478336,-45.82928049123,0.));
#2576 = CARTESIAN_POINT('',(-19.16950200832,-45.09841857346,22.4));
#2577 = CARTESIAN_POINT('',(-19.16950200832,-45.09841857346,0.));
#2578 = CARTESIAN_POINT('',(-22.24513330445,-43.95045750498,22.4));
#2579 = CARTESIAN_POINT('',(-22.24513330445,-43.95045750498,0.));
#2580 = CARTESIAN_POINT('',(-22.87753163116,-43.65541376537,22.4));
#2581 = CARTESIAN_POINT('',(-22.87753163116,-43.65541376537,0.));
#2582 = CARTESIAN_POINT('',(-24.64981838014,-42.91882646651,22.4));
#2583 = CARTESIAN_POINT('',(-24.64981838014,-42.91882646651,0.));
#2584 = DEFINITIONAL_REPRESENTATION('',(#2585),#2589);
#2585 = LINE('',#2586,#2587);
#2586 = CARTESIAN_POINT('',(0.,0.));
#2587 = VECTOR('',#2588,1.);
#2588 = DIRECTION('',(1.,0.));
#2589 = ( GEOMETRIC_REPRESENTATION_CONTEXT(2) 
PARAMETRIC_REPRESENTATION_CONTEXT() REPRESENTATION_CONTEXT('2D SPACE',''
  ) );
#2590 = ORIENTED_EDGE('',*,*,#2591,.F.);
#2591 = EDGE_CURVE('',#2592,#2374,#2594,.T.);
#2592 = VERTEX_POINT('',#2593);
#2593 = CARTESIAN_POINT('',(-9.659132507773E-02,-13.93491307613,0.));
#2594 = SURFACE_CURVE('',#2595,(#2599,#2606),.PCURVE_S1.);
#2595 = LINE('',#2596,#2597);
#2596 = CARTESIAN_POINT('',(-9.659132507773E-02,-13.93491307613,0.));
#2597 = VECTOR('',#2598,1.);
#2598 = DIRECTION('',(-0.842872595724,0.538113173392,0.));
#2599 = PCURVE('',#45,#2600);
#2600 = DEFINITIONAL_REPRESENTATION('',(#2601),#2605);
#2601 = LINE('',#2602,#2603);
#2602 = CARTESIAN_POINT('',(-9.659132507772E-02,-13.93491307613));
#2603 = VECTOR('',#2604,1.);
#2604 = DIRECTION('',(-0.842872595724,0.538113173392));
#2605 = ( GEOMETRIC_REPRESENTATION_CONTEXT(2) 
PARAMETRIC_REPRESENTATION_CONTEXT() REPRESENTATION_CONTEXT('2D SPACE',''
  ) );
#2606 = PCURVE('',#2607,#2612);
#2607 = PLANE('',#2608);
#2608 = AXIS2_PLACEMENT_3D('',#2609,#2610,#2611);
#2609 = CARTESIAN_POINT('',(-9.659132507773E-02,-13.93491307613,0.));
#2610 = DIRECTION('',(-0.538113173392,-0.842872595724,0.));
#2611 = DIRECTION('',(-0.842872595724,0.538113173392,0.));
#2612 = DEFINITIONAL_REPRESENTATION('',(#2613),#2617);
#2613 = LINE('',#2614,#2615);
#2614 = CARTESIAN_POINT('',(0.,0.));
#2615 = VECTOR('',#2616,1.);
#2616 = DIRECTION('',(1.,0.));
#2617 = ( GEOMETRIC_REPRESENTATION_CONTEXT(2) 
PARAMETRIC_REPRESENTATION_CONTEXT() REPRESENTATION_CONTEXT('2D SPACE',''
  ) );
#2618 = ORIENTED_EDGE('',*,*,#2619,.F.);
#2619 = EDGE_CURVE('',#2620,#2592,#2622,.T.);
#2620 = VERTEX_POINT('',#2621);
#2621 = CARTESIAN_POINT('',(-0.112044317377,-47.50629678931,0.));
#2622 = SURFACE_CURVE('',#2623,(#2674,#2728),.PCURVE_S1.);
#2623 = B_SPLINE_CURVE_WITH_KNOTS('',3,(#2624,#2625,#2626,#2627,#2628,
    #2629,#2630,#2631,#2632,#2633,#2634,#2635,#2636,#2637,#2638,#2639,
    #2640,#2641,#2642,#2643,#2644,#2645,#2646,#2647,#2648,#2649,#2650,
    #2651,#2652,#2653,#2654,#2655,#2656,#2657,#2658,#2659,#2660,#2661,
    #2662,#2663,#2664,#2665,#2666,#2667,#2668,#2669,#2670,#2671,#2672,
    #2673),.UNSPECIFIED.,.F.,.F.,(4,1,1,1,1,1,1,1,1,1,1,1,1,1,1,1,1,1,1,
    1,1,1,1,1,1,1,1,1,1,1,1,1,1,1,1,1,1,1,1,1,1,1,1,1,1,1,1,4),(0.,
    3.010134173011,5.734866089906,8.204243200285,10.280216915947,
    12.332164523515,14.201956865391,15.911237845672,17.363900720308,
    18.819208714806,20.167747400886,21.42468716853,22.515414853025,
    23.632925452475,24.694050367351,25.707901186754,26.608581862701,
    27.552388564938,28.468532489134,29.361872223827,30.169943636586,
    31.030962627216,31.880548884696,32.72227944396,33.495545472128,
    34.332992621126,35.174663745336,36.025783427864,36.825011523752,
    37.711824801461,38.627874308414,39.58148948206,40.502911686362,
    41.554574841448,42.671594637474,43.864256147866,45.041219012251,
    46.408073524505,47.880684921353,49.469922617188,51.049935999727,
    52.894334824252,54.887680127977,57.041280206621,59.18142193199,
    61.675679145654,64.364419403117,67.031728548195),.UNSPECIFIED.);
#2624 = CARTESIAN_POINT('',(-0.112044317377,-47.50629678931,0.));
#2625 = CARTESIAN_POINT('',(0.867145985926,-47.37860517601,0.));
#2626 = CARTESIAN_POINT('',(2.789167280934,-47.1572404713,0.));
#2627 = CARTESIAN_POINT('',(5.476471585653,-46.68909350414,0.));
#2628 = CARTESIAN_POINT('',(7.848475237921,-46.18073832639,0.));
#2629 = CARTESIAN_POINT('',(9.975558559665,-45.62116597504,0.));
#2630 = CARTESIAN_POINT('',(11.883829842938,-45.02176722506,0.));
#2631 = CARTESIAN_POINT('',(13.643274360682,-44.36537084708,0.));
#2632 = CARTESIAN_POINT('',(15.180542784294,-43.69224568326,0.));
#2633 = CARTESIAN_POINT('',(16.554044788905,-42.9961258652,0.));
#2634 = CARTESIAN_POINT('',(17.780994515732,-42.28178489339,0.));
#2635 = CARTESIAN_POINT('',(18.906575835633,-41.52830960151,0.));
#2636 = CARTESIAN_POINT('',(19.88506061512,-40.77816037445,0.));
#2637 = CARTESIAN_POINT('',(20.756347199764,-40.0188226353,0.));
#2638 = CARTESIAN_POINT('',(21.531819916348,-39.25200117752,0.));
#2639 = CARTESIAN_POINT('',(22.23824036849,-38.45511862668,0.));
#2640 = CARTESIAN_POINT('',(22.84666151334,-37.67084446542,0.));
#2641 = CARTESIAN_POINT('',(23.382663599229,-36.88246445925,0.));
#2642 = CARTESIAN_POINT('',(23.852095898519,-36.09024093054,0.));
#2643 = CARTESIAN_POINT('',(24.268388952949,-35.2716182404,0.));
#2644 = CARTESIAN_POINT('',(24.613214841898,-34.4694573333,0.));
#2645 = CARTESIAN_POINT('',(24.901151690028,-33.66478137554,0.));
#2646 = CARTESIAN_POINT('',(25.133902221527,-32.85748445708,0.));
#2647 = CARTESIAN_POINT('',(25.31471719703,-32.02548879627,0.));
#2648 = CARTESIAN_POINT('',(25.434053646165,-31.21199708904,0.));
#2649 = CARTESIAN_POINT('',(25.497789728408,-30.39642949238,0.));
#2650 = CARTESIAN_POINT('',(25.504573771542,-29.57824430904,0.));
#2651 = CARTESIAN_POINT('',(25.448348001862,-28.7358986742,0.));
#2652 = CARTESIAN_POINT('',(25.329004496977,-27.91296586313,0.));
#2653 = CARTESIAN_POINT('',(25.143906934361,-27.08697775678,0.));
#2654 = CARTESIAN_POINT('',(24.888447770486,-26.25705411068,0.));
#2655 = CARTESIAN_POINT('',(24.546336102921,-25.40317303539,0.));
#2656 = CARTESIAN_POINT('',(24.129457978725,-24.57022196161,0.));
#2657 = CARTESIAN_POINT('',(23.624558274495,-23.73441880244,0.));
#2658 = CARTESIAN_POINT('',(23.02370237878,-22.89634877044,0.));
#2659 = CARTESIAN_POINT('',(22.29895895778,-22.04043093658,0.));
#2660 = CARTESIAN_POINT('',(21.482354024601,-21.21171850207,0.));
#2661 = CARTESIAN_POINT('',(20.539078373483,-20.3965709416,0.));
#2662 = CARTESIAN_POINT('',(19.462460055041,-19.59880637533,0.));
#2663 = CARTESIAN_POINT('',(18.219147665775,-18.80095935,0.));
#2664 = CARTESIAN_POINT('',(16.863724007216,-18.05245637821,0.));
#2665 = CARTESIAN_POINT('',(15.354334101951,-17.33290816511,0.));
#2666 = CARTESIAN_POINT('',(13.681543188194,-16.65039846963,0.));
#2667 = CARTESIAN_POINT('',(11.790292003904,-16.00169197748,0.));
#2668 = CARTESIAN_POINT('',(9.778497430159,-15.43018662694,0.));
#2669 = CARTESIAN_POINT('',(7.55174154643,-14.91911532609,0.));
#2670 = CARTESIAN_POINT('',(5.242708683599,-14.4963157594,0.));
#2671 = CARTESIAN_POINT('',(2.259005341862,-14.1111192811,0.));
#2672 = CARTESIAN_POINT('',(1.452824247307,-14.06955108912,0.));
#2673 = CARTESIAN_POINT('',(-9.659132507773E-02,-13.93491307613,0.));
#2674 = PCURVE('',#45,#2675);
#2675 = DEFINITIONAL_REPRESENTATION('',(#2676),#2727);
#2676 = B_SPLINE_CURVE_WITH_KNOTS('',3,(#2677,#2678,#2679,#2680,#2681,
    #2682,#2683,#2684,#2685,#2686,#2687,#2688,#2689,#2690,#2691,#2692,
    #2693,#2694,#2695,#2696,#2697,#2698,#2699,#2700,#2701,#2702,#2703,
    #2704,#2705,#2706,#2707,#2708,#2709,#2710,#2711,#2712,#2713,#2714,
    #2715,#2716,#2717,#2718,#2719,#2720,#2721,#2722,#2723,#2724,#2725,
    #2726),.UNSPECIFIED.,.F.,.F.,(4,1,1,1,1,1,1,1,1,1,1,1,1,1,1,1,1,1,1,
    1,1,1,1,1,1,1,1,1,1,1,1,1,1,1,1,1,1,1,1,1,1,1,1,1,1,1,1,4),(0.,
    3.010134173011,5.734866089906,8.204243200285,10.280216915947,
    12.332164523515,14.201956865391,15.911237845672,17.363900720308,
    18.819208714806,20.167747400886,21.42468716853,22.515414853025,
    23.632925452475,24.694050367351,25.707901186754,26.608581862701,
    27.552388564938,28.468532489134,29.361872223827,30.169943636586,
    31.030962627216,31.880548884696,32.72227944396,33.495545472128,
    34.332992621126,35.174663745336,36.025783427864,36.825011523752,
    37.711824801461,38.627874308414,39.58148948206,40.502911686362,
    41.554574841448,42.671594637474,43.864256147866,45.041219012251,
    46.408073524505,47.880684921353,49.469922617188,51.049935999727,
    52.894334824252,54.887680127977,57.041280206621,59.18142193199,
    61.675679145654,64.364419403117,67.031728548195),.UNSPECIFIED.);
#2677 = CARTESIAN_POINT('',(-0.112044317377,-47.50629678931));
#2678 = CARTESIAN_POINT('',(0.867145985926,-47.37860517601));
#2679 = CARTESIAN_POINT('',(2.789167280934,-47.1572404713));
#2680 = CARTESIAN_POINT('',(5.476471585653,-46.68909350414));
#2681 = CARTESIAN_POINT('',(7.848475237921,-46.18073832639));
#2682 = CARTESIAN_POINT('',(9.975558559665,-45.62116597504));
#2683 = CARTESIAN_POINT('',(11.883829842938,-45.02176722506));
#2684 = CARTESIAN_POINT('',(13.643274360682,-44.36537084708));
#2685 = CARTESIAN_POINT('',(15.180542784294,-43.69224568326));
#2686 = CARTESIAN_POINT('',(16.554044788905,-42.9961258652));
#2687 = CARTESIAN_POINT('',(17.780994515732,-42.28178489339));
#2688 = CARTESIAN_POINT('',(18.906575835633,-41.52830960151));
#2689 = CARTESIAN_POINT('',(19.88506061512,-40.77816037445));
#2690 = CARTESIAN_POINT('',(20.756347199764,-40.0188226353));
#2691 = CARTESIAN_POINT('',(21.531819916348,-39.25200117752));
#2692 = CARTESIAN_POINT('',(22.23824036849,-38.45511862668));
#2693 = CARTESIAN_POINT('',(22.84666151334,-37.67084446542));
#2694 = CARTESIAN_POINT('',(23.382663599229,-36.88246445925));
#2695 = CARTESIAN_POINT('',(23.852095898519,-36.09024093054));
#2696 = CARTESIAN_POINT('',(24.268388952949,-35.2716182404));
#2697 = CARTESIAN_POINT('',(24.613214841898,-34.4694573333));
#2698 = CARTESIAN_POINT('',(24.901151690028,-33.66478137554));
#2699 = CARTESIAN_POINT('',(25.133902221527,-32.85748445708));
#2700 = CARTESIAN_POINT('',(25.31471719703,-32.02548879627));
#2701 = CARTESIAN_POINT('',(25.434053646165,-31.21199708904));
#2702 = CARTESIAN_POINT('',(25.497789728408,-30.39642949238));
#2703 = CARTESIAN_POINT('',(25.504573771542,-29.57824430904));
#2704 = CARTESIAN_POINT('',(25.448348001862,-28.7358986742));
#2705 = CARTESIAN_POINT('',(25.329004496977,-27.91296586313));
#2706 = CARTESIAN_POINT('',(25.143906934361,-27.08697775678));
#2707 = CARTESIAN_POINT('',(24.888447770486,-26.25705411068));
#2708 = CARTESIAN_POINT('',(24.546336102921,-25.40317303539));
#2709 = CARTESIAN_POINT('',(24.129457978725,-24.57022196161));
#2710 = CARTESIAN_POINT('',(23.624558274495,-23.73441880244));
#2711 = CARTESIAN_POINT('',(23.02370237878,-22.89634877044));
#2712 = CARTESIAN_POINT('',(22.29895895778,-22.04043093658));
#2713 = CARTESIAN_POINT('',(21.482354024601,-21.21171850207));
#2714 = CARTESIAN_POINT('',(20.539078373483,-20.3965709416));
#2715 = CARTESIAN_POINT('',(19.462460055041,-19.59880637533));
#2716 = CARTESIAN_POINT('',(18.219147665775,-18.80095935));
#2717 = CARTESIAN_POINT('',(16.863724007216,-18.05245637821));
#2718 = CARTESIAN_POINT('',(15.354334101951,-17.33290816511));
#2719 = CARTESIAN_POINT('',(13.681543188194,-16.65039846963));
#2720 = CARTESIAN_POINT('',(11.790292003904,-16.00169197748));
#2721 = CARTESIAN_POINT('',(9.778497430159,-15.43018662694));
#2722 = CARTESIAN_POINT('',(7.55174154643,-14.91911532609));
#2723 = CARTESIAN_POINT('',(5.242708683599,-14.4963157594));
#2724 = CARTESIAN_POINT('',(2.259005341862,-14.1111192811));
#2725 = CARTESIAN_POINT('',(1.452824247307,-14.06955108912));
#2726 = CARTESIAN_POINT('',(-9.659132507772E-02,-13.93491307613));
#2727 = ( GEOMETRIC_REPRESENTATION_CONTEXT(2) 
PARAMETRIC_REPRESENTATION_CONTEXT() REPRESENTATION_CONTEXT('2D SPACE',''
  ) );
#2728 = PCURVE('',#2729,#2830);
#2729 = B_SPLINE_SURFACE_WITH_KNOTS('',3,1,(
    (#2730,#2731)
    ,(#2732,#2733)
    ,(#2734,#2735)
    ,(#2736,#2737)
    ,(#2738,#2739)
    ,(#2740,#2741)
    ,(#2742,#2743)
    ,(#2744,#2745)
    ,(#2746,#2747)
    ,(#2748,#2749)
    ,(#2750,#2751)
    ,(#2752,#2753)
    ,(#2754,#2755)
    ,(#2756,#2757)
    ,(#2758,#2759)
    ,(#2760,#2761)
    ,(#2762,#2763)
    ,(#2764,#2765)
    ,(#2766,#2767)
    ,(#2768,#2769)
    ,(#2770,#2771)
    ,(#2772,#2773)
    ,(#2774,#2775)
    ,(#2776,#2777)
    ,(#2778,#2779)
    ,(#2780,#2781)
    ,(#2782,#2783)
    ,(#2784,#2785)
    ,(#2786,#2787)
    ,(#2788,#2789)
    ,(#2790,#2791)
    ,(#2792,#2793)
    ,(#2794,#2795)
    ,(#2796,#2797)
    ,(#2798,#2799)
    ,(#2800,#2801)
    ,(#2802,#2803)
    ,(#2804,#2805)
    ,(#2806,#2807)
    ,(#2808,#2809)
    ,(#2810,#2811)
    ,(#2812,#2813)
    ,(#2814,#2815)
    ,(#2816,#2817)
    ,(#2818,#2819)
    ,(#2820,#2821)
    ,(#2822,#2823)
    ,(#2824,#2825)
    ,(#2826,#2827)
    ,(#2828,#2829
    )),.UNSPECIFIED.,.F.,.F.,.F.,(4,1,1,1,1,1,1,1,1,1,1,1,1,1,1,1,1,1,1,
    1,1,1,1,1,1,1,1,1,1,1,1,1,1,1,1,1,1,1,1,1,1,1,1,1,1,1,1,4),(2,2),(0.
    ,3.010134173011,5.734866089906,8.204243200285,10.280216915947,
    12.332164523515,14.201956865391,15.911237845672,17.363900720308,
    18.819208714806,20.167747400886,21.42468716853,22.515414853025,
    23.632925452475,24.694050367351,25.707901186754,26.608581862701,
    27.552388564938,28.468532489134,29.361872223827,30.169943636586,
    31.030962627216,31.880548884696,32.72227944396,33.495545472128,
    34.332992621126,35.174663745336,36.025783427864,36.825011523752,
    37.711824801461,38.627874308414,39.58148948206,40.502911686362,
    41.554574841448,42.671594637474,43.864256147866,45.041219012251,
    46.408073524505,47.880684921353,49.469922617188,51.049935999727,
    52.894334824252,54.887680127977,57.041280206621,59.18142193199,
    61.675679145654,64.364419403117,67.031728548195),(-22.4,0.),
  .UNSPECIFIED.);
#2730 = CARTESIAN_POINT('',(-0.112044317377,-47.50629678931,22.4));
#2731 = CARTESIAN_POINT('',(-0.112044317377,-47.50629678931,0.));
#2732 = CARTESIAN_POINT('',(0.867145985926,-47.37860517601,22.4));
#2733 = CARTESIAN_POINT('',(0.867145985926,-47.37860517601,0.));
#2734 = CARTESIAN_POINT('',(2.789167280934,-47.1572404713,22.4));
#2735 = CARTESIAN_POINT('',(2.789167280934,-47.1572404713,0.));
#2736 = CARTESIAN_POINT('',(5.476471585653,-46.68909350414,22.4));
#2737 = CARTESIAN_POINT('',(5.476471585653,-46.68909350414,0.));
#2738 = CARTESIAN_POINT('',(7.848475237921,-46.18073832639,22.4));
#2739 = CARTESIAN_POINT('',(7.848475237921,-46.18073832639,0.));
#2740 = CARTESIAN_POINT('',(9.975558559665,-45.62116597504,22.4));
#2741 = CARTESIAN_POINT('',(9.975558559665,-45.62116597504,0.));
#2742 = CARTESIAN_POINT('',(11.883829842938,-45.02176722506,22.4));
#2743 = CARTESIAN_POINT('',(11.883829842938,-45.02176722506,0.));
#2744 = CARTESIAN_POINT('',(13.643274360682,-44.36537084708,22.4));
#2745 = CARTESIAN_POINT('',(13.643274360682,-44.36537084708,0.));
#2746 = CARTESIAN_POINT('',(15.180542784294,-43.69224568326,22.4));
#2747 = CARTESIAN_POINT('',(15.180542784294,-43.69224568326,0.));
#2748 = CARTESIAN_POINT('',(16.554044788905,-42.9961258652,22.4));
#2749 = CARTESIAN_POINT('',(16.554044788905,-42.9961258652,0.));
#2750 = CARTESIAN_POINT('',(17.780994515732,-42.28178489339,22.4));
#2751 = CARTESIAN_POINT('',(17.780994515732,-42.28178489339,0.));
#2752 = CARTESIAN_POINT('',(18.906575835633,-41.52830960151,22.4));
#2753 = CARTESIAN_POINT('',(18.906575835633,-41.52830960151,0.));
#2754 = CARTESIAN_POINT('',(19.88506061512,-40.77816037445,22.4));
#2755 = CARTESIAN_POINT('',(19.88506061512,-40.77816037445,0.));
#2756 = CARTESIAN_POINT('',(20.756347199764,-40.0188226353,22.4));
#2757 = CARTESIAN_POINT('',(20.756347199764,-40.0188226353,0.));
#2758 = CARTESIAN_POINT('',(21.531819916348,-39.25200117752,22.4));
#2759 = CARTESIAN_POINT('',(21.531819916348,-39.25200117752,0.));
#2760 = CARTESIAN_POINT('',(22.23824036849,-38.45511862668,22.4));
#2761 = CARTESIAN_POINT('',(22.23824036849,-38.45511862668,0.));
#2762 = CARTESIAN_POINT('',(22.84666151334,-37.67084446542,22.4));
#2763 = CARTESIAN_POINT('',(22.84666151334,-37.67084446542,0.));
#2764 = CARTESIAN_POINT('',(23.382663599229,-36.88246445925,22.4));
#2765 = CARTESIAN_POINT('',(23.382663599229,-36.88246445925,0.));
#2766 = CARTESIAN_POINT('',(23.852095898519,-36.09024093054,22.4));
#2767 = CARTESIAN_POINT('',(23.852095898519,-36.09024093054,0.));
#2768 = CARTESIAN_POINT('',(24.268388952949,-35.2716182404,22.4));
#2769 = CARTESIAN_POINT('',(24.268388952949,-35.2716182404,0.));
#2770 = CARTESIAN_POINT('',(24.613214841898,-34.4694573333,22.4));
#2771 = CARTESIAN_POINT('',(24.613214841898,-34.4694573333,0.));
#2772 = CARTESIAN_POINT('',(24.901151690028,-33.66478137554,22.4));
#2773 = CARTESIAN_POINT('',(24.901151690028,-33.66478137554,0.));
#2774 = CARTESIAN_POINT('',(25.133902221527,-32.85748445708,22.4));
#2775 = CARTESIAN_POINT('',(25.133902221527,-32.85748445708,0.));
#2776 = CARTESIAN_POINT('',(25.31471719703,-32.02548879627,22.4));
#2777 = CARTESIAN_POINT('',(25.31471719703,-32.02548879627,0.));
#2778 = CARTESIAN_POINT('',(25.434053646165,-31.21199708904,22.4));
#2779 = CARTESIAN_POINT('',(25.434053646165,-31.21199708904,0.));
#2780 = CARTESIAN_POINT('',(25.497789728408,-30.39642949238,22.4));
#2781 = CARTESIAN_POINT('',(25.497789728408,-30.39642949238,0.));
#2782 = CARTESIAN_POINT('',(25.504573771542,-29.57824430904,22.4));
#2783 = CARTESIAN_POINT('',(25.504573771542,-29.57824430904,0.));
#2784 = CARTESIAN_POINT('',(25.448348001862,-28.7358986742,22.4));
#2785 = CARTESIAN_POINT('',(25.448348001862,-28.7358986742,0.));
#2786 = CARTESIAN_POINT('',(25.329004496977,-27.91296586313,22.4));
#2787 = CARTESIAN_POINT('',(25.329004496977,-27.91296586313,0.));
#2788 = CARTESIAN_POINT('',(25.143906934361,-27.08697775678,22.4));
#2789 = CARTESIAN_POINT('',(25.143906934361,-27.08697775678,0.));
#2790 = CARTESIAN_POINT('',(24.888447770486,-26.25705411068,22.4));
#2791 = CARTESIAN_POINT('',(24.888447770486,-26.25705411068,0.));
#2792 = CARTESIAN_POINT('',(24.546336102921,-25.40317303539,22.4));
#2793 = CARTESIAN_POINT('',(24.546336102921,-25.40317303539,0.));
#2794 = CARTESIAN_POINT('',(24.129457978725,-24.57022196161,22.4));
#2795 = CARTESIAN_POINT('',(24.129457978725,-24.57022196161,0.));
#2796 = CARTESIAN_POINT('',(23.624558274495,-23.73441880244,22.4));
#2797 = CARTESIAN_POINT('',(23.624558274495,-23.73441880244,0.));
#2798 = CARTESIAN_POINT('',(23.02370237878,-22.89634877044,22.4));
#2799 = CARTESIAN_POINT('',(23.02370237878,-22.89634877044,0.));
#2800 = CARTESIAN_POINT('',(22.29895895778,-22.04043093658,22.4));
#2801 = CARTESIAN_POINT('',(22.29895895778,-22.04043093658,0.));
#2802 = CARTESIAN_POINT('',(21.482354024601,-21.21171850207,22.4));
#2803 = CARTESIAN_POINT('',(21.482354024601,-21.21171850207,0.));
#2804 = CARTESIAN_POINT('',(20.539078373483,-20.3965709416,22.4));
#2805 = CARTESIAN_POINT('',(20.539078373483,-20.3965709416,0.));
#2806 = CARTESIAN_POINT('',(19.462460055041,-19.59880637533,22.4));
#2807 = CARTESIAN_POINT('',(19.462460055041,-19.59880637533,0.));
#2808 = CARTESIAN_POINT('',(18.219147665775,-18.80095935,22.4));
#2809 = CARTESIAN_POINT('',(18.219147665775,-18.80095935,0.));
#2810 = CARTESIAN_POINT('',(16.863724007216,-18.05245637821,22.4));
#2811 = CARTESIAN_POINT('',(16.863724007216,-18.05245637821,0.));
#2812 = CARTESIAN_POINT('',(15.354334101951,-17.33290816511,22.4));
#2813 = CARTESIAN_POINT('',(15.354334101951,-17.33290816511,0.));
#2814 = CARTESIAN_POINT('',(13.681543188194,-16.65039846963,22.4));
#2815 = CARTESIAN_POINT('',(13.681543188194,-16.65039846963,0.));
#2816 = CARTESIAN_POINT('',(11.790292003904,-16.00169197748,22.4));
#2817 = CARTESIAN_POINT('',(11.790292003904,-16.00169197748,0.));
#2818 = CARTESIAN_POINT('',(9.778497430159,-15.43018662694,22.4));
#2819 = CARTESIAN_POINT('',(9.778497430159,-15.43018662694,0.));
#2820 = CARTESIAN_POINT('',(7.55174154643,-14.91911532609,22.4));
#2821 = CARTESIAN_POINT('',(7.55174154643,-14.91911532609,0.));
#2822 = CARTESIAN_POINT('',(5.242708683599,-14.4963157594,22.4));
#2823 = CARTESIAN_POINT('',(5.242708683599,-14.4963157594,0.));
#2824 = CARTESIAN_POINT('',(2.259005341862,-14.1111192811,22.4));
#2825 = CARTESIAN_POINT('',(2.259005341862,-14.1111192811,0.));
#2826 = CARTESIAN_POINT('',(1.452824247307,-14.06955108912,22.4));
#2827 = CARTESIAN_POINT('',(1.452824247307,-14.06955108912,0.));
#2828 = CARTESIAN_POINT('',(-9.659132507773E-02,-13.93491307613,22.4));
#2829 = CARTESIAN_POINT('',(-9.659132507773E-02,-13.93491307613,0.));
#2830 = DEFINITIONAL_REPRESENTATION('',(#2831),#2835);
#2831 = LINE('',#2832,#2833);
#2832 = CARTESIAN_POINT('',(0.,0.));
#2833 = VECTOR('',#2834,1.);
#2834 = DIRECTION('',(1.,0.));
#2835 = ( GEOMETRIC_REPRESENTATION_CONTEXT(2) 
PARAMETRIC_REPRESENTATION_CONTEXT() REPRESENTATION_CONTEXT('2D SPACE',''
  ) );
#2836 = ORIENTED_EDGE('',*,*,#2837,.F.);
#2837 = EDGE_CURVE('',#2838,#2620,#2840,.T.);
#2838 = VERTEX_POINT('',#2839);
#2839 = CARTESIAN_POINT('',(-5.043469858274,-48.1494603778,0.));
#2840 = SURFACE_CURVE('',#2841,(#2845,#2852),.PCURVE_S1.);
#2841 = LINE('',#2842,#2843);
#2842 = CARTESIAN_POINT('',(-11.45349560161,-48.98546512435,0.));
#2843 = VECTOR('',#2844,1.);
#2844 = DIRECTION('',(0.991602108777,0.129326168539,0.));
#2845 = PCURVE('',#45,#2846);
#2846 = DEFINITIONAL_REPRESENTATION('',(#2847),#2851);
#2847 = LINE('',#2848,#2849);
#2848 = CARTESIAN_POINT('',(-11.45349560161,-48.98546512435));
#2849 = VECTOR('',#2850,1.);
#2850 = DIRECTION('',(0.991602108777,0.129326168539));
#2851 = ( GEOMETRIC_REPRESENTATION_CONTEXT(2) 
PARAMETRIC_REPRESENTATION_CONTEXT() REPRESENTATION_CONTEXT('2D SPACE',''
  ) );
#2852 = PCURVE('',#2853,#2858);
#2853 = PLANE('',#2854);
#2854 = AXIS2_PLACEMENT_3D('',#2855,#2856,#2857);
#2855 = CARTESIAN_POINT('',(-5.41024220217,-48.19729535268,0.));
#2856 = DIRECTION('',(-0.129326168539,0.991602108777,0.));
#2857 = DIRECTION('',(0.991602108777,0.129326168539,0.));
#2858 = DEFINITIONAL_REPRESENTATION('',(#2859),#2863);
#2859 = LINE('',#2860,#2861);
#2860 = CARTESIAN_POINT('',(-6.094433791488,-0.));
#2861 = VECTOR('',#2862,1.);
#2862 = DIRECTION('',(1.,0.));
#2863 = ( GEOMETRIC_REPRESENTATION_CONTEXT(2) 
PARAMETRIC_REPRESENTATION_CONTEXT() REPRESENTATION_CONTEXT('2D SPACE',''
  ) );
#2864 = ORIENTED_EDGE('',*,*,#2865,.F.);
#2865 = EDGE_CURVE('',#2345,#2838,#2866,.T.);
#2866 = SURFACE_CURVE('',#2867,(#2872,#2879),.PCURVE_S1.);
#2867 = CIRCLE('',#2868,3.);
#2868 = AXIS2_PLACEMENT_3D('',#2869,#2870,#2871);
#2869 = CARTESIAN_POINT('',(-5.431448363891,-45.17465405147,0.));
#2870 = DIRECTION('',(0.,0.,1.));
#2871 = DIRECTION('',(0.,-1.,0.));
#2872 = PCURVE('',#45,#2873);
#2873 = DEFINITIONAL_REPRESENTATION('',(#2874),#2878);
#2874 = CIRCLE('',#2875,3.);
#2875 = AXIS2_PLACEMENT_2D('',#2876,#2877);
#2876 = CARTESIAN_POINT('',(-5.431448363891,-45.17465405147));
#2877 = DIRECTION('',(0.,-1.));
#2878 = ( GEOMETRIC_REPRESENTATION_CONTEXT(2) 
PARAMETRIC_REPRESENTATION_CONTEXT() REPRESENTATION_CONTEXT('2D SPACE',''
  ) );
#2879 = PCURVE('',#2880,#2885);
#2880 = CYLINDRICAL_SURFACE('',#2881,3.);
#2881 = AXIS2_PLACEMENT_3D('',#2882,#2883,#2884);
#2882 = CARTESIAN_POINT('',(-5.431448363891,-45.17465405147,0.));
#2883 = DIRECTION('',(0.,0.,1.));
#2884 = DIRECTION('',(-0.119372491514,-0.992849539593,0.));
#2885 = DEFINITIONAL_REPRESENTATION('',(#2886),#2890);
#2886 = LINE('',#2887,#2888);
#2887 = CARTESIAN_POINT('',(-6.163527476618,0.));
#2888 = VECTOR('',#2889,1.);
#2889 = DIRECTION('',(1.,0.));
#2890 = ( GEOMETRIC_REPRESENTATION_CONTEXT(2) 
PARAMETRIC_REPRESENTATION_CONTEXT() REPRESENTATION_CONTEXT('2D SPACE',''
  ) );
#2891 = FACE_BOUND('',#2892,.F.);
#2892 = EDGE_LOOP('',(#2893,#2924,#3142,#3170,#3388,#3416));
#2893 = ORIENTED_EDGE('',*,*,#2894,.F.);
#2894 = EDGE_CURVE('',#2895,#2897,#2899,.T.);
#2895 = VERTEX_POINT('',#2896);
#2896 = CARTESIAN_POINT('',(-33.90579064589,-34.67920645973,0.));
#2897 = VERTEX_POINT('',#2898);
#2898 = CARTESIAN_POINT('',(-29.09051242809,-38.8071138668,0.));
#2899 = SURFACE_CURVE('',#2900,(#2905,#2912),.PCURVE_S1.);
#2900 = CIRCLE('',#2901,48.5);
#2901 = AXIS2_PLACEMENT_3D('',#2902,#2903,#2904);
#2902 = CARTESIAN_POINT('',(0.,0.,0.));
#2903 = DIRECTION('',(0.,0.,1.));
#2904 = DIRECTION('',(1.,0.,-0.));
#2905 = PCURVE('',#45,#2906);
#2906 = DEFINITIONAL_REPRESENTATION('',(#2907),#2911);
#2907 = CIRCLE('',#2908,48.5);
#2908 = AXIS2_PLACEMENT_2D('',#2909,#2910);
#2909 = CARTESIAN_POINT('',(1.75032336965E-15,-3.209892110372E-15));
#2910 = DIRECTION('',(1.,0.));
#2911 = ( GEOMETRIC_REPRESENTATION_CONTEXT(2) 
PARAMETRIC_REPRESENTATION_CONTEXT() REPRESENTATION_CONTEXT('2D SPACE',''
  ) );
#2912 = PCURVE('',#2913,#2918);
#2913 = CYLINDRICAL_SURFACE('',#2914,48.5);
#2914 = AXIS2_PLACEMENT_3D('',#2915,#2916,#2917);
#2915 = CARTESIAN_POINT('',(0.,0.,0.));
#2916 = DIRECTION('',(-0.,-0.,-1.));
#2917 = DIRECTION('',(1.,0.,-0.));
#2918 = DEFINITIONAL_REPRESENTATION('',(#2919),#2923);
#2919 = LINE('',#2920,#2921);
#2920 = CARTESIAN_POINT('',(-0.,0.));
#2921 = VECTOR('',#2922,1.);
#2922 = DIRECTION('',(-1.,0.));
#2923 = ( GEOMETRIC_REPRESENTATION_CONTEXT(2) 
PARAMETRIC_REPRESENTATION_CONTEXT() REPRESENTATION_CONTEXT('2D SPACE',''
  ) );
#2924 = ORIENTED_EDGE('',*,*,#2925,.F.);
#2925 = EDGE_CURVE('',#2926,#2895,#2928,.T.);
#2926 = VERTEX_POINT('',#2927);
#2927 = CARTESIAN_POINT('',(-8.093277400445,-10.0129771935,0.));
#2928 = SURFACE_CURVE('',#2929,(#2980,#3034),.PCURVE_S1.);
#2929 = B_SPLINE_CURVE_WITH_KNOTS('',3,(#2930,#2931,#2932,#2933,#2934,
    #2935,#2936,#2937,#2938,#2939,#2940,#2941,#2942,#2943,#2944,#2945,
    #2946,#2947,#2948,#2949,#2950,#2951,#2952,#2953,#2954,#2955,#2956,
    #2957,#2958,#2959,#2960,#2961,#2962,#2963,#2964,#2965,#2966,#2967,
    #2968,#2969,#2970,#2971,#2972,#2973,#2974,#2975,#2976,#2977,#2978,
    #2979),.UNSPECIFIED.,.F.,.F.,(4,1,1,1,1,1,1,1,1,1,1,1,1,1,1,1,1,1,1,
    1,1,1,1,1,1,1,1,1,1,1,1,1,1,1,1,1,1,1,1,1,1,1,1,1,1,1,1,4),(0.,
    2.766464139392,5.568319295326,8.177275145496,10.425160909405,
    12.698001103747,14.813706991925,16.784063111389,18.483896399813,
    20.207074900357,21.81810245116,23.327840693167,24.640860133639,
    25.985974841284,27.260500260188,28.473662841808,29.546573791048,
    30.665502050481,31.746604132965,32.796723932319,33.744037531687,
    34.751762028128,35.745458780463,36.730106112805,37.635070035337,
    38.615335519513,39.599805338773,40.592877392801,41.521106716853,
    42.54355210237,43.588460947472,44.661307186429,45.681682040739,
    46.825929386569,48.018033969658,49.266638650819,50.477859791669,
    51.863921967174,53.33914083985,54.917675284274,56.480212616324,
    58.303578905337,60.281721918016,62.435877257802,64.600562295301,
    67.15990258556,69.968318443063,73.053194077155),.UNSPECIFIED.);
#2930 = CARTESIAN_POINT('',(-9.880760870129,-5.816194003237,0.));
#2931 = CARTESIAN_POINT('',(-9.514229607782,-6.644893632948,0.));
#2932 = CARTESIAN_POINT('',(-8.726866094648,-8.352347400098,0.));
#2933 = CARTESIAN_POINT('',(-7.7482593467,-10.8879937497,0.));
#2934 = CARTESIAN_POINT('',(-6.930325714986,-13.30955134065,0.));
#2935 = CARTESIAN_POINT('',(-6.282227562072,-15.59647271426,0.));
#2936 = CARTESIAN_POINT('',(-5.784587849339,-17.75309560005,0.));
#2937 = CARTESIAN_POINT('',(-5.420650667977,-19.84232219723,0.));
#2938 = CARTESIAN_POINT('',(-5.197909862873,-21.75917145835,0.));
#2939 = CARTESIAN_POINT('',(-5.09325654643,-23.5548404339,0.));
#2940 = CARTESIAN_POINT('',(-5.096182803092,-25.23398865028,0.));
#2941 = CARTESIAN_POINT('',(-5.204221968676,-26.84626796173,0.));
#2942 = CARTESIAN_POINT('',(-5.40645938795,-28.31151949602,0.));
#2943 = CARTESIAN_POINT('',(-5.684731680676,-29.67345682684,0.));
#2944 = CARTESIAN_POINT('',(-6.029671265133,-30.93940402072,0.));
#2945 = CARTESIAN_POINT('',(-6.463046947933,-32.14271777302,0.));
#2946 = CARTESIAN_POINT('',(-6.953135511264,-33.22509717163,0.));
#2947 = CARTESIAN_POINT('',(-7.501765821777,-34.21990980166,0.));
#2948 = CARTESIAN_POINT('',(-8.103348380965,-35.13155786663,0.));
#2949 = CARTESIAN_POINT('',(-8.773662220142,-35.98423564359,0.));
#2950 = CARTESIAN_POINT('',(-9.472911294482,-36.73688982299,0.));
#2951 = CARTESIAN_POINT('',(-10.21056241331,-37.4159329875,0.));
#2952 = CARTESIAN_POINT('',(-10.98322378389,-38.0251375478,0.));
#2953 = CARTESIAN_POINT('',(-11.81092069461,-38.57970852519,0.));
#2954 = CARTESIAN_POINT('',(-12.64794464449,-39.0538491695,0.));
#2955 = CARTESIAN_POINT('',(-13.51172772937,-39.46651697433,0.));
#2956 = CARTESIAN_POINT('',(-14.40148000634,-39.81986461885,0.));
#2957 = CARTESIAN_POINT('',(-15.34122006629,-40.12055972449,0.));
#2958 = CARTESIAN_POINT('',(-16.28205429758,-40.35376691334,0.));
#2959 = CARTESIAN_POINT('',(-17.24800856906,-40.52956210035,0.));
#2960 = CARTESIAN_POINT('',(-18.24033408098,-40.6468681278,0.));
#2961 = CARTESIAN_POINT('',(-19.28630175034,-40.7025716469,0.));
#2962 = CARTESIAN_POINT('',(-20.33301805934,-40.6907735466,0.));
#2963 = CARTESIAN_POINT('',(-21.40988875719,-40.61154097701,0.));
#2964 = CARTESIAN_POINT('',(-22.51924911683,-40.45958624132,0.));
#2965 = CARTESIAN_POINT('',(-23.69086171816,-40.22011819032,0.));
#2966 = CARTESIAN_POINT('',(-24.86579601191,-39.8983432551,0.));
#2967 = CARTESIAN_POINT('',(-26.07919697918,-39.48238287774,0.));
#2968 = CARTESIAN_POINT('',(-27.33409689842,-38.96213597384,0.));
#2969 = CARTESIAN_POINT('',(-28.66294166218,-38.30844168994,0.));
#2970 = CARTESIAN_POINT('',(-29.99928856865,-37.54361104377,0.));
#2971 = CARTESIAN_POINT('',(-31.38601232023,-36.63900690952,0.));
#2972 = CARTESIAN_POINT('',(-32.82677755251,-35.57899905132,0.));
#2973 = CARTESIAN_POINT('',(-34.35945409669,-34.31357817388,0.));
#2974 = CARTESIAN_POINT('',(-35.90274313899,-32.89798423797,0.));
#2975 = CARTESIAN_POINT('',(-37.53140383269,-31.25032875088,0.));
#2976 = CARTESIAN_POINT('',(-39.15048500383,-29.47162515096,0.));
#2977 = CARTESIAN_POINT('',(-41.24007930472,-26.93964605503,0.));
#2978 = CARTESIAN_POINT('',(-41.64023045115,-26.36793151795,0.));
#2979 = CARTESIAN_POINT('',(-42.80678214913,-24.84388483054,0.));
#2980 = PCURVE('',#45,#2981);
#2981 = DEFINITIONAL_REPRESENTATION('',(#2982),#3033);
#2982 = B_SPLINE_CURVE_WITH_KNOTS('',3,(#2983,#2984,#2985,#2986,#2987,
    #2988,#2989,#2990,#2991,#2992,#2993,#2994,#2995,#2996,#2997,#2998,
    #2999,#3000,#3001,#3002,#3003,#3004,#3005,#3006,#3007,#3008,#3009,
    #3010,#3011,#3012,#3013,#3014,#3015,#3016,#3017,#3018,#3019,#3020,
    #3021,#3022,#3023,#3024,#3025,#3026,#3027,#3028,#3029,#3030,#3031,
    #3032),.UNSPECIFIED.,.F.,.F.,(4,1,1,1,1,1,1,1,1,1,1,1,1,1,1,1,1,1,1,
    1,1,1,1,1,1,1,1,1,1,1,1,1,1,1,1,1,1,1,1,1,1,1,1,1,1,1,1,4),(0.,
    2.766464139392,5.568319295326,8.177275145496,10.425160909405,
    12.698001103747,14.813706991925,16.784063111389,18.483896399813,
    20.207074900357,21.81810245116,23.327840693167,24.640860133639,
    25.985974841284,27.260500260188,28.473662841808,29.546573791048,
    30.665502050481,31.746604132965,32.796723932319,33.744037531687,
    34.751762028128,35.745458780463,36.730106112805,37.635070035337,
    38.615335519513,39.599805338773,40.592877392801,41.521106716853,
    42.54355210237,43.588460947472,44.661307186429,45.681682040739,
    46.825929386569,48.018033969658,49.266638650819,50.477859791669,
    51.863921967174,53.33914083985,54.917675284274,56.480212616324,
    58.303578905337,60.281721918016,62.435877257802,64.600562295301,
    67.15990258556,69.968318443063,73.053194077155),.UNSPECIFIED.);
#2983 = CARTESIAN_POINT('',(-9.880760870129,-5.816194003237));
#2984 = CARTESIAN_POINT('',(-9.514229607782,-6.644893632948));
#2985 = CARTESIAN_POINT('',(-8.726866094648,-8.352347400098));
#2986 = CARTESIAN_POINT('',(-7.7482593467,-10.8879937497));
#2987 = CARTESIAN_POINT('',(-6.930325714986,-13.30955134065));
#2988 = CARTESIAN_POINT('',(-6.282227562072,-15.59647271426));
#2989 = CARTESIAN_POINT('',(-5.784587849339,-17.75309560005));
#2990 = CARTESIAN_POINT('',(-5.420650667977,-19.84232219723));
#2991 = CARTESIAN_POINT('',(-5.197909862872,-21.75917145835));
#2992 = CARTESIAN_POINT('',(-5.09325654643,-23.5548404339));
#2993 = CARTESIAN_POINT('',(-5.096182803092,-25.23398865028));
#2994 = CARTESIAN_POINT('',(-5.204221968676,-26.84626796173));
#2995 = CARTESIAN_POINT('',(-5.40645938795,-28.31151949602));
#2996 = CARTESIAN_POINT('',(-5.684731680676,-29.67345682684));
#2997 = CARTESIAN_POINT('',(-6.029671265133,-30.93940402072));
#2998 = CARTESIAN_POINT('',(-6.463046947933,-32.14271777302));
#2999 = CARTESIAN_POINT('',(-6.953135511264,-33.22509717163));
#3000 = CARTESIAN_POINT('',(-7.501765821777,-34.21990980166));
#3001 = CARTESIAN_POINT('',(-8.103348380965,-35.13155786663));
#3002 = CARTESIAN_POINT('',(-8.773662220142,-35.98423564359));
#3003 = CARTESIAN_POINT('',(-9.472911294482,-36.73688982299));
#3004 = CARTESIAN_POINT('',(-10.21056241331,-37.4159329875));
#3005 = CARTESIAN_POINT('',(-10.98322378389,-38.0251375478));
#3006 = CARTESIAN_POINT('',(-11.81092069461,-38.57970852519));
#3007 = CARTESIAN_POINT('',(-12.64794464449,-39.0538491695));
#3008 = CARTESIAN_POINT('',(-13.51172772937,-39.46651697433));
#3009 = CARTESIAN_POINT('',(-14.40148000634,-39.81986461885));
#3010 = CARTESIAN_POINT('',(-15.34122006629,-40.12055972449));
#3011 = CARTESIAN_POINT('',(-16.28205429758,-40.35376691334));
#3012 = CARTESIAN_POINT('',(-17.24800856906,-40.52956210035));
#3013 = CARTESIAN_POINT('',(-18.24033408098,-40.6468681278));
#3014 = CARTESIAN_POINT('',(-19.28630175034,-40.7025716469));
#3015 = CARTESIAN_POINT('',(-20.33301805934,-40.6907735466));
#3016 = CARTESIAN_POINT('',(-21.40988875719,-40.61154097701));
#3017 = CARTESIAN_POINT('',(-22.51924911683,-40.45958624132));
#3018 = CARTESIAN_POINT('',(-23.69086171816,-40.22011819032));
#3019 = CARTESIAN_POINT('',(-24.86579601191,-39.8983432551));
#3020 = CARTESIAN_POINT('',(-26.07919697918,-39.48238287774));
#3021 = CARTESIAN_POINT('',(-27.33409689842,-38.96213597384));
#3022 = CARTESIAN_POINT('',(-28.66294166218,-38.30844168994));
#3023 = CARTESIAN_POINT('',(-29.99928856865,-37.54361104377));
#3024 = CARTESIAN_POINT('',(-31.38601232023,-36.63900690952));
#3025 = CARTESIAN_POINT('',(-32.82677755251,-35.57899905132));
#3026 = CARTESIAN_POINT('',(-34.35945409669,-34.31357817388));
#3027 = CARTESIAN_POINT('',(-35.90274313899,-32.89798423797));
#3028 = CARTESIAN_POINT('',(-37.53140383269,-31.25032875088));
#3029 = CARTESIAN_POINT('',(-39.15048500383,-29.47162515096));
#3030 = CARTESIAN_POINT('',(-41.24007930472,-26.93964605503));
#3031 = CARTESIAN_POINT('',(-41.64023045115,-26.36793151795));
#3032 = CARTESIAN_POINT('',(-42.80678214913,-24.84388483054));
#3033 = ( GEOMETRIC_REPRESENTATION_CONTEXT(2) 
PARAMETRIC_REPRESENTATION_CONTEXT() REPRESENTATION_CONTEXT('2D SPACE',''
  ) );
#3034 = PCURVE('',#3035,#3136);
#3035 = B_SPLINE_SURFACE_WITH_KNOTS('',3,1,(
    (#3036,#3037)
    ,(#3038,#3039)
    ,(#3040,#3041)
    ,(#3042,#3043)
    ,(#3044,#3045)
    ,(#3046,#3047)
    ,(#3048,#3049)
    ,(#3050,#3051)
    ,(#3052,#3053)
    ,(#3054,#3055)
    ,(#3056,#3057)
    ,(#3058,#3059)
    ,(#3060,#3061)
    ,(#3062,#3063)
    ,(#3064,#3065)
    ,(#3066,#3067)
    ,(#3068,#3069)
    ,(#3070,#3071)
    ,(#3072,#3073)
    ,(#3074,#3075)
    ,(#3076,#3077)
    ,(#3078,#3079)
    ,(#3080,#3081)
    ,(#3082,#3083)
    ,(#3084,#3085)
    ,(#3086,#3087)
    ,(#3088,#3089)
    ,(#3090,#3091)
    ,(#3092,#3093)
    ,(#3094,#3095)
    ,(#3096,#3097)
    ,(#3098,#3099)
    ,(#3100,#3101)
    ,(#3102,#3103)
    ,(#3104,#3105)
    ,(#3106,#3107)
    ,(#3108,#3109)
    ,(#3110,#3111)
    ,(#3112,#3113)
    ,(#3114,#3115)
    ,(#3116,#3117)
    ,(#3118,#3119)
    ,(#3120,#3121)
    ,(#3122,#3123)
    ,(#3124,#3125)
    ,(#3126,#3127)
    ,(#3128,#3129)
    ,(#3130,#3131)
    ,(#3132,#3133)
    ,(#3134,#3135
    )),.UNSPECIFIED.,.F.,.F.,.F.,(4,1,1,1,1,1,1,1,1,1,1,1,1,1,1,1,1,1,1,
    1,1,1,1,1,1,1,1,1,1,1,1,1,1,1,1,1,1,1,1,1,1,1,1,1,1,1,1,4),(2,2),(0.
    ,2.766464139392,5.568319295326,8.177275145496,10.425160909405,
    12.698001103747,14.813706991925,16.784063111389,18.483896399813,
    20.207074900357,21.81810245116,23.327840693167,24.640860133639,
    25.985974841284,27.260500260188,28.473662841808,29.546573791048,
    30.665502050481,31.746604132965,32.796723932319,33.744037531687,
    34.751762028128,35.745458780463,36.730106112805,37.635070035337,
    38.615335519513,39.599805338773,40.592877392801,41.521106716853,
    42.54355210237,43.588460947472,44.661307186429,45.681682040739,
    46.825929386569,48.018033969658,49.266638650819,50.477859791669,
    51.863921967174,53.33914083985,54.917675284274,56.480212616324,
    58.303578905337,60.281721918016,62.435877257802,64.600562295301,
    67.15990258556,69.968318443063,73.053194077155),(-22.4,0.),
  .UNSPECIFIED.);
#3036 = CARTESIAN_POINT('',(-9.880760870129,-5.816194003237,22.4));
#3037 = CARTESIAN_POINT('',(-9.880760870129,-5.816194003237,0.));
#3038 = CARTESIAN_POINT('',(-9.514229607782,-6.644893632948,22.4));
#3039 = CARTESIAN_POINT('',(-9.514229607782,-6.644893632948,0.));
#3040 = CARTESIAN_POINT('',(-8.726866094648,-8.352347400098,22.4));
#3041 = CARTESIAN_POINT('',(-8.726866094648,-8.352347400098,0.));
#3042 = CARTESIAN_POINT('',(-7.7482593467,-10.8879937497,22.4));
#3043 = CARTESIAN_POINT('',(-7.7482593467,-10.8879937497,0.));
#3044 = CARTESIAN_POINT('',(-6.930325714986,-13.30955134065,22.4));
#3045 = CARTESIAN_POINT('',(-6.930325714986,-13.30955134065,0.));
#3046 = CARTESIAN_POINT('',(-6.282227562072,-15.59647271426,22.4));
#3047 = CARTESIAN_POINT('',(-6.282227562072,-15.59647271426,0.));
#3048 = CARTESIAN_POINT('',(-5.784587849339,-17.75309560005,22.4));
#3049 = CARTESIAN_POINT('',(-5.784587849339,-17.75309560005,0.));
#3050 = CARTESIAN_POINT('',(-5.420650667977,-19.84232219723,22.4));
#3051 = CARTESIAN_POINT('',(-5.420650667977,-19.84232219723,0.));
#3052 = CARTESIAN_POINT('',(-5.197909862873,-21.75917145835,22.4));
#3053 = CARTESIAN_POINT('',(-5.197909862873,-21.75917145835,0.));
#3054 = CARTESIAN_POINT('',(-5.09325654643,-23.5548404339,22.4));
#3055 = CARTESIAN_POINT('',(-5.09325654643,-23.5548404339,0.));
#3056 = CARTESIAN_POINT('',(-5.096182803092,-25.23398865028,22.4));
#3057 = CARTESIAN_POINT('',(-5.096182803092,-25.23398865028,0.));
#3058 = CARTESIAN_POINT('',(-5.204221968676,-26.84626796173,22.4));
#3059 = CARTESIAN_POINT('',(-5.204221968676,-26.84626796173,0.));
#3060 = CARTESIAN_POINT('',(-5.40645938795,-28.31151949602,22.4));
#3061 = CARTESIAN_POINT('',(-5.40645938795,-28.31151949602,0.));
#3062 = CARTESIAN_POINT('',(-5.684731680676,-29.67345682684,22.4));
#3063 = CARTESIAN_POINT('',(-5.684731680676,-29.67345682684,0.));
#3064 = CARTESIAN_POINT('',(-6.029671265133,-30.93940402072,22.4));
#3065 = CARTESIAN_POINT('',(-6.029671265133,-30.93940402072,0.));
#3066 = CARTESIAN_POINT('',(-6.463046947933,-32.14271777302,22.4));
#3067 = CARTESIAN_POINT('',(-6.463046947933,-32.14271777302,0.));
#3068 = CARTESIAN_POINT('',(-6.953135511264,-33.22509717163,22.4));
#3069 = CARTESIAN_POINT('',(-6.953135511264,-33.22509717163,0.));
#3070 = CARTESIAN_POINT('',(-7.501765821777,-34.21990980166,22.4));
#3071 = CARTESIAN_POINT('',(-7.501765821777,-34.21990980166,0.));
#3072 = CARTESIAN_POINT('',(-8.103348380965,-35.13155786663,22.4));
#3073 = CARTESIAN_POINT('',(-8.103348380965,-35.13155786663,0.));
#3074 = CARTESIAN_POINT('',(-8.773662220142,-35.98423564359,22.4));
#3075 = CARTESIAN_POINT('',(-8.773662220142,-35.98423564359,0.));
#3076 = CARTESIAN_POINT('',(-9.472911294482,-36.73688982299,22.4));
#3077 = CARTESIAN_POINT('',(-9.472911294482,-36.73688982299,0.));
#3078 = CARTESIAN_POINT('',(-10.21056241331,-37.4159329875,22.4));
#3079 = CARTESIAN_POINT('',(-10.21056241331,-37.4159329875,0.));
#3080 = CARTESIAN_POINT('',(-10.98322378389,-38.0251375478,22.4));
#3081 = CARTESIAN_POINT('',(-10.98322378389,-38.0251375478,0.));
#3082 = CARTESIAN_POINT('',(-11.81092069461,-38.57970852519,22.4));
#3083 = CARTESIAN_POINT('',(-11.81092069461,-38.57970852519,0.));
#3084 = CARTESIAN_POINT('',(-12.64794464449,-39.0538491695,22.4));
#3085 = CARTESIAN_POINT('',(-12.64794464449,-39.0538491695,0.));
#3086 = CARTESIAN_POINT('',(-13.51172772937,-39.46651697433,22.4));
#3087 = CARTESIAN_POINT('',(-13.51172772937,-39.46651697433,0.));
#3088 = CARTESIAN_POINT('',(-14.40148000634,-39.81986461885,22.4));
#3089 = CARTESIAN_POINT('',(-14.40148000634,-39.81986461885,0.));
#3090 = CARTESIAN_POINT('',(-15.34122006629,-40.12055972449,22.4));
#3091 = CARTESIAN_POINT('',(-15.34122006629,-40.12055972449,0.));
#3092 = CARTESIAN_POINT('',(-16.28205429758,-40.35376691334,22.4));
#3093 = CARTESIAN_POINT('',(-16.28205429758,-40.35376691334,0.));
#3094 = CARTESIAN_POINT('',(-17.24800856906,-40.52956210035,22.4));
#3095 = CARTESIAN_POINT('',(-17.24800856906,-40.52956210035,0.));
#3096 = CARTESIAN_POINT('',(-18.24033408098,-40.6468681278,22.4));
#3097 = CARTESIAN_POINT('',(-18.24033408098,-40.6468681278,0.));
#3098 = CARTESIAN_POINT('',(-19.28630175034,-40.7025716469,22.4));
#3099 = CARTESIAN_POINT('',(-19.28630175034,-40.7025716469,0.));
#3100 = CARTESIAN_POINT('',(-20.33301805934,-40.6907735466,22.4));
#3101 = CARTESIAN_POINT('',(-20.33301805934,-40.6907735466,0.));
#3102 = CARTESIAN_POINT('',(-21.40988875719,-40.61154097701,22.4));
#3103 = CARTESIAN_POINT('',(-21.40988875719,-40.61154097701,0.));
#3104 = CARTESIAN_POINT('',(-22.51924911683,-40.45958624132,22.4));
#3105 = CARTESIAN_POINT('',(-22.51924911683,-40.45958624132,0.));
#3106 = CARTESIAN_POINT('',(-23.69086171816,-40.22011819032,22.4));
#3107 = CARTESIAN_POINT('',(-23.69086171816,-40.22011819032,0.));
#3108 = CARTESIAN_POINT('',(-24.86579601191,-39.8983432551,22.4));
#3109 = CARTESIAN_POINT('',(-24.86579601191,-39.8983432551,0.));
#3110 = CARTESIAN_POINT('',(-26.07919697918,-39.48238287774,22.4));
#3111 = CARTESIAN_POINT('',(-26.07919697918,-39.48238287774,0.));
#3112 = CARTESIAN_POINT('',(-27.33409689842,-38.96213597384,22.4));
#3113 = CARTESIAN_POINT('',(-27.33409689842,-38.96213597384,0.));
#3114 = CARTESIAN_POINT('',(-28.66294166218,-38.30844168994,22.4));
#3115 = CARTESIAN_POINT('',(-28.66294166218,-38.30844168994,0.));
#3116 = CARTESIAN_POINT('',(-29.99928856865,-37.54361104377,22.4));
#3117 = CARTESIAN_POINT('',(-29.99928856865,-37.54361104377,0.));
#3118 = CARTESIAN_POINT('',(-31.38601232023,-36.63900690952,22.4));
#3119 = CARTESIAN_POINT('',(-31.38601232023,-36.63900690952,0.));
#3120 = CARTESIAN_POINT('',(-32.82677755251,-35.57899905132,22.4));
#3121 = CARTESIAN_POINT('',(-32.82677755251,-35.57899905132,0.));
#3122 = CARTESIAN_POINT('',(-34.35945409669,-34.31357817388,22.4));
#3123 = CARTESIAN_POINT('',(-34.35945409669,-34.31357817388,0.));
#3124 = CARTESIAN_POINT('',(-35.90274313899,-32.89798423797,22.4));
#3125 = CARTESIAN_POINT('',(-35.90274313899,-32.89798423797,0.));
#3126 = CARTESIAN_POINT('',(-37.53140383269,-31.25032875088,22.4));
#3127 = CARTESIAN_POINT('',(-37.53140383269,-31.25032875088,0.));
#3128 = CARTESIAN_POINT('',(-39.15048500383,-29.47162515096,22.4));
#3129 = CARTESIAN_POINT('',(-39.15048500383,-29.47162515096,0.));
#3130 = CARTESIAN_POINT('',(-41.24007930472,-26.93964605503,22.4));
#3131 = CARTESIAN_POINT('',(-41.24007930472,-26.93964605503,0.));
#3132 = CARTESIAN_POINT('',(-41.64023045115,-26.36793151795,22.4));
#3133 = CARTESIAN_POINT('',(-41.64023045115,-26.36793151795,0.));
#3134 = CARTESIAN_POINT('',(-42.80678214913,-24.84388483054,22.4));
#3135 = CARTESIAN_POINT('',(-42.80678214913,-24.84388483054,0.));
#3136 = DEFINITIONAL_REPRESENTATION('',(#3137),#3141);
#3137 = LINE('',#3138,#3139);
#3138 = CARTESIAN_POINT('',(0.,0.));
#3139 = VECTOR('',#3140,1.);
#3140 = DIRECTION('',(1.,0.));
#3141 = ( GEOMETRIC_REPRESENTATION_CONTEXT(2) 
PARAMETRIC_REPRESENTATION_CONTEXT() REPRESENTATION_CONTEXT('2D SPACE',''
  ) );
#3142 = ORIENTED_EDGE('',*,*,#3143,.F.);
#3143 = EDGE_CURVE('',#3144,#2926,#3146,.T.);
#3144 = VERTEX_POINT('',#3145);
#3145 = CARTESIAN_POINT('',(-7.051107079368,-12.01969306091,0.));
#3146 = SURFACE_CURVE('',#3147,(#3151,#3158),.PCURVE_S1.);
#3147 = LINE('',#3148,#3149);
#3148 = CARTESIAN_POINT('',(-7.051107079368,-12.01969306091,0.));
#3149 = VECTOR('',#3150,1.);
#3150 = DIRECTION('',(-0.460892493355,0.88745597613,0.));
#3151 = PCURVE('',#45,#3152);
#3152 = DEFINITIONAL_REPRESENTATION('',(#3153),#3157);
#3153 = LINE('',#3154,#3155);
#3154 = CARTESIAN_POINT('',(-7.051107079368,-12.01969306091));
#3155 = VECTOR('',#3156,1.);
#3156 = DIRECTION('',(-0.460892493355,0.88745597613));
#3157 = ( GEOMETRIC_REPRESENTATION_CONTEXT(2) 
PARAMETRIC_REPRESENTATION_CONTEXT() REPRESENTATION_CONTEXT('2D SPACE',''
  ) );
#3158 = PCURVE('',#3159,#3164);
#3159 = PLANE('',#3160);
#3160 = AXIS2_PLACEMENT_3D('',#3161,#3162,#3163);
#3161 = CARTESIAN_POINT('',(-7.051107079368,-12.01969306091,0.));
#3162 = DIRECTION('',(-0.88745597613,-0.460892493355,0.));
#3163 = DIRECTION('',(-0.460892493355,0.88745597613,0.));
#3164 = DEFINITIONAL_REPRESENTATION('',(#3165),#3169);
#3165 = LINE('',#3166,#3167);
#3166 = CARTESIAN_POINT('',(0.,0.));
#3167 = VECTOR('',#3168,1.);
#3168 = DIRECTION('',(1.,0.));
#3169 = ( GEOMETRIC_REPRESENTATION_CONTEXT(2) 
PARAMETRIC_REPRESENTATION_CONTEXT() REPRESENTATION_CONTEXT('2D SPACE',''
  ) );
#3170 = ORIENTED_EDGE('',*,*,#3171,.F.);
#3171 = EDGE_CURVE('',#3172,#3144,#3174,.T.);
#3172 = VERTEX_POINT('',#3173);
#3173 = CARTESIAN_POINT('',(-23.85018161985,-41.08563770057,0.));
#3174 = SURFACE_CURVE('',#3175,(#3226,#3280),.PCURVE_S1.);
#3175 = B_SPLINE_CURVE_WITH_KNOTS('',3,(#3176,#3177,#3178,#3179,#3180,
    #3181,#3182,#3183,#3184,#3185,#3186,#3187,#3188,#3189,#3190,#3191,
    #3192,#3193,#3194,#3195,#3196,#3197,#3198,#3199,#3200,#3201,#3202,
    #3203,#3204,#3205,#3206,#3207,#3208,#3209,#3210,#3211,#3212,#3213,
    #3214,#3215,#3216,#3217,#3218,#3219,#3220,#3221,#3222,#3223,#3224,
    #3225),.UNSPECIFIED.,.F.,.F.,(4,1,1,1,1,1,1,1,1,1,1,1,1,1,1,1,1,1,1,
    1,1,1,1,1,1,1,1,1,1,1,1,1,1,1,1,1,1,1,1,1,1,1,1,1,1,1,1,4),(0.,
    3.010134173011,5.734866089906,8.204243200285,10.280216915947,
    12.332164523515,14.201956865391,15.911237845672,17.363900720308,
    18.819208714806,20.167747400886,21.42468716853,22.515414853025,
    23.632925452475,24.694050367351,25.707901186754,26.608581862701,
    27.552388564938,28.468532489134,29.361872223827,30.169943636586,
    31.030962627216,31.880548884696,32.72227944396,33.495545472128,
    34.332992621126,35.174663745336,36.025783427864,36.825011523752,
    37.711824801461,38.627874308414,39.58148948206,40.502911686362,
    41.554574841448,42.671594637474,43.864256147866,45.041219012251,
    46.408073524505,47.880684921353,49.469922617188,51.049935999727,
    52.894334824252,54.887680127977,57.041280206621,59.18142193199,
    61.675679145654,64.364419403117,67.031728548195),.UNSPECIFIED.);
#3176 = CARTESIAN_POINT('',(-23.85018161985,-41.08563770057,0.));
#3177 = CARTESIAN_POINT('',(-22.9383321354,-41.46464867126,0.));
#3178 = CARTESIAN_POINT('',(-21.16313051495,-42.23395186098,0.));
#3179 = CARTESIAN_POINT('',(-18.60178323579,-43.17217684708,0.));
#3180 = CARTESIAN_POINT('',(-16.29339022618,-43.91793017513,0.));
#3181 = CARTESIAN_POINT('',(-14.17149585791,-44.49686796448,0.));
#3182 = CARTESIAN_POINT('',(-12.21918507429,-44.93190906164,0.));
#3183 = CARTESIAN_POINT('',(-10.36726323638,-45.24317538223,0.));
#3184 = CARTESIAN_POINT('',(-8.699387147197,-45.42886610224,0.));
#3185 = CARTESIAN_POINT('',(-7.161839610024,-45.51275965803,0.));
#3186 = CARTESIAN_POINT('',(-5.74209949152,-45.50759709289,0.));
#3187 = CARTESIAN_POINT('',(-4.390579828522,-45.41785900895,0.));
#3188 = CARTESIAN_POINT('',(-3.168112538737,-45.25745311143,0.));
#3189 = CARTESIAN_POINT('',(-2.033887352887,-45.0354906316,0.));
#3190 = CARTESIAN_POINT('',(-0.978897551494,-44.75914012728,0.));
#3191 = CARTESIAN_POINT('',(3.132178123361E-02,-44.4222298205,0.));
#3192 = CARTESIAN_POINT('',(0.950367029506,-44.04723904573,0.));
#3193 = CARTESIAN_POINT('',(1.808748455452,-43.6324829755,0.));
#3194 = CARTESIAN_POINT('',(2.611400516349,-43.18111342381,0.));
#3195 = CARTESIAN_POINT('',(3.381232221976,-42.68031190524,0.));
#3196 = CARTESIAN_POINT('',(4.080940655235,-42.15803312625,0.));
#3197 = CARTESIAN_POINT('',(4.73263925928,-41.60513172908,0.));
#3198 = CARTESIAN_POINT('',(5.337855591533,-41.02236735505,0.));
#3199 = CARTESIAN_POINT('',(5.910443784111,-40.3922454647,0.));
#3200 = CARTESIAN_POINT('',(6.420538034273,-39.74740920504,0.));
#3201 = CARTESIAN_POINT('',(6.883518898961,-39.07297498895,0.));
#3202 = CARTESIAN_POINT('',(7.298486644326,-38.36779785674,0.));
#3203 = CARTESIAN_POINT('',(7.67096651686,-37.61019225336,0.));
#3204 = CARTESIAN_POINT('',(7.979078415385,-36.83783978093,0.));
#3205 = CARTESIAN_POINT('',(8.231773277157,-36.02996431629,0.));
#3206 = CARTESIAN_POINT('',(8.42550097466,-35.18349977364,0.));
#3207 = CARTESIAN_POINT('',(8.556164117265,-34.27296123684,0.));
#3208 = CARTESIAN_POINT('',(8.611612608317,-33.34316538474,0.));
#3209 = CARTESIAN_POINT('',(8.592258217678,-32.36688876422,0.));
#3210 = CARTESIAN_POINT('',(8.490936763974,-31.3406708785,0.));
#3211 = CARTESIAN_POINT('',(8.291249467091,-30.23705258033,0.));
#3212 = CARTESIAN_POINT('',(7.998405067358,-29.11106409302,0.));
#3213 = CARTESIAN_POINT('',(7.589078170952,-27.93348777226,0.));
#3214 = CARTESIAN_POINT('',(7.055581640139,-26.70429423241,0.));
#3215 = CARTESIAN_POINT('',(6.377765038857,-25.39168224551,0.));
#3216 = CARTESIAN_POINT('',(5.578185203553,-24.06574782784,0.));
#3217 = CARTESIAN_POINT('',(4.630789307926,-22.68790584342,0.));
#3218 = CARTESIAN_POINT('',(3.523364729133,-21.26043965193,0.));
#3219 = CARTESIAN_POINT('',(2.209846404675,-19.75301775798,0.));
#3220 = CARTESIAN_POINT('',(0.753333871887,-18.25218231914,0.));
#3221 = CARTESIAN_POINT('',(-0.919557641022,-16.69620364759,0.));
#3222 = CARTESIAN_POINT('',(-2.707838975062,-15.17553205072,0.));
#3223 = CARTESIAN_POINT('',(-5.099203627213,-13.35009044419,0.));
#3224 = CARTESIAN_POINT('',(-5.776592839161,-12.91100078668,0.));
#3225 = CARTESIAN_POINT('',(-7.051107079368,-12.01969306091,0.));
#3226 = PCURVE('',#45,#3227);
#3227 = DEFINITIONAL_REPRESENTATION('',(#3228),#3279);
#3228 = B_SPLINE_CURVE_WITH_KNOTS('',3,(#3229,#3230,#3231,#3232,#3233,
    #3234,#3235,#3236,#3237,#3238,#3239,#3240,#3241,#3242,#3243,#3244,
    #3245,#3246,#3247,#3248,#3249,#3250,#3251,#3252,#3253,#3254,#3255,
    #3256,#3257,#3258,#3259,#3260,#3261,#3262,#3263,#3264,#3265,#3266,
    #3267,#3268,#3269,#3270,#3271,#3272,#3273,#3274,#3275,#3276,#3277,
    #3278),.UNSPECIFIED.,.F.,.F.,(4,1,1,1,1,1,1,1,1,1,1,1,1,1,1,1,1,1,1,
    1,1,1,1,1,1,1,1,1,1,1,1,1,1,1,1,1,1,1,1,1,1,1,1,1,1,1,1,4),(0.,
    3.010134173011,5.734866089906,8.204243200285,10.280216915947,
    12.332164523515,14.201956865391,15.911237845672,17.363900720308,
    18.819208714806,20.167747400886,21.42468716853,22.515414853025,
    23.632925452475,24.694050367351,25.707901186754,26.608581862701,
    27.552388564938,28.468532489134,29.361872223827,30.169943636586,
    31.030962627216,31.880548884696,32.72227944396,33.495545472128,
    34.332992621126,35.174663745336,36.025783427864,36.825011523752,
    37.711824801461,38.627874308414,39.58148948206,40.502911686362,
    41.554574841448,42.671594637474,43.864256147866,45.041219012251,
    46.408073524505,47.880684921353,49.469922617188,51.049935999727,
    52.894334824252,54.887680127977,57.041280206621,59.18142193199,
    61.675679145654,64.364419403117,67.031728548195),.UNSPECIFIED.);
#3229 = CARTESIAN_POINT('',(-23.85018161985,-41.08563770057));
#3230 = CARTESIAN_POINT('',(-22.9383321354,-41.46464867126));
#3231 = CARTESIAN_POINT('',(-21.16313051495,-42.23395186098));
#3232 = CARTESIAN_POINT('',(-18.60178323579,-43.17217684708));
#3233 = CARTESIAN_POINT('',(-16.29339022618,-43.91793017513));
#3234 = CARTESIAN_POINT('',(-14.17149585791,-44.49686796448));
#3235 = CARTESIAN_POINT('',(-12.21918507429,-44.93190906164));
#3236 = CARTESIAN_POINT('',(-10.36726323638,-45.24317538223));
#3237 = CARTESIAN_POINT('',(-8.699387147197,-45.42886610224));
#3238 = CARTESIAN_POINT('',(-7.161839610024,-45.51275965803));
#3239 = CARTESIAN_POINT('',(-5.74209949152,-45.50759709289));
#3240 = CARTESIAN_POINT('',(-4.390579828522,-45.41785900895));
#3241 = CARTESIAN_POINT('',(-3.168112538737,-45.25745311143));
#3242 = CARTESIAN_POINT('',(-2.033887352887,-45.0354906316));
#3243 = CARTESIAN_POINT('',(-0.978897551494,-44.75914012728));
#3244 = CARTESIAN_POINT('',(3.132178123362E-02,-44.4222298205));
#3245 = CARTESIAN_POINT('',(0.950367029506,-44.04723904573));
#3246 = CARTESIAN_POINT('',(1.808748455452,-43.6324829755));
#3247 = CARTESIAN_POINT('',(2.611400516349,-43.18111342381));
#3248 = CARTESIAN_POINT('',(3.381232221976,-42.68031190524));
#3249 = CARTESIAN_POINT('',(4.080940655235,-42.15803312625));
#3250 = CARTESIAN_POINT('',(4.73263925928,-41.60513172908));
#3251 = CARTESIAN_POINT('',(5.337855591533,-41.02236735505));
#3252 = CARTESIAN_POINT('',(5.910443784111,-40.3922454647));
#3253 = CARTESIAN_POINT('',(6.420538034273,-39.74740920504));
#3254 = CARTESIAN_POINT('',(6.883518898961,-39.07297498895));
#3255 = CARTESIAN_POINT('',(7.298486644326,-38.36779785674));
#3256 = CARTESIAN_POINT('',(7.67096651686,-37.61019225336));
#3257 = CARTESIAN_POINT('',(7.979078415385,-36.83783978093));
#3258 = CARTESIAN_POINT('',(8.231773277157,-36.02996431629));
#3259 = CARTESIAN_POINT('',(8.42550097466,-35.18349977364));
#3260 = CARTESIAN_POINT('',(8.556164117265,-34.27296123684));
#3261 = CARTESIAN_POINT('',(8.611612608317,-33.34316538474));
#3262 = CARTESIAN_POINT('',(8.592258217678,-32.36688876422));
#3263 = CARTESIAN_POINT('',(8.490936763974,-31.3406708785));
#3264 = CARTESIAN_POINT('',(8.291249467091,-30.23705258033));
#3265 = CARTESIAN_POINT('',(7.998405067358,-29.11106409302));
#3266 = CARTESIAN_POINT('',(7.589078170952,-27.93348777226));
#3267 = CARTESIAN_POINT('',(7.055581640139,-26.70429423241));
#3268 = CARTESIAN_POINT('',(6.377765038857,-25.39168224551));
#3269 = CARTESIAN_POINT('',(5.578185203553,-24.06574782784));
#3270 = CARTESIAN_POINT('',(4.630789307926,-22.68790584342));
#3271 = CARTESIAN_POINT('',(3.523364729133,-21.26043965193));
#3272 = CARTESIAN_POINT('',(2.209846404675,-19.75301775798));
#3273 = CARTESIAN_POINT('',(0.753333871887,-18.25218231914));
#3274 = CARTESIAN_POINT('',(-0.919557641022,-16.69620364759));
#3275 = CARTESIAN_POINT('',(-2.707838975062,-15.17553205072));
#3276 = CARTESIAN_POINT('',(-5.099203627213,-13.35009044419));
#3277 = CARTESIAN_POINT('',(-5.776592839161,-12.91100078668));
#3278 = CARTESIAN_POINT('',(-7.051107079368,-12.01969306091));
#3279 = ( GEOMETRIC_REPRESENTATION_CONTEXT(2) 
PARAMETRIC_REPRESENTATION_CONTEXT() REPRESENTATION_CONTEXT('2D SPACE',''
  ) );
#3280 = PCURVE('',#3281,#3382);
#3281 = B_SPLINE_SURFACE_WITH_KNOTS('',3,1,(
    (#3282,#3283)
    ,(#3284,#3285)
    ,(#3286,#3287)
    ,(#3288,#3289)
    ,(#3290,#3291)
    ,(#3292,#3293)
    ,(#3294,#3295)
    ,(#3296,#3297)
    ,(#3298,#3299)
    ,(#3300,#3301)
    ,(#3302,#3303)
    ,(#3304,#3305)
    ,(#3306,#3307)
    ,(#3308,#3309)
    ,(#3310,#3311)
    ,(#3312,#3313)
    ,(#3314,#3315)
    ,(#3316,#3317)
    ,(#3318,#3319)
    ,(#3320,#3321)
    ,(#3322,#3323)
    ,(#3324,#3325)
    ,(#3326,#3327)
    ,(#3328,#3329)
    ,(#3330,#3331)
    ,(#3332,#3333)
    ,(#3334,#3335)
    ,(#3336,#3337)
    ,(#3338,#3339)
    ,(#3340,#3341)
    ,(#3342,#3343)
    ,(#3344,#3345)
    ,(#3346,#3347)
    ,(#3348,#3349)
    ,(#3350,#3351)
    ,(#3352,#3353)
    ,(#3354,#3355)
    ,(#3356,#3357)
    ,(#3358,#3359)
    ,(#3360,#3361)
    ,(#3362,#3363)
    ,(#3364,#3365)
    ,(#3366,#3367)
    ,(#3368,#3369)
    ,(#3370,#3371)
    ,(#3372,#3373)
    ,(#3374,#3375)
    ,(#3376,#3377)
    ,(#3378,#3379)
    ,(#3380,#3381
    )),.UNSPECIFIED.,.F.,.F.,.F.,(4,1,1,1,1,1,1,1,1,1,1,1,1,1,1,1,1,1,1,
    1,1,1,1,1,1,1,1,1,1,1,1,1,1,1,1,1,1,1,1,1,1,1,1,1,1,1,1,4),(2,2),(0.
    ,3.010134173011,5.734866089906,8.204243200285,10.280216915947,
    12.332164523515,14.201956865391,15.911237845672,17.363900720308,
    18.819208714806,20.167747400886,21.42468716853,22.515414853025,
    23.632925452475,24.694050367351,25.707901186754,26.608581862701,
    27.552388564938,28.468532489134,29.361872223827,30.169943636586,
    31.030962627216,31.880548884696,32.72227944396,33.495545472128,
    34.332992621126,35.174663745336,36.025783427864,36.825011523752,
    37.711824801461,38.627874308414,39.58148948206,40.502911686362,
    41.554574841448,42.671594637474,43.864256147866,45.041219012251,
    46.408073524505,47.880684921353,49.469922617188,51.049935999727,
    52.894334824252,54.887680127977,57.041280206621,59.18142193199,
    61.675679145654,64.364419403117,67.031728548195),(-22.4,0.),
  .UNSPECIFIED.);
#3282 = CARTESIAN_POINT('',(-23.85018161985,-41.08563770057,22.4));
#3283 = CARTESIAN_POINT('',(-23.85018161985,-41.08563770057,0.));
#3284 = CARTESIAN_POINT('',(-22.9383321354,-41.46464867126,22.4));
#3285 = CARTESIAN_POINT('',(-22.9383321354,-41.46464867126,0.));
#3286 = CARTESIAN_POINT('',(-21.16313051495,-42.23395186098,22.4));
#3287 = CARTESIAN_POINT('',(-21.16313051495,-42.23395186098,0.));
#3288 = CARTESIAN_POINT('',(-18.60178323579,-43.17217684708,22.4));
#3289 = CARTESIAN_POINT('',(-18.60178323579,-43.17217684708,0.));
#3290 = CARTESIAN_POINT('',(-16.29339022618,-43.91793017513,22.4));
#3291 = CARTESIAN_POINT('',(-16.29339022618,-43.91793017513,0.));
#3292 = CARTESIAN_POINT('',(-14.17149585791,-44.49686796448,22.4));
#3293 = CARTESIAN_POINT('',(-14.17149585791,-44.49686796448,0.));
#3294 = CARTESIAN_POINT('',(-12.21918507429,-44.93190906164,22.4));
#3295 = CARTESIAN_POINT('',(-12.21918507429,-44.93190906164,0.));
#3296 = CARTESIAN_POINT('',(-10.36726323638,-45.24317538223,22.4));
#3297 = CARTESIAN_POINT('',(-10.36726323638,-45.24317538223,0.));
#3298 = CARTESIAN_POINT('',(-8.699387147197,-45.42886610224,22.4));
#3299 = CARTESIAN_POINT('',(-8.699387147197,-45.42886610224,0.));
#3300 = CARTESIAN_POINT('',(-7.161839610024,-45.51275965803,22.4));
#3301 = CARTESIAN_POINT('',(-7.161839610024,-45.51275965803,0.));
#3302 = CARTESIAN_POINT('',(-5.74209949152,-45.50759709289,22.4));
#3303 = CARTESIAN_POINT('',(-5.74209949152,-45.50759709289,0.));
#3304 = CARTESIAN_POINT('',(-4.390579828522,-45.41785900895,22.4));
#3305 = CARTESIAN_POINT('',(-4.390579828522,-45.41785900895,0.));
#3306 = CARTESIAN_POINT('',(-3.168112538737,-45.25745311143,22.4));
#3307 = CARTESIAN_POINT('',(-3.168112538737,-45.25745311143,0.));
#3308 = CARTESIAN_POINT('',(-2.033887352887,-45.0354906316,22.4));
#3309 = CARTESIAN_POINT('',(-2.033887352887,-45.0354906316,0.));
#3310 = CARTESIAN_POINT('',(-0.978897551494,-44.75914012728,22.4));
#3311 = CARTESIAN_POINT('',(-0.978897551494,-44.75914012728,0.));
#3312 = CARTESIAN_POINT('',(3.132178123361E-02,-44.4222298205,22.4));
#3313 = CARTESIAN_POINT('',(3.132178123361E-02,-44.4222298205,0.));
#3314 = CARTESIAN_POINT('',(0.950367029506,-44.04723904573,22.4));
#3315 = CARTESIAN_POINT('',(0.950367029506,-44.04723904573,0.));
#3316 = CARTESIAN_POINT('',(1.808748455452,-43.6324829755,22.4));
#3317 = CARTESIAN_POINT('',(1.808748455452,-43.6324829755,0.));
#3318 = CARTESIAN_POINT('',(2.611400516349,-43.18111342381,22.4));
#3319 = CARTESIAN_POINT('',(2.611400516349,-43.18111342381,0.));
#3320 = CARTESIAN_POINT('',(3.381232221976,-42.68031190524,22.4));
#3321 = CARTESIAN_POINT('',(3.381232221976,-42.68031190524,0.));
#3322 = CARTESIAN_POINT('',(4.080940655235,-42.15803312625,22.4));
#3323 = CARTESIAN_POINT('',(4.080940655235,-42.15803312625,0.));
#3324 = CARTESIAN_POINT('',(4.73263925928,-41.60513172908,22.4));
#3325 = CARTESIAN_POINT('',(4.73263925928,-41.60513172908,0.));
#3326 = CARTESIAN_POINT('',(5.337855591533,-41.02236735505,22.4));
#3327 = CARTESIAN_POINT('',(5.337855591533,-41.02236735505,0.));
#3328 = CARTESIAN_POINT('',(5.910443784111,-40.3922454647,22.4));
#3329 = CARTESIAN_POINT('',(5.910443784111,-40.3922454647,0.));
#3330 = CARTESIAN_POINT('',(6.420538034273,-39.74740920504,22.4));
#3331 = CARTESIAN_POINT('',(6.420538034273,-39.74740920504,0.));
#3332 = CARTESIAN_POINT('',(6.883518898961,-39.07297498895,22.4));
#3333 = CARTESIAN_POINT('',(6.883518898961,-39.07297498895,0.));
#3334 = CARTESIAN_POINT('',(7.298486644326,-38.36779785674,22.4));
#3335 = CARTESIAN_POINT('',(7.298486644326,-38.36779785674,0.));
#3336 = CARTESIAN_POINT('',(7.67096651686,-37.61019225336,22.4));
#3337 = CARTESIAN_POINT('',(7.67096651686,-37.61019225336,0.));
#3338 = CARTESIAN_POINT('',(7.979078415385,-36.83783978093,22.4));
#3339 = CARTESIAN_POINT('',(7.979078415385,-36.83783978093,0.));
#3340 = CARTESIAN_POINT('',(8.231773277157,-36.02996431629,22.4));
#3341 = CARTESIAN_POINT('',(8.231773277157,-36.02996431629,0.));
#3342 = CARTESIAN_POINT('',(8.42550097466,-35.18349977364,22.4));
#3343 = CARTESIAN_POINT('',(8.42550097466,-35.18349977364,0.));
#3344 = CARTESIAN_POINT('',(8.556164117265,-34.27296123684,22.4));
#3345 = CARTESIAN_POINT('',(8.556164117265,-34.27296123684,0.));
#3346 = CARTESIAN_POINT('',(8.611612608317,-33.34316538474,22.4));
#3347 = CARTESIAN_POINT('',(8.611612608317,-33.34316538474,0.));
#3348 = CARTESIAN_POINT('',(8.592258217678,-32.36688876422,22.4));
#3349 = CARTESIAN_POINT('',(8.592258217678,-32.36688876422,0.));
#3350 = CARTESIAN_POINT('',(8.490936763974,-31.3406708785,22.4));
#3351 = CARTESIAN_POINT('',(8.490936763974,-31.3406708785,0.));
#3352 = CARTESIAN_POINT('',(8.291249467091,-30.23705258033,22.4));
#3353 = CARTESIAN_POINT('',(8.291249467091,-30.23705258033,0.));
#3354 = CARTESIAN_POINT('',(7.998405067358,-29.11106409302,22.4));
#3355 = CARTESIAN_POINT('',(7.998405067358,-29.11106409302,0.));
#3356 = CARTESIAN_POINT('',(7.589078170952,-27.93348777226,22.4));
#3357 = CARTESIAN_POINT('',(7.589078170952,-27.93348777226,0.));
#3358 = CARTESIAN_POINT('',(7.055581640139,-26.70429423241,22.4));
#3359 = CARTESIAN_POINT('',(7.055581640139,-26.70429423241,0.));
#3360 = CARTESIAN_POINT('',(6.377765038857,-25.39168224551,22.4));
#3361 = CARTESIAN_POINT('',(6.377765038857,-25.39168224551,0.));
#3362 = CARTESIAN_POINT('',(5.578185203553,-24.06574782784,22.4));
#3363 = CARTESIAN_POINT('',(5.578185203553,-24.06574782784,0.));
#3364 = CARTESIAN_POINT('',(4.630789307926,-22.68790584342,22.4));
#3365 = CARTESIAN_POINT('',(4.630789307926,-22.68790584342,0.));
#3366 = CARTESIAN_POINT('',(3.523364729133,-21.26043965193,22.4));
#3367 = CARTESIAN_POINT('',(3.523364729133,-21.26043965193,0.));
#3368 = CARTESIAN_POINT('',(2.209846404675,-19.75301775798,22.4));
#3369 = CARTESIAN_POINT('',(2.209846404675,-19.75301775798,0.));
#3370 = CARTESIAN_POINT('',(0.753333871887,-18.25218231914,22.4));
#3371 = CARTESIAN_POINT('',(0.753333871887,-18.25218231914,0.));
#3372 = CARTESIAN_POINT('',(-0.919557641022,-16.69620364759,22.4));
#3373 = CARTESIAN_POINT('',(-0.919557641022,-16.69620364759,0.));
#3374 = CARTESIAN_POINT('',(-2.707838975062,-15.17553205072,22.4));
#3375 = CARTESIAN_POINT('',(-2.707838975062,-15.17553205072,0.));
#3376 = CARTESIAN_POINT('',(-5.099203627213,-13.35009044419,22.4));
#3377 = CARTESIAN_POINT('',(-5.099203627213,-13.35009044419,0.));
#3378 = CARTESIAN_POINT('',(-5.776592839161,-12.91100078668,22.4));
#3379 = CARTESIAN_POINT('',(-5.776592839161,-12.91100078668,0.));
#3380 = CARTESIAN_POINT('',(-7.051107079368,-12.01969306091,22.4));
#3381 = CARTESIAN_POINT('',(-7.051107079368,-12.01969306091,0.));
#3382 = DEFINITIONAL_REPRESENTATION('',(#3383),#3387);
#3383 = LINE('',#3384,#3385);
#3384 = CARTESIAN_POINT('',(0.,0.));
#3385 = VECTOR('',#3386,1.);
#3386 = DIRECTION('',(1.,0.));
#3387 = ( GEOMETRIC_REPRESENTATION_CONTEXT(2) 
PARAMETRIC_REPRESENTATION_CONTEXT() REPRESENTATION_CONTEXT('2D SPACE',''
  ) );
#3388 = ORIENTED_EDGE('',*,*,#3389,.F.);
#3389 = EDGE_CURVE('',#3390,#3172,#3392,.T.);
#3390 = VERTEX_POINT('',#3391);
#3391 = CARTESIAN_POINT('',(-28.44250320938,-39.17692093655,0.));
#3392 = SURFACE_CURVE('',#3393,(#3397,#3404),.PCURVE_S1.);
#3393 = LINE('',#3394,#3395);
#3394 = CARTESIAN_POINT('',(-34.4117507153,-36.69590941308,0.));
#3395 = VECTOR('',#3396,1.);
#3396 = DIRECTION('',(0.923415700917,-0.383801307059,0.));
#3397 = PCURVE('',#45,#3398);
#3398 = DEFINITIONAL_REPRESENTATION('',(#3399),#3403);
#3399 = LINE('',#3400,#3401);
#3400 = CARTESIAN_POINT('',(-34.4117507153,-36.69590941308));
#3401 = VECTOR('',#3402,1.);
#3402 = DIRECTION('',(0.923415700917,-0.383801307059));
#3403 = ( GEOMETRIC_REPRESENTATION_CONTEXT(2) 
PARAMETRIC_REPRESENTATION_CONTEXT() REPRESENTATION_CONTEXT('2D SPACE',''
  ) );
#3404 = PCURVE('',#3405,#3410);
#3405 = PLANE('',#3406);
#3406 = AXIS2_PLACEMENT_3D('',#3407,#3408,#3409);
#3407 = CARTESIAN_POINT('',(-28.78405486404,-39.03496106804,0.));
#3408 = DIRECTION('',(0.383801307059,0.923415700917,-0.));
#3409 = DIRECTION('',(0.923415700917,-0.383801307059,0.));
#3410 = DEFINITIONAL_REPRESENTATION('',(#3411),#3415);
#3411 = LINE('',#3412,#3413);
#3412 = CARTESIAN_POINT('',(-6.094433791486,-0.));
#3413 = VECTOR('',#3414,1.);
#3414 = DIRECTION('',(1.,0.));
#3415 = ( GEOMETRIC_REPRESENTATION_CONTEXT(2) 
PARAMETRIC_REPRESENTATION_CONTEXT() REPRESENTATION_CONTEXT('2D SPACE',''
  ) );
#3416 = ORIENTED_EDGE('',*,*,#3417,.F.);
#3417 = EDGE_CURVE('',#2897,#3390,#3418,.T.);
#3418 = SURFACE_CURVE('',#3419,(#3424,#3431),.PCURVE_S1.);
#3419 = CIRCLE('',#3420,3.);
#3420 = AXIS2_PLACEMENT_3D('',#3421,#3422,#3423);
#3421 = CARTESIAN_POINT('',(-27.29109928821,-36.4066738338,0.));
#3422 = DIRECTION('',(0.,0.,1.));
#3423 = DIRECTION('',(0.,-1.,0.));
#3424 = PCURVE('',#45,#3425);
#3425 = DEFINITIONAL_REPRESENTATION('',(#3426),#3430);
#3426 = CIRCLE('',#3427,3.);
#3427 = AXIS2_PLACEMENT_2D('',#3428,#3429);
#3428 = CARTESIAN_POINT('',(-27.29109928821,-36.4066738338));
#3429 = DIRECTION('',(0.,-1.));
#3430 = ( GEOMETRIC_REPRESENTATION_CONTEXT(2) 
PARAMETRIC_REPRESENTATION_CONTEXT() REPRESENTATION_CONTEXT('2D SPACE',''
  ) );
#3431 = PCURVE('',#3432,#3437);
#3432 = CYLINDRICAL_SURFACE('',#3433,3.);
#3433 = AXIS2_PLACEMENT_3D('',#3434,#3435,#3436);
#3434 = CARTESIAN_POINT('',(-27.29109928821,-36.4066738338,0.));
#3435 = DIRECTION('',(0.,0.,1.));
#3436 = DIRECTION('',(-0.599804379961,-0.800146677666,0.));
#3437 = DEFINITIONAL_REPRESENTATION('',(#3438),#3442);
#3438 = LINE('',#3439,#3440);
#3439 = CARTESIAN_POINT('',(-5.63992870102,0.));
#3440 = VECTOR('',#3441,1.);
#3441 = DIRECTION('',(1.,0.));
#3442 = ( GEOMETRIC_REPRESENTATION_CONTEXT(2) 
PARAMETRIC_REPRESENTATION_CONTEXT() REPRESENTATION_CONTEXT('2D SPACE',''
  ) );
#3443 = FACE_BOUND('',#3444,.F.);
#3444 = EDGE_LOOP('',(#3445,#3476,#3694,#3722,#3940,#3968));
#3445 = ORIENTED_EDGE('',*,*,#3446,.F.);
#3446 = EDGE_CURVE('',#3447,#3449,#3451,.T.);
#3447 = VERTEX_POINT('',#3448);
#3448 = CARTESIAN_POINT('',(-46.7028792646,-13.08017845426,0.));
#3449 = VERTEX_POINT('',#3450);
#3450 = CARTESIAN_POINT('',(-44.59667970523,-19.06269024216,0.));
#3451 = SURFACE_CURVE('',#3452,(#3457,#3464),.PCURVE_S1.);
#3452 = CIRCLE('',#3453,48.5);
#3453 = AXIS2_PLACEMENT_3D('',#3454,#3455,#3456);
#3454 = CARTESIAN_POINT('',(0.,0.,0.));
#3455 = DIRECTION('',(0.,0.,1.));
#3456 = DIRECTION('',(1.,0.,-0.));
#3457 = PCURVE('',#45,#3458);
#3458 = DEFINITIONAL_REPRESENTATION('',(#3459),#3463);
#3459 = CIRCLE('',#3460,48.5);
#3460 = AXIS2_PLACEMENT_2D('',#3461,#3462);
#3461 = CARTESIAN_POINT('',(1.75032336965E-15,-3.209892110372E-15));
#3462 = DIRECTION('',(1.,0.));
#3463 = ( GEOMETRIC_REPRESENTATION_CONTEXT(2) 
PARAMETRIC_REPRESENTATION_CONTEXT() REPRESENTATION_CONTEXT('2D SPACE',''
  ) );
#3464 = PCURVE('',#3465,#3470);
#3465 = CYLINDRICAL_SURFACE('',#3466,48.5);
#3466 = AXIS2_PLACEMENT_3D('',#3467,#3468,#3469);
#3467 = CARTESIAN_POINT('',(0.,0.,0.));
#3468 = DIRECTION('',(-0.,-0.,-1.));
#3469 = DIRECTION('',(1.,0.,-0.));
#3470 = DEFINITIONAL_REPRESENTATION('',(#3471),#3475);
#3471 = LINE('',#3472,#3473);
#3472 = CARTESIAN_POINT('',(-0.,0.));
#3473 = VECTOR('',#3474,1.);
#3474 = DIRECTION('',(-1.,0.));
#3475 = ( GEOMETRIC_REPRESENTATION_CONTEXT(2) 
PARAMETRIC_REPRESENTATION_CONTEXT() REPRESENTATION_CONTEXT('2D SPACE',''
  ) );
#3476 = ORIENTED_EDGE('',*,*,#3477,.F.);
#3477 = EDGE_CURVE('',#3478,#3447,#3480,.T.);
#3478 = VERTEX_POINT('',#3479);
#3479 = CARTESIAN_POINT('',(-12.01547242541,-4.624853916871,0.));
#3480 = SURFACE_CURVE('',#3481,(#3532,#3586),.PCURVE_S1.);
#3481 = B_SPLINE_CURVE_WITH_KNOTS('',3,(#3482,#3483,#3484,#3485,#3486,
    #3487,#3488,#3489,#3490,#3491,#3492,#3493,#3494,#3495,#3496,#3497,
    #3498,#3499,#3500,#3501,#3502,#3503,#3504,#3505,#3506,#3507,#3508,
    #3509,#3510,#3511,#3512,#3513,#3514,#3515,#3516,#3517,#3518,#3519,
    #3520,#3521,#3522,#3523,#3524,#3525,#3526,#3527,#3528,#3529,#3530,
    #3531),.UNSPECIFIED.,.F.,.F.,(4,1,1,1,1,1,1,1,1,1,1,1,1,1,1,1,1,1,1,
    1,1,1,1,1,1,1,1,1,1,1,1,1,1,1,1,1,1,1,1,1,1,1,1,1,1,1,1,4),(0.,
    2.766464139392,5.568319295326,8.177275145496,10.425160909405,
    12.698001103747,14.813706991925,16.784063111389,18.483896399813,
    20.207074900357,21.81810245116,23.327840693167,24.640860133639,
    25.985974841284,27.260500260188,28.473662841808,29.546573791048,
    30.665502050481,31.746604132965,32.796723932319,33.744037531687,
    34.751762028128,35.745458780463,36.730106112805,37.635070035337,
    38.615335519513,39.599805338773,40.592877392801,41.521106716853,
    42.54355210237,43.588460947472,44.661307186429,45.681682040739,
    46.825929386569,48.018033969658,49.266638650819,50.477859791669,
    51.863921967174,53.33914083985,54.917675284274,56.480212616324,
    58.303578905337,60.281721918016,62.435877257802,64.600562295301,
    67.15990258556,69.968318443063,73.053194077155),.UNSPECIFIED.);
#3482 = CARTESIAN_POINT('',(-11.46508692386,-9.659132507772E-02,0.));
#3483 = CARTESIAN_POINT('',(-11.56201135425,-0.997531887688,0.));
#3484 = CARTESIAN_POINT('',(-11.73386143343,-2.869911982393,0.));
#3485 = CARTESIAN_POINT('',(-12.1541863042,-5.555149510144,0.));
#3486 = CARTESIAN_POINT('',(-12.656613796,-8.061246716484,0.));
#3487 = CARTESIAN_POINT('',(-13.23880501824,-10.36582779895,0.));
#3488 = CARTESIAN_POINT('',(-13.88614782797,-12.48233786079,0.));
#3489 = CARTESIAN_POINT('',(-14.61558228212,-14.47362975888,0.));
#3490 = CARTESIAN_POINT('',(-15.381107717,-16.2450403168,0.));
#3491 = CARTESIAN_POINT('',(-16.18830977415,-17.85246192463,0.));
#3492 = CARTESIAN_POINT('',(-17.03041809495,-19.30518380841,0.));
#3493 = CARTESIAN_POINT('',(-17.93012241267,-20.64743906732,0.));
#3494 = CARTESIAN_POINT('',(-18.8378909225,-21.81526540932,0.));
#3495 = CARTESIAN_POINT('',(-19.75985046258,-22.8556015898,0.));
#3496 = CARTESIAN_POINT('',(-20.69155050243,-23.77947422733,0.));
#3497 = CARTESIAN_POINT('',(-21.66852172927,-24.60488666414,0.));
#3498 = CARTESIAN_POINT('',(-22.63414057452,-25.29721043821,0.));
#3499 = CARTESIAN_POINT('',(-23.60667467573,-25.88442829256,0.));
#3500 = CARTESIAN_POINT('',(-24.58348448695,-26.37314739654,0.));
#3501 = CARTESIAN_POINT('',(-25.59033218866,-26.77643109304,0.));
#3502 = CARTESIAN_POINT('',(-26.57222674031,-27.0786241955,0.));
#3503 = CARTESIAN_POINT('',(-27.55057293061,-27.29786726682,0.));
#3504 = CARTESIAN_POINT('',(-28.5243195862,-27.43912320685,0.));
#3505 = CARTESIAN_POINT('',(-29.51841162621,-27.50554730611,0.));
#3506 = CARTESIAN_POINT('',(-30.48036595253,-27.4976531741,0.));
#3507 = CARTESIAN_POINT('',(-31.43475794982,-27.42314243397,0.));
#3508 = CARTESIAN_POINT('',(-32.38197984701,-27.28427433201,0.));
#3509 = CARTESIAN_POINT('',(-33.3461661647,-27.07481390231,0.));
#3510 = CARTESIAN_POINT('',(-34.27755610417,-26.80636013656,0.));
#3511 = CARTESIAN_POINT('',(-35.20199463568,-26.47562609863,0.));
#3512 = CARTESIAN_POINT('',(-36.12002675154,-26.08105334246,0.));
#3513 = CARTESIAN_POINT('',(-37.0537130843,-25.6063101704,0.));
#3514 = CARTESIAN_POINT('',(-37.9542969483,-25.07273456133,0.));
#3515 = CARTESIAN_POINT('',(-38.84727804443,-24.46568179433,0.));
#3516 = CARTESIAN_POINT('',(-39.73203492998,-23.77940495317,0.));
#3517 = CARTESIAN_POINT('',(-40.62694718063,-22.98621323695,0.));
#3518 = CARTESIAN_POINT('',(-41.48358265919,-22.12008082187,0.));
#3519 = CARTESIAN_POINT('',(-42.32643853314,-21.15314808447,0.));
#3520 = CARTESIAN_POINT('',(-43.15309029046,-20.07515108984,0.));
#3521 = CARTESIAN_POINT('',(-43.97705647161,-18.84461285179,0.));
#3522 = CARTESIAN_POINT('',(-44.7519515178,-17.51407662939,0.));
#3523 = CARTESIAN_POINT('',(-45.50058744757,-16.03730459296,0.));
#3524 = CARTESIAN_POINT('',(-46.21832281051,-14.39892824341,0.));
#3525 = CARTESIAN_POINT('',(-46.91294919484,-12.53670334497,0.));
#3526 = CARTESIAN_POINT('',(-47.5416797429,-10.53911851389,0.));
#3527 = CARTESIAN_POINT('',(-48.12831353425,-8.297876658534,0.));
#3528 = CARTESIAN_POINT('',(-48.64112715928,-5.947933569625,0.));
#3529 = CARTESIAN_POINT('',(-49.18477935949,-2.710378200263,0.));
#3530 = CARTESIAN_POINT('',(-49.24546314911,-2.015183314218,0.));
#3531 = CARTESIAN_POINT('',(-49.49370321069,-0.112044317377,0.));
#3532 = PCURVE('',#45,#3533);
#3533 = DEFINITIONAL_REPRESENTATION('',(#3534),#3585);
#3534 = B_SPLINE_CURVE_WITH_KNOTS('',3,(#3535,#3536,#3537,#3538,#3539,
    #3540,#3541,#3542,#3543,#3544,#3545,#3546,#3547,#3548,#3549,#3550,
    #3551,#3552,#3553,#3554,#3555,#3556,#3557,#3558,#3559,#3560,#3561,
    #3562,#3563,#3564,#3565,#3566,#3567,#3568,#3569,#3570,#3571,#3572,
    #3573,#3574,#3575,#3576,#3577,#3578,#3579,#3580,#3581,#3582,#3583,
    #3584),.UNSPECIFIED.,.F.,.F.,(4,1,1,1,1,1,1,1,1,1,1,1,1,1,1,1,1,1,1,
    1,1,1,1,1,1,1,1,1,1,1,1,1,1,1,1,1,1,1,1,1,1,1,1,1,1,1,1,4),(0.,
    2.766464139392,5.568319295326,8.177275145496,10.425160909405,
    12.698001103747,14.813706991925,16.784063111389,18.483896399813,
    20.207074900357,21.81810245116,23.327840693167,24.640860133639,
    25.985974841284,27.260500260188,28.473662841808,29.546573791048,
    30.665502050481,31.746604132965,32.796723932319,33.744037531687,
    34.751762028128,35.745458780463,36.730106112805,37.635070035337,
    38.615335519513,39.599805338773,40.592877392801,41.521106716853,
    42.54355210237,43.588460947472,44.661307186429,45.681682040739,
    46.825929386569,48.018033969658,49.266638650819,50.477859791669,
    51.863921967174,53.33914083985,54.917675284274,56.480212616324,
    58.303578905337,60.281721918016,62.435877257802,64.600562295301,
    67.15990258556,69.968318443063,73.053194077155),.UNSPECIFIED.);
#3535 = CARTESIAN_POINT('',(-11.46508692386,-9.659132507772E-02));
#3536 = CARTESIAN_POINT('',(-11.56201135425,-0.997531887688));
#3537 = CARTESIAN_POINT('',(-11.73386143343,-2.869911982393));
#3538 = CARTESIAN_POINT('',(-12.1541863042,-5.555149510144));
#3539 = CARTESIAN_POINT('',(-12.656613796,-8.061246716484));
#3540 = CARTESIAN_POINT('',(-13.23880501824,-10.36582779895));
#3541 = CARTESIAN_POINT('',(-13.88614782797,-12.48233786079));
#3542 = CARTESIAN_POINT('',(-14.61558228212,-14.47362975888));
#3543 = CARTESIAN_POINT('',(-15.381107717,-16.2450403168));
#3544 = CARTESIAN_POINT('',(-16.18830977415,-17.85246192463));
#3545 = CARTESIAN_POINT('',(-17.03041809495,-19.30518380841));
#3546 = CARTESIAN_POINT('',(-17.93012241267,-20.64743906732));
#3547 = CARTESIAN_POINT('',(-18.8378909225,-21.81526540932));
#3548 = CARTESIAN_POINT('',(-19.75985046258,-22.8556015898));
#3549 = CARTESIAN_POINT('',(-20.69155050243,-23.77947422733));
#3550 = CARTESIAN_POINT('',(-21.66852172927,-24.60488666414));
#3551 = CARTESIAN_POINT('',(-22.63414057452,-25.29721043821));
#3552 = CARTESIAN_POINT('',(-23.60667467573,-25.88442829256));
#3553 = CARTESIAN_POINT('',(-24.58348448695,-26.37314739654));
#3554 = CARTESIAN_POINT('',(-25.59033218866,-26.77643109304));
#3555 = CARTESIAN_POINT('',(-26.57222674031,-27.0786241955));
#3556 = CARTESIAN_POINT('',(-27.55057293061,-27.29786726682));
#3557 = CARTESIAN_POINT('',(-28.5243195862,-27.43912320685));
#3558 = CARTESIAN_POINT('',(-29.51841162621,-27.50554730611));
#3559 = CARTESIAN_POINT('',(-30.48036595253,-27.4976531741));
#3560 = CARTESIAN_POINT('',(-31.43475794982,-27.42314243397));
#3561 = CARTESIAN_POINT('',(-32.38197984701,-27.28427433201));
#3562 = CARTESIAN_POINT('',(-33.3461661647,-27.07481390231));
#3563 = CARTESIAN_POINT('',(-34.27755610417,-26.80636013656));
#3564 = CARTESIAN_POINT('',(-35.20199463568,-26.47562609863));
#3565 = CARTESIAN_POINT('',(-36.12002675154,-26.08105334246));
#3566 = CARTESIAN_POINT('',(-37.0537130843,-25.6063101704));
#3567 = CARTESIAN_POINT('',(-37.9542969483,-25.07273456133));
#3568 = CARTESIAN_POINT('',(-38.84727804443,-24.46568179433));
#3569 = CARTESIAN_POINT('',(-39.73203492998,-23.77940495317));
#3570 = CARTESIAN_POINT('',(-40.62694718063,-22.98621323695));
#3571 = CARTESIAN_POINT('',(-41.48358265919,-22.12008082187));
#3572 = CARTESIAN_POINT('',(-42.32643853314,-21.15314808447));
#3573 = CARTESIAN_POINT('',(-43.15309029046,-20.07515108984));
#3574 = CARTESIAN_POINT('',(-43.97705647161,-18.84461285179));
#3575 = CARTESIAN_POINT('',(-44.7519515178,-17.51407662939));
#3576 = CARTESIAN_POINT('',(-45.50058744757,-16.03730459296));
#3577 = CARTESIAN_POINT('',(-46.21832281051,-14.39892824341));
#3578 = CARTESIAN_POINT('',(-46.91294919484,-12.53670334497));
#3579 = CARTESIAN_POINT('',(-47.5416797429,-10.53911851389));
#3580 = CARTESIAN_POINT('',(-48.12831353425,-8.297876658534));
#3581 = CARTESIAN_POINT('',(-48.64112715928,-5.947933569625));
#3582 = CARTESIAN_POINT('',(-49.18477935949,-2.710378200263));
#3583 = CARTESIAN_POINT('',(-49.24546314911,-2.015183314218));
#3584 = CARTESIAN_POINT('',(-49.49370321069,-0.112044317377));
#3585 = ( GEOMETRIC_REPRESENTATION_CONTEXT(2) 
PARAMETRIC_REPRESENTATION_CONTEXT() REPRESENTATION_CONTEXT('2D SPACE',''
  ) );
#3586 = PCURVE('',#3587,#3688);
#3587 = B_SPLINE_SURFACE_WITH_KNOTS('',3,1,(
    (#3588,#3589)
    ,(#3590,#3591)
    ,(#3592,#3593)
    ,(#3594,#3595)
    ,(#3596,#3597)
    ,(#3598,#3599)
    ,(#3600,#3601)
    ,(#3602,#3603)
    ,(#3604,#3605)
    ,(#3606,#3607)
    ,(#3608,#3609)
    ,(#3610,#3611)
    ,(#3612,#3613)
    ,(#3614,#3615)
    ,(#3616,#3617)
    ,(#3618,#3619)
    ,(#3620,#3621)
    ,(#3622,#3623)
    ,(#3624,#3625)
    ,(#3626,#3627)
    ,(#3628,#3629)
    ,(#3630,#3631)
    ,(#3632,#3633)
    ,(#3634,#3635)
    ,(#3636,#3637)
    ,(#3638,#3639)
    ,(#3640,#3641)
    ,(#3642,#3643)
    ,(#3644,#3645)
    ,(#3646,#3647)
    ,(#3648,#3649)
    ,(#3650,#3651)
    ,(#3652,#3653)
    ,(#3654,#3655)
    ,(#3656,#3657)
    ,(#3658,#3659)
    ,(#3660,#3661)
    ,(#3662,#3663)
    ,(#3664,#3665)
    ,(#3666,#3667)
    ,(#3668,#3669)
    ,(#3670,#3671)
    ,(#3672,#3673)
    ,(#3674,#3675)
    ,(#3676,#3677)
    ,(#3678,#3679)
    ,(#3680,#3681)
    ,(#3682,#3683)
    ,(#3684,#3685)
    ,(#3686,#3687
    )),.UNSPECIFIED.,.F.,.F.,.F.,(4,1,1,1,1,1,1,1,1,1,1,1,1,1,1,1,1,1,1,
    1,1,1,1,1,1,1,1,1,1,1,1,1,1,1,1,1,1,1,1,1,1,1,1,1,1,1,1,4),(2,2),(0.
    ,2.766464139392,5.568319295326,8.177275145496,10.425160909405,
    12.698001103747,14.813706991925,16.784063111389,18.483896399813,
    20.207074900357,21.81810245116,23.327840693167,24.640860133639,
    25.985974841284,27.260500260188,28.473662841808,29.546573791048,
    30.665502050481,31.746604132965,32.796723932319,33.744037531687,
    34.751762028128,35.745458780463,36.730106112805,37.635070035337,
    38.615335519513,39.599805338773,40.592877392801,41.521106716853,
    42.54355210237,43.588460947472,44.661307186429,45.681682040739,
    46.825929386569,48.018033969658,49.266638650819,50.477859791669,
    51.863921967174,53.33914083985,54.917675284274,56.480212616324,
    58.303578905337,60.281721918016,62.435877257802,64.600562295301,
    67.15990258556,69.968318443063,73.053194077155),(-22.4,0.),
  .UNSPECIFIED.);
#3588 = CARTESIAN_POINT('',(-11.46508692386,-9.659132507772E-02,22.4));
#3589 = CARTESIAN_POINT('',(-11.46508692386,-9.659132507772E-02,0.));
#3590 = CARTESIAN_POINT('',(-11.56201135425,-0.997531887688,22.4));
#3591 = CARTESIAN_POINT('',(-11.56201135425,-0.997531887688,0.));
#3592 = CARTESIAN_POINT('',(-11.73386143343,-2.869911982393,22.4));
#3593 = CARTESIAN_POINT('',(-11.73386143343,-2.869911982393,0.));
#3594 = CARTESIAN_POINT('',(-12.1541863042,-5.555149510144,22.4));
#3595 = CARTESIAN_POINT('',(-12.1541863042,-5.555149510144,0.));
#3596 = CARTESIAN_POINT('',(-12.656613796,-8.061246716484,22.4));
#3597 = CARTESIAN_POINT('',(-12.656613796,-8.061246716484,0.));
#3598 = CARTESIAN_POINT('',(-13.23880501824,-10.36582779895,22.4));
#3599 = CARTESIAN_POINT('',(-13.23880501824,-10.36582779895,0.));
#3600 = CARTESIAN_POINT('',(-13.88614782797,-12.48233786079,22.4));
#3601 = CARTESIAN_POINT('',(-13.88614782797,-12.48233786079,0.));
#3602 = CARTESIAN_POINT('',(-14.61558228212,-14.47362975888,22.4));
#3603 = CARTESIAN_POINT('',(-14.61558228212,-14.47362975888,0.));
#3604 = CARTESIAN_POINT('',(-15.381107717,-16.2450403168,22.4));
#3605 = CARTESIAN_POINT('',(-15.381107717,-16.2450403168,0.));
#3606 = CARTESIAN_POINT('',(-16.18830977415,-17.85246192463,22.4));
#3607 = CARTESIAN_POINT('',(-16.18830977415,-17.85246192463,0.));
#3608 = CARTESIAN_POINT('',(-17.03041809495,-19.30518380841,22.4));
#3609 = CARTESIAN_POINT('',(-17.03041809495,-19.30518380841,0.));
#3610 = CARTESIAN_POINT('',(-17.93012241267,-20.64743906732,22.4));
#3611 = CARTESIAN_POINT('',(-17.93012241267,-20.64743906732,0.));
#3612 = CARTESIAN_POINT('',(-18.8378909225,-21.81526540932,22.4));
#3613 = CARTESIAN_POINT('',(-18.8378909225,-21.81526540932,0.));
#3614 = CARTESIAN_POINT('',(-19.75985046258,-22.8556015898,22.4));
#3615 = CARTESIAN_POINT('',(-19.75985046258,-22.8556015898,0.));
#3616 = CARTESIAN_POINT('',(-20.69155050243,-23.77947422733,22.4));
#3617 = CARTESIAN_POINT('',(-20.69155050243,-23.77947422733,0.));
#3618 = CARTESIAN_POINT('',(-21.66852172927,-24.60488666414,22.4));
#3619 = CARTESIAN_POINT('',(-21.66852172927,-24.60488666414,0.));
#3620 = CARTESIAN_POINT('',(-22.63414057452,-25.29721043821,22.4));
#3621 = CARTESIAN_POINT('',(-22.63414057452,-25.29721043821,0.));
#3622 = CARTESIAN_POINT('',(-23.60667467573,-25.88442829256,22.4));
#3623 = CARTESIAN_POINT('',(-23.60667467573,-25.88442829256,0.));
#3624 = CARTESIAN_POINT('',(-24.58348448695,-26.37314739654,22.4));
#3625 = CARTESIAN_POINT('',(-24.58348448695,-26.37314739654,0.));
#3626 = CARTESIAN_POINT('',(-25.59033218866,-26.77643109304,22.4));
#3627 = CARTESIAN_POINT('',(-25.59033218866,-26.77643109304,0.));
#3628 = CARTESIAN_POINT('',(-26.57222674031,-27.0786241955,22.4));
#3629 = CARTESIAN_POINT('',(-26.57222674031,-27.0786241955,0.));
#3630 = CARTESIAN_POINT('',(-27.55057293061,-27.29786726682,22.4));
#3631 = CARTESIAN_POINT('',(-27.55057293061,-27.29786726682,0.));
#3632 = CARTESIAN_POINT('',(-28.5243195862,-27.43912320685,22.4));
#3633 = CARTESIAN_POINT('',(-28.5243195862,-27.43912320685,0.));
#3634 = CARTESIAN_POINT('',(-29.51841162621,-27.50554730611,22.4));
#3635 = CARTESIAN_POINT('',(-29.51841162621,-27.50554730611,0.));
#3636 = CARTESIAN_POINT('',(-30.48036595253,-27.4976531741,22.4));
#3637 = CARTESIAN_POINT('',(-30.48036595253,-27.4976531741,0.));
#3638 = CARTESIAN_POINT('',(-31.43475794982,-27.42314243397,22.4));
#3639 = CARTESIAN_POINT('',(-31.43475794982,-27.42314243397,0.));
#3640 = CARTESIAN_POINT('',(-32.38197984701,-27.28427433201,22.4));
#3641 = CARTESIAN_POINT('',(-32.38197984701,-27.28427433201,0.));
#3642 = CARTESIAN_POINT('',(-33.3461661647,-27.07481390231,22.4));
#3643 = CARTESIAN_POINT('',(-33.3461661647,-27.07481390231,0.));
#3644 = CARTESIAN_POINT('',(-34.27755610417,-26.80636013656,22.4));
#3645 = CARTESIAN_POINT('',(-34.27755610417,-26.80636013656,0.));
#3646 = CARTESIAN_POINT('',(-35.20199463568,-26.47562609863,22.4));
#3647 = CARTESIAN_POINT('',(-35.20199463568,-26.47562609863,0.));
#3648 = CARTESIAN_POINT('',(-36.12002675154,-26.08105334246,22.4));
#3649 = CARTESIAN_POINT('',(-36.12002675154,-26.08105334246,0.));
#3650 = CARTESIAN_POINT('',(-37.0537130843,-25.6063101704,22.4));
#3651 = CARTESIAN_POINT('',(-37.0537130843,-25.6063101704,0.));
#3652 = CARTESIAN_POINT('',(-37.9542969483,-25.07273456133,22.4));
#3653 = CARTESIAN_POINT('',(-37.9542969483,-25.07273456133,0.));
#3654 = CARTESIAN_POINT('',(-38.84727804443,-24.46568179433,22.4));
#3655 = CARTESIAN_POINT('',(-38.84727804443,-24.46568179433,0.));
#3656 = CARTESIAN_POINT('',(-39.73203492998,-23.77940495317,22.4));
#3657 = CARTESIAN_POINT('',(-39.73203492998,-23.77940495317,0.));
#3658 = CARTESIAN_POINT('',(-40.62694718063,-22.98621323695,22.4));
#3659 = CARTESIAN_POINT('',(-40.62694718063,-22.98621323695,0.));
#3660 = CARTESIAN_POINT('',(-41.48358265919,-22.12008082187,22.4));
#3661 = CARTESIAN_POINT('',(-41.48358265919,-22.12008082187,0.));
#3662 = CARTESIAN_POINT('',(-42.32643853314,-21.15314808447,22.4));
#3663 = CARTESIAN_POINT('',(-42.32643853314,-21.15314808447,0.));
#3664 = CARTESIAN_POINT('',(-43.15309029046,-20.07515108984,22.4));
#3665 = CARTESIAN_POINT('',(-43.15309029046,-20.07515108984,0.));
#3666 = CARTESIAN_POINT('',(-43.97705647161,-18.84461285179,22.4));
#3667 = CARTESIAN_POINT('',(-43.97705647161,-18.84461285179,0.));
#3668 = CARTESIAN_POINT('',(-44.7519515178,-17.51407662939,22.4));
#3669 = CARTESIAN_POINT('',(-44.7519515178,-17.51407662939,0.));
#3670 = CARTESIAN_POINT('',(-45.50058744757,-16.03730459296,22.4));
#3671 = CARTESIAN_POINT('',(-45.50058744757,-16.03730459296,0.));
#3672 = CARTESIAN_POINT('',(-46.21832281051,-14.39892824341,22.4));
#3673 = CARTESIAN_POINT('',(-46.21832281051,-14.39892824341,0.));
#3674 = CARTESIAN_POINT('',(-46.91294919484,-12.53670334497,22.4));
#3675 = CARTESIAN_POINT('',(-46.91294919484,-12.53670334497,0.));
#3676 = CARTESIAN_POINT('',(-47.5416797429,-10.53911851389,22.4));
#3677 = CARTESIAN_POINT('',(-47.5416797429,-10.53911851389,0.));
#3678 = CARTESIAN_POINT('',(-48.12831353425,-8.297876658534,22.4));
#3679 = CARTESIAN_POINT('',(-48.12831353425,-8.297876658534,0.));
#3680 = CARTESIAN_POINT('',(-48.64112715928,-5.947933569625,22.4));
#3681 = CARTESIAN_POINT('',(-48.64112715928,-5.947933569625,0.));
#3682 = CARTESIAN_POINT('',(-49.18477935949,-2.710378200263,22.4));
#3683 = CARTESIAN_POINT('',(-49.18477935949,-2.710378200263,0.));
#3684 = CARTESIAN_POINT('',(-49.24546314911,-2.015183314218,22.4));
#3685 = CARTESIAN_POINT('',(-49.24546314911,-2.015183314218,0.));
#3686 = CARTESIAN_POINT('',(-49.49370321069,-0.112044317377,22.4));
#3687 = CARTESIAN_POINT('',(-49.49370321069,-0.112044317377,0.));
#3688 = DEFINITIONAL_REPRESENTATION('',(#3689),#3693);
#3689 = LINE('',#3690,#3691);
#3690 = CARTESIAN_POINT('',(0.,0.));
#3691 = VECTOR('',#3692,1.);
#3692 = DIRECTION('',(1.,0.));
#3693 = ( GEOMETRIC_REPRESENTATION_CONTEXT(2) 
PARAMETRIC_REPRESENTATION_CONTEXT() REPRESENTATION_CONTEXT('2D SPACE',''
  ) );
#3694 = ORIENTED_EDGE('',*,*,#3695,.F.);
#3695 = EDGE_CURVE('',#3696,#3478,#3698,.T.);
#3696 = VERTEX_POINT('',#3697);
#3697 = CARTESIAN_POINT('',(-12.11628438599,-6.883805996763,0.));
#3698 = SURFACE_CURVE('',#3699,(#3703,#3710),.PCURVE_S1.);
#3699 = LINE('',#3700,#3701);
#3700 = CARTESIAN_POINT('',(-12.11628438599,-6.883805996763,0.));
#3701 = VECTOR('',#3702,1.);
#3702 = DIRECTION('',(4.458338040621E-02,0.999005666746,0.));
#3703 = PCURVE('',#45,#3704);
#3704 = DEFINITIONAL_REPRESENTATION('',(#3705),#3709);
#3705 = LINE('',#3706,#3707);
#3706 = CARTESIAN_POINT('',(-12.11628438599,-6.883805996763));
#3707 = VECTOR('',#3708,1.);
#3708 = DIRECTION('',(4.458338040621E-02,0.999005666746));
#3709 = ( GEOMETRIC_REPRESENTATION_CONTEXT(2) 
PARAMETRIC_REPRESENTATION_CONTEXT() REPRESENTATION_CONTEXT('2D SPACE',''
  ) );
#3710 = PCURVE('',#3711,#3716);
#3711 = PLANE('',#3712);
#3712 = AXIS2_PLACEMENT_3D('',#3713,#3714,#3715);
#3713 = CARTESIAN_POINT('',(-12.11628438599,-6.883805996763,0.));
#3714 = DIRECTION('',(-0.999005666746,4.458338040621E-02,0.));
#3715 = DIRECTION('',(4.458338040621E-02,0.999005666746,0.));
#3716 = DEFINITIONAL_REPRESENTATION('',(#3717),#3721);
#3717 = LINE('',#3718,#3719);
#3718 = CARTESIAN_POINT('',(0.,0.));
#3719 = VECTOR('',#3720,1.);
#3720 = DIRECTION('',(1.,0.));
#3721 = ( GEOMETRIC_REPRESENTATION_CONTEXT(2) 
PARAMETRIC_REPRESENTATION_CONTEXT() REPRESENTATION_CONTEXT('2D SPACE',''
  ) );
#3722 = ORIENTED_EDGE('',*,*,#3723,.F.);
#3723 = EDGE_CURVE('',#3724,#3696,#3726,.T.);
#3724 = VERTEX_POINT('',#3725);
#3725 = CARTESIAN_POINT('',(-41.19768201795,-23.65611516945,0.));
#3726 = SURFACE_CURVE('',#3727,(#3778,#3832),.PCURVE_S1.);
#3727 = B_SPLINE_CURVE_WITH_KNOTS('',3,(#3728,#3729,#3730,#3731,#3732,
    #3733,#3734,#3735,#3736,#3737,#3738,#3739,#3740,#3741,#3742,#3743,
    #3744,#3745,#3746,#3747,#3748,#3749,#3750,#3751,#3752,#3753,#3754,
    #3755,#3756,#3757,#3758,#3759,#3760,#3761,#3762,#3763,#3764,#3765,
    #3766,#3767,#3768,#3769,#3770,#3771,#3772,#3773,#3774,#3775,#3776,
    #3777),.UNSPECIFIED.,.F.,.F.,(4,1,1,1,1,1,1,1,1,1,1,1,1,1,1,1,1,1,1,
    1,1,1,1,1,1,1,1,1,1,1,1,1,1,1,1,1,1,1,1,1,1,1,1,1,1,1,1,4),(0.,
    3.010134173011,5.734866089906,8.204243200285,10.280216915947,
    12.332164523515,14.201956865391,15.911237845672,17.363900720308,
    18.819208714806,20.167747400886,21.42468716853,22.515414853025,
    23.632925452475,24.694050367351,25.707901186754,26.608581862701,
    27.552388564938,28.468532489134,29.361872223827,30.169943636586,
    31.030962627216,31.880548884696,32.72227944396,33.495545472128,
    34.332992621126,35.174663745336,36.025783427864,36.825011523752,
    37.711824801461,38.627874308414,39.58148948206,40.502911686362,
    41.554574841448,42.671594637474,43.864256147866,45.041219012251,
    46.408073524505,47.880684921353,49.469922617188,51.049935999727,
    52.894334824252,54.887680127977,57.041280206621,59.18142193199,
    61.675679145654,64.364419403117,67.031728548195),.UNSPECIFIED.);
#3728 = CARTESIAN_POINT('',(-41.19768201795,-23.65611516945,0.));
#3729 = CARTESIAN_POINT('',(-40.59750268534,-24.44027304061,0.));
#3730 = CARTESIAN_POINT('',(-39.44478458005,-25.99410995634,0.));
#3731 = CARTESIAN_POINT('',(-37.69570526143,-28.08731026835,0.));
#3732 = CARTESIAN_POINT('',(-36.06945493721,-29.8873481002,0.));
#3733 = CARTESIAN_POINT('',(-34.52130940482,-31.44967011713,0.));
#3734 = CARTESIAN_POINT('',(-33.0480792187,-32.80258215076,0.));
#3735 = CARTESIAN_POINT('',(-31.59990102154,-33.99810761069,0.));
#3736 = CARTESIAN_POINT('',(-30.24832331795,-34.99285853606,0.));
#3737 = CARTESIAN_POINT('',(-28.95871486912,-35.83428625517,0.));
#3738 = CARTESIAN_POINT('',(-27.72660257715,-36.53968540187,0.));
#3739 = CARTESIAN_POINT('',(-26.51128317332,-37.13772977299,0.));
#3740 = CARTESIAN_POINT('',(-25.3723924963,-37.61004783571,0.));
#3741 = CARTESIAN_POINT('',(-24.27914343183,-37.98493528241,0.));
#3742 = CARTESIAN_POINT('',(-23.22732021094,-38.27310362603,0.));
#3743 = CARTESIAN_POINT('',(-22.18398945201,-38.48644040792,0.));
#3744 = CARTESIAN_POINT('',(-21.20057753239,-38.62121149492,0.));
#3745 = CARTESIAN_POINT('',(-20.24981937627,-38.6912129147,0.));
#3746 = CARTESIAN_POINT('',(-19.32901752529,-38.70164144689,0.));
#3747 = CARTESIAN_POINT('',(-18.41192295229,-38.65285046237,0.));
#3748 = CARTESIAN_POINT('',(-17.54481828435,-38.55039798854,0.));
#3749 = CARTESIAN_POINT('',(-16.70398003906,-38.39742063482,0.));
#3750 = CARTESIAN_POINT('',(-15.88846513352,-38.19534004862,0.));
#3751 = CARTESIAN_POINT('',(-15.07752826767,-37.93593258038,0.));
#3752 = CARTESIAN_POINT('',(-14.31335555887,-37.63253512331,0.));
#3753 = CARTESIAN_POINT('',(-13.57518526054,-37.27994839134,0.));
#3754 = CARTESIAN_POINT('',(-12.8632240852,-36.87673095337,0.));
#3755 = CARTESIAN_POINT('',(-12.1618442515,-36.40686519105,0.));
#3756 = CARTESIAN_POINT('',(-11.50883528395,-35.89204427852,0.));
#3757 = CARTESIAN_POINT('',(-10.88605738193,-35.31875103393,0.));
#3758 = CARTESIAN_POINT('',(-10.29505200315,-34.68255508534,0.));
#3759 = CARTESIAN_POINT('',(-9.726625133919,-33.95933715265,0.));
#3760 = CARTESIAN_POINT('',(-9.213707406018,-33.18183456993,0.));
#3761 = CARTESIAN_POINT('',(-8.742330489725,-32.32667702011,0.));
#3762 = CARTESIAN_POINT('',(-8.316968499721,-31.38728553441,0.));
#3763 = CARTESIAN_POINT('',(-7.93809362255,-30.33168040367,0.));
#3764 = CARTESIAN_POINT('',(-7.628710068421,-29.21012356943,0.));
#3765 = CARTESIAN_POINT('',(-7.394409398782,-27.98564911256,0.));
#3766 = CARTESIAN_POINT('',(-7.241834177369,-26.65438801547,0.));
#3767 = CARTESIAN_POINT('',(-7.172534579738,-25.17872438886,0.));
#3768 = CARTESIAN_POINT('',(-7.202023820633,-23.63064158176,0.));
#3769 = CARTESIAN_POINT('',(-7.333571741476,-21.96369747304,0.));
#3770 = CARTESIAN_POINT('',(-7.578896463739,-20.17376319876,0.));
#3771 = CARTESIAN_POINT('',(-7.962725754083,-18.21153838216,0.));
#3772 = CARTESIAN_POINT('',(-8.473684888989,-16.18352049883,0.));
#3773 = CARTESIAN_POINT('',(-9.144462101168,-13.99955768506,0.));
#3774 = CARTESIAN_POINT('',(-9.932823367122,-11.78847678433,0.));
#3775 = CARTESIAN_POINT('',(-11.09108510233,-9.011915653887,0.));
#3776 = CARTESIAN_POINT('',(-11.45817653937,-8.292958249965,0.));
#3777 = CARTESIAN_POINT('',(-12.11628438599,-6.883805996763,0.));
#3778 = PCURVE('',#45,#3779);
#3779 = DEFINITIONAL_REPRESENTATION('',(#3780),#3831);
#3780 = B_SPLINE_CURVE_WITH_KNOTS('',3,(#3781,#3782,#3783,#3784,#3785,
    #3786,#3787,#3788,#3789,#3790,#3791,#3792,#3793,#3794,#3795,#3796,
    #3797,#3798,#3799,#3800,#3801,#3802,#3803,#3804,#3805,#3806,#3807,
    #3808,#3809,#3810,#3811,#3812,#3813,#3814,#3815,#3816,#3817,#3818,
    #3819,#3820,#3821,#3822,#3823,#3824,#3825,#3826,#3827,#3828,#3829,
    #3830),.UNSPECIFIED.,.F.,.F.,(4,1,1,1,1,1,1,1,1,1,1,1,1,1,1,1,1,1,1,
    1,1,1,1,1,1,1,1,1,1,1,1,1,1,1,1,1,1,1,1,1,1,1,1,1,1,1,1,4),(0.,
    3.010134173011,5.734866089906,8.204243200285,10.280216915947,
    12.332164523515,14.201956865391,15.911237845672,17.363900720308,
    18.819208714806,20.167747400886,21.42468716853,22.515414853025,
    23.632925452475,24.694050367351,25.707901186754,26.608581862701,
    27.552388564938,28.468532489134,29.361872223827,30.169943636586,
    31.030962627216,31.880548884696,32.72227944396,33.495545472128,
    34.332992621126,35.174663745336,36.025783427864,36.825011523752,
    37.711824801461,38.627874308414,39.58148948206,40.502911686362,
    41.554574841448,42.671594637474,43.864256147866,45.041219012251,
    46.408073524505,47.880684921353,49.469922617188,51.049935999727,
    52.894334824252,54.887680127977,57.041280206621,59.18142193199,
    61.675679145654,64.364419403117,67.031728548195),.UNSPECIFIED.);
#3781 = CARTESIAN_POINT('',(-41.19768201795,-23.65611516945));
#3782 = CARTESIAN_POINT('',(-40.59750268534,-24.44027304061));
#3783 = CARTESIAN_POINT('',(-39.44478458005,-25.99410995634));
#3784 = CARTESIAN_POINT('',(-37.69570526143,-28.08731026835));
#3785 = CARTESIAN_POINT('',(-36.06945493721,-29.8873481002));
#3786 = CARTESIAN_POINT('',(-34.52130940482,-31.44967011713));
#3787 = CARTESIAN_POINT('',(-33.0480792187,-32.80258215076));
#3788 = CARTESIAN_POINT('',(-31.59990102154,-33.99810761069));
#3789 = CARTESIAN_POINT('',(-30.24832331795,-34.99285853606));
#3790 = CARTESIAN_POINT('',(-28.95871486912,-35.83428625517));
#3791 = CARTESIAN_POINT('',(-27.72660257715,-36.53968540187));
#3792 = CARTESIAN_POINT('',(-26.51128317332,-37.13772977299));
#3793 = CARTESIAN_POINT('',(-25.3723924963,-37.61004783571));
#3794 = CARTESIAN_POINT('',(-24.27914343183,-37.98493528241));
#3795 = CARTESIAN_POINT('',(-23.22732021094,-38.27310362603));
#3796 = CARTESIAN_POINT('',(-22.18398945201,-38.48644040792));
#3797 = CARTESIAN_POINT('',(-21.20057753239,-38.62121149492));
#3798 = CARTESIAN_POINT('',(-20.24981937627,-38.6912129147));
#3799 = CARTESIAN_POINT('',(-19.32901752529,-38.70164144689));
#3800 = CARTESIAN_POINT('',(-18.41192295229,-38.65285046237));
#3801 = CARTESIAN_POINT('',(-17.54481828435,-38.55039798854));
#3802 = CARTESIAN_POINT('',(-16.70398003906,-38.39742063482));
#3803 = CARTESIAN_POINT('',(-15.88846513352,-38.19534004862));
#3804 = CARTESIAN_POINT('',(-15.07752826767,-37.93593258038));
#3805 = CARTESIAN_POINT('',(-14.31335555887,-37.63253512331));
#3806 = CARTESIAN_POINT('',(-13.57518526054,-37.27994839134));
#3807 = CARTESIAN_POINT('',(-12.8632240852,-36.87673095337));
#3808 = CARTESIAN_POINT('',(-12.1618442515,-36.40686519105));
#3809 = CARTESIAN_POINT('',(-11.50883528395,-35.89204427852));
#3810 = CARTESIAN_POINT('',(-10.88605738193,-35.31875103393));
#3811 = CARTESIAN_POINT('',(-10.29505200315,-34.68255508534));
#3812 = CARTESIAN_POINT('',(-9.726625133919,-33.95933715265));
#3813 = CARTESIAN_POINT('',(-9.213707406018,-33.18183456993));
#3814 = CARTESIAN_POINT('',(-8.742330489725,-32.32667702011));
#3815 = CARTESIAN_POINT('',(-8.316968499721,-31.38728553441));
#3816 = CARTESIAN_POINT('',(-7.93809362255,-30.33168040367));
#3817 = CARTESIAN_POINT('',(-7.628710068421,-29.21012356943));
#3818 = CARTESIAN_POINT('',(-7.394409398782,-27.98564911256));
#3819 = CARTESIAN_POINT('',(-7.241834177369,-26.65438801547));
#3820 = CARTESIAN_POINT('',(-7.172534579738,-25.17872438886));
#3821 = CARTESIAN_POINT('',(-7.202023820633,-23.63064158176));
#3822 = CARTESIAN_POINT('',(-7.333571741476,-21.96369747304));
#3823 = CARTESIAN_POINT('',(-7.578896463739,-20.17376319876));
#3824 = CARTESIAN_POINT('',(-7.962725754083,-18.21153838216));
#3825 = CARTESIAN_POINT('',(-8.473684888989,-16.18352049883));
#3826 = CARTESIAN_POINT('',(-9.144462101168,-13.99955768506));
#3827 = CARTESIAN_POINT('',(-9.932823367122,-11.78847678433));
#3828 = CARTESIAN_POINT('',(-11.09108510233,-9.011915653887));
#3829 = CARTESIAN_POINT('',(-11.45817653937,-8.292958249965));
#3830 = CARTESIAN_POINT('',(-12.11628438599,-6.883805996763));
#3831 = ( GEOMETRIC_REPRESENTATION_CONTEXT(2) 
PARAMETRIC_REPRESENTATION_CONTEXT() REPRESENTATION_CONTEXT('2D SPACE',''
  ) );
#3832 = PCURVE('',#3833,#3934);
#3833 = B_SPLINE_SURFACE_WITH_KNOTS('',3,1,(
    (#3834,#3835)
    ,(#3836,#3837)
    ,(#3838,#3839)
    ,(#3840,#3841)
    ,(#3842,#3843)
    ,(#3844,#3845)
    ,(#3846,#3847)
    ,(#3848,#3849)
    ,(#3850,#3851)
    ,(#3852,#3853)
    ,(#3854,#3855)
    ,(#3856,#3857)
    ,(#3858,#3859)
    ,(#3860,#3861)
    ,(#3862,#3863)
    ,(#3864,#3865)
    ,(#3866,#3867)
    ,(#3868,#3869)
    ,(#3870,#3871)
    ,(#3872,#3873)
    ,(#3874,#3875)
    ,(#3876,#3877)
    ,(#3878,#3879)
    ,(#3880,#3881)
    ,(#3882,#3883)
    ,(#3884,#3885)
    ,(#3886,#3887)
    ,(#3888,#3889)
    ,(#3890,#3891)
    ,(#3892,#3893)
    ,(#3894,#3895)
    ,(#3896,#3897)
    ,(#3898,#3899)
    ,(#3900,#3901)
    ,(#3902,#3903)
    ,(#3904,#3905)
    ,(#3906,#3907)
    ,(#3908,#3909)
    ,(#3910,#3911)
    ,(#3912,#3913)
    ,(#3914,#3915)
    ,(#3916,#3917)
    ,(#3918,#3919)
    ,(#3920,#3921)
    ,(#3922,#3923)
    ,(#3924,#3925)
    ,(#3926,#3927)
    ,(#3928,#3929)
    ,(#3930,#3931)
    ,(#3932,#3933
    )),.UNSPECIFIED.,.F.,.F.,.F.,(4,1,1,1,1,1,1,1,1,1,1,1,1,1,1,1,1,1,1,
    1,1,1,1,1,1,1,1,1,1,1,1,1,1,1,1,1,1,1,1,1,1,1,1,1,1,1,1,4),(2,2),(0.
    ,3.010134173011,5.734866089906,8.204243200285,10.280216915947,
    12.332164523515,14.201956865391,15.911237845672,17.363900720308,
    18.819208714806,20.167747400886,21.42468716853,22.515414853025,
    23.632925452475,24.694050367351,25.707901186754,26.608581862701,
    27.552388564938,28.468532489134,29.361872223827,30.169943636586,
    31.030962627216,31.880548884696,32.72227944396,33.495545472128,
    34.332992621126,35.174663745336,36.025783427864,36.825011523752,
    37.711824801461,38.627874308414,39.58148948206,40.502911686362,
    41.554574841448,42.671594637474,43.864256147866,45.041219012251,
    46.408073524505,47.880684921353,49.469922617188,51.049935999727,
    52.894334824252,54.887680127977,57.041280206621,59.18142193199,
    61.675679145654,64.364419403117,67.031728548195),(-22.4,0.),
  .UNSPECIFIED.);
#3834 = CARTESIAN_POINT('',(-41.19768201795,-23.65611516945,22.4));
#3835 = CARTESIAN_POINT('',(-41.19768201795,-23.65611516945,0.));
#3836 = CARTESIAN_POINT('',(-40.59750268534,-24.44027304061,22.4));
#3837 = CARTESIAN_POINT('',(-40.59750268534,-24.44027304061,0.));
#3838 = CARTESIAN_POINT('',(-39.44478458005,-25.99410995634,22.4));
#3839 = CARTESIAN_POINT('',(-39.44478458005,-25.99410995634,0.));
#3840 = CARTESIAN_POINT('',(-37.69570526143,-28.08731026835,22.4));
#3841 = CARTESIAN_POINT('',(-37.69570526143,-28.08731026835,0.));
#3842 = CARTESIAN_POINT('',(-36.06945493721,-29.8873481002,22.4));
#3843 = CARTESIAN_POINT('',(-36.06945493721,-29.8873481002,0.));
#3844 = CARTESIAN_POINT('',(-34.52130940482,-31.44967011713,22.4));
#3845 = CARTESIAN_POINT('',(-34.52130940482,-31.44967011713,0.));
#3846 = CARTESIAN_POINT('',(-33.0480792187,-32.80258215076,22.4));
#3847 = CARTESIAN_POINT('',(-33.0480792187,-32.80258215076,0.));
#3848 = CARTESIAN_POINT('',(-31.59990102154,-33.99810761069,22.4));
#3849 = CARTESIAN_POINT('',(-31.59990102154,-33.99810761069,0.));
#3850 = CARTESIAN_POINT('',(-30.24832331795,-34.99285853606,22.4));
#3851 = CARTESIAN_POINT('',(-30.24832331795,-34.99285853606,0.));
#3852 = CARTESIAN_POINT('',(-28.95871486912,-35.83428625517,22.4));
#3853 = CARTESIAN_POINT('',(-28.95871486912,-35.83428625517,0.));
#3854 = CARTESIAN_POINT('',(-27.72660257715,-36.53968540187,22.4));
#3855 = CARTESIAN_POINT('',(-27.72660257715,-36.53968540187,0.));
#3856 = CARTESIAN_POINT('',(-26.51128317332,-37.13772977299,22.4));
#3857 = CARTESIAN_POINT('',(-26.51128317332,-37.13772977299,0.));
#3858 = CARTESIAN_POINT('',(-25.3723924963,-37.61004783571,22.4));
#3859 = CARTESIAN_POINT('',(-25.3723924963,-37.61004783571,0.));
#3860 = CARTESIAN_POINT('',(-24.27914343183,-37.98493528241,22.4));
#3861 = CARTESIAN_POINT('',(-24.27914343183,-37.98493528241,0.));
#3862 = CARTESIAN_POINT('',(-23.22732021094,-38.27310362603,22.4));
#3863 = CARTESIAN_POINT('',(-23.22732021094,-38.27310362603,0.));
#3864 = CARTESIAN_POINT('',(-22.18398945201,-38.48644040792,22.4));
#3865 = CARTESIAN_POINT('',(-22.18398945201,-38.48644040792,0.));
#3866 = CARTESIAN_POINT('',(-21.20057753239,-38.62121149492,22.4));
#3867 = CARTESIAN_POINT('',(-21.20057753239,-38.62121149492,0.));
#3868 = CARTESIAN_POINT('',(-20.24981937627,-38.6912129147,22.4));
#3869 = CARTESIAN_POINT('',(-20.24981937627,-38.6912129147,0.));
#3870 = CARTESIAN_POINT('',(-19.32901752529,-38.70164144689,22.4));
#3871 = CARTESIAN_POINT('',(-19.32901752529,-38.70164144689,0.));
#3872 = CARTESIAN_POINT('',(-18.41192295229,-38.65285046237,22.4));
#3873 = CARTESIAN_POINT('',(-18.41192295229,-38.65285046237,0.));
#3874 = CARTESIAN_POINT('',(-17.54481828435,-38.55039798854,22.4));
#3875 = CARTESIAN_POINT('',(-17.54481828435,-38.55039798854,0.));
#3876 = CARTESIAN_POINT('',(-16.70398003906,-38.39742063482,22.4));
#3877 = CARTESIAN_POINT('',(-16.70398003906,-38.39742063482,0.));
#3878 = CARTESIAN_POINT('',(-15.88846513352,-38.19534004862,22.4));
#3879 = CARTESIAN_POINT('',(-15.88846513352,-38.19534004862,0.));
#3880 = CARTESIAN_POINT('',(-15.07752826767,-37.93593258038,22.4));
#3881 = CARTESIAN_POINT('',(-15.07752826767,-37.93593258038,0.));
#3882 = CARTESIAN_POINT('',(-14.31335555887,-37.63253512331,22.4));
#3883 = CARTESIAN_POINT('',(-14.31335555887,-37.63253512331,0.));
#3884 = CARTESIAN_POINT('',(-13.57518526054,-37.27994839134,22.4));
#3885 = CARTESIAN_POINT('',(-13.57518526054,-37.27994839134,0.));
#3886 = CARTESIAN_POINT('',(-12.8632240852,-36.87673095337,22.4));
#3887 = CARTESIAN_POINT('',(-12.8632240852,-36.87673095337,0.));
#3888 = CARTESIAN_POINT('',(-12.1618442515,-36.40686519105,22.4));
#3889 = CARTESIAN_POINT('',(-12.1618442515,-36.40686519105,0.));
#3890 = CARTESIAN_POINT('',(-11.50883528395,-35.89204427852,22.4));
#3891 = CARTESIAN_POINT('',(-11.50883528395,-35.89204427852,0.));
#3892 = CARTESIAN_POINT('',(-10.88605738193,-35.31875103393,22.4));
#3893 = CARTESIAN_POINT('',(-10.88605738193,-35.31875103393,0.));
#3894 = CARTESIAN_POINT('',(-10.29505200315,-34.68255508534,22.4));
#3895 = CARTESIAN_POINT('',(-10.29505200315,-34.68255508534,0.));
#3896 = CARTESIAN_POINT('',(-9.726625133919,-33.95933715265,22.4));
#3897 = CARTESIAN_POINT('',(-9.726625133919,-33.95933715265,0.));
#3898 = CARTESIAN_POINT('',(-9.213707406018,-33.18183456993,22.4));
#3899 = CARTESIAN_POINT('',(-9.213707406018,-33.18183456993,0.));
#3900 = CARTESIAN_POINT('',(-8.742330489725,-32.32667702011,22.4));
#3901 = CARTESIAN_POINT('',(-8.742330489725,-32.32667702011,0.));
#3902 = CARTESIAN_POINT('',(-8.316968499721,-31.38728553441,22.4));
#3903 = CARTESIAN_POINT('',(-8.316968499721,-31.38728553441,0.));
#3904 = CARTESIAN_POINT('',(-7.93809362255,-30.33168040367,22.4));
#3905 = CARTESIAN_POINT('',(-7.93809362255,-30.33168040367,0.));
#3906 = CARTESIAN_POINT('',(-7.628710068421,-29.21012356943,22.4));
#3907 = CARTESIAN_POINT('',(-7.628710068421,-29.21012356943,0.));
#3908 = CARTESIAN_POINT('',(-7.394409398782,-27.98564911256,22.4));
#3909 = CARTESIAN_POINT('',(-7.394409398782,-27.98564911256,0.));
#3910 = CARTESIAN_POINT('',(-7.241834177369,-26.65438801547,22.4));
#3911 = CARTESIAN_POINT('',(-7.241834177369,-26.65438801547,0.));
#3912 = CARTESIAN_POINT('',(-7.172534579738,-25.17872438886,22.4));
#3913 = CARTESIAN_POINT('',(-7.172534579738,-25.17872438886,0.));
#3914 = CARTESIAN_POINT('',(-7.202023820633,-23.63064158176,22.4));
#3915 = CARTESIAN_POINT('',(-7.202023820633,-23.63064158176,0.));
#3916 = CARTESIAN_POINT('',(-7.333571741476,-21.96369747304,22.4));
#3917 = CARTESIAN_POINT('',(-7.333571741476,-21.96369747304,0.));
#3918 = CARTESIAN_POINT('',(-7.578896463739,-20.17376319876,22.4));
#3919 = CARTESIAN_POINT('',(-7.578896463739,-20.17376319876,0.));
#3920 = CARTESIAN_POINT('',(-7.962725754083,-18.21153838216,22.4));
#3921 = CARTESIAN_POINT('',(-7.962725754083,-18.21153838216,0.));
#3922 = CARTESIAN_POINT('',(-8.473684888989,-16.18352049883,22.4));
#3923 = CARTESIAN_POINT('',(-8.473684888989,-16.18352049883,0.));
#3924 = CARTESIAN_POINT('',(-9.144462101168,-13.99955768506,22.4));
#3925 = CARTESIAN_POINT('',(-9.144462101168,-13.99955768506,0.));
#3926 = CARTESIAN_POINT('',(-9.932823367122,-11.78847678433,22.4));
#3927 = CARTESIAN_POINT('',(-9.932823367122,-11.78847678433,0.));
#3928 = CARTESIAN_POINT('',(-11.09108510233,-9.011915653887,22.4));
#3929 = CARTESIAN_POINT('',(-11.09108510233,-9.011915653887,0.));
#3930 = CARTESIAN_POINT('',(-11.45817653937,-8.292958249965,22.4));
#3931 = CARTESIAN_POINT('',(-11.45817653937,-8.292958249965,0.));
#3932 = CARTESIAN_POINT('',(-12.11628438599,-6.883805996763,22.4));
#3933 = CARTESIAN_POINT('',(-12.11628438599,-6.883805996763,0.));
#3934 = DEFINITIONAL_REPRESENTATION('',(#3935),#3939);
#3935 = LINE('',#3936,#3937);
#3936 = CARTESIAN_POINT('',(0.,0.));
#3937 = VECTOR('',#3938,1.);
#3938 = DIRECTION('',(1.,0.));
#3939 = ( GEOMETRIC_REPRESENTATION_CONTEXT(2) 
PARAMETRIC_REPRESENTATION_CONTEXT() REPRESENTATION_CONTEXT('2D SPACE',''
  ) );
#3940 = ORIENTED_EDGE('',*,*,#3941,.F.);
#3941 = EDGE_CURVE('',#3942,#3724,#3944,.T.);
#3942 = VERTEX_POINT('',#3943);
#3943 = CARTESIAN_POINT('',(-44.22039079482,-19.70695716841,0.));
#3944 = SURFACE_CURVE('',#3945,(#3949,#3956),.PCURVE_S1.);
#3945 = LINE('',#3946,#3947);
#3946 = CARTESIAN_POINT('',(-48.14940501469,-14.57371440904,0.));
#3947 = VECTOR('',#3948,1.);
#3948 = DIRECTION('',(0.607800801718,-0.794089532378,0.));
#3949 = PCURVE('',#45,#3950);
#3950 = DEFINITIONAL_REPRESENTATION('',(#3951),#3955);
#3951 = LINE('',#3952,#3953);
#3952 = CARTESIAN_POINT('',(-48.14940501469,-14.57371440904));
#3953 = VECTOR('',#3954,1.);
#3954 = DIRECTION('',(0.607800801718,-0.794089532378));
#3955 = ( GEOMETRIC_REPRESENTATION_CONTEXT(2) 
PARAMETRIC_REPRESENTATION_CONTEXT() REPRESENTATION_CONTEXT('2D SPACE',''
  ) );
#3956 = PCURVE('',#3957,#3962);
#3957 = PLANE('',#3958);
#3958 = AXIS2_PLACEMENT_3D('',#3959,#3960,#3961);
#3959 = CARTESIAN_POINT('',(-44.44520327021,-19.41324048863,0.));
#3960 = DIRECTION('',(0.794089532378,0.607800801718,-0.));
#3961 = DIRECTION('',(0.607800801718,-0.794089532378,0.));
#3962 = DEFINITIONAL_REPRESENTATION('',(#3963),#3967);
#3963 = LINE('',#3964,#3965);
#3964 = CARTESIAN_POINT('',(-6.094433791482,-0.));
#3965 = VECTOR('',#3966,1.);
#3966 = DIRECTION('',(1.,0.));
#3967 = ( GEOMETRIC_REPRESENTATION_CONTEXT(2) 
PARAMETRIC_REPRESENTATION_CONTEXT() REPRESENTATION_CONTEXT('2D SPACE',''
  ) );
#3968 = ORIENTED_EDGE('',*,*,#3969,.F.);
#3969 = EDGE_CURVE('',#3449,#3942,#3970,.T.);
#3970 = SURFACE_CURVE('',#3971,(#3976,#3983),.PCURVE_S1.);
#3971 = CIRCLE('',#3972,3.);
#3972 = AXIS2_PLACEMENT_3D('',#3973,#3974,#3975);
#3973 = CARTESIAN_POINT('',(-41.83812219769,-17.88355476326,0.));
#3974 = DIRECTION('',(0.,0.,1.));
#3975 = DIRECTION('',(0.,-1.,0.));
#3976 = PCURVE('',#45,#3977);
#3977 = DEFINITIONAL_REPRESENTATION('',(#3978),#3982);
#3978 = CIRCLE('',#3979,3.);
#3979 = AXIS2_PLACEMENT_2D('',#3980,#3981);
#3980 = CARTESIAN_POINT('',(-41.83812219769,-17.88355476326));
#3981 = DIRECTION('',(0.,-1.));
#3982 = ( GEOMETRIC_REPRESENTATION_CONTEXT(2) 
PARAMETRIC_REPRESENTATION_CONTEXT() REPRESENTATION_CONTEXT('2D SPACE',''
  ) );
#3983 = PCURVE('',#3984,#3989);
#3984 = CYLINDRICAL_SURFACE('',#3985,3.);
#3985 = AXIS2_PLACEMENT_3D('',#3986,#3987,#3988);
#3986 = CARTESIAN_POINT('',(-41.83812219769,-17.88355476326,0.));
#3987 = DIRECTION('',(0.,0.,1.));
#3988 = DIRECTION('',(-0.91951916918,-0.393045159632,0.));
#3989 = DEFINITIONAL_REPRESENTATION('',(#3990),#3994);
#3990 = LINE('',#3991,#3992);
#3991 = CARTESIAN_POINT('',(-5.116329925422,0.));
#3992 = VECTOR('',#3993,1.);
#3993 = DIRECTION('',(1.,0.));
#3994 = ( GEOMETRIC_REPRESENTATION_CONTEXT(2) 
PARAMETRIC_REPRESENTATION_CONTEXT() REPRESENTATION_CONTEXT('2D SPACE',''
  ) );
#3995 = FACE_BOUND('',#3996,.F.);
#3996 = EDGE_LOOP('',(#3997,#4028,#4246,#4274,#4492,#4520));
#3997 = ORIENTED_EDGE('',*,*,#3998,.F.);
#3998 = EDGE_CURVE('',#3999,#4001,#4003,.T.);
#3999 = VERTEX_POINT('',#4000);
#4000 = CARTESIAN_POINT('',(-46.98596910016,12.023672804875,0.));
#4001 = VERTEX_POINT('',#4002);
#4002 = CARTESIAN_POINT('',(-48.15320267025,5.789565838434,0.));
#4003 = SURFACE_CURVE('',#4004,(#4009,#4016),.PCURVE_S1.);
#4004 = CIRCLE('',#4005,48.5);
#4005 = AXIS2_PLACEMENT_3D('',#4006,#4007,#4008);
#4006 = CARTESIAN_POINT('',(0.,0.,0.));
#4007 = DIRECTION('',(0.,0.,1.));
#4008 = DIRECTION('',(1.,0.,-0.));
#4009 = PCURVE('',#45,#4010);
#4010 = DEFINITIONAL_REPRESENTATION('',(#4011),#4015);
#4011 = CIRCLE('',#4012,48.5);
#4012 = AXIS2_PLACEMENT_2D('',#4013,#4014);
#4013 = CARTESIAN_POINT('',(1.75032336965E-15,-3.209892110372E-15));
#4014 = DIRECTION('',(1.,0.));
#4015 = ( GEOMETRIC_REPRESENTATION_CONTEXT(2) 
PARAMETRIC_REPRESENTATION_CONTEXT() REPRESENTATION_CONTEXT('2D SPACE',''
  ) );
#4016 = PCURVE('',#4017,#4022);
#4017 = CYLINDRICAL_SURFACE('',#4018,48.5);
#4018 = AXIS2_PLACEMENT_3D('',#4019,#4020,#4021);
#4019 = CARTESIAN_POINT('',(0.,0.,0.));
#4020 = DIRECTION('',(-0.,-0.,-1.));
#4021 = DIRECTION('',(1.,0.,-0.));
#4022 = DEFINITIONAL_REPRESENTATION('',(#4023),#4027);
#4023 = LINE('',#4024,#4025);
#4024 = CARTESIAN_POINT('',(-0.,0.));
#4025 = VECTOR('',#4026,1.);
#4026 = DIRECTION('',(-1.,0.));
#4027 = ( GEOMETRIC_REPRESENTATION_CONTEXT(2) 
PARAMETRIC_REPRESENTATION_CONTEXT() REPRESENTATION_CONTEXT('2D SPACE',''
  ) );
#4028 = ORIENTED_EDGE('',*,*,#4029,.F.);
#4029 = EDGE_CURVE('',#4030,#3999,#4032,.T.);
#4030 = VERTEX_POINT('',#4031);
#4031 = CARTESIAN_POINT('',(-12.71813131731,2.002495231905,0.));
#4032 = SURFACE_CURVE('',#4033,(#4084,#4138),.PCURVE_S1.);
#4033 = B_SPLINE_CURVE_WITH_KNOTS('',3,(#4034,#4035,#4036,#4037,#4038,
    #4039,#4040,#4041,#4042,#4043,#4044,#4045,#4046,#4047,#4048,#4049,
    #4050,#4051,#4052,#4053,#4054,#4055,#4056,#4057,#4058,#4059,#4060,
    #4061,#4062,#4063,#4064,#4065,#4066,#4067,#4068,#4069,#4070,#4071,
    #4072,#4073,#4074,#4075,#4076,#4077,#4078,#4079,#4080,#4081,#4082,
    #4083),.UNSPECIFIED.,.F.,.F.,(4,1,1,1,1,1,1,1,1,1,1,1,1,1,1,1,1,1,1,
    1,1,1,1,1,1,1,1,1,1,1,1,1,1,1,1,1,1,1,1,1,1,1,1,1,1,1,1,4),(0.,
    2.766464139392,5.568319295326,8.177275145496,10.425160909405,
    12.698001103747,14.813706991925,16.784063111389,18.483896399813,
    20.207074900357,21.81810245116,23.327840693167,24.640860133639,
    25.985974841284,27.260500260188,28.473662841808,29.546573791048,
    30.665502050481,31.746604132965,32.796723932319,33.744037531687,
    34.751762028128,35.745458780463,36.730106112805,37.635070035337,
    38.615335519513,39.599805338773,40.592877392801,41.521106716853,
    42.54355210237,43.588460947472,44.661307186429,45.681682040739,
    46.825929386569,48.018033969658,49.266638650819,50.477859791669,
    51.863921967174,53.33914083985,54.917675284274,56.480212616324,
    58.303578905337,60.281721918016,62.435877257802,64.600562295301,
    67.15990258556,69.968318443063,73.053194077155),.UNSPECIFIED.);
#4034 = CARTESIAN_POINT('',(-9.977352195207,5.648892920632,0.));
#4035 = CARTESIAN_POINT('',(-10.51176149547,4.917117721303,0.));
#4036 = CARTESIAN_POINT('',(-11.59677807704,3.381514033342,0.));
#4037 = CARTESIAN_POINT('',(-13.30340885684,1.266192554498,0.));
#4038 = CARTESIAN_POINT('',(-14.99157243147,-0.652937544647,0.));
#4039 = CARTESIAN_POINT('',(-16.64805536102,-2.357667696025,0.));
#4040 = CARTESIAN_POINT('',(-18.26692571013,-3.866947772078,0.));
#4041 = CARTESIAN_POINT('',(-19.89428042686,-5.226739915106,0.));
#4042 = CARTESIAN_POINT('',(-21.44295017967,-6.37806374135,0.));
#4043 = CARTESIAN_POINT('',(-22.94571847106,-7.366530659752,0.));
#4044 = CARTESIAN_POINT('',(-24.4013666115,-8.203570555337,0.));
#4045 = CARTESIAN_POINT('',(-25.851661036,-8.916145549059,0.));
#4046 = CARTESIAN_POINT('',(-27.22172479727,-9.473628573521,0.));
#4047 = CARTESIAN_POINT('',(-28.54033327048,-9.913606364257,0.));
#4048 = CARTESIAN_POINT('',(-29.80914549246,-10.24785351828,0.));
#4049 = CARTESIAN_POINT('',(-31.06793361207,-10.47419604374,0.));
#4050 = CARTESIAN_POINT('',(-32.25034594947,-10.5909565971,0.));
#4051 = CARTESIAN_POINT('',(-33.38619411434,-10.61323512593,0.));
#4052 = CARTESIAN_POINT('',(-34.47649577751,-10.54807337968,0.));
#4053 = CARTESIAN_POINT('',(-35.55009331318,-10.39390345492,0.));
#4054 = CARTESIAN_POINT('',(-36.55153548998,-10.16466308267,0.));
#4055 = CARTESIAN_POINT('',(-37.50842968013,-9.865360056896,0.));
#4056 = CARTESIAN_POINT('',(-38.42234699074,-9.500817961601,0.));
#4057 = CARTESIAN_POINT('',(-39.31646800072,-9.061296898977,0.));
#4058 = CARTESIAN_POINT('',(-40.14559781859,-8.573483216962,0.));
#4059 = CARTESIAN_POINT('',(-40.93487016334,-8.031759024511,0.));
#4060 = CARTESIAN_POINT('',(-41.68575433835,-7.437884771838,0.));
#4061 = CARTESIAN_POINT('',(-42.41603396861,-6.774393559789,0.));
#4062 = CARTESIAN_POINT('',(-43.08841443414,-6.076210809169,0.));
#4063 = CARTESIAN_POINT('',(-43.7236346677,-5.327567464674,0.));
#4064 = CARTESIAN_POINT('',(-44.32138742344,-4.526841376256,0.));
#4065 = CARTESIAN_POINT('',(-44.89261192074,-3.6488585626,0.));
#4066 = CARTESIAN_POINT('',(-45.40575262067,-2.736476598302,0.));
#4067 = CARTESIAN_POINT('',(-45.87557055152,-1.764262932581,0.));
#4068 = CARTESIAN_POINT('',(-46.29865407,-0.727551311337,0.));
#4069 = CARTESIAN_POINT('',(-46.67707495511,0.406828990312,0.));
#4070 = CARTESIAN_POINT('',(-46.98587683378,1.585239404088,0.));
#4071 = CARTESIAN_POINT('',(-47.23234506366,2.8440556554,0.));
#4072 = CARTESIAN_POINT('',(-47.40924798827,4.19095431662,0.));
#4073 = CARTESIAN_POINT('',(-47.50755451397,5.668614781671,0.));
#4074 = CARTESIAN_POINT('',(-47.51336519804,7.208340474022,0.));
#4075 = CARTESIAN_POINT('',(-47.42331691319,8.86158053805,0.));
#4076 = CARTESIAN_POINT('',(-47.22570579592,10.639323759191,0.));
#4077 = CARTESIAN_POINT('',(-46.89615744167,12.599371020966,0.));
#4078 = CARTESIAN_POINT('',(-46.44186165288,14.64369550493,0.));
#4079 = CARTESIAN_POINT('',(-45.82928049123,16.877984783365,0.));
#4080 = CARTESIAN_POINT('',(-45.09841857346,19.169502008325,0.));
#4081 = CARTESIAN_POINT('',(-43.95045750498,22.245133304455,0.));
#4082 = CARTESIAN_POINT('',(-43.65541376537,22.877531631162,0.));
#4083 = CARTESIAN_POINT('',(-42.91882646651,24.649818380147,0.));
#4084 = PCURVE('',#45,#4085);
#4085 = DEFINITIONAL_REPRESENTATION('',(#4086),#4137);
#4086 = B_SPLINE_CURVE_WITH_KNOTS('',3,(#4087,#4088,#4089,#4090,#4091,
    #4092,#4093,#4094,#4095,#4096,#4097,#4098,#4099,#4100,#4101,#4102,
    #4103,#4104,#4105,#4106,#4107,#4108,#4109,#4110,#4111,#4112,#4113,
    #4114,#4115,#4116,#4117,#4118,#4119,#4120,#4121,#4122,#4123,#4124,
    #4125,#4126,#4127,#4128,#4129,#4130,#4131,#4132,#4133,#4134,#4135,
    #4136),.UNSPECIFIED.,.F.,.F.,(4,1,1,1,1,1,1,1,1,1,1,1,1,1,1,1,1,1,1,
    1,1,1,1,1,1,1,1,1,1,1,1,1,1,1,1,1,1,1,1,1,1,1,1,1,1,1,1,4),(0.,
    2.766464139392,5.568319295326,8.177275145496,10.425160909405,
    12.698001103747,14.813706991925,16.784063111389,18.483896399813,
    20.207074900357,21.81810245116,23.327840693167,24.640860133639,
    25.985974841284,27.260500260188,28.473662841808,29.546573791048,
    30.665502050481,31.746604132965,32.796723932319,33.744037531687,
    34.751762028128,35.745458780463,36.730106112805,37.635070035337,
    38.615335519513,39.599805338773,40.592877392801,41.521106716853,
    42.54355210237,43.588460947472,44.661307186429,45.681682040739,
    46.825929386569,48.018033969658,49.266638650819,50.477859791669,
    51.863921967174,53.33914083985,54.917675284274,56.480212616324,
    58.303578905337,60.281721918016,62.435877257802,64.600562295301,
    67.15990258556,69.968318443063,73.053194077155),.UNSPECIFIED.);
#4087 = CARTESIAN_POINT('',(-9.977352195207,5.648892920632));
#4088 = CARTESIAN_POINT('',(-10.51176149547,4.917117721303));
#4089 = CARTESIAN_POINT('',(-11.59677807704,3.381514033342));
#4090 = CARTESIAN_POINT('',(-13.30340885684,1.266192554498));
#4091 = CARTESIAN_POINT('',(-14.99157243147,-0.652937544647));
#4092 = CARTESIAN_POINT('',(-16.64805536102,-2.357667696025));
#4093 = CARTESIAN_POINT('',(-18.26692571013,-3.866947772078));
#4094 = CARTESIAN_POINT('',(-19.89428042686,-5.226739915106));
#4095 = CARTESIAN_POINT('',(-21.44295017967,-6.37806374135));
#4096 = CARTESIAN_POINT('',(-22.94571847106,-7.366530659752));
#4097 = CARTESIAN_POINT('',(-24.4013666115,-8.203570555337));
#4098 = CARTESIAN_POINT('',(-25.851661036,-8.916145549059));
#4099 = CARTESIAN_POINT('',(-27.22172479727,-9.473628573521));
#4100 = CARTESIAN_POINT('',(-28.54033327048,-9.913606364257));
#4101 = CARTESIAN_POINT('',(-29.80914549246,-10.24785351828));
#4102 = CARTESIAN_POINT('',(-31.06793361207,-10.47419604374));
#4103 = CARTESIAN_POINT('',(-32.25034594947,-10.5909565971));
#4104 = CARTESIAN_POINT('',(-33.38619411434,-10.61323512593));
#4105 = CARTESIAN_POINT('',(-34.47649577751,-10.54807337968));
#4106 = CARTESIAN_POINT('',(-35.55009331318,-10.39390345492));
#4107 = CARTESIAN_POINT('',(-36.55153548998,-10.16466308267));
#4108 = CARTESIAN_POINT('',(-37.50842968013,-9.865360056896));
#4109 = CARTESIAN_POINT('',(-38.42234699074,-9.500817961601));
#4110 = CARTESIAN_POINT('',(-39.31646800072,-9.061296898977));
#4111 = CARTESIAN_POINT('',(-40.14559781859,-8.573483216962));
#4112 = CARTESIAN_POINT('',(-40.93487016334,-8.031759024511));
#4113 = CARTESIAN_POINT('',(-41.68575433835,-7.437884771838));
#4114 = CARTESIAN_POINT('',(-42.41603396861,-6.774393559789));
#4115 = CARTESIAN_POINT('',(-43.08841443414,-6.076210809169));
#4116 = CARTESIAN_POINT('',(-43.7236346677,-5.327567464674));
#4117 = CARTESIAN_POINT('',(-44.32138742344,-4.526841376256));
#4118 = CARTESIAN_POINT('',(-44.89261192074,-3.6488585626));
#4119 = CARTESIAN_POINT('',(-45.40575262067,-2.736476598302));
#4120 = CARTESIAN_POINT('',(-45.87557055152,-1.764262932581));
#4121 = CARTESIAN_POINT('',(-46.29865407,-0.727551311337));
#4122 = CARTESIAN_POINT('',(-46.67707495511,0.406828990312));
#4123 = CARTESIAN_POINT('',(-46.98587683378,1.585239404088));
#4124 = CARTESIAN_POINT('',(-47.23234506366,2.8440556554));
#4125 = CARTESIAN_POINT('',(-47.40924798827,4.19095431662));
#4126 = CARTESIAN_POINT('',(-47.50755451397,5.668614781671));
#4127 = CARTESIAN_POINT('',(-47.51336519804,7.208340474022));
#4128 = CARTESIAN_POINT('',(-47.42331691319,8.86158053805));
#4129 = CARTESIAN_POINT('',(-47.22570579592,10.639323759191));
#4130 = CARTESIAN_POINT('',(-46.89615744167,12.599371020966));
#4131 = CARTESIAN_POINT('',(-46.44186165288,14.64369550493));
#4132 = CARTESIAN_POINT('',(-45.82928049123,16.877984783365));
#4133 = CARTESIAN_POINT('',(-45.09841857346,19.169502008325));
#4134 = CARTESIAN_POINT('',(-43.95045750498,22.245133304455));
#4135 = CARTESIAN_POINT('',(-43.65541376537,22.877531631162));
#4136 = CARTESIAN_POINT('',(-42.91882646651,24.649818380147));
#4137 = ( GEOMETRIC_REPRESENTATION_CONTEXT(2) 
PARAMETRIC_REPRESENTATION_CONTEXT() REPRESENTATION_CONTEXT('2D SPACE',''
  ) );
#4138 = PCURVE('',#4139,#4240);
#4139 = B_SPLINE_SURFACE_WITH_KNOTS('',3,1,(
    (#4140,#4141)
    ,(#4142,#4143)
    ,(#4144,#4145)
    ,(#4146,#4147)
    ,(#4148,#4149)
    ,(#4150,#4151)
    ,(#4152,#4153)
    ,(#4154,#4155)
    ,(#4156,#4157)
    ,(#4158,#4159)
    ,(#4160,#4161)
    ,(#4162,#4163)
    ,(#4164,#4165)
    ,(#4166,#4167)
    ,(#4168,#4169)
    ,(#4170,#4171)
    ,(#4172,#4173)
    ,(#4174,#4175)
    ,(#4176,#4177)
    ,(#4178,#4179)
    ,(#4180,#4181)
    ,(#4182,#4183)
    ,(#4184,#4185)
    ,(#4186,#4187)
    ,(#4188,#4189)
    ,(#4190,#4191)
    ,(#4192,#4193)
    ,(#4194,#4195)
    ,(#4196,#4197)
    ,(#4198,#4199)
    ,(#4200,#4201)
    ,(#4202,#4203)
    ,(#4204,#4205)
    ,(#4206,#4207)
    ,(#4208,#4209)
    ,(#4210,#4211)
    ,(#4212,#4213)
    ,(#4214,#4215)
    ,(#4216,#4217)
    ,(#4218,#4219)
    ,(#4220,#4221)
    ,(#4222,#4223)
    ,(#4224,#4225)
    ,(#4226,#4227)
    ,(#4228,#4229)
    ,(#4230,#4231)
    ,(#4232,#4233)
    ,(#4234,#4235)
    ,(#4236,#4237)
    ,(#4238,#4239
    )),.UNSPECIFIED.,.F.,.F.,.F.,(4,1,1,1,1,1,1,1,1,1,1,1,1,1,1,1,1,1,1,
    1,1,1,1,1,1,1,1,1,1,1,1,1,1,1,1,1,1,1,1,1,1,1,1,1,1,1,1,4),(2,2),(0.
    ,2.766464139392,5.568319295326,8.177275145496,10.425160909405,
    12.698001103747,14.813706991925,16.784063111389,18.483896399813,
    20.207074900357,21.81810245116,23.327840693167,24.640860133639,
    25.985974841284,27.260500260188,28.473662841808,29.546573791048,
    30.665502050481,31.746604132965,32.796723932319,33.744037531687,
    34.751762028128,35.745458780463,36.730106112805,37.635070035337,
    38.615335519513,39.599805338773,40.592877392801,41.521106716853,
    42.54355210237,43.588460947472,44.661307186429,45.681682040739,
    46.825929386569,48.018033969658,49.266638650819,50.477859791669,
    51.863921967174,53.33914083985,54.917675284274,56.480212616324,
    58.303578905337,60.281721918016,62.435877257802,64.600562295301,
    67.15990258556,69.968318443063,73.053194077155),(-22.4,0.),
  .UNSPECIFIED.);
#4140 = CARTESIAN_POINT('',(-9.977352195207,5.648892920632,22.4));
#4141 = CARTESIAN_POINT('',(-9.977352195207,5.648892920632,0.));
#4142 = CARTESIAN_POINT('',(-10.51176149547,4.917117721303,22.4));
#4143 = CARTESIAN_POINT('',(-10.51176149547,4.917117721303,0.));
#4144 = CARTESIAN_POINT('',(-11.59677807704,3.381514033342,22.4));
#4145 = CARTESIAN_POINT('',(-11.59677807704,3.381514033342,0.));
#4146 = CARTESIAN_POINT('',(-13.30340885684,1.266192554498,22.4));
#4147 = CARTESIAN_POINT('',(-13.30340885684,1.266192554498,0.));
#4148 = CARTESIAN_POINT('',(-14.99157243147,-0.652937544647,22.4));
#4149 = CARTESIAN_POINT('',(-14.99157243147,-0.652937544647,0.));
#4150 = CARTESIAN_POINT('',(-16.64805536102,-2.357667696025,22.4));
#4151 = CARTESIAN_POINT('',(-16.64805536102,-2.357667696025,0.));
#4152 = CARTESIAN_POINT('',(-18.26692571013,-3.866947772078,22.4));
#4153 = CARTESIAN_POINT('',(-18.26692571013,-3.866947772078,0.));
#4154 = CARTESIAN_POINT('',(-19.89428042686,-5.226739915106,22.4));
#4155 = CARTESIAN_POINT('',(-19.89428042686,-5.226739915106,0.));
#4156 = CARTESIAN_POINT('',(-21.44295017967,-6.37806374135,22.4));
#4157 = CARTESIAN_POINT('',(-21.44295017967,-6.37806374135,0.));
#4158 = CARTESIAN_POINT('',(-22.94571847106,-7.366530659752,22.4));
#4159 = CARTESIAN_POINT('',(-22.94571847106,-7.366530659752,0.));
#4160 = CARTESIAN_POINT('',(-24.4013666115,-8.203570555337,22.4));
#4161 = CARTESIAN_POINT('',(-24.4013666115,-8.203570555337,0.));
#4162 = CARTESIAN_POINT('',(-25.851661036,-8.916145549059,22.4));
#4163 = CARTESIAN_POINT('',(-25.851661036,-8.916145549059,0.));
#4164 = CARTESIAN_POINT('',(-27.22172479727,-9.473628573521,22.4));
#4165 = CARTESIAN_POINT('',(-27.22172479727,-9.473628573521,0.));
#4166 = CARTESIAN_POINT('',(-28.54033327048,-9.913606364257,22.4));
#4167 = CARTESIAN_POINT('',(-28.54033327048,-9.913606364257,0.));
#4168 = CARTESIAN_POINT('',(-29.80914549246,-10.24785351828,22.4));
#4169 = CARTESIAN_POINT('',(-29.80914549246,-10.24785351828,0.));
#4170 = CARTESIAN_POINT('',(-31.06793361207,-10.47419604374,22.4));
#4171 = CARTESIAN_POINT('',(-31.06793361207,-10.47419604374,0.));
#4172 = CARTESIAN_POINT('',(-32.25034594947,-10.5909565971,22.4));
#4173 = CARTESIAN_POINT('',(-32.25034594947,-10.5909565971,0.));
#4174 = CARTESIAN_POINT('',(-33.38619411434,-10.61323512593,22.4));
#4175 = CARTESIAN_POINT('',(-33.38619411434,-10.61323512593,0.));
#4176 = CARTESIAN_POINT('',(-34.47649577751,-10.54807337968,22.4));
#4177 = CARTESIAN_POINT('',(-34.47649577751,-10.54807337968,0.));
#4178 = CARTESIAN_POINT('',(-35.55009331318,-10.39390345492,22.4));
#4179 = CARTESIAN_POINT('',(-35.55009331318,-10.39390345492,0.));
#4180 = CARTESIAN_POINT('',(-36.55153548998,-10.16466308267,22.4));
#4181 = CARTESIAN_POINT('',(-36.55153548998,-10.16466308267,0.));
#4182 = CARTESIAN_POINT('',(-37.50842968013,-9.865360056896,22.4));
#4183 = CARTESIAN_POINT('',(-37.50842968013,-9.865360056896,0.));
#4184 = CARTESIAN_POINT('',(-38.42234699074,-9.500817961601,22.4));
#4185 = CARTESIAN_POINT('',(-38.42234699074,-9.500817961601,0.));
#4186 = CARTESIAN_POINT('',(-39.31646800072,-9.061296898977,22.4));
#4187 = CARTESIAN_POINT('',(-39.31646800072,-9.061296898977,0.));
#4188 = CARTESIAN_POINT('',(-40.14559781859,-8.573483216962,22.4));
#4189 = CARTESIAN_POINT('',(-40.14559781859,-8.573483216962,0.));
#4190 = CARTESIAN_POINT('',(-40.93487016334,-8.031759024511,22.4));
#4191 = CARTESIAN_POINT('',(-40.93487016334,-8.031759024511,0.));
#4192 = CARTESIAN_POINT('',(-41.68575433835,-7.437884771838,22.4));
#4193 = CARTESIAN_POINT('',(-41.68575433835,-7.437884771838,0.));
#4194 = CARTESIAN_POINT('',(-42.41603396861,-6.774393559789,22.4));
#4195 = CARTESIAN_POINT('',(-42.41603396861,-6.774393559789,0.));
#4196 = CARTESIAN_POINT('',(-43.08841443414,-6.076210809169,22.4));
#4197 = CARTESIAN_POINT('',(-43.08841443414,-6.076210809169,0.));
#4198 = CARTESIAN_POINT('',(-43.7236346677,-5.327567464674,22.4));
#4199 = CARTESIAN_POINT('',(-43.7236346677,-5.327567464674,0.));
#4200 = CARTESIAN_POINT('',(-44.32138742344,-4.526841376256,22.4));
#4201 = CARTESIAN_POINT('',(-44.32138742344,-4.526841376256,0.));
#4202 = CARTESIAN_POINT('',(-44.89261192074,-3.6488585626,22.4));
#4203 = CARTESIAN_POINT('',(-44.89261192074,-3.6488585626,0.));
#4204 = CARTESIAN_POINT('',(-45.40575262067,-2.736476598302,22.4));
#4205 = CARTESIAN_POINT('',(-45.40575262067,-2.736476598302,0.));
#4206 = CARTESIAN_POINT('',(-45.87557055152,-1.764262932581,22.4));
#4207 = CARTESIAN_POINT('',(-45.87557055152,-1.764262932581,0.));
#4208 = CARTESIAN_POINT('',(-46.29865407,-0.727551311337,22.4));
#4209 = CARTESIAN_POINT('',(-46.29865407,-0.727551311337,0.));
#4210 = CARTESIAN_POINT('',(-46.67707495511,0.406828990312,22.4));
#4211 = CARTESIAN_POINT('',(-46.67707495511,0.406828990312,0.));
#4212 = CARTESIAN_POINT('',(-46.98587683378,1.585239404088,22.4));
#4213 = CARTESIAN_POINT('',(-46.98587683378,1.585239404088,0.));
#4214 = CARTESIAN_POINT('',(-47.23234506366,2.8440556554,22.4));
#4215 = CARTESIAN_POINT('',(-47.23234506366,2.8440556554,0.));
#4216 = CARTESIAN_POINT('',(-47.40924798827,4.19095431662,22.4));
#4217 = CARTESIAN_POINT('',(-47.40924798827,4.19095431662,0.));
#4218 = CARTESIAN_POINT('',(-47.50755451397,5.668614781671,22.4));
#4219 = CARTESIAN_POINT('',(-47.50755451397,5.668614781671,0.));
#4220 = CARTESIAN_POINT('',(-47.51336519804,7.208340474022,22.4));
#4221 = CARTESIAN_POINT('',(-47.51336519804,7.208340474022,0.));
#4222 = CARTESIAN_POINT('',(-47.42331691319,8.86158053805,22.4));
#4223 = CARTESIAN_POINT('',(-47.42331691319,8.86158053805,0.));
#4224 = CARTESIAN_POINT('',(-47.22570579592,10.639323759191,22.4));
#4225 = CARTESIAN_POINT('',(-47.22570579592,10.639323759191,0.));
#4226 = CARTESIAN_POINT('',(-46.89615744167,12.599371020966,22.4));
#4227 = CARTESIAN_POINT('',(-46.89615744167,12.599371020966,0.));
#4228 = CARTESIAN_POINT('',(-46.44186165288,14.64369550493,22.4));
#4229 = CARTESIAN_POINT('',(-46.44186165288,14.64369550493,0.));
#4230 = CARTESIAN_POINT('',(-45.82928049123,16.877984783365,22.4));
#4231 = CARTESIAN_POINT('',(-45.82928049123,16.877984783365,0.));
#4232 = CARTESIAN_POINT('',(-45.09841857346,19.169502008325,22.4));
#4233 = CARTESIAN_POINT('',(-45.09841857346,19.169502008325,0.));
#4234 = CARTESIAN_POINT('',(-43.95045750498,22.245133304455,22.4));
#4235 = CARTESIAN_POINT('',(-43.95045750498,22.245133304455,0.));
#4236 = CARTESIAN_POINT('',(-43.65541376537,22.877531631162,22.4));
#4237 = CARTESIAN_POINT('',(-43.65541376537,22.877531631162,0.));
#4238 = CARTESIAN_POINT('',(-42.91882646651,24.649818380147,22.4));
#4239 = CARTESIAN_POINT('',(-42.91882646651,24.649818380147,0.));
#4240 = DEFINITIONAL_REPRESENTATION('',(#4241),#4245);
#4241 = LINE('',#4242,#4243);
#4242 = CARTESIAN_POINT('',(0.,0.));
#4243 = VECTOR('',#4244,1.);
#4244 = DIRECTION('',(1.,0.));
#4245 = ( GEOMETRIC_REPRESENTATION_CONTEXT(2) 
PARAMETRIC_REPRESENTATION_CONTEXT() REPRESENTATION_CONTEXT('2D SPACE',''
  ) );
#4246 = ORIENTED_EDGE('',*,*,#4247,.F.);
#4247 = EDGE_CURVE('',#4248,#4030,#4250,.T.);
#4248 = VERTEX_POINT('',#4249);
#4249 = CARTESIAN_POINT('',(-13.93491307613,9.659132507772E-02,0.));
#4250 = SURFACE_CURVE('',#4251,(#4255,#4262),.PCURVE_S1.);
#4251 = LINE('',#4252,#4253);
#4252 = CARTESIAN_POINT('',(-13.93491307613,9.659132507772E-02,0.));
#4253 = VECTOR('',#4254,1.);
#4254 = DIRECTION('',(0.538113173392,0.842872595724,0.));
#4255 = PCURVE('',#45,#4256);
#4256 = DEFINITIONAL_REPRESENTATION('',(#4257),#4261);
#4257 = LINE('',#4258,#4259);
#4258 = CARTESIAN_POINT('',(-13.93491307613,9.659132507772E-02));
#4259 = VECTOR('',#4260,1.);
#4260 = DIRECTION('',(0.538113173392,0.842872595724));
#4261 = ( GEOMETRIC_REPRESENTATION_CONTEXT(2) 
PARAMETRIC_REPRESENTATION_CONTEXT() REPRESENTATION_CONTEXT('2D SPACE',''
  ) );
#4262 = PCURVE('',#4263,#4268);
#4263 = PLANE('',#4264);
#4264 = AXIS2_PLACEMENT_3D('',#4265,#4266,#4267);
#4265 = CARTESIAN_POINT('',(-13.93491307613,9.659132507772E-02,0.));
#4266 = DIRECTION('',(-0.842872595724,0.538113173392,0.));
#4267 = DIRECTION('',(0.538113173392,0.842872595724,0.));
#4268 = DEFINITIONAL_REPRESENTATION('',(#4269),#4273);
#4269 = LINE('',#4270,#4271);
#4270 = CARTESIAN_POINT('',(0.,0.));
#4271 = VECTOR('',#4272,1.);
#4272 = DIRECTION('',(1.,0.));
#4273 = ( GEOMETRIC_REPRESENTATION_CONTEXT(2) 
PARAMETRIC_REPRESENTATION_CONTEXT() REPRESENTATION_CONTEXT('2D SPACE',''
  ) );
#4274 = ORIENTED_EDGE('',*,*,#4275,.F.);
#4275 = EDGE_CURVE('',#4276,#4248,#4278,.T.);
#4276 = VERTEX_POINT('',#4277);
#4277 = CARTESIAN_POINT('',(-47.50629678931,0.112044317377,0.));
#4278 = SURFACE_CURVE('',#4279,(#4330,#4384),.PCURVE_S1.);
#4279 = B_SPLINE_CURVE_WITH_KNOTS('',3,(#4280,#4281,#4282,#4283,#4284,
    #4285,#4286,#4287,#4288,#4289,#4290,#4291,#4292,#4293,#4294,#4295,
    #4296,#4297,#4298,#4299,#4300,#4301,#4302,#4303,#4304,#4305,#4306,
    #4307,#4308,#4309,#4310,#4311,#4312,#4313,#4314,#4315,#4316,#4317,
    #4318,#4319,#4320,#4321,#4322,#4323,#4324,#4325,#4326,#4327,#4328,
    #4329),.UNSPECIFIED.,.F.,.F.,(4,1,1,1,1,1,1,1,1,1,1,1,1,1,1,1,1,1,1,
    1,1,1,1,1,1,1,1,1,1,1,1,1,1,1,1,1,1,1,1,1,1,1,1,1,1,1,1,4),(0.,
    3.010134173011,5.734866089906,8.204243200285,10.280216915947,
    12.332164523515,14.201956865391,15.911237845672,17.363900720308,
    18.819208714806,20.167747400886,21.42468716853,22.515414853025,
    23.632925452475,24.694050367351,25.707901186754,26.608581862701,
    27.552388564938,28.468532489134,29.361872223827,30.169943636586,
    31.030962627216,31.880548884696,32.72227944396,33.495545472128,
    34.332992621126,35.174663745336,36.025783427864,36.825011523752,
    37.711824801461,38.627874308414,39.58148948206,40.502911686362,
    41.554574841448,42.671594637474,43.864256147866,45.041219012251,
    46.408073524505,47.880684921353,49.469922617188,51.049935999727,
    52.894334824252,54.887680127977,57.041280206621,59.18142193199,
    61.675679145654,64.364419403117,67.031728548195),.UNSPECIFIED.);
#4280 = CARTESIAN_POINT('',(-47.50629678931,0.112044317377,0.));
#4281 = CARTESIAN_POINT('',(-47.37860517601,-0.867145985927,0.));
#4282 = CARTESIAN_POINT('',(-47.1572404713,-2.789167280934,0.));
#4283 = CARTESIAN_POINT('',(-46.68909350414,-5.476471585653,0.));
#4284 = CARTESIAN_POINT('',(-46.18073832639,-7.848475237921,0.));
#4285 = CARTESIAN_POINT('',(-45.62116597504,-9.975558559665,0.));
#4286 = CARTESIAN_POINT('',(-45.02176722506,-11.88382984293,0.));
#4287 = CARTESIAN_POINT('',(-44.36537084708,-13.64327436068,0.));
#4288 = CARTESIAN_POINT('',(-43.69224568326,-15.18054278429,0.));
#4289 = CARTESIAN_POINT('',(-42.9961258652,-16.5540447889,0.));
#4290 = CARTESIAN_POINT('',(-42.28178489339,-17.78099451573,0.));
#4291 = CARTESIAN_POINT('',(-41.52830960151,-18.90657583563,0.));
#4292 = CARTESIAN_POINT('',(-40.77816037445,-19.88506061512,0.));
#4293 = CARTESIAN_POINT('',(-40.0188226353,-20.75634719976,0.));
#4294 = CARTESIAN_POINT('',(-39.25200117752,-21.53181991634,0.));
#4295 = CARTESIAN_POINT('',(-38.45511862668,-22.23824036849,0.));
#4296 = CARTESIAN_POINT('',(-37.67084446542,-22.84666151334,0.));
#4297 = CARTESIAN_POINT('',(-36.88246445925,-23.38266359922,0.));
#4298 = CARTESIAN_POINT('',(-36.09024093054,-23.85209589851,0.));
#4299 = CARTESIAN_POINT('',(-35.2716182404,-24.26838895294,0.));
#4300 = CARTESIAN_POINT('',(-34.4694573333,-24.61321484189,0.));
#4301 = CARTESIAN_POINT('',(-33.66478137554,-24.90115169002,0.));
#4302 = CARTESIAN_POINT('',(-32.85748445708,-25.13390222152,0.));
#4303 = CARTESIAN_POINT('',(-32.02548879627,-25.31471719703,0.));
#4304 = CARTESIAN_POINT('',(-31.21199708904,-25.43405364616,0.));
#4305 = CARTESIAN_POINT('',(-30.39642949238,-25.4977897284,0.));
#4306 = CARTESIAN_POINT('',(-29.57824430904,-25.50457377154,0.));
#4307 = CARTESIAN_POINT('',(-28.7358986742,-25.44834800186,0.));
#4308 = CARTESIAN_POINT('',(-27.91296586313,-25.32900449697,0.));
#4309 = CARTESIAN_POINT('',(-27.08697775678,-25.14390693436,0.));
#4310 = CARTESIAN_POINT('',(-26.25705411068,-24.88844777048,0.));
#4311 = CARTESIAN_POINT('',(-25.40317303539,-24.54633610292,0.));
#4312 = CARTESIAN_POINT('',(-24.57022196161,-24.12945797872,0.));
#4313 = CARTESIAN_POINT('',(-23.73441880244,-23.62455827449,0.));
#4314 = CARTESIAN_POINT('',(-22.89634877044,-23.02370237878,0.));
#4315 = CARTESIAN_POINT('',(-22.04043093658,-22.29895895778,0.));
#4316 = CARTESIAN_POINT('',(-21.21171850207,-21.4823540246,0.));
#4317 = CARTESIAN_POINT('',(-20.3965709416,-20.53907837348,0.));
#4318 = CARTESIAN_POINT('',(-19.59880637533,-19.46246005504,0.));
#4319 = CARTESIAN_POINT('',(-18.80095935,-18.21914766577,0.));
#4320 = CARTESIAN_POINT('',(-18.05245637821,-16.86372400721,0.));
#4321 = CARTESIAN_POINT('',(-17.33290816511,-15.35433410195,0.));
#4322 = CARTESIAN_POINT('',(-16.65039846963,-13.68154318819,0.));
#4323 = CARTESIAN_POINT('',(-16.00169197748,-11.7902920039,0.));
#4324 = CARTESIAN_POINT('',(-15.43018662694,-9.778497430159,0.));
#4325 = CARTESIAN_POINT('',(-14.91911532609,-7.55174154643,0.));
#4326 = CARTESIAN_POINT('',(-14.4963157594,-5.242708683599,0.));
#4327 = CARTESIAN_POINT('',(-14.1111192811,-2.259005341862,0.));
#4328 = CARTESIAN_POINT('',(-14.06955108912,-1.452824247307,0.));
#4329 = CARTESIAN_POINT('',(-13.93491307613,9.659132507772E-02,0.));
#4330 = PCURVE('',#45,#4331);
#4331 = DEFINITIONAL_REPRESENTATION('',(#4332),#4383);
#4332 = B_SPLINE_CURVE_WITH_KNOTS('',3,(#4333,#4334,#4335,#4336,#4337,
    #4338,#4339,#4340,#4341,#4342,#4343,#4344,#4345,#4346,#4347,#4348,
    #4349,#4350,#4351,#4352,#4353,#4354,#4355,#4356,#4357,#4358,#4359,
    #4360,#4361,#4362,#4363,#4364,#4365,#4366,#4367,#4368,#4369,#4370,
    #4371,#4372,#4373,#4374,#4375,#4376,#4377,#4378,#4379,#4380,#4381,
    #4382),.UNSPECIFIED.,.F.,.F.,(4,1,1,1,1,1,1,1,1,1,1,1,1,1,1,1,1,1,1,
    1,1,1,1,1,1,1,1,1,1,1,1,1,1,1,1,1,1,1,1,1,1,1,1,1,1,1,1,4),(0.,
    3.010134173011,5.734866089906,8.204243200285,10.280216915947,
    12.332164523515,14.201956865391,15.911237845672,17.363900720308,
    18.819208714806,20.167747400886,21.42468716853,22.515414853025,
    23.632925452475,24.694050367351,25.707901186754,26.608581862701,
    27.552388564938,28.468532489134,29.361872223827,30.169943636586,
    31.030962627216,31.880548884696,32.72227944396,33.495545472128,
    34.332992621126,35.174663745336,36.025783427864,36.825011523752,
    37.711824801461,38.627874308414,39.58148948206,40.502911686362,
    41.554574841448,42.671594637474,43.864256147866,45.041219012251,
    46.408073524505,47.880684921353,49.469922617188,51.049935999727,
    52.894334824252,54.887680127977,57.041280206621,59.18142193199,
    61.675679145654,64.364419403117,67.031728548195),.UNSPECIFIED.);
#4333 = CARTESIAN_POINT('',(-47.50629678931,0.112044317377));
#4334 = CARTESIAN_POINT('',(-47.37860517601,-0.867145985927));
#4335 = CARTESIAN_POINT('',(-47.1572404713,-2.789167280934));
#4336 = CARTESIAN_POINT('',(-46.68909350414,-5.476471585653));
#4337 = CARTESIAN_POINT('',(-46.18073832639,-7.848475237921));
#4338 = CARTESIAN_POINT('',(-45.62116597504,-9.975558559665));
#4339 = CARTESIAN_POINT('',(-45.02176722506,-11.88382984293));
#4340 = CARTESIAN_POINT('',(-44.36537084708,-13.64327436068));
#4341 = CARTESIAN_POINT('',(-43.69224568326,-15.18054278429));
#4342 = CARTESIAN_POINT('',(-42.9961258652,-16.5540447889));
#4343 = CARTESIAN_POINT('',(-42.28178489339,-17.78099451573));
#4344 = CARTESIAN_POINT('',(-41.52830960151,-18.90657583563));
#4345 = CARTESIAN_POINT('',(-40.77816037445,-19.88506061512));
#4346 = CARTESIAN_POINT('',(-40.0188226353,-20.75634719976));
#4347 = CARTESIAN_POINT('',(-39.25200117752,-21.53181991634));
#4348 = CARTESIAN_POINT('',(-38.45511862668,-22.23824036849));
#4349 = CARTESIAN_POINT('',(-37.67084446542,-22.84666151334));
#4350 = CARTESIAN_POINT('',(-36.88246445925,-23.38266359922));
#4351 = CARTESIAN_POINT('',(-36.09024093054,-23.85209589851));
#4352 = CARTESIAN_POINT('',(-35.2716182404,-24.26838895294));
#4353 = CARTESIAN_POINT('',(-34.4694573333,-24.61321484189));
#4354 = CARTESIAN_POINT('',(-33.66478137554,-24.90115169002));
#4355 = CARTESIAN_POINT('',(-32.85748445708,-25.13390222152));
#4356 = CARTESIAN_POINT('',(-32.02548879627,-25.31471719703));
#4357 = CARTESIAN_POINT('',(-31.21199708904,-25.43405364616));
#4358 = CARTESIAN_POINT('',(-30.39642949238,-25.4977897284));
#4359 = CARTESIAN_POINT('',(-29.57824430904,-25.50457377154));
#4360 = CARTESIAN_POINT('',(-28.7358986742,-25.44834800186));
#4361 = CARTESIAN_POINT('',(-27.91296586313,-25.32900449697));
#4362 = CARTESIAN_POINT('',(-27.08697775678,-25.14390693436));
#4363 = CARTESIAN_POINT('',(-26.25705411068,-24.88844777048));
#4364 = CARTESIAN_POINT('',(-25.40317303539,-24.54633610292));
#4365 = CARTESIAN_POINT('',(-24.57022196161,-24.12945797872));
#4366 = CARTESIAN_POINT('',(-23.73441880244,-23.62455827449));
#4367 = CARTESIAN_POINT('',(-22.89634877044,-23.02370237878));
#4368 = CARTESIAN_POINT('',(-22.04043093658,-22.29895895778));
#4369 = CARTESIAN_POINT('',(-21.21171850207,-21.4823540246));
#4370 = CARTESIAN_POINT('',(-20.3965709416,-20.53907837348));
#4371 = CARTESIAN_POINT('',(-19.59880637533,-19.46246005504));
#4372 = CARTESIAN_POINT('',(-18.80095935,-18.21914766577));
#4373 = CARTESIAN_POINT('',(-18.05245637821,-16.86372400721));
#4374 = CARTESIAN_POINT('',(-17.33290816511,-15.35433410195));
#4375 = CARTESIAN_POINT('',(-16.65039846963,-13.68154318819));
#4376 = CARTESIAN_POINT('',(-16.00169197748,-11.7902920039));
#4377 = CARTESIAN_POINT('',(-15.43018662694,-9.778497430159));
#4378 = CARTESIAN_POINT('',(-14.91911532609,-7.55174154643));
#4379 = CARTESIAN_POINT('',(-14.4963157594,-5.242708683599));
#4380 = CARTESIAN_POINT('',(-14.1111192811,-2.259005341862));
#4381 = CARTESIAN_POINT('',(-14.06955108912,-1.452824247307));
#4382 = CARTESIAN_POINT('',(-13.93491307613,9.659132507772E-02));
#4383 = ( GEOMETRIC_REPRESENTATION_CONTEXT(2) 
PARAMETRIC_REPRESENTATION_CONTEXT() REPRESENTATION_CONTEXT('2D SPACE',''
  ) );
#4384 = PCURVE('',#4385,#4486);
#4385 = B_SPLINE_SURFACE_WITH_KNOTS('',3,1,(
    (#4386,#4387)
    ,(#4388,#4389)
    ,(#4390,#4391)
    ,(#4392,#4393)
    ,(#4394,#4395)
    ,(#4396,#4397)
    ,(#4398,#4399)
    ,(#4400,#4401)
    ,(#4402,#4403)
    ,(#4404,#4405)
    ,(#4406,#4407)
    ,(#4408,#4409)
    ,(#4410,#4411)
    ,(#4412,#4413)
    ,(#4414,#4415)
    ,(#4416,#4417)
    ,(#4418,#4419)
    ,(#4420,#4421)
    ,(#4422,#4423)
    ,(#4424,#4425)
    ,(#4426,#4427)
    ,(#4428,#4429)
    ,(#4430,#4431)
    ,(#4432,#4433)
    ,(#4434,#4435)
    ,(#4436,#4437)
    ,(#4438,#4439)
    ,(#4440,#4441)
    ,(#4442,#4443)
    ,(#4444,#4445)
    ,(#4446,#4447)
    ,(#4448,#4449)
    ,(#4450,#4451)
    ,(#4452,#4453)
    ,(#4454,#4455)
    ,(#4456,#4457)
    ,(#4458,#4459)
    ,(#4460,#4461)
    ,(#4462,#4463)
    ,(#4464,#4465)
    ,(#4466,#4467)
    ,(#4468,#4469)
    ,(#4470,#4471)
    ,(#4472,#4473)
    ,(#4474,#4475)
    ,(#4476,#4477)
    ,(#4478,#4479)
    ,(#4480,#4481)
    ,(#4482,#4483)
    ,(#4484,#4485
    )),.UNSPECIFIED.,.F.,.F.,.F.,(4,1,1,1,1,1,1,1,1,1,1,1,1,1,1,1,1,1,1,
    1,1,1,1,1,1,1,1,1,1,1,1,1,1,1,1,1,1,1,1,1,1,1,1,1,1,1,1,4),(2,2),(0.
    ,3.010134173011,5.734866089906,8.204243200285,10.280216915947,
    12.332164523515,14.201956865391,15.911237845672,17.363900720308,
    18.819208714806,20.167747400886,21.42468716853,22.515414853025,
    23.632925452475,24.694050367351,25.707901186754,26.608581862701,
    27.552388564938,28.468532489134,29.361872223827,30.169943636586,
    31.030962627216,31.880548884696,32.72227944396,33.495545472128,
    34.332992621126,35.174663745336,36.025783427864,36.825011523752,
    37.711824801461,38.627874308414,39.58148948206,40.502911686362,
    41.554574841448,42.671594637474,43.864256147866,45.041219012251,
    46.408073524505,47.880684921353,49.469922617188,51.049935999727,
    52.894334824252,54.887680127977,57.041280206621,59.18142193199,
    61.675679145654,64.364419403117,67.031728548195),(-22.4,0.),
  .UNSPECIFIED.);
#4386 = CARTESIAN_POINT('',(-47.50629678931,0.112044317377,22.4));
#4387 = CARTESIAN_POINT('',(-47.50629678931,0.112044317377,0.));
#4388 = CARTESIAN_POINT('',(-47.37860517601,-0.867145985927,22.4));
#4389 = CARTESIAN_POINT('',(-47.37860517601,-0.867145985927,0.));
#4390 = CARTESIAN_POINT('',(-47.1572404713,-2.789167280934,22.4));
#4391 = CARTESIAN_POINT('',(-47.1572404713,-2.789167280934,0.));
#4392 = CARTESIAN_POINT('',(-46.68909350414,-5.476471585653,22.4));
#4393 = CARTESIAN_POINT('',(-46.68909350414,-5.476471585653,0.));
#4394 = CARTESIAN_POINT('',(-46.18073832639,-7.848475237921,22.4));
#4395 = CARTESIAN_POINT('',(-46.18073832639,-7.848475237921,0.));
#4396 = CARTESIAN_POINT('',(-45.62116597504,-9.975558559665,22.4));
#4397 = CARTESIAN_POINT('',(-45.62116597504,-9.975558559665,0.));
#4398 = CARTESIAN_POINT('',(-45.02176722506,-11.88382984293,22.4));
#4399 = CARTESIAN_POINT('',(-45.02176722506,-11.88382984293,0.));
#4400 = CARTESIAN_POINT('',(-44.36537084708,-13.64327436068,22.4));
#4401 = CARTESIAN_POINT('',(-44.36537084708,-13.64327436068,0.));
#4402 = CARTESIAN_POINT('',(-43.69224568326,-15.18054278429,22.4));
#4403 = CARTESIAN_POINT('',(-43.69224568326,-15.18054278429,0.));
#4404 = CARTESIAN_POINT('',(-42.9961258652,-16.5540447889,22.4));
#4405 = CARTESIAN_POINT('',(-42.9961258652,-16.5540447889,0.));
#4406 = CARTESIAN_POINT('',(-42.28178489339,-17.78099451573,22.4));
#4407 = CARTESIAN_POINT('',(-42.28178489339,-17.78099451573,0.));
#4408 = CARTESIAN_POINT('',(-41.52830960151,-18.90657583563,22.4));
#4409 = CARTESIAN_POINT('',(-41.52830960151,-18.90657583563,0.));
#4410 = CARTESIAN_POINT('',(-40.77816037445,-19.88506061512,22.4));
#4411 = CARTESIAN_POINT('',(-40.77816037445,-19.88506061512,0.));
#4412 = CARTESIAN_POINT('',(-40.0188226353,-20.75634719976,22.4));
#4413 = CARTESIAN_POINT('',(-40.0188226353,-20.75634719976,0.));
#4414 = CARTESIAN_POINT('',(-39.25200117752,-21.53181991634,22.4));
#4415 = CARTESIAN_POINT('',(-39.25200117752,-21.53181991634,0.));
#4416 = CARTESIAN_POINT('',(-38.45511862668,-22.23824036849,22.4));
#4417 = CARTESIAN_POINT('',(-38.45511862668,-22.23824036849,0.));
#4418 = CARTESIAN_POINT('',(-37.67084446542,-22.84666151334,22.4));
#4419 = CARTESIAN_POINT('',(-37.67084446542,-22.84666151334,0.));
#4420 = CARTESIAN_POINT('',(-36.88246445925,-23.38266359922,22.4));
#4421 = CARTESIAN_POINT('',(-36.88246445925,-23.38266359922,0.));
#4422 = CARTESIAN_POINT('',(-36.09024093054,-23.85209589851,22.4));
#4423 = CARTESIAN_POINT('',(-36.09024093054,-23.85209589851,0.));
#4424 = CARTESIAN_POINT('',(-35.2716182404,-24.26838895294,22.4));
#4425 = CARTESIAN_POINT('',(-35.2716182404,-24.26838895294,0.));
#4426 = CARTESIAN_POINT('',(-34.4694573333,-24.61321484189,22.4));
#4427 = CARTESIAN_POINT('',(-34.4694573333,-24.61321484189,0.));
#4428 = CARTESIAN_POINT('',(-33.66478137554,-24.90115169002,22.4));
#4429 = CARTESIAN_POINT('',(-33.66478137554,-24.90115169002,0.));
#4430 = CARTESIAN_POINT('',(-32.85748445708,-25.13390222152,22.4));
#4431 = CARTESIAN_POINT('',(-32.85748445708,-25.13390222152,0.));
#4432 = CARTESIAN_POINT('',(-32.02548879627,-25.31471719703,22.4));
#4433 = CARTESIAN_POINT('',(-32.02548879627,-25.31471719703,0.));
#4434 = CARTESIAN_POINT('',(-31.21199708904,-25.43405364616,22.4));
#4435 = CARTESIAN_POINT('',(-31.21199708904,-25.43405364616,0.));
#4436 = CARTESIAN_POINT('',(-30.39642949238,-25.4977897284,22.4));
#4437 = CARTESIAN_POINT('',(-30.39642949238,-25.4977897284,0.));
#4438 = CARTESIAN_POINT('',(-29.57824430904,-25.50457377154,22.4));
#4439 = CARTESIAN_POINT('',(-29.57824430904,-25.50457377154,0.));
#4440 = CARTESIAN_POINT('',(-28.7358986742,-25.44834800186,22.4));
#4441 = CARTESIAN_POINT('',(-28.7358986742,-25.44834800186,0.));
#4442 = CARTESIAN_POINT('',(-27.91296586313,-25.32900449697,22.4));
#4443 = CARTESIAN_POINT('',(-27.91296586313,-25.32900449697,0.));
#4444 = CARTESIAN_POINT('',(-27.08697775678,-25.14390693436,22.4));
#4445 = CARTESIAN_POINT('',(-27.08697775678,-25.14390693436,0.));
#4446 = CARTESIAN_POINT('',(-26.25705411068,-24.88844777048,22.4));
#4447 = CARTESIAN_POINT('',(-26.25705411068,-24.88844777048,0.));
#4448 = CARTESIAN_POINT('',(-25.40317303539,-24.54633610292,22.4));
#4449 = CARTESIAN_POINT('',(-25.40317303539,-24.54633610292,0.));
#4450 = CARTESIAN_POINT('',(-24.57022196161,-24.12945797872,22.4));
#4451 = CARTESIAN_POINT('',(-24.57022196161,-24.12945797872,0.));
#4452 = CARTESIAN_POINT('',(-23.73441880244,-23.62455827449,22.4));
#4453 = CARTESIAN_POINT('',(-23.73441880244,-23.62455827449,0.));
#4454 = CARTESIAN_POINT('',(-22.89634877044,-23.02370237878,22.4));
#4455 = CARTESIAN_POINT('',(-22.89634877044,-23.02370237878,0.));
#4456 = CARTESIAN_POINT('',(-22.04043093658,-22.29895895778,22.4));
#4457 = CARTESIAN_POINT('',(-22.04043093658,-22.29895895778,0.));
#4458 = CARTESIAN_POINT('',(-21.21171850207,-21.4823540246,22.4));
#4459 = CARTESIAN_POINT('',(-21.21171850207,-21.4823540246,0.));
#4460 = CARTESIAN_POINT('',(-20.3965709416,-20.53907837348,22.4));
#4461 = CARTESIAN_POINT('',(-20.3965709416,-20.53907837348,0.));
#4462 = CARTESIAN_POINT('',(-19.59880637533,-19.46246005504,22.4));
#4463 = CARTESIAN_POINT('',(-19.59880637533,-19.46246005504,0.));
#4464 = CARTESIAN_POINT('',(-18.80095935,-18.21914766577,22.4));
#4465 = CARTESIAN_POINT('',(-18.80095935,-18.21914766577,0.));
#4466 = CARTESIAN_POINT('',(-18.05245637821,-16.86372400721,22.4));
#4467 = CARTESIAN_POINT('',(-18.05245637821,-16.86372400721,0.));
#4468 = CARTESIAN_POINT('',(-17.33290816511,-15.35433410195,22.4));
#4469 = CARTESIAN_POINT('',(-17.33290816511,-15.35433410195,0.));
#4470 = CARTESIAN_POINT('',(-16.65039846963,-13.68154318819,22.4));
#4471 = CARTESIAN_POINT('',(-16.65039846963,-13.68154318819,0.));
#4472 = CARTESIAN_POINT('',(-16.00169197748,-11.7902920039,22.4));
#4473 = CARTESIAN_POINT('',(-16.00169197748,-11.7902920039,0.));
#4474 = CARTESIAN_POINT('',(-15.43018662694,-9.778497430159,22.4));
#4475 = CARTESIAN_POINT('',(-15.43018662694,-9.778497430159,0.));
#4476 = CARTESIAN_POINT('',(-14.91911532609,-7.55174154643,22.4));
#4477 = CARTESIAN_POINT('',(-14.91911532609,-7.55174154643,0.));
#4478 = CARTESIAN_POINT('',(-14.4963157594,-5.242708683599,22.4));
#4479 = CARTESIAN_POINT('',(-14.4963157594,-5.242708683599,0.));
#4480 = CARTESIAN_POINT('',(-14.1111192811,-2.259005341862,22.4));
#4481 = CARTESIAN_POINT('',(-14.1111192811,-2.259005341862,0.));
#4482 = CARTESIAN_POINT('',(-14.06955108912,-1.452824247307,22.4));
#4483 = CARTESIAN_POINT('',(-14.06955108912,-1.452824247307,0.));
#4484 = CARTESIAN_POINT('',(-13.93491307613,9.659132507772E-02,22.4));
#4485 = CARTESIAN_POINT('',(-13.93491307613,9.659132507772E-02,0.));
#4486 = DEFINITIONAL_REPRESENTATION('',(#4487),#4491);
#4487 = LINE('',#4488,#4489);
#4488 = CARTESIAN_POINT('',(0.,0.));
#4489 = VECTOR('',#4490,1.);
#4490 = DIRECTION('',(1.,0.));
#4491 = ( GEOMETRIC_REPRESENTATION_CONTEXT(2) 
PARAMETRIC_REPRESENTATION_CONTEXT() REPRESENTATION_CONTEXT('2D SPACE',''
  ) );
#4492 = ORIENTED_EDGE('',*,*,#4493,.F.);
#4493 = EDGE_CURVE('',#4494,#4276,#4496,.T.);
#4494 = VERTEX_POINT('',#4495);
#4495 = CARTESIAN_POINT('',(-48.1494603778,5.043469858274,0.));
#4496 = SURFACE_CURVE('',#4497,(#4501,#4508),.PCURVE_S1.);
#4497 = LINE('',#4498,#4499);
#4498 = CARTESIAN_POINT('',(-48.98546512435,11.453495601611,0.));
#4499 = VECTOR('',#4500,1.);
#4500 = DIRECTION('',(0.129326168539,-0.991602108777,0.));
#4501 = PCURVE('',#45,#4502);
#4502 = DEFINITIONAL_REPRESENTATION('',(#4503),#4507);
#4503 = LINE('',#4504,#4505);
#4504 = CARTESIAN_POINT('',(-48.98546512435,11.453495601611));
#4505 = VECTOR('',#4506,1.);
#4506 = DIRECTION('',(0.129326168539,-0.991602108777));
#4507 = ( GEOMETRIC_REPRESENTATION_CONTEXT(2) 
PARAMETRIC_REPRESENTATION_CONTEXT() REPRESENTATION_CONTEXT('2D SPACE',''
  ) );
#4508 = PCURVE('',#4509,#4514);
#4509 = PLANE('',#4510);
#4510 = AXIS2_PLACEMENT_3D('',#4511,#4512,#4513);
#4511 = CARTESIAN_POINT('',(-48.19729535268,5.41024220217,0.));
#4512 = DIRECTION('',(0.991602108777,0.129326168539,-0.));
#4513 = DIRECTION('',(0.129326168539,-0.991602108777,0.));
#4514 = DEFINITIONAL_REPRESENTATION('',(#4515),#4519);
#4515 = LINE('',#4516,#4517);
#4516 = CARTESIAN_POINT('',(-6.094433791488,-0.));
#4517 = VECTOR('',#4518,1.);
#4518 = DIRECTION('',(1.,0.));
#4519 = ( GEOMETRIC_REPRESENTATION_CONTEXT(2) 
PARAMETRIC_REPRESENTATION_CONTEXT() REPRESENTATION_CONTEXT('2D SPACE',''
  ) );
#4520 = ORIENTED_EDGE('',*,*,#4521,.F.);
#4521 = EDGE_CURVE('',#4001,#4494,#4522,.T.);
#4522 = SURFACE_CURVE('',#4523,(#4528,#4535),.PCURVE_S1.);
#4523 = CIRCLE('',#4524,3.);
#4524 = AXIS2_PLACEMENT_3D('',#4525,#4526,#4527);
#4525 = CARTESIAN_POINT('',(-45.17465405147,5.431448363891,0.));
#4526 = DIRECTION('',(0.,0.,1.));
#4527 = DIRECTION('',(0.,-1.,0.));
#4528 = PCURVE('',#45,#4529);
#4529 = DEFINITIONAL_REPRESENTATION('',(#4530),#4534);
#4530 = CIRCLE('',#4531,3.);
#4531 = AXIS2_PLACEMENT_2D('',#4532,#4533);
#4532 = CARTESIAN_POINT('',(-45.17465405147,5.431448363891));
#4533 = DIRECTION('',(0.,-1.));
#4534 = ( GEOMETRIC_REPRESENTATION_CONTEXT(2) 
PARAMETRIC_REPRESENTATION_CONTEXT() REPRESENTATION_CONTEXT('2D SPACE',''
  ) );
#4535 = PCURVE('',#4536,#4541);
#4536 = CYLINDRICAL_SURFACE('',#4537,3.);
#4537 = AXIS2_PLACEMENT_3D('',#4538,#4539,#4540);
#4538 = CARTESIAN_POINT('',(-45.17465405147,5.431448363891,0.));
#4539 = DIRECTION('',(0.,0.,1.));
#4540 = DIRECTION('',(-0.992849539593,0.119372491514,0.));
#4541 = DEFINITIONAL_REPRESENTATION('',(#4542),#4546);
#4542 = LINE('',#4543,#4544);
#4543 = CARTESIAN_POINT('',(-4.592731149823,0.));
#4544 = VECTOR('',#4545,1.);
#4545 = DIRECTION('',(1.,0.));
#4546 = ( GEOMETRIC_REPRESENTATION_CONTEXT(2) 
PARAMETRIC_REPRESENTATION_CONTEXT() REPRESENTATION_CONTEXT('2D SPACE',''
  ) );
#4547 = FACE_BOUND('',#4548,.F.);
#4548 = EDGE_LOOP('',(#4549,#4580,#4798,#4826,#5044,#5072));
#4549 = ORIENTED_EDGE('',*,*,#4550,.F.);
#4550 = EDGE_CURVE('',#4551,#4553,#4555,.T.);
#4551 = VERTEX_POINT('',#4552);
#4552 = CARTESIAN_POINT('',(-34.67920645973,33.905790645895,0.));
#4553 = VERTEX_POINT('',#4554);
#4554 = CARTESIAN_POINT('',(-38.8071138668,29.090512428093,0.));
#4555 = SURFACE_CURVE('',#4556,(#4561,#4568),.PCURVE_S1.);
#4556 = CIRCLE('',#4557,48.5);
#4557 = AXIS2_PLACEMENT_3D('',#4558,#4559,#4560);
#4558 = CARTESIAN_POINT('',(0.,0.,0.));
#4559 = DIRECTION('',(0.,0.,1.));
#4560 = DIRECTION('',(1.,0.,-0.));
#4561 = PCURVE('',#45,#4562);
#4562 = DEFINITIONAL_REPRESENTATION('',(#4563),#4567);
#4563 = CIRCLE('',#4564,48.5);
#4564 = AXIS2_PLACEMENT_2D('',#4565,#4566);
#4565 = CARTESIAN_POINT('',(1.75032336965E-15,-3.209892110372E-15));
#4566 = DIRECTION('',(1.,0.));
#4567 = ( GEOMETRIC_REPRESENTATION_CONTEXT(2) 
PARAMETRIC_REPRESENTATION_CONTEXT() REPRESENTATION_CONTEXT('2D SPACE',''
  ) );
#4568 = PCURVE('',#4569,#4574);
#4569 = CYLINDRICAL_SURFACE('',#4570,48.5);
#4570 = AXIS2_PLACEMENT_3D('',#4571,#4572,#4573);
#4571 = CARTESIAN_POINT('',(0.,0.,0.));
#4572 = DIRECTION('',(-0.,-0.,-1.));
#4573 = DIRECTION('',(1.,0.,-0.));
#4574 = DEFINITIONAL_REPRESENTATION('',(#4575),#4579);
#4575 = LINE('',#4576,#4577);
#4576 = CARTESIAN_POINT('',(-0.,0.));
#4577 = VECTOR('',#4578,1.);
#4578 = DIRECTION('',(-1.,0.));
#4579 = ( GEOMETRIC_REPRESENTATION_CONTEXT(2) 
PARAMETRIC_REPRESENTATION_CONTEXT() REPRESENTATION_CONTEXT('2D SPACE',''
  ) );
#4580 = ORIENTED_EDGE('',*,*,#4581,.F.);
#4581 = EDGE_CURVE('',#4582,#4551,#4584,.T.);
#4582 = VERTEX_POINT('',#4583);
#4583 = CARTESIAN_POINT('',(-10.0129771935,8.093277400445,0.));
#4584 = SURFACE_CURVE('',#4585,(#4636,#4690),.PCURVE_S1.);
#4585 = B_SPLINE_CURVE_WITH_KNOTS('',3,(#4586,#4587,#4588,#4589,#4590,
    #4591,#4592,#4593,#4594,#4595,#4596,#4597,#4598,#4599,#4600,#4601,
    #4602,#4603,#4604,#4605,#4606,#4607,#4608,#4609,#4610,#4611,#4612,
    #4613,#4614,#4615,#4616,#4617,#4618,#4619,#4620,#4621,#4622,#4623,
    #4624,#4625,#4626,#4627,#4628,#4629,#4630,#4631,#4632,#4633,#4634,
    #4635),.UNSPECIFIED.,.F.,.F.,(4,1,1,1,1,1,1,1,1,1,1,1,1,1,1,1,1,1,1,
    1,1,1,1,1,1,1,1,1,1,1,1,1,1,1,1,1,1,1,1,1,1,1,1,1,1,1,1,4),(0.,
    2.766464139392,5.568319295326,8.177275145496,10.425160909405,
    12.698001103747,14.813706991925,16.784063111389,18.483896399813,
    20.207074900357,21.81810245116,23.327840693167,24.640860133639,
    25.985974841284,27.260500260188,28.473662841808,29.546573791048,
    30.665502050481,31.746604132965,32.796723932319,33.744037531687,
    34.751762028128,35.745458780463,36.730106112805,37.635070035337,
    38.615335519513,39.599805338773,40.592877392801,41.521106716853,
    42.54355210237,43.588460947472,44.661307186429,45.681682040739,
    46.825929386569,48.018033969658,49.266638650819,50.477859791669,
    51.863921967174,53.33914083985,54.917675284274,56.480212616324,
    58.303578905337,60.281721918016,62.435877257802,64.600562295301,
    67.15990258556,69.968318443063,73.053194077155),.UNSPECIFIED.);
#4586 = CARTESIAN_POINT('',(-5.816194003237,9.880760870129,0.));
#4587 = CARTESIAN_POINT('',(-6.644893632948,9.514229607782,0.));
#4588 = CARTESIAN_POINT('',(-8.352347400098,8.726866094648,0.));
#4589 = CARTESIAN_POINT('',(-10.8879937497,7.7482593467,0.));
#4590 = CARTESIAN_POINT('',(-13.30955134065,6.930325714986,0.));
#4591 = CARTESIAN_POINT('',(-15.59647271426,6.282227562072,0.));
#4592 = CARTESIAN_POINT('',(-17.75309560005,5.784587849339,0.));
#4593 = CARTESIAN_POINT('',(-19.84232219723,5.420650667977,0.));
#4594 = CARTESIAN_POINT('',(-21.75917145835,5.197909862873,0.));
#4595 = CARTESIAN_POINT('',(-23.5548404339,5.09325654643,0.));
#4596 = CARTESIAN_POINT('',(-25.23398865028,5.096182803092,0.));
#4597 = CARTESIAN_POINT('',(-26.84626796173,5.204221968676,0.));
#4598 = CARTESIAN_POINT('',(-28.31151949602,5.40645938795,0.));
#4599 = CARTESIAN_POINT('',(-29.67345682684,5.684731680676,0.));
#4600 = CARTESIAN_POINT('',(-30.93940402072,6.029671265133,0.));
#4601 = CARTESIAN_POINT('',(-32.14271777302,6.463046947933,0.));
#4602 = CARTESIAN_POINT('',(-33.22509717163,6.953135511264,0.));
#4603 = CARTESIAN_POINT('',(-34.21990980166,7.501765821777,0.));
#4604 = CARTESIAN_POINT('',(-35.13155786663,8.103348380965,0.));
#4605 = CARTESIAN_POINT('',(-35.98423564359,8.773662220142,0.));
#4606 = CARTESIAN_POINT('',(-36.73688982299,9.472911294482,0.));
#4607 = CARTESIAN_POINT('',(-37.4159329875,10.210562413316,0.));
#4608 = CARTESIAN_POINT('',(-38.0251375478,10.983223783895,0.));
#4609 = CARTESIAN_POINT('',(-38.57970852519,11.810920694616,0.));
#4610 = CARTESIAN_POINT('',(-39.0538491695,12.647944644491,0.));
#4611 = CARTESIAN_POINT('',(-39.46651697433,13.511727729372,0.));
#4612 = CARTESIAN_POINT('',(-39.81986461885,14.401480006344,0.));
#4613 = CARTESIAN_POINT('',(-40.12055972449,15.341220066294,0.));
#4614 = CARTESIAN_POINT('',(-40.35376691334,16.282054297583,0.));
#4615 = CARTESIAN_POINT('',(-40.52956210035,17.248008569068,0.));
#4616 = CARTESIAN_POINT('',(-40.6468681278,18.24033408098,0.));
#4617 = CARTESIAN_POINT('',(-40.7025716469,19.286301750346,0.));
#4618 = CARTESIAN_POINT('',(-40.6907735466,20.333018059347,0.));
#4619 = CARTESIAN_POINT('',(-40.61154097701,21.40988875719,0.));
#4620 = CARTESIAN_POINT('',(-40.45958624132,22.51924911683,0.));
#4621 = CARTESIAN_POINT('',(-40.22011819032,23.690861718162,0.));
#4622 = CARTESIAN_POINT('',(-39.8983432551,24.865796011915,0.));
#4623 = CARTESIAN_POINT('',(-39.48238287774,26.079196979185,0.));
#4624 = CARTESIAN_POINT('',(-38.96213597384,27.334096898428,0.));
#4625 = CARTESIAN_POINT('',(-38.30844168994,28.662941662182,0.));
#4626 = CARTESIAN_POINT('',(-37.54361104377,29.999288568651,0.));
#4627 = CARTESIAN_POINT('',(-36.63900690952,31.386012320233,0.));
#4628 = CARTESIAN_POINT('',(-35.57899905132,32.82677755251,0.));
#4629 = CARTESIAN_POINT('',(-34.31357817388,34.359454096698,0.));
#4630 = CARTESIAN_POINT('',(-32.89798423797,35.902743138997,0.));
#4631 = CARTESIAN_POINT('',(-31.25032875088,37.531403832696,0.));
#4632 = CARTESIAN_POINT('',(-29.47162515096,39.150485003839,0.));
#4633 = CARTESIAN_POINT('',(-26.93964605503,41.240079304722,0.));
#4634 = CARTESIAN_POINT('',(-26.36793151795,41.640230451155,0.));
#4635 = CARTESIAN_POINT('',(-24.84388483054,42.806782149136,0.));
#4636 = PCURVE('',#45,#4637);
#4637 = DEFINITIONAL_REPRESENTATION('',(#4638),#4689);
#4638 = B_SPLINE_CURVE_WITH_KNOTS('',3,(#4639,#4640,#4641,#4642,#4643,
    #4644,#4645,#4646,#4647,#4648,#4649,#4650,#4651,#4652,#4653,#4654,
    #4655,#4656,#4657,#4658,#4659,#4660,#4661,#4662,#4663,#4664,#4665,
    #4666,#4667,#4668,#4669,#4670,#4671,#4672,#4673,#4674,#4675,#4676,
    #4677,#4678,#4679,#4680,#4681,#4682,#4683,#4684,#4685,#4686,#4687,
    #4688),.UNSPECIFIED.,.F.,.F.,(4,1,1,1,1,1,1,1,1,1,1,1,1,1,1,1,1,1,1,
    1,1,1,1,1,1,1,1,1,1,1,1,1,1,1,1,1,1,1,1,1,1,1,1,1,1,1,1,4),(0.,
    2.766464139392,5.568319295326,8.177275145496,10.425160909405,
    12.698001103747,14.813706991925,16.784063111389,18.483896399813,
    20.207074900357,21.81810245116,23.327840693167,24.640860133639,
    25.985974841284,27.260500260188,28.473662841808,29.546573791048,
    30.665502050481,31.746604132965,32.796723932319,33.744037531687,
    34.751762028128,35.745458780463,36.730106112805,37.635070035337,
    38.615335519513,39.599805338773,40.592877392801,41.521106716853,
    42.54355210237,43.588460947472,44.661307186429,45.681682040739,
    46.825929386569,48.018033969658,49.266638650819,50.477859791669,
    51.863921967174,53.33914083985,54.917675284274,56.480212616324,
    58.303578905337,60.281721918016,62.435877257802,64.600562295301,
    67.15990258556,69.968318443063,73.053194077155),.UNSPECIFIED.);
#4639 = CARTESIAN_POINT('',(-5.816194003237,9.880760870129));
#4640 = CARTESIAN_POINT('',(-6.644893632948,9.514229607782));
#4641 = CARTESIAN_POINT('',(-8.352347400098,8.726866094648));
#4642 = CARTESIAN_POINT('',(-10.8879937497,7.7482593467));
#4643 = CARTESIAN_POINT('',(-13.30955134065,6.930325714986));
#4644 = CARTESIAN_POINT('',(-15.59647271426,6.282227562072));
#4645 = CARTESIAN_POINT('',(-17.75309560005,5.784587849339));
#4646 = CARTESIAN_POINT('',(-19.84232219723,5.420650667977));
#4647 = CARTESIAN_POINT('',(-21.75917145835,5.197909862873));
#4648 = CARTESIAN_POINT('',(-23.5548404339,5.09325654643));
#4649 = CARTESIAN_POINT('',(-25.23398865028,5.096182803092));
#4650 = CARTESIAN_POINT('',(-26.84626796173,5.204221968676));
#4651 = CARTESIAN_POINT('',(-28.31151949602,5.40645938795));
#4652 = CARTESIAN_POINT('',(-29.67345682684,5.684731680676));
#4653 = CARTESIAN_POINT('',(-30.93940402072,6.029671265133));
#4654 = CARTESIAN_POINT('',(-32.14271777302,6.463046947933));
#4655 = CARTESIAN_POINT('',(-33.22509717163,6.953135511264));
#4656 = CARTESIAN_POINT('',(-34.21990980166,7.501765821777));
#4657 = CARTESIAN_POINT('',(-35.13155786663,8.103348380965));
#4658 = CARTESIAN_POINT('',(-35.98423564359,8.773662220142));
#4659 = CARTESIAN_POINT('',(-36.73688982299,9.472911294482));
#4660 = CARTESIAN_POINT('',(-37.4159329875,10.210562413316));
#4661 = CARTESIAN_POINT('',(-38.0251375478,10.983223783895));
#4662 = CARTESIAN_POINT('',(-38.57970852519,11.810920694616));
#4663 = CARTESIAN_POINT('',(-39.0538491695,12.647944644491));
#4664 = CARTESIAN_POINT('',(-39.46651697433,13.511727729372));
#4665 = CARTESIAN_POINT('',(-39.81986461885,14.401480006344));
#4666 = CARTESIAN_POINT('',(-40.12055972449,15.341220066294));
#4667 = CARTESIAN_POINT('',(-40.35376691334,16.282054297583));
#4668 = CARTESIAN_POINT('',(-40.52956210035,17.248008569068));
#4669 = CARTESIAN_POINT('',(-40.6468681278,18.24033408098));
#4670 = CARTESIAN_POINT('',(-40.7025716469,19.286301750346));
#4671 = CARTESIAN_POINT('',(-40.6907735466,20.333018059347));
#4672 = CARTESIAN_POINT('',(-40.61154097701,21.40988875719));
#4673 = CARTESIAN_POINT('',(-40.45958624132,22.51924911683));
#4674 = CARTESIAN_POINT('',(-40.22011819032,23.690861718162));
#4675 = CARTESIAN_POINT('',(-39.8983432551,24.865796011915));
#4676 = CARTESIAN_POINT('',(-39.48238287774,26.079196979185));
#4677 = CARTESIAN_POINT('',(-38.96213597384,27.334096898428));
#4678 = CARTESIAN_POINT('',(-38.30844168994,28.662941662182));
#4679 = CARTESIAN_POINT('',(-37.54361104377,29.999288568651));
#4680 = CARTESIAN_POINT('',(-36.63900690952,31.386012320233));
#4681 = CARTESIAN_POINT('',(-35.57899905132,32.82677755251));
#4682 = CARTESIAN_POINT('',(-34.31357817388,34.359454096698));
#4683 = CARTESIAN_POINT('',(-32.89798423797,35.902743138997));
#4684 = CARTESIAN_POINT('',(-31.25032875088,37.531403832696));
#4685 = CARTESIAN_POINT('',(-29.47162515096,39.150485003839));
#4686 = CARTESIAN_POINT('',(-26.93964605503,41.240079304722));
#4687 = CARTESIAN_POINT('',(-26.36793151795,41.640230451155));
#4688 = CARTESIAN_POINT('',(-24.84388483054,42.806782149136));
#4689 = ( GEOMETRIC_REPRESENTATION_CONTEXT(2) 
PARAMETRIC_REPRESENTATION_CONTEXT() REPRESENTATION_CONTEXT('2D SPACE',''
  ) );
#4690 = PCURVE('',#4691,#4792);
#4691 = B_SPLINE_SURFACE_WITH_KNOTS('',3,1,(
    (#4692,#4693)
    ,(#4694,#4695)
    ,(#4696,#4697)
    ,(#4698,#4699)
    ,(#4700,#4701)
    ,(#4702,#4703)
    ,(#4704,#4705)
    ,(#4706,#4707)
    ,(#4708,#4709)
    ,(#4710,#4711)
    ,(#4712,#4713)
    ,(#4714,#4715)
    ,(#4716,#4717)
    ,(#4718,#4719)
    ,(#4720,#4721)
    ,(#4722,#4723)
    ,(#4724,#4725)
    ,(#4726,#4727)
    ,(#4728,#4729)
    ,(#4730,#4731)
    ,(#4732,#4733)
    ,(#4734,#4735)
    ,(#4736,#4737)
    ,(#4738,#4739)
    ,(#4740,#4741)
    ,(#4742,#4743)
    ,(#4744,#4745)
    ,(#4746,#4747)
    ,(#4748,#4749)
    ,(#4750,#4751)
    ,(#4752,#4753)
    ,(#4754,#4755)
    ,(#4756,#4757)
    ,(#4758,#4759)
    ,(#4760,#4761)
    ,(#4762,#4763)
    ,(#4764,#4765)
    ,(#4766,#4767)
    ,(#4768,#4769)
    ,(#4770,#4771)
    ,(#4772,#4773)
    ,(#4774,#4775)
    ,(#4776,#4777)
    ,(#4778,#4779)
    ,(#4780,#4781)
    ,(#4782,#4783)
    ,(#4784,#4785)
    ,(#4786,#4787)
    ,(#4788,#4789)
    ,(#4790,#4791
    )),.UNSPECIFIED.,.F.,.F.,.F.,(4,1,1,1,1,1,1,1,1,1,1,1,1,1,1,1,1,1,1,
    1,1,1,1,1,1,1,1,1,1,1,1,1,1,1,1,1,1,1,1,1,1,1,1,1,1,1,1,4),(2,2),(0.
    ,2.766464139392,5.568319295326,8.177275145496,10.425160909405,
    12.698001103747,14.813706991925,16.784063111389,18.483896399813,
    20.207074900357,21.81810245116,23.327840693167,24.640860133639,
    25.985974841284,27.260500260188,28.473662841808,29.546573791048,
    30.665502050481,31.746604132965,32.796723932319,33.744037531687,
    34.751762028128,35.745458780463,36.730106112805,37.635070035337,
    38.615335519513,39.599805338773,40.592877392801,41.521106716853,
    42.54355210237,43.588460947472,44.661307186429,45.681682040739,
    46.825929386569,48.018033969658,49.266638650819,50.477859791669,
    51.863921967174,53.33914083985,54.917675284274,56.480212616324,
    58.303578905337,60.281721918016,62.435877257802,64.600562295301,
    67.15990258556,69.968318443063,73.053194077155),(-22.4,0.),
  .UNSPECIFIED.);
#4692 = CARTESIAN_POINT('',(-5.816194003237,9.880760870129,22.4));
#4693 = CARTESIAN_POINT('',(-5.816194003237,9.880760870129,0.));
#4694 = CARTESIAN_POINT('',(-6.644893632948,9.514229607782,22.4));
#4695 = CARTESIAN_POINT('',(-6.644893632948,9.514229607782,0.));
#4696 = CARTESIAN_POINT('',(-8.352347400098,8.726866094648,22.4));
#4697 = CARTESIAN_POINT('',(-8.352347400098,8.726866094648,0.));
#4698 = CARTESIAN_POINT('',(-10.8879937497,7.7482593467,22.4));
#4699 = CARTESIAN_POINT('',(-10.8879937497,7.7482593467,0.));
#4700 = CARTESIAN_POINT('',(-13.30955134065,6.930325714986,22.4));
#4701 = CARTESIAN_POINT('',(-13.30955134065,6.930325714986,0.));
#4702 = CARTESIAN_POINT('',(-15.59647271426,6.282227562072,22.4));
#4703 = CARTESIAN_POINT('',(-15.59647271426,6.282227562072,0.));
#4704 = CARTESIAN_POINT('',(-17.75309560005,5.784587849339,22.4));
#4705 = CARTESIAN_POINT('',(-17.75309560005,5.784587849339,0.));
#4706 = CARTESIAN_POINT('',(-19.84232219723,5.420650667977,22.4));
#4707 = CARTESIAN_POINT('',(-19.84232219723,5.420650667977,0.));
#4708 = CARTESIAN_POINT('',(-21.75917145835,5.197909862873,22.4));
#4709 = CARTESIAN_POINT('',(-21.75917145835,5.197909862873,0.));
#4710 = CARTESIAN_POINT('',(-23.5548404339,5.09325654643,22.4));
#4711 = CARTESIAN_POINT('',(-23.5548404339,5.09325654643,0.));
#4712 = CARTESIAN_POINT('',(-25.23398865028,5.096182803092,22.4));
#4713 = CARTESIAN_POINT('',(-25.23398865028,5.096182803092,0.));
#4714 = CARTESIAN_POINT('',(-26.84626796173,5.204221968676,22.4));
#4715 = CARTESIAN_POINT('',(-26.84626796173,5.204221968676,0.));
#4716 = CARTESIAN_POINT('',(-28.31151949602,5.40645938795,22.4));
#4717 = CARTESIAN_POINT('',(-28.31151949602,5.40645938795,0.));
#4718 = CARTESIAN_POINT('',(-29.67345682684,5.684731680676,22.4));
#4719 = CARTESIAN_POINT('',(-29.67345682684,5.684731680676,0.));
#4720 = CARTESIAN_POINT('',(-30.93940402072,6.029671265133,22.4));
#4721 = CARTESIAN_POINT('',(-30.93940402072,6.029671265133,0.));
#4722 = CARTESIAN_POINT('',(-32.14271777302,6.463046947933,22.4));
#4723 = CARTESIAN_POINT('',(-32.14271777302,6.463046947933,0.));
#4724 = CARTESIAN_POINT('',(-33.22509717163,6.953135511264,22.4));
#4725 = CARTESIAN_POINT('',(-33.22509717163,6.953135511264,0.));
#4726 = CARTESIAN_POINT('',(-34.21990980166,7.501765821777,22.4));
#4727 = CARTESIAN_POINT('',(-34.21990980166,7.501765821777,0.));
#4728 = CARTESIAN_POINT('',(-35.13155786663,8.103348380965,22.4));
#4729 = CARTESIAN_POINT('',(-35.13155786663,8.103348380965,0.));
#4730 = CARTESIAN_POINT('',(-35.98423564359,8.773662220142,22.4));
#4731 = CARTESIAN_POINT('',(-35.98423564359,8.773662220142,0.));
#4732 = CARTESIAN_POINT('',(-36.73688982299,9.472911294482,22.4));
#4733 = CARTESIAN_POINT('',(-36.73688982299,9.472911294482,0.));
#4734 = CARTESIAN_POINT('',(-37.4159329875,10.210562413316,22.4));
#4735 = CARTESIAN_POINT('',(-37.4159329875,10.210562413316,0.));
#4736 = CARTESIAN_POINT('',(-38.0251375478,10.983223783895,22.4));
#4737 = CARTESIAN_POINT('',(-38.0251375478,10.983223783895,0.));
#4738 = CARTESIAN_POINT('',(-38.57970852519,11.810920694616,22.4));
#4739 = CARTESIAN_POINT('',(-38.57970852519,11.810920694616,0.));
#4740 = CARTESIAN_POINT('',(-39.0538491695,12.647944644491,22.4));
#4741 = CARTESIAN_POINT('',(-39.0538491695,12.647944644491,0.));
#4742 = CARTESIAN_POINT('',(-39.46651697433,13.511727729372,22.4));
#4743 = CARTESIAN_POINT('',(-39.46651697433,13.511727729372,0.));
#4744 = CARTESIAN_POINT('',(-39.81986461885,14.401480006344,22.4));
#4745 = CARTESIAN_POINT('',(-39.81986461885,14.401480006344,0.));
#4746 = CARTESIAN_POINT('',(-40.12055972449,15.341220066294,22.4));
#4747 = CARTESIAN_POINT('',(-40.12055972449,15.341220066294,0.));
#4748 = CARTESIAN_POINT('',(-40.35376691334,16.282054297583,22.4));
#4749 = CARTESIAN_POINT('',(-40.35376691334,16.282054297583,0.));
#4750 = CARTESIAN_POINT('',(-40.52956210035,17.248008569068,22.4));
#4751 = CARTESIAN_POINT('',(-40.52956210035,17.248008569068,0.));
#4752 = CARTESIAN_POINT('',(-40.6468681278,18.24033408098,22.4));
#4753 = CARTESIAN_POINT('',(-40.6468681278,18.24033408098,0.));
#4754 = CARTESIAN_POINT('',(-40.7025716469,19.286301750346,22.4));
#4755 = CARTESIAN_POINT('',(-40.7025716469,19.286301750346,0.));
#4756 = CARTESIAN_POINT('',(-40.6907735466,20.333018059347,22.4));
#4757 = CARTESIAN_POINT('',(-40.6907735466,20.333018059347,0.));
#4758 = CARTESIAN_POINT('',(-40.61154097701,21.40988875719,22.4));
#4759 = CARTESIAN_POINT('',(-40.61154097701,21.40988875719,0.));
#4760 = CARTESIAN_POINT('',(-40.45958624132,22.51924911683,22.4));
#4761 = CARTESIAN_POINT('',(-40.45958624132,22.51924911683,0.));
#4762 = CARTESIAN_POINT('',(-40.22011819032,23.690861718162,22.4));
#4763 = CARTESIAN_POINT('',(-40.22011819032,23.690861718162,0.));
#4764 = CARTESIAN_POINT('',(-39.8983432551,24.865796011915,22.4));
#4765 = CARTESIAN_POINT('',(-39.8983432551,24.865796011915,0.));
#4766 = CARTESIAN_POINT('',(-39.48238287774,26.079196979185,22.4));
#4767 = CARTESIAN_POINT('',(-39.48238287774,26.079196979185,0.));
#4768 = CARTESIAN_POINT('',(-38.96213597384,27.334096898428,22.4));
#4769 = CARTESIAN_POINT('',(-38.96213597384,27.334096898428,0.));
#4770 = CARTESIAN_POINT('',(-38.30844168994,28.662941662182,22.4));
#4771 = CARTESIAN_POINT('',(-38.30844168994,28.662941662182,0.));
#4772 = CARTESIAN_POINT('',(-37.54361104377,29.999288568651,22.4));
#4773 = CARTESIAN_POINT('',(-37.54361104377,29.999288568651,0.));
#4774 = CARTESIAN_POINT('',(-36.63900690952,31.386012320233,22.4));
#4775 = CARTESIAN_POINT('',(-36.63900690952,31.386012320233,0.));
#4776 = CARTESIAN_POINT('',(-35.57899905132,32.82677755251,22.4));
#4777 = CARTESIAN_POINT('',(-35.57899905132,32.82677755251,0.));
#4778 = CARTESIAN_POINT('',(-34.31357817388,34.359454096698,22.4));
#4779 = CARTESIAN_POINT('',(-34.31357817388,34.359454096698,0.));
#4780 = CARTESIAN_POINT('',(-32.89798423797,35.902743138997,22.4));
#4781 = CARTESIAN_POINT('',(-32.89798423797,35.902743138997,0.));
#4782 = CARTESIAN_POINT('',(-31.25032875088,37.531403832696,22.4));
#4783 = CARTESIAN_POINT('',(-31.25032875088,37.531403832696,0.));
#4784 = CARTESIAN_POINT('',(-29.47162515096,39.150485003839,22.4));
#4785 = CARTESIAN_POINT('',(-29.47162515096,39.150485003839,0.));
#4786 = CARTESIAN_POINT('',(-26.93964605503,41.240079304722,22.4));
#4787 = CARTESIAN_POINT('',(-26.93964605503,41.240079304722,0.));
#4788 = CARTESIAN_POINT('',(-26.36793151795,41.640230451155,22.4));
#4789 = CARTESIAN_POINT('',(-26.36793151795,41.640230451155,0.));
#4790 = CARTESIAN_POINT('',(-24.84388483054,42.806782149136,22.4));
#4791 = CARTESIAN_POINT('',(-24.84388483054,42.806782149136,0.));
#4792 = DEFINITIONAL_REPRESENTATION('',(#4793),#4797);
#4793 = LINE('',#4794,#4795);
#4794 = CARTESIAN_POINT('',(0.,0.));
#4795 = VECTOR('',#4796,1.);
#4796 = DIRECTION('',(1.,0.));
#4797 = ( GEOMETRIC_REPRESENTATION_CONTEXT(2) 
PARAMETRIC_REPRESENTATION_CONTEXT() REPRESENTATION_CONTEXT('2D SPACE',''
  ) );
#4798 = ORIENTED_EDGE('',*,*,#4799,.F.);
#4799 = EDGE_CURVE('',#4800,#4582,#4802,.T.);
#4800 = VERTEX_POINT('',#4801);
#4801 = CARTESIAN_POINT('',(-12.01969306091,7.051107079368,0.));
#4802 = SURFACE_CURVE('',#4803,(#4807,#4814),.PCURVE_S1.);
#4803 = LINE('',#4804,#4805);
#4804 = CARTESIAN_POINT('',(-12.01969306091,7.051107079368,0.));
#4805 = VECTOR('',#4806,1.);
#4806 = DIRECTION('',(0.88745597613,0.460892493355,0.));
#4807 = PCURVE('',#45,#4808);
#4808 = DEFINITIONAL_REPRESENTATION('',(#4809),#4813);
#4809 = LINE('',#4810,#4811);
#4810 = CARTESIAN_POINT('',(-12.01969306091,7.051107079368));
#4811 = VECTOR('',#4812,1.);
#4812 = DIRECTION('',(0.88745597613,0.460892493355));
#4813 = ( GEOMETRIC_REPRESENTATION_CONTEXT(2) 
PARAMETRIC_REPRESENTATION_CONTEXT() REPRESENTATION_CONTEXT('2D SPACE',''
  ) );
#4814 = PCURVE('',#4815,#4820);
#4815 = PLANE('',#4816);
#4816 = AXIS2_PLACEMENT_3D('',#4817,#4818,#4819);
#4817 = CARTESIAN_POINT('',(-12.01969306091,7.051107079368,0.));
#4818 = DIRECTION('',(-0.460892493355,0.88745597613,0.));
#4819 = DIRECTION('',(0.88745597613,0.460892493355,0.));
#4820 = DEFINITIONAL_REPRESENTATION('',(#4821),#4825);
#4821 = LINE('',#4822,#4823);
#4822 = CARTESIAN_POINT('',(0.,0.));
#4823 = VECTOR('',#4824,1.);
#4824 = DIRECTION('',(1.,0.));
#4825 = ( GEOMETRIC_REPRESENTATION_CONTEXT(2) 
PARAMETRIC_REPRESENTATION_CONTEXT() REPRESENTATION_CONTEXT('2D SPACE',''
  ) );
#4826 = ORIENTED_EDGE('',*,*,#4827,.F.);
#4827 = EDGE_CURVE('',#4828,#4800,#4830,.T.);
#4828 = VERTEX_POINT('',#4829);
#4829 = CARTESIAN_POINT('',(-41.08563770057,23.850181619853,0.));
#4830 = SURFACE_CURVE('',#4831,(#4882,#4936),.PCURVE_S1.);
#4831 = B_SPLINE_CURVE_WITH_KNOTS('',3,(#4832,#4833,#4834,#4835,#4836,
    #4837,#4838,#4839,#4840,#4841,#4842,#4843,#4844,#4845,#4846,#4847,
    #4848,#4849,#4850,#4851,#4852,#4853,#4854,#4855,#4856,#4857,#4858,
    #4859,#4860,#4861,#4862,#4863,#4864,#4865,#4866,#4867,#4868,#4869,
    #4870,#4871,#4872,#4873,#4874,#4875,#4876,#4877,#4878,#4879,#4880,
    #4881),.UNSPECIFIED.,.F.,.F.,(4,1,1,1,1,1,1,1,1,1,1,1,1,1,1,1,1,1,1,
    1,1,1,1,1,1,1,1,1,1,1,1,1,1,1,1,1,1,1,1,1,1,1,1,1,1,1,1,4),(0.,
    3.010134173011,5.734866089906,8.204243200285,10.280216915947,
    12.332164523515,14.201956865391,15.911237845672,17.363900720308,
    18.819208714806,20.167747400886,21.42468716853,22.515414853025,
    23.632925452475,24.694050367351,25.707901186754,26.608581862701,
    27.552388564938,28.468532489134,29.361872223827,30.169943636586,
    31.030962627216,31.880548884696,32.72227944396,33.495545472128,
    34.332992621126,35.174663745336,36.025783427864,36.825011523752,
    37.711824801461,38.627874308414,39.58148948206,40.502911686362,
    41.554574841448,42.671594637474,43.864256147866,45.041219012251,
    46.408073524505,47.880684921353,49.469922617188,51.049935999727,
    52.894334824252,54.887680127977,57.041280206621,59.18142193199,
    61.675679145654,64.364419403117,67.031728548195),.UNSPECIFIED.);
#4832 = CARTESIAN_POINT('',(-41.08563770057,23.850181619853,0.));
#4833 = CARTESIAN_POINT('',(-41.46464867126,22.938332135406,0.));
#4834 = CARTESIAN_POINT('',(-42.23395186098,21.163130514959,0.));
#4835 = CARTESIAN_POINT('',(-43.17217684708,18.601783235794,0.));
#4836 = CARTESIAN_POINT('',(-43.91793017513,16.293390226183,0.));
#4837 = CARTESIAN_POINT('',(-44.49686796448,14.171495857912,0.));
#4838 = CARTESIAN_POINT('',(-44.93190906164,12.219185074295,0.));
#4839 = CARTESIAN_POINT('',(-45.24317538223,10.367263236389,0.));
#4840 = CARTESIAN_POINT('',(-45.42886610224,8.699387147197,0.));
#4841 = CARTESIAN_POINT('',(-45.51275965803,7.161839610024,0.));
#4842 = CARTESIAN_POINT('',(-45.50759709289,5.742099491519,0.));
#4843 = CARTESIAN_POINT('',(-45.41785900895,4.390579828522,0.));
#4844 = CARTESIAN_POINT('',(-45.25745311143,3.168112538737,0.));
#4845 = CARTESIAN_POINT('',(-45.0354906316,2.033887352887,0.));
#4846 = CARTESIAN_POINT('',(-44.75914012728,0.978897551494,0.));
#4847 = CARTESIAN_POINT('',(-44.4222298205,-3.132178123365E-02,0.));
#4848 = CARTESIAN_POINT('',(-44.04723904573,-0.950367029506,0.));
#4849 = CARTESIAN_POINT('',(-43.6324829755,-1.808748455452,0.));
#4850 = CARTESIAN_POINT('',(-43.18111342381,-2.611400516349,0.));
#4851 = CARTESIAN_POINT('',(-42.68031190524,-3.381232221976,0.));
#4852 = CARTESIAN_POINT('',(-42.15803312625,-4.080940655235,0.));
#4853 = CARTESIAN_POINT('',(-41.60513172908,-4.73263925928,0.));
#4854 = CARTESIAN_POINT('',(-41.02236735505,-5.337855591533,0.));
#4855 = CARTESIAN_POINT('',(-40.3922454647,-5.910443784111,0.));
#4856 = CARTESIAN_POINT('',(-39.74740920504,-6.420538034273,0.));
#4857 = CARTESIAN_POINT('',(-39.07297498895,-6.883518898962,0.));
#4858 = CARTESIAN_POINT('',(-38.36779785674,-7.298486644326,0.));
#4859 = CARTESIAN_POINT('',(-37.61019225336,-7.67096651686,0.));
#4860 = CARTESIAN_POINT('',(-36.83783978093,-7.979078415385,0.));
#4861 = CARTESIAN_POINT('',(-36.02996431629,-8.231773277157,0.));
#4862 = CARTESIAN_POINT('',(-35.18349977364,-8.42550097466,0.));
#4863 = CARTESIAN_POINT('',(-34.27296123684,-8.556164117265,0.));
#4864 = CARTESIAN_POINT('',(-33.34316538474,-8.611612608317,0.));
#4865 = CARTESIAN_POINT('',(-32.36688876422,-8.592258217678,0.));
#4866 = CARTESIAN_POINT('',(-31.3406708785,-8.490936763974,0.));
#4867 = CARTESIAN_POINT('',(-30.23705258033,-8.291249467091,0.));
#4868 = CARTESIAN_POINT('',(-29.11106409302,-7.998405067358,0.));
#4869 = CARTESIAN_POINT('',(-27.93348777226,-7.589078170952,0.));
#4870 = CARTESIAN_POINT('',(-26.70429423241,-7.055581640139,0.));
#4871 = CARTESIAN_POINT('',(-25.39168224551,-6.377765038857,0.));
#4872 = CARTESIAN_POINT('',(-24.06574782784,-5.578185203553,0.));
#4873 = CARTESIAN_POINT('',(-22.68790584342,-4.630789307926,0.));
#4874 = CARTESIAN_POINT('',(-21.26043965193,-3.523364729133,0.));
#4875 = CARTESIAN_POINT('',(-19.75301775798,-2.209846404675,0.));
#4876 = CARTESIAN_POINT('',(-18.25218231914,-0.753333871887,0.));
#4877 = CARTESIAN_POINT('',(-16.69620364759,0.919557641022,0.));
#4878 = CARTESIAN_POINT('',(-15.17553205072,2.707838975062,0.));
#4879 = CARTESIAN_POINT('',(-13.35009044419,5.099203627213,0.));
#4880 = CARTESIAN_POINT('',(-12.91100078668,5.776592839161,0.));
#4881 = CARTESIAN_POINT('',(-12.01969306091,7.051107079368,0.));
#4882 = PCURVE('',#45,#4883);
#4883 = DEFINITIONAL_REPRESENTATION('',(#4884),#4935);
#4884 = B_SPLINE_CURVE_WITH_KNOTS('',3,(#4885,#4886,#4887,#4888,#4889,
    #4890,#4891,#4892,#4893,#4894,#4895,#4896,#4897,#4898,#4899,#4900,
    #4901,#4902,#4903,#4904,#4905,#4906,#4907,#4908,#4909,#4910,#4911,
    #4912,#4913,#4914,#4915,#4916,#4917,#4918,#4919,#4920,#4921,#4922,
    #4923,#4924,#4925,#4926,#4927,#4928,#4929,#4930,#4931,#4932,#4933,
    #4934),.UNSPECIFIED.,.F.,.F.,(4,1,1,1,1,1,1,1,1,1,1,1,1,1,1,1,1,1,1,
    1,1,1,1,1,1,1,1,1,1,1,1,1,1,1,1,1,1,1,1,1,1,1,1,1,1,1,1,4),(0.,
    3.010134173011,5.734866089906,8.204243200285,10.280216915947,
    12.332164523515,14.201956865391,15.911237845672,17.363900720308,
    18.819208714806,20.167747400886,21.42468716853,22.515414853025,
    23.632925452475,24.694050367351,25.707901186754,26.608581862701,
    27.552388564938,28.468532489134,29.361872223827,30.169943636586,
    31.030962627216,31.880548884696,32.72227944396,33.495545472128,
    34.332992621126,35.174663745336,36.025783427864,36.825011523752,
    37.711824801461,38.627874308414,39.58148948206,40.502911686362,
    41.554574841448,42.671594637474,43.864256147866,45.041219012251,
    46.408073524505,47.880684921353,49.469922617188,51.049935999727,
    52.894334824252,54.887680127977,57.041280206621,59.18142193199,
    61.675679145654,64.364419403117,67.031728548195),.UNSPECIFIED.);
#4885 = CARTESIAN_POINT('',(-41.08563770057,23.850181619853));
#4886 = CARTESIAN_POINT('',(-41.46464867126,22.938332135406));
#4887 = CARTESIAN_POINT('',(-42.23395186098,21.163130514959));
#4888 = CARTESIAN_POINT('',(-43.17217684708,18.601783235794));
#4889 = CARTESIAN_POINT('',(-43.91793017513,16.293390226183));
#4890 = CARTESIAN_POINT('',(-44.49686796448,14.171495857912));
#4891 = CARTESIAN_POINT('',(-44.93190906164,12.219185074295));
#4892 = CARTESIAN_POINT('',(-45.24317538223,10.367263236389));
#4893 = CARTESIAN_POINT('',(-45.42886610224,8.699387147197));
#4894 = CARTESIAN_POINT('',(-45.51275965803,7.161839610024));
#4895 = CARTESIAN_POINT('',(-45.50759709289,5.742099491519));
#4896 = CARTESIAN_POINT('',(-45.41785900895,4.390579828522));
#4897 = CARTESIAN_POINT('',(-45.25745311143,3.168112538737));
#4898 = CARTESIAN_POINT('',(-45.0354906316,2.033887352887));
#4899 = CARTESIAN_POINT('',(-44.75914012728,0.978897551494));
#4900 = CARTESIAN_POINT('',(-44.4222298205,-3.132178123365E-02));
#4901 = CARTESIAN_POINT('',(-44.04723904573,-0.950367029506));
#4902 = CARTESIAN_POINT('',(-43.6324829755,-1.808748455452));
#4903 = CARTESIAN_POINT('',(-43.18111342381,-2.611400516349));
#4904 = CARTESIAN_POINT('',(-42.68031190524,-3.381232221976));
#4905 = CARTESIAN_POINT('',(-42.15803312625,-4.080940655235));
#4906 = CARTESIAN_POINT('',(-41.60513172908,-4.73263925928));
#4907 = CARTESIAN_POINT('',(-41.02236735505,-5.337855591533));
#4908 = CARTESIAN_POINT('',(-40.3922454647,-5.910443784111));
#4909 = CARTESIAN_POINT('',(-39.74740920504,-6.420538034273));
#4910 = CARTESIAN_POINT('',(-39.07297498895,-6.883518898962));
#4911 = CARTESIAN_POINT('',(-38.36779785674,-7.298486644326));
#4912 = CARTESIAN_POINT('',(-37.61019225336,-7.67096651686));
#4913 = CARTESIAN_POINT('',(-36.83783978093,-7.979078415385));
#4914 = CARTESIAN_POINT('',(-36.02996431629,-8.231773277157));
#4915 = CARTESIAN_POINT('',(-35.18349977364,-8.42550097466));
#4916 = CARTESIAN_POINT('',(-34.27296123684,-8.556164117265));
#4917 = CARTESIAN_POINT('',(-33.34316538474,-8.611612608317));
#4918 = CARTESIAN_POINT('',(-32.36688876422,-8.592258217678));
#4919 = CARTESIAN_POINT('',(-31.3406708785,-8.490936763974));
#4920 = CARTESIAN_POINT('',(-30.23705258033,-8.291249467091));
#4921 = CARTESIAN_POINT('',(-29.11106409302,-7.998405067358));
#4922 = CARTESIAN_POINT('',(-27.93348777226,-7.589078170952));
#4923 = CARTESIAN_POINT('',(-26.70429423241,-7.055581640139));
#4924 = CARTESIAN_POINT('',(-25.39168224551,-6.377765038858));
#4925 = CARTESIAN_POINT('',(-24.06574782784,-5.578185203553));
#4926 = CARTESIAN_POINT('',(-22.68790584342,-4.630789307926));
#4927 = CARTESIAN_POINT('',(-21.26043965193,-3.523364729133));
#4928 = CARTESIAN_POINT('',(-19.75301775798,-2.209846404675));
#4929 = CARTESIAN_POINT('',(-18.25218231914,-0.753333871887));
#4930 = CARTESIAN_POINT('',(-16.69620364759,0.919557641022));
#4931 = CARTESIAN_POINT('',(-15.17553205072,2.707838975062));
#4932 = CARTESIAN_POINT('',(-13.35009044419,5.099203627213));
#4933 = CARTESIAN_POINT('',(-12.91100078668,5.776592839161));
#4934 = CARTESIAN_POINT('',(-12.01969306091,7.051107079368));
#4935 = ( GEOMETRIC_REPRESENTATION_CONTEXT(2) 
PARAMETRIC_REPRESENTATION_CONTEXT() REPRESENTATION_CONTEXT('2D SPACE',''
  ) );
#4936 = PCURVE('',#4937,#5038);
#4937 = B_SPLINE_SURFACE_WITH_KNOTS('',3,1,(
    (#4938,#4939)
    ,(#4940,#4941)
    ,(#4942,#4943)
    ,(#4944,#4945)
    ,(#4946,#4947)
    ,(#4948,#4949)
    ,(#4950,#4951)
    ,(#4952,#4953)
    ,(#4954,#4955)
    ,(#4956,#4957)
    ,(#4958,#4959)
    ,(#4960,#4961)
    ,(#4962,#4963)
    ,(#4964,#4965)
    ,(#4966,#4967)
    ,(#4968,#4969)
    ,(#4970,#4971)
    ,(#4972,#4973)
    ,(#4974,#4975)
    ,(#4976,#4977)
    ,(#4978,#4979)
    ,(#4980,#4981)
    ,(#4982,#4983)
    ,(#4984,#4985)
    ,(#4986,#4987)
    ,(#4988,#4989)
    ,(#4990,#4991)
    ,(#4992,#4993)
    ,(#4994,#4995)
    ,(#4996,#4997)
    ,(#4998,#4999)
    ,(#5000,#5001)
    ,(#5002,#5003)
    ,(#5004,#5005)
    ,(#5006,#5007)
    ,(#5008,#5009)
    ,(#5010,#5011)
    ,(#5012,#5013)
    ,(#5014,#5015)
    ,(#5016,#5017)
    ,(#5018,#5019)
    ,(#5020,#5021)
    ,(#5022,#5023)
    ,(#5024,#5025)
    ,(#5026,#5027)
    ,(#5028,#5029)
    ,(#5030,#5031)
    ,(#5032,#5033)
    ,(#5034,#5035)
    ,(#5036,#5037
    )),.UNSPECIFIED.,.F.,.F.,.F.,(4,1,1,1,1,1,1,1,1,1,1,1,1,1,1,1,1,1,1,
    1,1,1,1,1,1,1,1,1,1,1,1,1,1,1,1,1,1,1,1,1,1,1,1,1,1,1,1,4),(2,2),(0.
    ,3.010134173011,5.734866089906,8.204243200285,10.280216915947,
    12.332164523515,14.201956865391,15.911237845672,17.363900720308,
    18.819208714806,20.167747400886,21.42468716853,22.515414853025,
    23.632925452475,24.694050367351,25.707901186754,26.608581862701,
    27.552388564938,28.468532489134,29.361872223827,30.169943636586,
    31.030962627216,31.880548884696,32.72227944396,33.495545472128,
    34.332992621126,35.174663745336,36.025783427864,36.825011523752,
    37.711824801461,38.627874308414,39.58148948206,40.502911686362,
    41.554574841448,42.671594637474,43.864256147866,45.041219012251,
    46.408073524505,47.880684921353,49.469922617188,51.049935999727,
    52.894334824252,54.887680127977,57.041280206621,59.18142193199,
    61.675679145654,64.364419403117,67.031728548195),(-22.4,0.),
  .UNSPECIFIED.);
#4938 = CARTESIAN_POINT('',(-41.08563770057,23.850181619853,22.4));
#4939 = CARTESIAN_POINT('',(-41.08563770057,23.850181619853,0.));
#4940 = CARTESIAN_POINT('',(-41.46464867126,22.938332135406,22.4));
#4941 = CARTESIAN_POINT('',(-41.46464867126,22.938332135406,0.));
#4942 = CARTESIAN_POINT('',(-42.23395186098,21.163130514959,22.4));
#4943 = CARTESIAN_POINT('',(-42.23395186098,21.163130514959,0.));
#4944 = CARTESIAN_POINT('',(-43.17217684708,18.601783235794,22.4));
#4945 = CARTESIAN_POINT('',(-43.17217684708,18.601783235794,0.));
#4946 = CARTESIAN_POINT('',(-43.91793017513,16.293390226183,22.4));
#4947 = CARTESIAN_POINT('',(-43.91793017513,16.293390226183,0.));
#4948 = CARTESIAN_POINT('',(-44.49686796448,14.171495857912,22.4));
#4949 = CARTESIAN_POINT('',(-44.49686796448,14.171495857912,0.));
#4950 = CARTESIAN_POINT('',(-44.93190906164,12.219185074295,22.4));
#4951 = CARTESIAN_POINT('',(-44.93190906164,12.219185074295,0.));
#4952 = CARTESIAN_POINT('',(-45.24317538223,10.367263236389,22.4));
#4953 = CARTESIAN_POINT('',(-45.24317538223,10.367263236389,0.));
#4954 = CARTESIAN_POINT('',(-45.42886610224,8.699387147197,22.4));
#4955 = CARTESIAN_POINT('',(-45.42886610224,8.699387147197,0.));
#4956 = CARTESIAN_POINT('',(-45.51275965803,7.161839610024,22.4));
#4957 = CARTESIAN_POINT('',(-45.51275965803,7.161839610024,0.));
#4958 = CARTESIAN_POINT('',(-45.50759709289,5.742099491519,22.4));
#4959 = CARTESIAN_POINT('',(-45.50759709289,5.742099491519,0.));
#4960 = CARTESIAN_POINT('',(-45.41785900895,4.390579828522,22.4));
#4961 = CARTESIAN_POINT('',(-45.41785900895,4.390579828522,0.));
#4962 = CARTESIAN_POINT('',(-45.25745311143,3.168112538737,22.4));
#4963 = CARTESIAN_POINT('',(-45.25745311143,3.168112538737,0.));
#4964 = CARTESIAN_POINT('',(-45.0354906316,2.033887352887,22.4));
#4965 = CARTESIAN_POINT('',(-45.0354906316,2.033887352887,0.));
#4966 = CARTESIAN_POINT('',(-44.75914012728,0.978897551494,22.4));
#4967 = CARTESIAN_POINT('',(-44.75914012728,0.978897551494,0.));
#4968 = CARTESIAN_POINT('',(-44.4222298205,-3.132178123365E-02,22.4));
#4969 = CARTESIAN_POINT('',(-44.4222298205,-3.132178123365E-02,0.));
#4970 = CARTESIAN_POINT('',(-44.04723904573,-0.950367029506,22.4));
#4971 = CARTESIAN_POINT('',(-44.04723904573,-0.950367029506,0.));
#4972 = CARTESIAN_POINT('',(-43.6324829755,-1.808748455452,22.4));
#4973 = CARTESIAN_POINT('',(-43.6324829755,-1.808748455452,0.));
#4974 = CARTESIAN_POINT('',(-43.18111342381,-2.611400516349,22.4));
#4975 = CARTESIAN_POINT('',(-43.18111342381,-2.611400516349,0.));
#4976 = CARTESIAN_POINT('',(-42.68031190524,-3.381232221976,22.4));
#4977 = CARTESIAN_POINT('',(-42.68031190524,-3.381232221976,0.));
#4978 = CARTESIAN_POINT('',(-42.15803312625,-4.080940655235,22.4));
#4979 = CARTESIAN_POINT('',(-42.15803312625,-4.080940655235,0.));
#4980 = CARTESIAN_POINT('',(-41.60513172908,-4.73263925928,22.4));
#4981 = CARTESIAN_POINT('',(-41.60513172908,-4.73263925928,0.));
#4982 = CARTESIAN_POINT('',(-41.02236735505,-5.337855591533,22.4));
#4983 = CARTESIAN_POINT('',(-41.02236735505,-5.337855591533,0.));
#4984 = CARTESIAN_POINT('',(-40.3922454647,-5.910443784111,22.4));
#4985 = CARTESIAN_POINT('',(-40.3922454647,-5.910443784111,0.));
#4986 = CARTESIAN_POINT('',(-39.74740920504,-6.420538034273,22.4));
#4987 = CARTESIAN_POINT('',(-39.74740920504,-6.420538034273,0.));
#4988 = CARTESIAN_POINT('',(-39.07297498895,-6.883518898962,22.4));
#4989 = CARTESIAN_POINT('',(-39.07297498895,-6.883518898962,0.));
#4990 = CARTESIAN_POINT('',(-38.36779785674,-7.298486644326,22.4));
#4991 = CARTESIAN_POINT('',(-38.36779785674,-7.298486644326,0.));
#4992 = CARTESIAN_POINT('',(-37.61019225336,-7.67096651686,22.4));
#4993 = CARTESIAN_POINT('',(-37.61019225336,-7.67096651686,0.));
#4994 = CARTESIAN_POINT('',(-36.83783978093,-7.979078415385,22.4));
#4995 = CARTESIAN_POINT('',(-36.83783978093,-7.979078415385,0.));
#4996 = CARTESIAN_POINT('',(-36.02996431629,-8.231773277157,22.4));
#4997 = CARTESIAN_POINT('',(-36.02996431629,-8.231773277157,0.));
#4998 = CARTESIAN_POINT('',(-35.18349977364,-8.42550097466,22.4));
#4999 = CARTESIAN_POINT('',(-35.18349977364,-8.42550097466,0.));
#5000 = CARTESIAN_POINT('',(-34.27296123684,-8.556164117265,22.4));
#5001 = CARTESIAN_POINT('',(-34.27296123684,-8.556164117265,0.));
#5002 = CARTESIAN_POINT('',(-33.34316538474,-8.611612608317,22.4));
#5003 = CARTESIAN_POINT('',(-33.34316538474,-8.611612608317,0.));
#5004 = CARTESIAN_POINT('',(-32.36688876422,-8.592258217678,22.4));
#5005 = CARTESIAN_POINT('',(-32.36688876422,-8.592258217678,0.));
#5006 = CARTESIAN_POINT('',(-31.3406708785,-8.490936763974,22.4));
#5007 = CARTESIAN_POINT('',(-31.3406708785,-8.490936763974,0.));
#5008 = CARTESIAN_POINT('',(-30.23705258033,-8.291249467091,22.4));
#5009 = CARTESIAN_POINT('',(-30.23705258033,-8.291249467091,0.));
#5010 = CARTESIAN_POINT('',(-29.11106409302,-7.998405067358,22.4));
#5011 = CARTESIAN_POINT('',(-29.11106409302,-7.998405067358,0.));
#5012 = CARTESIAN_POINT('',(-27.93348777226,-7.589078170952,22.4));
#5013 = CARTESIAN_POINT('',(-27.93348777226,-7.589078170952,0.));
#5014 = CARTESIAN_POINT('',(-26.70429423241,-7.055581640139,22.4));
#5015 = CARTESIAN_POINT('',(-26.70429423241,-7.055581640139,0.));
#5016 = CARTESIAN_POINT('',(-25.39168224551,-6.377765038857,22.4));
#5017 = CARTESIAN_POINT('',(-25.39168224551,-6.377765038857,0.));
#5018 = CARTESIAN_POINT('',(-24.06574782784,-5.578185203553,22.4));
#5019 = CARTESIAN_POINT('',(-24.06574782784,-5.578185203553,0.));
#5020 = CARTESIAN_POINT('',(-22.68790584342,-4.630789307926,22.4));
#5021 = CARTESIAN_POINT('',(-22.68790584342,-4.630789307926,0.));
#5022 = CARTESIAN_POINT('',(-21.26043965193,-3.523364729133,22.4));
#5023 = CARTESIAN_POINT('',(-21.26043965193,-3.523364729133,0.));
#5024 = CARTESIAN_POINT('',(-19.75301775798,-2.209846404675,22.4));
#5025 = CARTESIAN_POINT('',(-19.75301775798,-2.209846404675,0.));
#5026 = CARTESIAN_POINT('',(-18.25218231914,-0.753333871887,22.4));
#5027 = CARTESIAN_POINT('',(-18.25218231914,-0.753333871887,0.));
#5028 = CARTESIAN_POINT('',(-16.69620364759,0.919557641022,22.4));
#5029 = CARTESIAN_POINT('',(-16.69620364759,0.919557641022,0.));
#5030 = CARTESIAN_POINT('',(-15.17553205072,2.707838975062,22.4));
#5031 = CARTESIAN_POINT('',(-15.17553205072,2.707838975062,0.));
#5032 = CARTESIAN_POINT('',(-13.35009044419,5.099203627213,22.4));
#5033 = CARTESIAN_POINT('',(-13.35009044419,5.099203627213,0.));
#5034 = CARTESIAN_POINT('',(-12.91100078668,5.776592839161,22.4));
#5035 = CARTESIAN_POINT('',(-12.91100078668,5.776592839161,0.));
#5036 = CARTESIAN_POINT('',(-12.01969306091,7.051107079368,22.4));
#5037 = CARTESIAN_POINT('',(-12.01969306091,7.051107079368,0.));
#5038 = DEFINITIONAL_REPRESENTATION('',(#5039),#5043);
#5039 = LINE('',#5040,#5041);
#5040 = CARTESIAN_POINT('',(0.,0.));
#5041 = VECTOR('',#5042,1.);
#5042 = DIRECTION('',(1.,0.));
#5043 = ( GEOMETRIC_REPRESENTATION_CONTEXT(2) 
PARAMETRIC_REPRESENTATION_CONTEXT() REPRESENTATION_CONTEXT('2D SPACE',''
  ) );
#5044 = ORIENTED_EDGE('',*,*,#5045,.F.);
#5045 = EDGE_CURVE('',#5046,#4828,#5048,.T.);
#5046 = VERTEX_POINT('',#5047);
#5047 = CARTESIAN_POINT('',(-39.17692093655,28.442503209389,0.));
#5048 = SURFACE_CURVE('',#5049,(#5053,#5060),.PCURVE_S1.);
#5049 = LINE('',#5050,#5051);
#5050 = CARTESIAN_POINT('',(-36.69590941308,34.411750715304,0.));
#5051 = VECTOR('',#5052,1.);
#5052 = DIRECTION('',(-0.383801307059,-0.923415700917,0.));
#5053 = PCURVE('',#45,#5054);
#5054 = DEFINITIONAL_REPRESENTATION('',(#5055),#5059);
#5055 = LINE('',#5056,#5057);
#5056 = CARTESIAN_POINT('',(-36.69590941308,34.411750715304));
#5057 = VECTOR('',#5058,1.);
#5058 = DIRECTION('',(-0.383801307059,-0.923415700917));
#5059 = ( GEOMETRIC_REPRESENTATION_CONTEXT(2) 
PARAMETRIC_REPRESENTATION_CONTEXT() REPRESENTATION_CONTEXT('2D SPACE',''
  ) );
#5060 = PCURVE('',#5061,#5066);
#5061 = PLANE('',#5062);
#5062 = AXIS2_PLACEMENT_3D('',#5063,#5064,#5065);
#5063 = CARTESIAN_POINT('',(-39.03496106804,28.784054864049,0.));
#5064 = DIRECTION('',(0.923415700917,-0.383801307059,0.));
#5065 = DIRECTION('',(-0.383801307059,-0.923415700917,0.));
#5066 = DEFINITIONAL_REPRESENTATION('',(#5067),#5071);
#5067 = LINE('',#5068,#5069);
#5068 = CARTESIAN_POINT('',(-6.094433791486,0.));
#5069 = VECTOR('',#5070,1.);
#5070 = DIRECTION('',(1.,0.));
#5071 = ( GEOMETRIC_REPRESENTATION_CONTEXT(2) 
PARAMETRIC_REPRESENTATION_CONTEXT() REPRESENTATION_CONTEXT('2D SPACE',''
  ) );
#5072 = ORIENTED_EDGE('',*,*,#5073,.F.);
#5073 = EDGE_CURVE('',#4553,#5046,#5074,.T.);
#5074 = SURFACE_CURVE('',#5075,(#5080,#5087),.PCURVE_S1.);
#5075 = CIRCLE('',#5076,3.);
#5076 = AXIS2_PLACEMENT_3D('',#5077,#5078,#5079);
#5077 = CARTESIAN_POINT('',(-36.4066738338,27.291099288211,0.));
#5078 = DIRECTION('',(0.,0.,1.));
#5079 = DIRECTION('',(0.,-1.,0.));
#5080 = PCURVE('',#45,#5081);
#5081 = DEFINITIONAL_REPRESENTATION('',(#5082),#5086);
#5082 = CIRCLE('',#5083,3.);
#5083 = AXIS2_PLACEMENT_2D('',#5084,#5085);
#5084 = CARTESIAN_POINT('',(-36.4066738338,27.291099288211));
#5085 = DIRECTION('',(0.,-1.));
#5086 = ( GEOMETRIC_REPRESENTATION_CONTEXT(2) 
PARAMETRIC_REPRESENTATION_CONTEXT() REPRESENTATION_CONTEXT('2D SPACE',''
  ) );
#5087 = PCURVE('',#5088,#5093);
#5088 = CYLINDRICAL_SURFACE('',#5089,3.);
#5089 = AXIS2_PLACEMENT_3D('',#5090,#5091,#5092);
#5090 = CARTESIAN_POINT('',(-36.4066738338,27.291099288211,0.));
#5091 = DIRECTION('',(0.,0.,1.));
#5092 = DIRECTION('',(-0.800146677666,0.599804379961,0.));
#5093 = DEFINITIONAL_REPRESENTATION('',(#5094),#5098);
#5094 = LINE('',#5095,#5096);
#5095 = CARTESIAN_POINT('',(-4.069132374225,0.));
#5096 = VECTOR('',#5097,1.);
#5097 = DIRECTION('',(1.,0.));
#5098 = ( GEOMETRIC_REPRESENTATION_CONTEXT(2) 
PARAMETRIC_REPRESENTATION_CONTEXT() REPRESENTATION_CONTEXT('2D SPACE',''
  ) );
#5099 = FACE_BOUND('',#5100,.F.);
#5100 = EDGE_LOOP('',(#5101,#5132,#5350,#5378,#5596,#5624));
#5101 = ORIENTED_EDGE('',*,*,#5102,.F.);
#5102 = EDGE_CURVE('',#5103,#5105,#5107,.T.);
#5103 = VERTEX_POINT('',#5104);
#5104 = CARTESIAN_POINT('',(-13.08017845426,46.702879264608,0.));
#5105 = VERTEX_POINT('',#5106);
#5106 = CARTESIAN_POINT('',(-19.06269024216,44.596679705236,0.));
#5107 = SURFACE_CURVE('',#5108,(#5113,#5120),.PCURVE_S1.);
#5108 = CIRCLE('',#5109,48.5);
#5109 = AXIS2_PLACEMENT_3D('',#5110,#5111,#5112);
#5110 = CARTESIAN_POINT('',(0.,0.,0.));
#5111 = DIRECTION('',(0.,0.,1.));
#5112 = DIRECTION('',(1.,0.,-0.));
#5113 = PCURVE('',#45,#5114);
#5114 = DEFINITIONAL_REPRESENTATION('',(#5115),#5119);
#5115 = CIRCLE('',#5116,48.5);
#5116 = AXIS2_PLACEMENT_2D('',#5117,#5118);
#5117 = CARTESIAN_POINT('',(1.75032336965E-15,-3.209892110372E-15));
#5118 = DIRECTION('',(1.,0.));
#5119 = ( GEOMETRIC_REPRESENTATION_CONTEXT(2) 
PARAMETRIC_REPRESENTATION_CONTEXT() REPRESENTATION_CONTEXT('2D SPACE',''
  ) );
#5120 = PCURVE('',#5121,#5126);
#5121 = CYLINDRICAL_SURFACE('',#5122,48.5);
#5122 = AXIS2_PLACEMENT_3D('',#5123,#5124,#5125);
#5123 = CARTESIAN_POINT('',(0.,0.,0.));
#5124 = DIRECTION('',(-0.,-0.,-1.));
#5125 = DIRECTION('',(1.,0.,-0.));
#5126 = DEFINITIONAL_REPRESENTATION('',(#5127),#5131);
#5127 = LINE('',#5128,#5129);
#5128 = CARTESIAN_POINT('',(-0.,0.));
#5129 = VECTOR('',#5130,1.);
#5130 = DIRECTION('',(-1.,0.));
#5131 = ( GEOMETRIC_REPRESENTATION_CONTEXT(2) 
PARAMETRIC_REPRESENTATION_CONTEXT() REPRESENTATION_CONTEXT('2D SPACE',''
  ) );
#5132 = ORIENTED_EDGE('',*,*,#5133,.F.);
#5133 = EDGE_CURVE('',#5134,#5103,#5136,.T.);
#5134 = VERTEX_POINT('',#5135);
#5135 = CARTESIAN_POINT('',(-4.624853916871,12.015472425414,0.));
#5136 = SURFACE_CURVE('',#5137,(#5188,#5242),.PCURVE_S1.);
#5137 = B_SPLINE_CURVE_WITH_KNOTS('',3,(#5138,#5139,#5140,#5141,#5142,
    #5143,#5144,#5145,#5146,#5147,#5148,#5149,#5150,#5151,#5152,#5153,
    #5154,#5155,#5156,#5157,#5158,#5159,#5160,#5161,#5162,#5163,#5164,
    #5165,#5166,#5167,#5168,#5169,#5170,#5171,#5172,#5173,#5174,#5175,
    #5176,#5177,#5178,#5179,#5180,#5181,#5182,#5183,#5184,#5185,#5186,
    #5187),.UNSPECIFIED.,.F.,.F.,(4,1,1,1,1,1,1,1,1,1,1,1,1,1,1,1,1,1,1,
    1,1,1,1,1,1,1,1,1,1,1,1,1,1,1,1,1,1,1,1,1,1,1,1,1,1,1,1,4),(0.,
    2.766464139392,5.568319295326,8.177275145496,10.425160909405,
    12.698001103747,14.813706991925,16.784063111389,18.483896399813,
    20.207074900357,21.81810245116,23.327840693167,24.640860133639,
    25.985974841284,27.260500260188,28.473662841808,29.546573791048,
    30.665502050481,31.746604132965,32.796723932319,33.744037531687,
    34.751762028128,35.745458780463,36.730106112805,37.635070035337,
    38.615335519513,39.599805338773,40.592877392801,41.521106716853,
    42.54355210237,43.588460947472,44.661307186429,45.681682040739,
    46.825929386569,48.018033969658,49.266638650819,50.477859791669,
    51.863921967174,53.33914083985,54.917675284274,56.480212616324,
    58.303578905337,60.281721918016,62.435877257802,64.600562295301,
    67.15990258556,69.968318443063,73.053194077155),.UNSPECIFIED.);
#5138 = CARTESIAN_POINT('',(-9.659132507772E-02,11.465086923869,0.));
#5139 = CARTESIAN_POINT('',(-0.997531887688,11.562011354251,0.));
#5140 = CARTESIAN_POINT('',(-2.869911982393,11.733861433439,0.));
#5141 = CARTESIAN_POINT('',(-5.555149510144,12.154186304207,0.));
#5142 = CARTESIAN_POINT('',(-8.061246716484,12.656613796004,0.));
#5143 = CARTESIAN_POINT('',(-10.36582779895,13.238805018243,0.));
#5144 = CARTESIAN_POINT('',(-12.48233786079,13.886147827978,0.));
#5145 = CARTESIAN_POINT('',(-14.47362975888,14.615582282124,0.));
#5146 = CARTESIAN_POINT('',(-16.2450403168,15.381107717009,0.));
#5147 = CARTESIAN_POINT('',(-17.85246192463,16.188309774152,0.));
#5148 = CARTESIAN_POINT('',(-19.30518380841,17.030418094951,0.));
#5149 = CARTESIAN_POINT('',(-20.64743906732,17.930122412672,0.));
#5150 = CARTESIAN_POINT('',(-21.81526540932,18.837890922507,0.));
#5151 = CARTESIAN_POINT('',(-22.8556015898,19.759850462584,0.));
#5152 = CARTESIAN_POINT('',(-23.77947422733,20.691550502438,0.));
#5153 = CARTESIAN_POINT('',(-24.60488666414,21.668521729273,0.));
#5154 = CARTESIAN_POINT('',(-25.29721043821,22.634140574527,0.));
#5155 = CARTESIAN_POINT('',(-25.88442829256,23.606674675732,0.));
#5156 = CARTESIAN_POINT('',(-26.37314739654,24.58348448695,0.));
#5157 = CARTESIAN_POINT('',(-26.77643109304,25.590332188661,0.));
#5158 = CARTESIAN_POINT('',(-27.0786241955,26.572226740316,0.));
#5159 = CARTESIAN_POINT('',(-27.29786726682,27.550572930613,0.));
#5160 = CARTESIAN_POINT('',(-27.43912320685,28.524319586207,0.));
#5161 = CARTESIAN_POINT('',(-27.50554730611,29.518411626219,0.));
#5162 = CARTESIAN_POINT('',(-27.4976531741,30.480365952539,0.));
#5163 = CARTESIAN_POINT('',(-27.42314243397,31.43475794982,0.));
#5164 = CARTESIAN_POINT('',(-27.28427433201,32.381979847014,0.));
#5165 = CARTESIAN_POINT('',(-27.07481390231,33.346166164706,0.));
#5166 = CARTESIAN_POINT('',(-26.80636013656,34.277556104178,0.));
#5167 = CARTESIAN_POINT('',(-26.47562609863,35.201994635684,0.));
#5168 = CARTESIAN_POINT('',(-26.08105334246,36.120026751544,0.));
#5169 = CARTESIAN_POINT('',(-25.6063101704,37.053713084303,0.));
#5170 = CARTESIAN_POINT('',(-25.07273456133,37.954296948307,0.));
#5171 = CARTESIAN_POINT('',(-24.46568179433,38.847278044432,0.));
#5172 = CARTESIAN_POINT('',(-23.77940495317,39.732034929987,0.));
#5173 = CARTESIAN_POINT('',(-22.98621323695,40.626947180634,0.));
#5174 = CARTESIAN_POINT('',(-22.12008082187,41.483582659192,0.));
#5175 = CARTESIAN_POINT('',(-21.15314808447,42.326438533146,0.));
#5176 = CARTESIAN_POINT('',(-20.07515108984,43.153090290469,0.));
#5177 = CARTESIAN_POINT('',(-18.84461285179,43.977056471612,0.));
#5178 = CARTESIAN_POINT('',(-17.51407662939,44.751951517801,0.));
#5179 = CARTESIAN_POINT('',(-16.03730459296,45.500587447575,0.));
#5180 = CARTESIAN_POINT('',(-14.39892824341,46.218322810518,0.));
#5181 = CARTESIAN_POINT('',(-12.53670334497,46.912949194845,0.));
#5182 = CARTESIAN_POINT('',(-10.53911851389,47.541679742908,0.));
#5183 = CARTESIAN_POINT('',(-8.297876658534,48.12831353425,0.));
#5184 = CARTESIAN_POINT('',(-5.947933569625,48.641127159287,0.));
#5185 = CARTESIAN_POINT('',(-2.710378200263,49.184779359494,0.));
#5186 = CARTESIAN_POINT('',(-2.015183314218,49.245463149114,0.));
#5187 = CARTESIAN_POINT('',(-0.112044317377,49.49370321069,0.));
#5188 = PCURVE('',#45,#5189);
#5189 = DEFINITIONAL_REPRESENTATION('',(#5190),#5241);
#5190 = B_SPLINE_CURVE_WITH_KNOTS('',3,(#5191,#5192,#5193,#5194,#5195,
    #5196,#5197,#5198,#5199,#5200,#5201,#5202,#5203,#5204,#5205,#5206,
    #5207,#5208,#5209,#5210,#5211,#5212,#5213,#5214,#5215,#5216,#5217,
    #5218,#5219,#5220,#5221,#5222,#5223,#5224,#5225,#5226,#5227,#5228,
    #5229,#5230,#5231,#5232,#5233,#5234,#5235,#5236,#5237,#5238,#5239,
    #5240),.UNSPECIFIED.,.F.,.F.,(4,1,1,1,1,1,1,1,1,1,1,1,1,1,1,1,1,1,1,
    1,1,1,1,1,1,1,1,1,1,1,1,1,1,1,1,1,1,1,1,1,1,1,1,1,1,1,1,4),(0.,
    2.766464139392,5.568319295326,8.177275145496,10.425160909405,
    12.698001103747,14.813706991925,16.784063111389,18.483896399813,
    20.207074900357,21.81810245116,23.327840693167,24.640860133639,
    25.985974841284,27.260500260188,28.473662841808,29.546573791048,
    30.665502050481,31.746604132965,32.796723932319,33.744037531687,
    34.751762028128,35.745458780463,36.730106112805,37.635070035337,
    38.615335519513,39.599805338773,40.592877392801,41.521106716853,
    42.54355210237,43.588460947472,44.661307186429,45.681682040739,
    46.825929386569,48.018033969658,49.266638650819,50.477859791669,
    51.863921967174,53.33914083985,54.917675284274,56.480212616324,
    58.303578905337,60.281721918016,62.435877257802,64.600562295301,
    67.15990258556,69.968318443063,73.053194077155),.UNSPECIFIED.);
#5191 = CARTESIAN_POINT('',(-9.659132507772E-02,11.465086923869));
#5192 = CARTESIAN_POINT('',(-0.997531887688,11.562011354251));
#5193 = CARTESIAN_POINT('',(-2.869911982393,11.733861433439));
#5194 = CARTESIAN_POINT('',(-5.555149510144,12.154186304207));
#5195 = CARTESIAN_POINT('',(-8.061246716484,12.656613796004));
#5196 = CARTESIAN_POINT('',(-10.36582779895,13.238805018243));
#5197 = CARTESIAN_POINT('',(-12.48233786079,13.886147827978));
#5198 = CARTESIAN_POINT('',(-14.47362975888,14.615582282124));
#5199 = CARTESIAN_POINT('',(-16.2450403168,15.381107717009));
#5200 = CARTESIAN_POINT('',(-17.85246192463,16.188309774152));
#5201 = CARTESIAN_POINT('',(-19.30518380841,17.030418094951));
#5202 = CARTESIAN_POINT('',(-20.64743906732,17.930122412672));
#5203 = CARTESIAN_POINT('',(-21.81526540932,18.837890922507));
#5204 = CARTESIAN_POINT('',(-22.8556015898,19.759850462584));
#5205 = CARTESIAN_POINT('',(-23.77947422733,20.691550502438));
#5206 = CARTESIAN_POINT('',(-24.60488666414,21.668521729273));
#5207 = CARTESIAN_POINT('',(-25.29721043821,22.634140574527));
#5208 = CARTESIAN_POINT('',(-25.88442829256,23.606674675732));
#5209 = CARTESIAN_POINT('',(-26.37314739654,24.58348448695));
#5210 = CARTESIAN_POINT('',(-26.77643109304,25.590332188661));
#5211 = CARTESIAN_POINT('',(-27.0786241955,26.572226740316));
#5212 = CARTESIAN_POINT('',(-27.29786726682,27.550572930613));
#5213 = CARTESIAN_POINT('',(-27.43912320685,28.524319586207));
#5214 = CARTESIAN_POINT('',(-27.50554730611,29.518411626219));
#5215 = CARTESIAN_POINT('',(-27.4976531741,30.480365952539));
#5216 = CARTESIAN_POINT('',(-27.42314243397,31.43475794982));
#5217 = CARTESIAN_POINT('',(-27.28427433201,32.381979847014));
#5218 = CARTESIAN_POINT('',(-27.07481390231,33.346166164706));
#5219 = CARTESIAN_POINT('',(-26.80636013656,34.277556104178));
#5220 = CARTESIAN_POINT('',(-26.47562609863,35.201994635684));
#5221 = CARTESIAN_POINT('',(-26.08105334246,36.120026751544));
#5222 = CARTESIAN_POINT('',(-25.6063101704,37.053713084303));
#5223 = CARTESIAN_POINT('',(-25.07273456133,37.954296948307));
#5224 = CARTESIAN_POINT('',(-24.46568179433,38.847278044432));
#5225 = CARTESIAN_POINT('',(-23.77940495317,39.732034929987));
#5226 = CARTESIAN_POINT('',(-22.98621323695,40.626947180634));
#5227 = CARTESIAN_POINT('',(-22.12008082187,41.483582659192));
#5228 = CARTESIAN_POINT('',(-21.15314808447,42.326438533146));
#5229 = CARTESIAN_POINT('',(-20.07515108984,43.153090290469));
#5230 = CARTESIAN_POINT('',(-18.84461285179,43.977056471612));
#5231 = CARTESIAN_POINT('',(-17.51407662939,44.751951517801));
#5232 = CARTESIAN_POINT('',(-16.03730459296,45.500587447575));
#5233 = CARTESIAN_POINT('',(-14.39892824341,46.218322810518));
#5234 = CARTESIAN_POINT('',(-12.53670334497,46.912949194845));
#5235 = CARTESIAN_POINT('',(-10.53911851389,47.541679742908));
#5236 = CARTESIAN_POINT('',(-8.297876658534,48.12831353425));
#5237 = CARTESIAN_POINT('',(-5.947933569625,48.641127159287));
#5238 = CARTESIAN_POINT('',(-2.710378200263,49.184779359494));
#5239 = CARTESIAN_POINT('',(-2.015183314218,49.245463149114));
#5240 = CARTESIAN_POINT('',(-0.112044317377,49.49370321069));
#5241 = ( GEOMETRIC_REPRESENTATION_CONTEXT(2) 
PARAMETRIC_REPRESENTATION_CONTEXT() REPRESENTATION_CONTEXT('2D SPACE',''
  ) );
#5242 = PCURVE('',#5243,#5344);
#5243 = B_SPLINE_SURFACE_WITH_KNOTS('',3,1,(
    (#5244,#5245)
    ,(#5246,#5247)
    ,(#5248,#5249)
    ,(#5250,#5251)
    ,(#5252,#5253)
    ,(#5254,#5255)
    ,(#5256,#5257)
    ,(#5258,#5259)
    ,(#5260,#5261)
    ,(#5262,#5263)
    ,(#5264,#5265)
    ,(#5266,#5267)
    ,(#5268,#5269)
    ,(#5270,#5271)
    ,(#5272,#5273)
    ,(#5274,#5275)
    ,(#5276,#5277)
    ,(#5278,#5279)
    ,(#5280,#5281)
    ,(#5282,#5283)
    ,(#5284,#5285)
    ,(#5286,#5287)
    ,(#5288,#5289)
    ,(#5290,#5291)
    ,(#5292,#5293)
    ,(#5294,#5295)
    ,(#5296,#5297)
    ,(#5298,#5299)
    ,(#5300,#5301)
    ,(#5302,#5303)
    ,(#5304,#5305)
    ,(#5306,#5307)
    ,(#5308,#5309)
    ,(#5310,#5311)
    ,(#5312,#5313)
    ,(#5314,#5315)
    ,(#5316,#5317)
    ,(#5318,#5319)
    ,(#5320,#5321)
    ,(#5322,#5323)
    ,(#5324,#5325)
    ,(#5326,#5327)
    ,(#5328,#5329)
    ,(#5330,#5331)
    ,(#5332,#5333)
    ,(#5334,#5335)
    ,(#5336,#5337)
    ,(#5338,#5339)
    ,(#5340,#5341)
    ,(#5342,#5343
    )),.UNSPECIFIED.,.F.,.F.,.F.,(4,1,1,1,1,1,1,1,1,1,1,1,1,1,1,1,1,1,1,
    1,1,1,1,1,1,1,1,1,1,1,1,1,1,1,1,1,1,1,1,1,1,1,1,1,1,1,1,4),(2,2),(0.
    ,2.766464139392,5.568319295326,8.177275145496,10.425160909405,
    12.698001103747,14.813706991925,16.784063111389,18.483896399813,
    20.207074900357,21.81810245116,23.327840693167,24.640860133639,
    25.985974841284,27.260500260188,28.473662841808,29.546573791048,
    30.665502050481,31.746604132965,32.796723932319,33.744037531687,
    34.751762028128,35.745458780463,36.730106112805,37.635070035337,
    38.615335519513,39.599805338773,40.592877392801,41.521106716853,
    42.54355210237,43.588460947472,44.661307186429,45.681682040739,
    46.825929386569,48.018033969658,49.266638650819,50.477859791669,
    51.863921967174,53.33914083985,54.917675284274,56.480212616324,
    58.303578905337,60.281721918016,62.435877257802,64.600562295301,
    67.15990258556,69.968318443063,73.053194077155),(-22.4,0.),
  .UNSPECIFIED.);
#5244 = CARTESIAN_POINT('',(-9.659132507772E-02,11.465086923869,22.4));
#5245 = CARTESIAN_POINT('',(-9.659132507772E-02,11.465086923869,0.));
#5246 = CARTESIAN_POINT('',(-0.997531887688,11.562011354251,22.4));
#5247 = CARTESIAN_POINT('',(-0.997531887688,11.562011354251,0.));
#5248 = CARTESIAN_POINT('',(-2.869911982393,11.733861433439,22.4));
#5249 = CARTESIAN_POINT('',(-2.869911982393,11.733861433439,0.));
#5250 = CARTESIAN_POINT('',(-5.555149510144,12.154186304207,22.4));
#5251 = CARTESIAN_POINT('',(-5.555149510144,12.154186304207,0.));
#5252 = CARTESIAN_POINT('',(-8.061246716484,12.656613796004,22.4));
#5253 = CARTESIAN_POINT('',(-8.061246716484,12.656613796004,0.));
#5254 = CARTESIAN_POINT('',(-10.36582779895,13.238805018243,22.4));
#5255 = CARTESIAN_POINT('',(-10.36582779895,13.238805018243,0.));
#5256 = CARTESIAN_POINT('',(-12.48233786079,13.886147827978,22.4));
#5257 = CARTESIAN_POINT('',(-12.48233786079,13.886147827978,0.));
#5258 = CARTESIAN_POINT('',(-14.47362975888,14.615582282124,22.4));
#5259 = CARTESIAN_POINT('',(-14.47362975888,14.615582282124,0.));
#5260 = CARTESIAN_POINT('',(-16.2450403168,15.381107717009,22.4));
#5261 = CARTESIAN_POINT('',(-16.2450403168,15.381107717009,0.));
#5262 = CARTESIAN_POINT('',(-17.85246192463,16.188309774152,22.4));
#5263 = CARTESIAN_POINT('',(-17.85246192463,16.188309774152,0.));
#5264 = CARTESIAN_POINT('',(-19.30518380841,17.030418094951,22.4));
#5265 = CARTESIAN_POINT('',(-19.30518380841,17.030418094951,0.));
#5266 = CARTESIAN_POINT('',(-20.64743906732,17.930122412672,22.4));
#5267 = CARTESIAN_POINT('',(-20.64743906732,17.930122412672,0.));
#5268 = CARTESIAN_POINT('',(-21.81526540932,18.837890922507,22.4));
#5269 = CARTESIAN_POINT('',(-21.81526540932,18.837890922507,0.));
#5270 = CARTESIAN_POINT('',(-22.8556015898,19.759850462584,22.4));
#5271 = CARTESIAN_POINT('',(-22.8556015898,19.759850462584,0.));
#5272 = CARTESIAN_POINT('',(-23.77947422733,20.691550502438,22.4));
#5273 = CARTESIAN_POINT('',(-23.77947422733,20.691550502438,0.));
#5274 = CARTESIAN_POINT('',(-24.60488666414,21.668521729273,22.4));
#5275 = CARTESIAN_POINT('',(-24.60488666414,21.668521729273,0.));
#5276 = CARTESIAN_POINT('',(-25.29721043821,22.634140574527,22.4));
#5277 = CARTESIAN_POINT('',(-25.29721043821,22.634140574527,0.));
#5278 = CARTESIAN_POINT('',(-25.88442829256,23.606674675732,22.4));
#5279 = CARTESIAN_POINT('',(-25.88442829256,23.606674675732,0.));
#5280 = CARTESIAN_POINT('',(-26.37314739654,24.58348448695,22.4));
#5281 = CARTESIAN_POINT('',(-26.37314739654,24.58348448695,0.));
#5282 = CARTESIAN_POINT('',(-26.77643109304,25.590332188661,22.4));
#5283 = CARTESIAN_POINT('',(-26.77643109304,25.590332188661,0.));
#5284 = CARTESIAN_POINT('',(-27.0786241955,26.572226740316,22.4));
#5285 = CARTESIAN_POINT('',(-27.0786241955,26.572226740316,0.));
#5286 = CARTESIAN_POINT('',(-27.29786726682,27.550572930613,22.4));
#5287 = CARTESIAN_POINT('',(-27.29786726682,27.550572930613,0.));
#5288 = CARTESIAN_POINT('',(-27.43912320685,28.524319586207,22.4));
#5289 = CARTESIAN_POINT('',(-27.43912320685,28.524319586207,0.));
#5290 = CARTESIAN_POINT('',(-27.50554730611,29.518411626219,22.4));
#5291 = CARTESIAN_POINT('',(-27.50554730611,29.518411626219,0.));
#5292 = CARTESIAN_POINT('',(-27.4976531741,30.480365952539,22.4));
#5293 = CARTESIAN_POINT('',(-27.4976531741,30.480365952539,0.));
#5294 = CARTESIAN_POINT('',(-27.42314243397,31.43475794982,22.4));
#5295 = CARTESIAN_POINT('',(-27.42314243397,31.43475794982,0.));
#5296 = CARTESIAN_POINT('',(-27.28427433201,32.381979847014,22.4));
#5297 = CARTESIAN_POINT('',(-27.28427433201,32.381979847014,0.));
#5298 = CARTESIAN_POINT('',(-27.07481390231,33.346166164706,22.4));
#5299 = CARTESIAN_POINT('',(-27.07481390231,33.346166164706,0.));
#5300 = CARTESIAN_POINT('',(-26.80636013656,34.277556104178,22.4));
#5301 = CARTESIAN_POINT('',(-26.80636013656,34.277556104178,0.));
#5302 = CARTESIAN_POINT('',(-26.47562609863,35.201994635684,22.4));
#5303 = CARTESIAN_POINT('',(-26.47562609863,35.201994635684,0.));
#5304 = CARTESIAN_POINT('',(-26.08105334246,36.120026751544,22.4));
#5305 = CARTESIAN_POINT('',(-26.08105334246,36.120026751544,0.));
#5306 = CARTESIAN_POINT('',(-25.6063101704,37.053713084303,22.4));
#5307 = CARTESIAN_POINT('',(-25.6063101704,37.053713084303,0.));
#5308 = CARTESIAN_POINT('',(-25.07273456133,37.954296948307,22.4));
#5309 = CARTESIAN_POINT('',(-25.07273456133,37.954296948307,0.));
#5310 = CARTESIAN_POINT('',(-24.46568179433,38.847278044432,22.4));
#5311 = CARTESIAN_POINT('',(-24.46568179433,38.847278044432,0.));
#5312 = CARTESIAN_POINT('',(-23.77940495317,39.732034929987,22.4));
#5313 = CARTESIAN_POINT('',(-23.77940495317,39.732034929987,0.));
#5314 = CARTESIAN_POINT('',(-22.98621323695,40.626947180634,22.4));
#5315 = CARTESIAN_POINT('',(-22.98621323695,40.626947180634,0.));
#5316 = CARTESIAN_POINT('',(-22.12008082187,41.483582659192,22.4));
#5317 = CARTESIAN_POINT('',(-22.12008082187,41.483582659192,0.));
#5318 = CARTESIAN_POINT('',(-21.15314808447,42.326438533146,22.4));
#5319 = CARTESIAN_POINT('',(-21.15314808447,42.326438533146,0.));
#5320 = CARTESIAN_POINT('',(-20.07515108984,43.153090290469,22.4));
#5321 = CARTESIAN_POINT('',(-20.07515108984,43.153090290469,0.));
#5322 = CARTESIAN_POINT('',(-18.84461285179,43.977056471612,22.4));
#5323 = CARTESIAN_POINT('',(-18.84461285179,43.977056471612,0.));
#5324 = CARTESIAN_POINT('',(-17.51407662939,44.751951517801,22.4));
#5325 = CARTESIAN_POINT('',(-17.51407662939,44.751951517801,0.));
#5326 = CARTESIAN_POINT('',(-16.03730459296,45.500587447575,22.4));
#5327 = CARTESIAN_POINT('',(-16.03730459296,45.500587447575,0.));
#5328 = CARTESIAN_POINT('',(-14.39892824341,46.218322810518,22.4));
#5329 = CARTESIAN_POINT('',(-14.39892824341,46.218322810518,0.));
#5330 = CARTESIAN_POINT('',(-12.53670334497,46.912949194845,22.4));
#5331 = CARTESIAN_POINT('',(-12.53670334497,46.912949194845,0.));
#5332 = CARTESIAN_POINT('',(-10.53911851389,47.541679742908,22.4));
#5333 = CARTESIAN_POINT('',(-10.53911851389,47.541679742908,0.));
#5334 = CARTESIAN_POINT('',(-8.297876658534,48.12831353425,22.4));
#5335 = CARTESIAN_POINT('',(-8.297876658534,48.12831353425,0.));
#5336 = CARTESIAN_POINT('',(-5.947933569625,48.641127159287,22.4));
#5337 = CARTESIAN_POINT('',(-5.947933569625,48.641127159287,0.));
#5338 = CARTESIAN_POINT('',(-2.710378200263,49.184779359494,22.4));
#5339 = CARTESIAN_POINT('',(-2.710378200263,49.184779359494,0.));
#5340 = CARTESIAN_POINT('',(-2.015183314218,49.245463149114,22.4));
#5341 = CARTESIAN_POINT('',(-2.015183314218,49.245463149114,0.));
#5342 = CARTESIAN_POINT('',(-0.112044317377,49.49370321069,22.4));
#5343 = CARTESIAN_POINT('',(-0.112044317377,49.49370321069,0.));
#5344 = DEFINITIONAL_REPRESENTATION('',(#5345),#5349);
#5345 = LINE('',#5346,#5347);
#5346 = CARTESIAN_POINT('',(0.,0.));
#5347 = VECTOR('',#5348,1.);
#5348 = DIRECTION('',(1.,0.));
#5349 = ( GEOMETRIC_REPRESENTATION_CONTEXT(2) 
PARAMETRIC_REPRESENTATION_CONTEXT() REPRESENTATION_CONTEXT('2D SPACE',''
  ) );
#5350 = ORIENTED_EDGE('',*,*,#5351,.F.);
#5351 = EDGE_CURVE('',#5352,#5134,#5354,.T.);
#5352 = VERTEX_POINT('',#5353);
#5353 = CARTESIAN_POINT('',(-6.883805996763,12.116284385996,0.));
#5354 = SURFACE_CURVE('',#5355,(#5359,#5366),.PCURVE_S1.);
#5355 = LINE('',#5356,#5357);
#5356 = CARTESIAN_POINT('',(-6.883805996763,12.116284385996,0.));
#5357 = VECTOR('',#5358,1.);
#5358 = DIRECTION('',(0.999005666746,-4.458338040621E-02,0.));
#5359 = PCURVE('',#45,#5360);
#5360 = DEFINITIONAL_REPRESENTATION('',(#5361),#5365);
#5361 = LINE('',#5362,#5363);
#5362 = CARTESIAN_POINT('',(-6.883805996763,12.116284385996));
#5363 = VECTOR('',#5364,1.);
#5364 = DIRECTION('',(0.999005666746,-4.458338040621E-02));
#5365 = ( GEOMETRIC_REPRESENTATION_CONTEXT(2) 
PARAMETRIC_REPRESENTATION_CONTEXT() REPRESENTATION_CONTEXT('2D SPACE',''
  ) );
#5366 = PCURVE('',#5367,#5372);
#5367 = PLANE('',#5368);
#5368 = AXIS2_PLACEMENT_3D('',#5369,#5370,#5371);
#5369 = CARTESIAN_POINT('',(-6.883805996763,12.116284385996,0.));
#5370 = DIRECTION('',(4.458338040621E-02,0.999005666746,-0.));
#5371 = DIRECTION('',(0.999005666746,-4.458338040621E-02,0.));
#5372 = DEFINITIONAL_REPRESENTATION('',(#5373),#5377);
#5373 = LINE('',#5374,#5375);
#5374 = CARTESIAN_POINT('',(0.,0.));
#5375 = VECTOR('',#5376,1.);
#5376 = DIRECTION('',(1.,0.));
#5377 = ( GEOMETRIC_REPRESENTATION_CONTEXT(2) 
PARAMETRIC_REPRESENTATION_CONTEXT() REPRESENTATION_CONTEXT('2D SPACE',''
  ) );
#5378 = ORIENTED_EDGE('',*,*,#5379,.F.);
#5379 = EDGE_CURVE('',#5380,#5352,#5382,.T.);
#5380 = VERTEX_POINT('',#5381);
#5381 = CARTESIAN_POINT('',(-23.65611516945,41.197682017954,0.));
#5382 = SURFACE_CURVE('',#5383,(#5434,#5488),.PCURVE_S1.);
#5383 = B_SPLINE_CURVE_WITH_KNOTS('',3,(#5384,#5385,#5386,#5387,#5388,
    #5389,#5390,#5391,#5392,#5393,#5394,#5395,#5396,#5397,#5398,#5399,
    #5400,#5401,#5402,#5403,#5404,#5405,#5406,#5407,#5408,#5409,#5410,
    #5411,#5412,#5413,#5414,#5415,#5416,#5417,#5418,#5419,#5420,#5421,
    #5422,#5423,#5424,#5425,#5426,#5427,#5428,#5429,#5430,#5431,#5432,
    #5433),.UNSPECIFIED.,.F.,.F.,(4,1,1,1,1,1,1,1,1,1,1,1,1,1,1,1,1,1,1,
    1,1,1,1,1,1,1,1,1,1,1,1,1,1,1,1,1,1,1,1,1,1,1,1,1,1,1,1,4),(0.,
    3.010134173011,5.734866089906,8.204243200285,10.280216915947,
    12.332164523515,14.201956865391,15.911237845672,17.363900720308,
    18.819208714806,20.167747400886,21.42468716853,22.515414853025,
    23.632925452475,24.694050367351,25.707901186754,26.608581862701,
    27.552388564938,28.468532489134,29.361872223827,30.169943636586,
    31.030962627216,31.880548884696,32.72227944396,33.495545472128,
    34.332992621126,35.174663745336,36.025783427864,36.825011523752,
    37.711824801461,38.627874308414,39.58148948206,40.502911686362,
    41.554574841448,42.671594637474,43.864256147866,45.041219012251,
    46.408073524505,47.880684921353,49.469922617188,51.049935999727,
    52.894334824252,54.887680127977,57.041280206621,59.18142193199,
    61.675679145654,64.364419403117,67.031728548195),.UNSPECIFIED.);
#5384 = CARTESIAN_POINT('',(-23.65611516945,41.197682017954,0.));
#5385 = CARTESIAN_POINT('',(-24.44027304061,40.59750268534,0.));
#5386 = CARTESIAN_POINT('',(-25.99410995634,39.444784580053,0.));
#5387 = CARTESIAN_POINT('',(-28.08731026835,37.695705261432,0.));
#5388 = CARTESIAN_POINT('',(-29.8873481002,36.069454937216,0.));
#5389 = CARTESIAN_POINT('',(-31.44967011713,34.521309404821,0.));
#5390 = CARTESIAN_POINT('',(-32.80258215076,33.048079218703,0.));
#5391 = CARTESIAN_POINT('',(-33.99810761069,31.599901021549,0.));
#5392 = CARTESIAN_POINT('',(-34.99285853606,30.248323317952,0.));
#5393 = CARTESIAN_POINT('',(-35.83428625517,28.958714869125,0.));
#5394 = CARTESIAN_POINT('',(-36.53968540187,27.726602577159,0.));
#5395 = CARTESIAN_POINT('',(-37.13772977299,26.511283173321,0.));
#5396 = CARTESIAN_POINT('',(-37.61004783571,25.372392496309,0.));
#5397 = CARTESIAN_POINT('',(-37.98493528241,24.279143431836,0.));
#5398 = CARTESIAN_POINT('',(-38.27310362603,23.227320210941,0.));
#5399 = CARTESIAN_POINT('',(-38.48644040792,22.18398945201,0.));
#5400 = CARTESIAN_POINT('',(-38.62121149492,21.200577532397,0.));
#5401 = CARTESIAN_POINT('',(-38.6912129147,20.249819376274,0.));
#5402 = CARTESIAN_POINT('',(-38.70164144689,19.32901752529,0.));
#5403 = CARTESIAN_POINT('',(-38.65285046237,18.411922952298,0.));
#5404 = CARTESIAN_POINT('',(-38.55039798854,17.544818284358,0.));
#5405 = CARTESIAN_POINT('',(-38.39742063482,16.70398003906,0.));
#5406 = CARTESIAN_POINT('',(-38.19534004862,15.888465133527,0.));
#5407 = CARTESIAN_POINT('',(-37.93593258038,15.07752826767,0.));
#5408 = CARTESIAN_POINT('',(-37.63253512331,14.313355558876,0.));
#5409 = CARTESIAN_POINT('',(-37.27994839134,13.575185260546,0.));
#5410 = CARTESIAN_POINT('',(-36.87673095337,12.863224085207,0.));
#5411 = CARTESIAN_POINT('',(-36.40686519105,12.161844251501,0.));
#5412 = CARTESIAN_POINT('',(-35.89204427852,11.508835283954,0.));
#5413 = CARTESIAN_POINT('',(-35.31875103393,10.886057381937,0.));
#5414 = CARTESIAN_POINT('',(-34.68255508534,10.295052003154,0.));
#5415 = CARTESIAN_POINT('',(-33.95933715265,9.726625133919,0.));
#5416 = CARTESIAN_POINT('',(-33.18183456993,9.213707406018,0.));
#5417 = CARTESIAN_POINT('',(-32.32667702011,8.742330489725,0.));
#5418 = CARTESIAN_POINT('',(-31.38728553441,8.316968499722,0.));
#5419 = CARTESIAN_POINT('',(-30.33168040367,7.93809362255,0.));
#5420 = CARTESIAN_POINT('',(-29.21012356943,7.628710068421,0.));
#5421 = CARTESIAN_POINT('',(-27.98564911256,7.394409398782,0.));
#5422 = CARTESIAN_POINT('',(-26.65438801547,7.241834177369,0.));
#5423 = CARTESIAN_POINT('',(-25.17872438886,7.172534579738,0.));
#5424 = CARTESIAN_POINT('',(-23.63064158176,7.202023820633,0.));
#5425 = CARTESIAN_POINT('',(-21.96369747304,7.333571741476,0.));
#5426 = CARTESIAN_POINT('',(-20.17376319876,7.578896463739,0.));
#5427 = CARTESIAN_POINT('',(-18.21153838216,7.962725754083,0.));
#5428 = CARTESIAN_POINT('',(-16.18352049883,8.473684888989,0.));
#5429 = CARTESIAN_POINT('',(-13.99955768506,9.144462101168,0.));
#5430 = CARTESIAN_POINT('',(-11.78847678433,9.932823367122,0.));
#5431 = CARTESIAN_POINT('',(-9.011915653887,11.091085102334,0.));
#5432 = CARTESIAN_POINT('',(-8.292958249965,11.458176539373,0.));
#5433 = CARTESIAN_POINT('',(-6.883805996763,12.116284385996,0.));
#5434 = PCURVE('',#45,#5435);
#5435 = DEFINITIONAL_REPRESENTATION('',(#5436),#5487);
#5436 = B_SPLINE_CURVE_WITH_KNOTS('',3,(#5437,#5438,#5439,#5440,#5441,
    #5442,#5443,#5444,#5445,#5446,#5447,#5448,#5449,#5450,#5451,#5452,
    #5453,#5454,#5455,#5456,#5457,#5458,#5459,#5460,#5461,#5462,#5463,
    #5464,#5465,#5466,#5467,#5468,#5469,#5470,#5471,#5472,#5473,#5474,
    #5475,#5476,#5477,#5478,#5479,#5480,#5481,#5482,#5483,#5484,#5485,
    #5486),.UNSPECIFIED.,.F.,.F.,(4,1,1,1,1,1,1,1,1,1,1,1,1,1,1,1,1,1,1,
    1,1,1,1,1,1,1,1,1,1,1,1,1,1,1,1,1,1,1,1,1,1,1,1,1,1,1,1,4),(0.,
    3.010134173011,5.734866089906,8.204243200285,10.280216915947,
    12.332164523515,14.201956865391,15.911237845672,17.363900720308,
    18.819208714806,20.167747400886,21.42468716853,22.515414853025,
    23.632925452475,24.694050367351,25.707901186754,26.608581862701,
    27.552388564938,28.468532489134,29.361872223827,30.169943636586,
    31.030962627216,31.880548884696,32.72227944396,33.495545472128,
    34.332992621126,35.174663745336,36.025783427864,36.825011523752,
    37.711824801461,38.627874308414,39.58148948206,40.502911686362,
    41.554574841448,42.671594637474,43.864256147866,45.041219012251,
    46.408073524505,47.880684921353,49.469922617188,51.049935999727,
    52.894334824252,54.887680127977,57.041280206621,59.18142193199,
    61.675679145654,64.364419403117,67.031728548195),.UNSPECIFIED.);
#5437 = CARTESIAN_POINT('',(-23.65611516945,41.197682017954));
#5438 = CARTESIAN_POINT('',(-24.44027304061,40.59750268534));
#5439 = CARTESIAN_POINT('',(-25.99410995634,39.444784580053));
#5440 = CARTESIAN_POINT('',(-28.08731026835,37.695705261432));
#5441 = CARTESIAN_POINT('',(-29.8873481002,36.069454937216));
#5442 = CARTESIAN_POINT('',(-31.44967011713,34.521309404821));
#5443 = CARTESIAN_POINT('',(-32.80258215076,33.048079218703));
#5444 = CARTESIAN_POINT('',(-33.99810761069,31.599901021549));
#5445 = CARTESIAN_POINT('',(-34.99285853606,30.248323317952));
#5446 = CARTESIAN_POINT('',(-35.83428625517,28.958714869125));
#5447 = CARTESIAN_POINT('',(-36.53968540187,27.726602577159));
#5448 = CARTESIAN_POINT('',(-37.13772977299,26.511283173321));
#5449 = CARTESIAN_POINT('',(-37.61004783571,25.372392496309));
#5450 = CARTESIAN_POINT('',(-37.98493528241,24.279143431836));
#5451 = CARTESIAN_POINT('',(-38.27310362603,23.227320210941));
#5452 = CARTESIAN_POINT('',(-38.48644040792,22.18398945201));
#5453 = CARTESIAN_POINT('',(-38.62121149492,21.200577532397));
#5454 = CARTESIAN_POINT('',(-38.6912129147,20.249819376274));
#5455 = CARTESIAN_POINT('',(-38.70164144689,19.32901752529));
#5456 = CARTESIAN_POINT('',(-38.65285046237,18.411922952298));
#5457 = CARTESIAN_POINT('',(-38.55039798854,17.544818284358));
#5458 = CARTESIAN_POINT('',(-38.39742063482,16.70398003906));
#5459 = CARTESIAN_POINT('',(-38.19534004862,15.888465133527));
#5460 = CARTESIAN_POINT('',(-37.93593258038,15.07752826767));
#5461 = CARTESIAN_POINT('',(-37.63253512331,14.313355558876));
#5462 = CARTESIAN_POINT('',(-37.27994839134,13.575185260546));
#5463 = CARTESIAN_POINT('',(-36.87673095337,12.863224085207));
#5464 = CARTESIAN_POINT('',(-36.40686519105,12.161844251501));
#5465 = CARTESIAN_POINT('',(-35.89204427852,11.508835283954));
#5466 = CARTESIAN_POINT('',(-35.31875103393,10.886057381937));
#5467 = CARTESIAN_POINT('',(-34.68255508534,10.295052003154));
#5468 = CARTESIAN_POINT('',(-33.95933715265,9.726625133919));
#5469 = CARTESIAN_POINT('',(-33.18183456993,9.213707406018));
#5470 = CARTESIAN_POINT('',(-32.32667702011,8.742330489725));
#5471 = CARTESIAN_POINT('',(-31.38728553441,8.316968499722));
#5472 = CARTESIAN_POINT('',(-30.33168040367,7.93809362255));
#5473 = CARTESIAN_POINT('',(-29.21012356943,7.628710068421));
#5474 = CARTESIAN_POINT('',(-27.98564911256,7.394409398782));
#5475 = CARTESIAN_POINT('',(-26.65438801547,7.241834177369));
#5476 = CARTESIAN_POINT('',(-25.17872438886,7.172534579738));
#5477 = CARTESIAN_POINT('',(-23.63064158176,7.202023820633));
#5478 = CARTESIAN_POINT('',(-21.96369747304,7.333571741476));
#5479 = CARTESIAN_POINT('',(-20.17376319876,7.578896463739));
#5480 = CARTESIAN_POINT('',(-18.21153838216,7.962725754083));
#5481 = CARTESIAN_POINT('',(-16.18352049883,8.473684888989));
#5482 = CARTESIAN_POINT('',(-13.99955768506,9.144462101168));
#5483 = CARTESIAN_POINT('',(-11.78847678433,9.932823367122));
#5484 = CARTESIAN_POINT('',(-9.011915653887,11.091085102334));
#5485 = CARTESIAN_POINT('',(-8.292958249965,11.458176539373));
#5486 = CARTESIAN_POINT('',(-6.883805996763,12.116284385996));
#5487 = ( GEOMETRIC_REPRESENTATION_CONTEXT(2) 
PARAMETRIC_REPRESENTATION_CONTEXT() REPRESENTATION_CONTEXT('2D SPACE',''
  ) );
#5488 = PCURVE('',#5489,#5590);
#5489 = B_SPLINE_SURFACE_WITH_KNOTS('',3,1,(
    (#5490,#5491)
    ,(#5492,#5493)
    ,(#5494,#5495)
    ,(#5496,#5497)
    ,(#5498,#5499)
    ,(#5500,#5501)
    ,(#5502,#5503)
    ,(#5504,#5505)
    ,(#5506,#5507)
    ,(#5508,#5509)
    ,(#5510,#5511)
    ,(#5512,#5513)
    ,(#5514,#5515)
    ,(#5516,#5517)
    ,(#5518,#5519)
    ,(#5520,#5521)
    ,(#5522,#5523)
    ,(#5524,#5525)
    ,(#5526,#5527)
    ,(#5528,#5529)
    ,(#5530,#5531)
    ,(#5532,#5533)
    ,(#5534,#5535)
    ,(#5536,#5537)
    ,(#5538,#5539)
    ,(#5540,#5541)
    ,(#5542,#5543)
    ,(#5544,#5545)
    ,(#5546,#5547)
    ,(#5548,#5549)
    ,(#5550,#5551)
    ,(#5552,#5553)
    ,(#5554,#5555)
    ,(#5556,#5557)
    ,(#5558,#5559)
    ,(#5560,#5561)
    ,(#5562,#5563)
    ,(#5564,#5565)
    ,(#5566,#5567)
    ,(#5568,#5569)
    ,(#5570,#5571)
    ,(#5572,#5573)
    ,(#5574,#5575)
    ,(#5576,#5577)
    ,(#5578,#5579)
    ,(#5580,#5581)
    ,(#5582,#5583)
    ,(#5584,#5585)
    ,(#5586,#5587)
    ,(#5588,#5589
    )),.UNSPECIFIED.,.F.,.F.,.F.,(4,1,1,1,1,1,1,1,1,1,1,1,1,1,1,1,1,1,1,
    1,1,1,1,1,1,1,1,1,1,1,1,1,1,1,1,1,1,1,1,1,1,1,1,1,1,1,1,4),(2,2),(0.
    ,3.010134173011,5.734866089906,8.204243200285,10.280216915947,
    12.332164523515,14.201956865391,15.911237845672,17.363900720308,
    18.819208714806,20.167747400886,21.42468716853,22.515414853025,
    23.632925452475,24.694050367351,25.707901186754,26.608581862701,
    27.552388564938,28.468532489134,29.361872223827,30.169943636586,
    31.030962627216,31.880548884696,32.72227944396,33.495545472128,
    34.332992621126,35.174663745336,36.025783427864,36.825011523752,
    37.711824801461,38.627874308414,39.58148948206,40.502911686362,
    41.554574841448,42.671594637474,43.864256147866,45.041219012251,
    46.408073524505,47.880684921353,49.469922617188,51.049935999727,
    52.894334824252,54.887680127977,57.041280206621,59.18142193199,
    61.675679145654,64.364419403117,67.031728548195),(-22.4,0.),
  .UNSPECIFIED.);
#5490 = CARTESIAN_POINT('',(-23.65611516945,41.197682017954,22.4));
#5491 = CARTESIAN_POINT('',(-23.65611516945,41.197682017954,0.));
#5492 = CARTESIAN_POINT('',(-24.44027304061,40.59750268534,22.4));
#5493 = CARTESIAN_POINT('',(-24.44027304061,40.59750268534,0.));
#5494 = CARTESIAN_POINT('',(-25.99410995634,39.444784580053,22.4));
#5495 = CARTESIAN_POINT('',(-25.99410995634,39.444784580053,0.));
#5496 = CARTESIAN_POINT('',(-28.08731026835,37.695705261432,22.4));
#5497 = CARTESIAN_POINT('',(-28.08731026835,37.695705261432,0.));
#5498 = CARTESIAN_POINT('',(-29.8873481002,36.069454937216,22.4));
#5499 = CARTESIAN_POINT('',(-29.8873481002,36.069454937216,0.));
#5500 = CARTESIAN_POINT('',(-31.44967011713,34.521309404821,22.4));
#5501 = CARTESIAN_POINT('',(-31.44967011713,34.521309404821,0.));
#5502 = CARTESIAN_POINT('',(-32.80258215076,33.048079218703,22.4));
#5503 = CARTESIAN_POINT('',(-32.80258215076,33.048079218703,0.));
#5504 = CARTESIAN_POINT('',(-33.99810761069,31.599901021549,22.4));
#5505 = CARTESIAN_POINT('',(-33.99810761069,31.599901021549,0.));
#5506 = CARTESIAN_POINT('',(-34.99285853606,30.248323317952,22.4));
#5507 = CARTESIAN_POINT('',(-34.99285853606,30.248323317952,0.));
#5508 = CARTESIAN_POINT('',(-35.83428625517,28.958714869125,22.4));
#5509 = CARTESIAN_POINT('',(-35.83428625517,28.958714869125,0.));
#5510 = CARTESIAN_POINT('',(-36.53968540187,27.726602577159,22.4));
#5511 = CARTESIAN_POINT('',(-36.53968540187,27.726602577159,0.));
#5512 = CARTESIAN_POINT('',(-37.13772977299,26.511283173321,22.4));
#5513 = CARTESIAN_POINT('',(-37.13772977299,26.511283173321,0.));
#5514 = CARTESIAN_POINT('',(-37.61004783571,25.372392496309,22.4));
#5515 = CARTESIAN_POINT('',(-37.61004783571,25.372392496309,0.));
#5516 = CARTESIAN_POINT('',(-37.98493528241,24.279143431836,22.4));
#5517 = CARTESIAN_POINT('',(-37.98493528241,24.279143431836,0.));
#5518 = CARTESIAN_POINT('',(-38.27310362603,23.227320210941,22.4));
#5519 = CARTESIAN_POINT('',(-38.27310362603,23.227320210941,0.));
#5520 = CARTESIAN_POINT('',(-38.48644040792,22.18398945201,22.4));
#5521 = CARTESIAN_POINT('',(-38.48644040792,22.18398945201,0.));
#5522 = CARTESIAN_POINT('',(-38.62121149492,21.200577532397,22.4));
#5523 = CARTESIAN_POINT('',(-38.62121149492,21.200577532397,0.));
#5524 = CARTESIAN_POINT('',(-38.6912129147,20.249819376274,22.4));
#5525 = CARTESIAN_POINT('',(-38.6912129147,20.249819376274,0.));
#5526 = CARTESIAN_POINT('',(-38.70164144689,19.32901752529,22.4));
#5527 = CARTESIAN_POINT('',(-38.70164144689,19.32901752529,0.));
#5528 = CARTESIAN_POINT('',(-38.65285046237,18.411922952298,22.4));
#5529 = CARTESIAN_POINT('',(-38.65285046237,18.411922952298,0.));
#5530 = CARTESIAN_POINT('',(-38.55039798854,17.544818284358,22.4));
#5531 = CARTESIAN_POINT('',(-38.55039798854,17.544818284358,0.));
#5532 = CARTESIAN_POINT('',(-38.39742063482,16.70398003906,22.4));
#5533 = CARTESIAN_POINT('',(-38.39742063482,16.70398003906,0.));
#5534 = CARTESIAN_POINT('',(-38.19534004862,15.888465133527,22.4));
#5535 = CARTESIAN_POINT('',(-38.19534004862,15.888465133527,0.));
#5536 = CARTESIAN_POINT('',(-37.93593258038,15.07752826767,22.4));
#5537 = CARTESIAN_POINT('',(-37.93593258038,15.07752826767,0.));
#5538 = CARTESIAN_POINT('',(-37.63253512331,14.313355558876,22.4));
#5539 = CARTESIAN_POINT('',(-37.63253512331,14.313355558876,0.));
#5540 = CARTESIAN_POINT('',(-37.27994839134,13.575185260546,22.4));
#5541 = CARTESIAN_POINT('',(-37.27994839134,13.575185260546,0.));
#5542 = CARTESIAN_POINT('',(-36.87673095337,12.863224085207,22.4));
#5543 = CARTESIAN_POINT('',(-36.87673095337,12.863224085207,0.));
#5544 = CARTESIAN_POINT('',(-36.40686519105,12.161844251501,22.4));
#5545 = CARTESIAN_POINT('',(-36.40686519105,12.161844251501,0.));
#5546 = CARTESIAN_POINT('',(-35.89204427852,11.508835283954,22.4));
#5547 = CARTESIAN_POINT('',(-35.89204427852,11.508835283954,0.));
#5548 = CARTESIAN_POINT('',(-35.31875103393,10.886057381937,22.4));
#5549 = CARTESIAN_POINT('',(-35.31875103393,10.886057381937,0.));
#5550 = CARTESIAN_POINT('',(-34.68255508534,10.295052003154,22.4));
#5551 = CARTESIAN_POINT('',(-34.68255508534,10.295052003154,0.));
#5552 = CARTESIAN_POINT('',(-33.95933715265,9.726625133919,22.4));
#5553 = CARTESIAN_POINT('',(-33.95933715265,9.726625133919,0.));
#5554 = CARTESIAN_POINT('',(-33.18183456993,9.213707406018,22.4));
#5555 = CARTESIAN_POINT('',(-33.18183456993,9.213707406018,0.));
#5556 = CARTESIAN_POINT('',(-32.32667702011,8.742330489725,22.4));
#5557 = CARTESIAN_POINT('',(-32.32667702011,8.742330489725,0.));
#5558 = CARTESIAN_POINT('',(-31.38728553441,8.316968499722,22.4));
#5559 = CARTESIAN_POINT('',(-31.38728553441,8.316968499722,0.));
#5560 = CARTESIAN_POINT('',(-30.33168040367,7.93809362255,22.4));
#5561 = CARTESIAN_POINT('',(-30.33168040367,7.93809362255,0.));
#5562 = CARTESIAN_POINT('',(-29.21012356943,7.628710068421,22.4));
#5563 = CARTESIAN_POINT('',(-29.21012356943,7.628710068421,0.));
#5564 = CARTESIAN_POINT('',(-27.98564911256,7.394409398782,22.4));
#5565 = CARTESIAN_POINT('',(-27.98564911256,7.394409398782,0.));
#5566 = CARTESIAN_POINT('',(-26.65438801547,7.241834177369,22.4));
#5567 = CARTESIAN_POINT('',(-26.65438801547,7.241834177369,0.));
#5568 = CARTESIAN_POINT('',(-25.17872438886,7.172534579738,22.4));
#5569 = CARTESIAN_POINT('',(-25.17872438886,7.172534579738,0.));
#5570 = CARTESIAN_POINT('',(-23.63064158176,7.202023820633,22.4));
#5571 = CARTESIAN_POINT('',(-23.63064158176,7.202023820633,0.));
#5572 = CARTESIAN_POINT('',(-21.96369747304,7.333571741476,22.4));
#5573 = CARTESIAN_POINT('',(-21.96369747304,7.333571741476,0.));
#5574 = CARTESIAN_POINT('',(-20.17376319876,7.578896463739,22.4));
#5575 = CARTESIAN_POINT('',(-20.17376319876,7.578896463739,0.));
#5576 = CARTESIAN_POINT('',(-18.21153838216,7.962725754083,22.4));
#5577 = CARTESIAN_POINT('',(-18.21153838216,7.962725754083,0.));
#5578 = CARTESIAN_POINT('',(-16.18352049883,8.473684888989,22.4));
#5579 = CARTESIAN_POINT('',(-16.18352049883,8.473684888989,0.));
#5580 = CARTESIAN_POINT('',(-13.99955768506,9.144462101168,22.4));
#5581 = CARTESIAN_POINT('',(-13.99955768506,9.144462101168,0.));
#5582 = CARTESIAN_POINT('',(-11.78847678433,9.932823367122,22.4));
#5583 = CARTESIAN_POINT('',(-11.78847678433,9.932823367122,0.));
#5584 = CARTESIAN_POINT('',(-9.011915653887,11.091085102334,22.4));
#5585 = CARTESIAN_POINT('',(-9.011915653887,11.091085102334,0.));
#5586 = CARTESIAN_POINT('',(-8.292958249965,11.458176539373,22.4));
#5587 = CARTESIAN_POINT('',(-8.292958249965,11.458176539373,0.));
#5588 = CARTESIAN_POINT('',(-6.883805996763,12.116284385996,22.4));
#5589 = CARTESIAN_POINT('',(-6.883805996763,12.116284385996,0.));
#5590 = DEFINITIONAL_REPRESENTATION('',(#5591),#5595);
#5591 = LINE('',#5592,#5593);
#5592 = CARTESIAN_POINT('',(0.,0.));
#5593 = VECTOR('',#5594,1.);
#5594 = DIRECTION('',(1.,0.));
#5595 = ( GEOMETRIC_REPRESENTATION_CONTEXT(2) 
PARAMETRIC_REPRESENTATION_CONTEXT() REPRESENTATION_CONTEXT('2D SPACE',''
  ) );
#5596 = ORIENTED_EDGE('',*,*,#5597,.F.);
#5597 = EDGE_CURVE('',#5598,#5380,#5600,.T.);
#5598 = VERTEX_POINT('',#5599);
#5599 = CARTESIAN_POINT('',(-19.70695716841,44.220390794829,0.));
#5600 = SURFACE_CURVE('',#5601,(#5605,#5612),.PCURVE_S1.);
#5601 = LINE('',#5602,#5603);
#5602 = CARTESIAN_POINT('',(-14.57371440904,48.149405014691,0.));
#5603 = VECTOR('',#5604,1.);
#5604 = DIRECTION('',(-0.794089532378,-0.607800801718,0.));
#5605 = PCURVE('',#45,#5606);
#5606 = DEFINITIONAL_REPRESENTATION('',(#5607),#5611);
#5607 = LINE('',#5608,#5609);
#5608 = CARTESIAN_POINT('',(-14.57371440904,48.149405014691));
#5609 = VECTOR('',#5610,1.);
#5610 = DIRECTION('',(-0.794089532378,-0.607800801718));
#5611 = ( GEOMETRIC_REPRESENTATION_CONTEXT(2) 
PARAMETRIC_REPRESENTATION_CONTEXT() REPRESENTATION_CONTEXT('2D SPACE',''
  ) );
#5612 = PCURVE('',#5613,#5618);
#5613 = PLANE('',#5614);
#5614 = AXIS2_PLACEMENT_3D('',#5615,#5616,#5617);
#5615 = CARTESIAN_POINT('',(-19.41324048863,44.445203270214,0.));
#5616 = DIRECTION('',(0.607800801718,-0.794089532378,0.));
#5617 = DIRECTION('',(-0.794089532378,-0.607800801718,0.));
#5618 = DEFINITIONAL_REPRESENTATION('',(#5619),#5623);
#5619 = LINE('',#5620,#5621);
#5620 = CARTESIAN_POINT('',(-6.094433791482,0.));
#5621 = VECTOR('',#5622,1.);
#5622 = DIRECTION('',(1.,0.));
#5623 = ( GEOMETRIC_REPRESENTATION_CONTEXT(2) 
PARAMETRIC_REPRESENTATION_CONTEXT() REPRESENTATION_CONTEXT('2D SPACE',''
  ) );
#5624 = ORIENTED_EDGE('',*,*,#5625,.F.);
#5625 = EDGE_CURVE('',#5105,#5598,#5626,.T.);
#5626 = SURFACE_CURVE('',#5627,(#5632,#5639),.PCURVE_S1.);
#5627 = CIRCLE('',#5628,3.);
#5628 = AXIS2_PLACEMENT_3D('',#5629,#5630,#5631);
#5629 = CARTESIAN_POINT('',(-17.88355476326,41.838122197696,0.));
#5630 = DIRECTION('',(0.,0.,1.));
#5631 = DIRECTION('',(0.,-1.,0.));
#5632 = PCURVE('',#45,#5633);
#5633 = DEFINITIONAL_REPRESENTATION('',(#5634),#5638);
#5634 = CIRCLE('',#5635,3.);
#5635 = AXIS2_PLACEMENT_2D('',#5636,#5637);
#5636 = CARTESIAN_POINT('',(-17.88355476326,41.838122197696));
#5637 = DIRECTION('',(0.,-1.));
#5638 = ( GEOMETRIC_REPRESENTATION_CONTEXT(2) 
PARAMETRIC_REPRESENTATION_CONTEXT() REPRESENTATION_CONTEXT('2D SPACE',''
  ) );
#5639 = PCURVE('',#5640,#5645);
#5640 = CYLINDRICAL_SURFACE('',#5641,3.);
#5641 = AXIS2_PLACEMENT_3D('',#5642,#5643,#5644);
#5642 = CARTESIAN_POINT('',(-17.88355476326,41.838122197696,0.));
#5643 = DIRECTION('',(0.,0.,1.));
#5644 = DIRECTION('',(-0.393045159632,0.91951916918,0.));
#5645 = DEFINITIONAL_REPRESENTATION('',(#5646),#5650);
#5646 = LINE('',#5647,#5648);
#5647 = CARTESIAN_POINT('',(-3.545533598627,0.));
#5648 = VECTOR('',#5649,1.);
#5649 = DIRECTION('',(1.,0.));
#5650 = ( GEOMETRIC_REPRESENTATION_CONTEXT(2) 
PARAMETRIC_REPRESENTATION_CONTEXT() REPRESENTATION_CONTEXT('2D SPACE',''
  ) );
#5651 = FACE_BOUND('',#5652,.F.);
#5652 = EDGE_LOOP('',(#5653,#5684,#5902,#5930,#6148,#6176));
#5653 = ORIENTED_EDGE('',*,*,#5654,.F.);
#5654 = EDGE_CURVE('',#5655,#5657,#5659,.T.);
#5655 = VERTEX_POINT('',#5656);
#5656 = CARTESIAN_POINT('',(12.023672804875,46.985969100161,0.));
#5657 = VERTEX_POINT('',#5658);
#5658 = CARTESIAN_POINT('',(5.789565838434,48.153202670253,0.));
#5659 = SURFACE_CURVE('',#5660,(#5665,#5672),.PCURVE_S1.);
#5660 = CIRCLE('',#5661,48.5);
#5661 = AXIS2_PLACEMENT_3D('',#5662,#5663,#5664);
#5662 = CARTESIAN_POINT('',(0.,0.,0.));
#5663 = DIRECTION('',(0.,0.,1.));
#5664 = DIRECTION('',(1.,0.,-0.));
#5665 = PCURVE('',#45,#5666);
#5666 = DEFINITIONAL_REPRESENTATION('',(#5667),#5671);
#5667 = CIRCLE('',#5668,48.5);
#5668 = AXIS2_PLACEMENT_2D('',#5669,#5670);
#5669 = CARTESIAN_POINT('',(1.75032336965E-15,-3.209892110372E-15));
#5670 = DIRECTION('',(1.,0.));
#5671 = ( GEOMETRIC_REPRESENTATION_CONTEXT(2) 
PARAMETRIC_REPRESENTATION_CONTEXT() REPRESENTATION_CONTEXT('2D SPACE',''
  ) );
#5672 = PCURVE('',#5673,#5678);
#5673 = CYLINDRICAL_SURFACE('',#5674,48.5);
#5674 = AXIS2_PLACEMENT_3D('',#5675,#5676,#5677);
#5675 = CARTESIAN_POINT('',(0.,0.,0.));
#5676 = DIRECTION('',(-0.,-0.,-1.));
#5677 = DIRECTION('',(1.,0.,-0.));
#5678 = DEFINITIONAL_REPRESENTATION('',(#5679),#5683);
#5679 = LINE('',#5680,#5681);
#5680 = CARTESIAN_POINT('',(-0.,0.));
#5681 = VECTOR('',#5682,1.);
#5682 = DIRECTION('',(-1.,0.));
#5683 = ( GEOMETRIC_REPRESENTATION_CONTEXT(2) 
PARAMETRIC_REPRESENTATION_CONTEXT() REPRESENTATION_CONTEXT('2D SPACE',''
  ) );
#5684 = ORIENTED_EDGE('',*,*,#5685,.F.);
#5685 = EDGE_CURVE('',#5686,#5655,#5688,.T.);
#5686 = VERTEX_POINT('',#5687);
#5687 = CARTESIAN_POINT('',(2.002495231905,12.718131317315,0.));
#5688 = SURFACE_CURVE('',#5689,(#5740,#5794),.PCURVE_S1.);
#5689 = B_SPLINE_CURVE_WITH_KNOTS('',3,(#5690,#5691,#5692,#5693,#5694,
    #5695,#5696,#5697,#5698,#5699,#5700,#5701,#5702,#5703,#5704,#5705,
    #5706,#5707,#5708,#5709,#5710,#5711,#5712,#5713,#5714,#5715,#5716,
    #5717,#5718,#5719,#5720,#5721,#5722,#5723,#5724,#5725,#5726,#5727,
    #5728,#5729,#5730,#5731,#5732,#5733,#5734,#5735,#5736,#5737,#5738,
    #5739),.UNSPECIFIED.,.F.,.F.,(4,1,1,1,1,1,1,1,1,1,1,1,1,1,1,1,1,1,1,
    1,1,1,1,1,1,1,1,1,1,1,1,1,1,1,1,1,1,1,1,1,1,1,1,1,1,1,1,4),(0.,
    2.766464139392,5.568319295326,8.177275145496,10.425160909405,
    12.698001103747,14.813706991925,16.784063111389,18.483896399813,
    20.207074900357,21.81810245116,23.327840693167,24.640860133639,
    25.985974841284,27.260500260188,28.473662841808,29.546573791048,
    30.665502050481,31.746604132965,32.796723932319,33.744037531687,
    34.751762028128,35.745458780463,36.730106112805,37.635070035337,
    38.615335519513,39.599805338773,40.592877392801,41.521106716853,
    42.54355210237,43.588460947472,44.661307186429,45.681682040739,
    46.825929386569,48.018033969658,49.266638650819,50.477859791669,
    51.863921967174,53.33914083985,54.917675284274,56.480212616324,
    58.303578905337,60.281721918016,62.435877257802,64.600562295301,
    67.15990258556,69.968318443063,73.053194077155),.UNSPECIFIED.);
#5690 = CARTESIAN_POINT('',(5.648892920632,9.977352195207,0.));
#5691 = CARTESIAN_POINT('',(4.917117721303,10.51176149547,0.));
#5692 = CARTESIAN_POINT('',(3.381514033342,11.596778077042,0.));
#5693 = CARTESIAN_POINT('',(1.266192554498,13.303408856845,0.));
#5694 = CARTESIAN_POINT('',(-0.652937544647,14.99157243147,0.));
#5695 = CARTESIAN_POINT('',(-2.357667696025,16.648055361023,0.));
#5696 = CARTESIAN_POINT('',(-3.866947772078,18.266925710132,0.));
#5697 = CARTESIAN_POINT('',(-5.226739915106,19.894280426866,0.));
#5698 = CARTESIAN_POINT('',(-6.37806374135,21.442950179676,0.));
#5699 = CARTESIAN_POINT('',(-7.366530659752,22.945718471064,0.));
#5700 = CARTESIAN_POINT('',(-8.203570555337,24.401366611504,0.));
#5701 = CARTESIAN_POINT('',(-8.916145549059,25.851661036001,0.));
#5702 = CARTESIAN_POINT('',(-9.473628573521,27.221724797273,0.));
#5703 = CARTESIAN_POINT('',(-9.913606364257,28.540333270482,0.));
#5704 = CARTESIAN_POINT('',(-10.24785351828,29.809145492467,0.));
#5705 = CARTESIAN_POINT('',(-10.47419604374,31.067933612077,0.));
#5706 = CARTESIAN_POINT('',(-10.5909565971,32.250345949474,0.));
#5707 = CARTESIAN_POINT('',(-10.61323512593,33.386194114341,0.));
#5708 = CARTESIAN_POINT('',(-10.54807337968,34.476495777513,0.));
#5709 = CARTESIAN_POINT('',(-10.39390345492,35.550093313185,0.));
#5710 = CARTESIAN_POINT('',(-10.16466308267,36.551535489985,0.));
#5711 = CARTESIAN_POINT('',(-9.865360056896,37.508429680137,0.));
#5712 = CARTESIAN_POINT('',(-9.500817961601,38.422346990747,0.));
#5713 = CARTESIAN_POINT('',(-9.061296898977,39.316468000727,0.));
#5714 = CARTESIAN_POINT('',(-8.573483216962,40.145597818599,0.));
#5715 = CARTESIAN_POINT('',(-8.031759024511,40.934870163346,0.));
#5716 = CARTESIAN_POINT('',(-7.437884771838,41.685754338355,0.));
#5717 = CARTESIAN_POINT('',(-6.774393559789,42.41603396861,0.));
#5718 = CARTESIAN_POINT('',(-6.076210809169,43.088414434146,0.));
#5719 = CARTESIAN_POINT('',(-5.327567464674,43.723634667703,0.));
#5720 = CARTESIAN_POINT('',(-4.526841376256,44.321387423441,0.));
#5721 = CARTESIAN_POINT('',(-3.6488585626,44.892611920748,0.));
#5722 = CARTESIAN_POINT('',(-2.736476598302,45.405752620677,0.));
#5723 = CARTESIAN_POINT('',(-1.764262932581,45.875570551521,0.));
#5724 = CARTESIAN_POINT('',(-0.727551311337,46.298654070009,0.));
#5725 = CARTESIAN_POINT('',(0.406828990312,46.677074955113,0.));
#5726 = CARTESIAN_POINT('',(1.585239404088,46.985876833789,0.));
#5727 = CARTESIAN_POINT('',(2.8440556554,47.232345063664,0.));
#5728 = CARTESIAN_POINT('',(4.19095431662,47.409247988271,0.));
#5729 = CARTESIAN_POINT('',(5.668614781671,47.507554513975,0.));
#5730 = CARTESIAN_POINT('',(7.208340474022,47.51336519804,0.));
#5731 = CARTESIAN_POINT('',(8.86158053805,47.423316913199,0.));
#5732 = CARTESIAN_POINT('',(10.639323759191,47.225705795927,0.));
#5733 = CARTESIAN_POINT('',(12.599371020966,46.896157441672,0.));
#5734 = CARTESIAN_POINT('',(14.64369550493,46.441861652888,0.));
#5735 = CARTESIAN_POINT('',(16.877984783365,45.82928049123,0.));
#5736 = CARTESIAN_POINT('',(19.169502008325,45.098418573464,0.));
#5737 = CARTESIAN_POINT('',(22.245133304455,43.950457504985,0.));
#5738 = CARTESIAN_POINT('',(22.877531631162,43.655413765372,0.));
#5739 = CARTESIAN_POINT('',(24.649818380147,42.918826466513,0.));
#5740 = PCURVE('',#45,#5741);
#5741 = DEFINITIONAL_REPRESENTATION('',(#5742),#5793);
#5742 = B_SPLINE_CURVE_WITH_KNOTS('',3,(#5743,#5744,#5745,#5746,#5747,
    #5748,#5749,#5750,#5751,#5752,#5753,#5754,#5755,#5756,#5757,#5758,
    #5759,#5760,#5761,#5762,#5763,#5764,#5765,#5766,#5767,#5768,#5769,
    #5770,#5771,#5772,#5773,#5774,#5775,#5776,#5777,#5778,#5779,#5780,
    #5781,#5782,#5783,#5784,#5785,#5786,#5787,#5788,#5789,#5790,#5791,
    #5792),.UNSPECIFIED.,.F.,.F.,(4,1,1,1,1,1,1,1,1,1,1,1,1,1,1,1,1,1,1,
    1,1,1,1,1,1,1,1,1,1,1,1,1,1,1,1,1,1,1,1,1,1,1,1,1,1,1,1,4),(0.,
    2.766464139392,5.568319295326,8.177275145496,10.425160909405,
    12.698001103747,14.813706991925,16.784063111389,18.483896399813,
    20.207074900357,21.81810245116,23.327840693167,24.640860133639,
    25.985974841284,27.260500260188,28.473662841808,29.546573791048,
    30.665502050481,31.746604132965,32.796723932319,33.744037531687,
    34.751762028128,35.745458780463,36.730106112805,37.635070035337,
    38.615335519513,39.599805338773,40.592877392801,41.521106716853,
    42.54355210237,43.588460947472,44.661307186429,45.681682040739,
    46.825929386569,48.018033969658,49.266638650819,50.477859791669,
    51.863921967174,53.33914083985,54.917675284274,56.480212616324,
    58.303578905337,60.281721918016,62.435877257802,64.600562295301,
    67.15990258556,69.968318443063,73.053194077155),.UNSPECIFIED.);
#5743 = CARTESIAN_POINT('',(5.648892920632,9.977352195207));
#5744 = CARTESIAN_POINT('',(4.917117721303,10.51176149547));
#5745 = CARTESIAN_POINT('',(3.381514033342,11.596778077042));
#5746 = CARTESIAN_POINT('',(1.266192554498,13.303408856845));
#5747 = CARTESIAN_POINT('',(-0.652937544647,14.99157243147));
#5748 = CARTESIAN_POINT('',(-2.357667696025,16.648055361023));
#5749 = CARTESIAN_POINT('',(-3.866947772078,18.266925710132));
#5750 = CARTESIAN_POINT('',(-5.226739915106,19.894280426866));
#5751 = CARTESIAN_POINT('',(-6.37806374135,21.442950179676));
#5752 = CARTESIAN_POINT('',(-7.366530659752,22.945718471064));
#5753 = CARTESIAN_POINT('',(-8.203570555337,24.401366611504));
#5754 = CARTESIAN_POINT('',(-8.916145549059,25.851661036001));
#5755 = CARTESIAN_POINT('',(-9.473628573521,27.221724797273));
#5756 = CARTESIAN_POINT('',(-9.913606364257,28.540333270482));
#5757 = CARTESIAN_POINT('',(-10.24785351828,29.809145492467));
#5758 = CARTESIAN_POINT('',(-10.47419604374,31.067933612077));
#5759 = CARTESIAN_POINT('',(-10.5909565971,32.250345949474));
#5760 = CARTESIAN_POINT('',(-10.61323512593,33.386194114341));
#5761 = CARTESIAN_POINT('',(-10.54807337968,34.476495777513));
#5762 = CARTESIAN_POINT('',(-10.39390345492,35.550093313185));
#5763 = CARTESIAN_POINT('',(-10.16466308267,36.551535489985));
#5764 = CARTESIAN_POINT('',(-9.865360056896,37.508429680137));
#5765 = CARTESIAN_POINT('',(-9.500817961601,38.422346990747));
#5766 = CARTESIAN_POINT('',(-9.061296898977,39.316468000727));
#5767 = CARTESIAN_POINT('',(-8.573483216962,40.145597818599));
#5768 = CARTESIAN_POINT('',(-8.031759024511,40.934870163346));
#5769 = CARTESIAN_POINT('',(-7.437884771838,41.685754338355));
#5770 = CARTESIAN_POINT('',(-6.774393559789,42.41603396861));
#5771 = CARTESIAN_POINT('',(-6.076210809169,43.088414434146));
#5772 = CARTESIAN_POINT('',(-5.327567464674,43.723634667703));
#5773 = CARTESIAN_POINT('',(-4.526841376256,44.321387423441));
#5774 = CARTESIAN_POINT('',(-3.6488585626,44.892611920748));
#5775 = CARTESIAN_POINT('',(-2.736476598302,45.405752620677));
#5776 = CARTESIAN_POINT('',(-1.764262932581,45.875570551521));
#5777 = CARTESIAN_POINT('',(-0.727551311337,46.298654070009));
#5778 = CARTESIAN_POINT('',(0.406828990312,46.677074955113));
#5779 = CARTESIAN_POINT('',(1.585239404088,46.985876833789));
#5780 = CARTESIAN_POINT('',(2.8440556554,47.232345063664));
#5781 = CARTESIAN_POINT('',(4.19095431662,47.409247988271));
#5782 = CARTESIAN_POINT('',(5.668614781671,47.507554513975));
#5783 = CARTESIAN_POINT('',(7.208340474022,47.51336519804));
#5784 = CARTESIAN_POINT('',(8.86158053805,47.423316913199));
#5785 = CARTESIAN_POINT('',(10.639323759191,47.225705795927));
#5786 = CARTESIAN_POINT('',(12.599371020966,46.896157441672));
#5787 = CARTESIAN_POINT('',(14.64369550493,46.441861652888));
#5788 = CARTESIAN_POINT('',(16.877984783365,45.82928049123));
#5789 = CARTESIAN_POINT('',(19.169502008325,45.098418573464));
#5790 = CARTESIAN_POINT('',(22.245133304455,43.950457504985));
#5791 = CARTESIAN_POINT('',(22.877531631162,43.655413765372));
#5792 = CARTESIAN_POINT('',(24.649818380147,42.918826466513));
#5793 = ( GEOMETRIC_REPRESENTATION_CONTEXT(2) 
PARAMETRIC_REPRESENTATION_CONTEXT() REPRESENTATION_CONTEXT('2D SPACE',''
  ) );
#5794 = PCURVE('',#5795,#5896);
#5795 = B_SPLINE_SURFACE_WITH_KNOTS('',3,1,(
    (#5796,#5797)
    ,(#5798,#5799)
    ,(#5800,#5801)
    ,(#5802,#5803)
    ,(#5804,#5805)
    ,(#5806,#5807)
    ,(#5808,#5809)
    ,(#5810,#5811)
    ,(#5812,#5813)
    ,(#5814,#5815)
    ,(#5816,#5817)
    ,(#5818,#5819)
    ,(#5820,#5821)
    ,(#5822,#5823)
    ,(#5824,#5825)
    ,(#5826,#5827)
    ,(#5828,#5829)
    ,(#5830,#5831)
    ,(#5832,#5833)
    ,(#5834,#5835)
    ,(#5836,#5837)
    ,(#5838,#5839)
    ,(#5840,#5841)
    ,(#5842,#5843)
    ,(#5844,#5845)
    ,(#5846,#5847)
    ,(#5848,#5849)
    ,(#5850,#5851)
    ,(#5852,#5853)
    ,(#5854,#5855)
    ,(#5856,#5857)
    ,(#5858,#5859)
    ,(#5860,#5861)
    ,(#5862,#5863)
    ,(#5864,#5865)
    ,(#5866,#5867)
    ,(#5868,#5869)
    ,(#5870,#5871)
    ,(#5872,#5873)
    ,(#5874,#5875)
    ,(#5876,#5877)
    ,(#5878,#5879)
    ,(#5880,#5881)
    ,(#5882,#5883)
    ,(#5884,#5885)
    ,(#5886,#5887)
    ,(#5888,#5889)
    ,(#5890,#5891)
    ,(#5892,#5893)
    ,(#5894,#5895
    )),.UNSPECIFIED.,.F.,.F.,.F.,(4,1,1,1,1,1,1,1,1,1,1,1,1,1,1,1,1,1,1,
    1,1,1,1,1,1,1,1,1,1,1,1,1,1,1,1,1,1,1,1,1,1,1,1,1,1,1,1,4),(2,2),(0.
    ,2.766464139392,5.568319295326,8.177275145496,10.425160909405,
    12.698001103747,14.813706991925,16.784063111389,18.483896399813,
    20.207074900357,21.81810245116,23.327840693167,24.640860133639,
    25.985974841284,27.260500260188,28.473662841808,29.546573791048,
    30.665502050481,31.746604132965,32.796723932319,33.744037531687,
    34.751762028128,35.745458780463,36.730106112805,37.635070035337,
    38.615335519513,39.599805338773,40.592877392801,41.521106716853,
    42.54355210237,43.588460947472,44.661307186429,45.681682040739,
    46.825929386569,48.018033969658,49.266638650819,50.477859791669,
    51.863921967174,53.33914083985,54.917675284274,56.480212616324,
    58.303578905337,60.281721918016,62.435877257802,64.600562295301,
    67.15990258556,69.968318443063,73.053194077155),(-22.4,0.),
  .UNSPECIFIED.);
#5796 = CARTESIAN_POINT('',(5.648892920632,9.977352195207,22.4));
#5797 = CARTESIAN_POINT('',(5.648892920632,9.977352195207,0.));
#5798 = CARTESIAN_POINT('',(4.917117721303,10.51176149547,22.4));
#5799 = CARTESIAN_POINT('',(4.917117721303,10.51176149547,0.));
#5800 = CARTESIAN_POINT('',(3.381514033342,11.596778077042,22.4));
#5801 = CARTESIAN_POINT('',(3.381514033342,11.596778077042,0.));
#5802 = CARTESIAN_POINT('',(1.266192554498,13.303408856845,22.4));
#5803 = CARTESIAN_POINT('',(1.266192554498,13.303408856845,0.));
#5804 = CARTESIAN_POINT('',(-0.652937544647,14.99157243147,22.4));
#5805 = CARTESIAN_POINT('',(-0.652937544647,14.99157243147,0.));
#5806 = CARTESIAN_POINT('',(-2.357667696025,16.648055361023,22.4));
#5807 = CARTESIAN_POINT('',(-2.357667696025,16.648055361023,0.));
#5808 = CARTESIAN_POINT('',(-3.866947772078,18.266925710132,22.4));
#5809 = CARTESIAN_POINT('',(-3.866947772078,18.266925710132,0.));
#5810 = CARTESIAN_POINT('',(-5.226739915106,19.894280426866,22.4));
#5811 = CARTESIAN_POINT('',(-5.226739915106,19.894280426866,0.));
#5812 = CARTESIAN_POINT('',(-6.37806374135,21.442950179676,22.4));
#5813 = CARTESIAN_POINT('',(-6.37806374135,21.442950179676,0.));
#5814 = CARTESIAN_POINT('',(-7.366530659752,22.945718471064,22.4));
#5815 = CARTESIAN_POINT('',(-7.366530659752,22.945718471064,0.));
#5816 = CARTESIAN_POINT('',(-8.203570555337,24.401366611504,22.4));
#5817 = CARTESIAN_POINT('',(-8.203570555337,24.401366611504,0.));
#5818 = CARTESIAN_POINT('',(-8.916145549059,25.851661036001,22.4));
#5819 = CARTESIAN_POINT('',(-8.916145549059,25.851661036001,0.));
#5820 = CARTESIAN_POINT('',(-9.473628573521,27.221724797273,22.4));
#5821 = CARTESIAN_POINT('',(-9.473628573521,27.221724797273,0.));
#5822 = CARTESIAN_POINT('',(-9.913606364257,28.540333270482,22.4));
#5823 = CARTESIAN_POINT('',(-9.913606364257,28.540333270482,0.));
#5824 = CARTESIAN_POINT('',(-10.24785351828,29.809145492467,22.4));
#5825 = CARTESIAN_POINT('',(-10.24785351828,29.809145492467,0.));
#5826 = CARTESIAN_POINT('',(-10.47419604374,31.067933612077,22.4));
#5827 = CARTESIAN_POINT('',(-10.47419604374,31.067933612077,0.));
#5828 = CARTESIAN_POINT('',(-10.5909565971,32.250345949474,22.4));
#5829 = CARTESIAN_POINT('',(-10.5909565971,32.250345949474,0.));
#5830 = CARTESIAN_POINT('',(-10.61323512593,33.386194114341,22.4));
#5831 = CARTESIAN_POINT('',(-10.61323512593,33.386194114341,0.));
#5832 = CARTESIAN_POINT('',(-10.54807337968,34.476495777513,22.4));
#5833 = CARTESIAN_POINT('',(-10.54807337968,34.476495777513,0.));
#5834 = CARTESIAN_POINT('',(-10.39390345492,35.550093313185,22.4));
#5835 = CARTESIAN_POINT('',(-10.39390345492,35.550093313185,0.));
#5836 = CARTESIAN_POINT('',(-10.16466308267,36.551535489985,22.4));
#5837 = CARTESIAN_POINT('',(-10.16466308267,36.551535489985,0.));
#5838 = CARTESIAN_POINT('',(-9.865360056896,37.508429680137,22.4));
#5839 = CARTESIAN_POINT('',(-9.865360056896,37.508429680137,0.));
#5840 = CARTESIAN_POINT('',(-9.500817961601,38.422346990747,22.4));
#5841 = CARTESIAN_POINT('',(-9.500817961601,38.422346990747,0.));
#5842 = CARTESIAN_POINT('',(-9.061296898977,39.316468000727,22.4));
#5843 = CARTESIAN_POINT('',(-9.061296898977,39.316468000727,0.));
#5844 = CARTESIAN_POINT('',(-8.573483216962,40.145597818599,22.4));
#5845 = CARTESIAN_POINT('',(-8.573483216962,40.145597818599,0.));
#5846 = CARTESIAN_POINT('',(-8.031759024511,40.934870163346,22.4));
#5847 = CARTESIAN_POINT('',(-8.031759024511,40.934870163346,0.));
#5848 = CARTESIAN_POINT('',(-7.437884771838,41.685754338355,22.4));
#5849 = CARTESIAN_POINT('',(-7.437884771838,41.685754338355,0.));
#5850 = CARTESIAN_POINT('',(-6.774393559789,42.41603396861,22.4));
#5851 = CARTESIAN_POINT('',(-6.774393559789,42.41603396861,0.));
#5852 = CARTESIAN_POINT('',(-6.076210809169,43.088414434146,22.4));
#5853 = CARTESIAN_POINT('',(-6.076210809169,43.088414434146,0.));
#5854 = CARTESIAN_POINT('',(-5.327567464674,43.723634667703,22.4));
#5855 = CARTESIAN_POINT('',(-5.327567464674,43.723634667703,0.));
#5856 = CARTESIAN_POINT('',(-4.526841376256,44.321387423441,22.4));
#5857 = CARTESIAN_POINT('',(-4.526841376256,44.321387423441,0.));
#5858 = CARTESIAN_POINT('',(-3.6488585626,44.892611920748,22.4));
#5859 = CARTESIAN_POINT('',(-3.6488585626,44.892611920748,0.));
#5860 = CARTESIAN_POINT('',(-2.736476598302,45.405752620677,22.4));
#5861 = CARTESIAN_POINT('',(-2.736476598302,45.405752620677,0.));
#5862 = CARTESIAN_POINT('',(-1.764262932581,45.875570551521,22.4));
#5863 = CARTESIAN_POINT('',(-1.764262932581,45.875570551521,0.));
#5864 = CARTESIAN_POINT('',(-0.727551311337,46.298654070009,22.4));
#5865 = CARTESIAN_POINT('',(-0.727551311337,46.298654070009,0.));
#5866 = CARTESIAN_POINT('',(0.406828990312,46.677074955113,22.4));
#5867 = CARTESIAN_POINT('',(0.406828990312,46.677074955113,0.));
#5868 = CARTESIAN_POINT('',(1.585239404088,46.985876833789,22.4));
#5869 = CARTESIAN_POINT('',(1.585239404088,46.985876833789,0.));
#5870 = CARTESIAN_POINT('',(2.8440556554,47.232345063664,22.4));
#5871 = CARTESIAN_POINT('',(2.8440556554,47.232345063664,0.));
#5872 = CARTESIAN_POINT('',(4.19095431662,47.409247988271,22.4));
#5873 = CARTESIAN_POINT('',(4.19095431662,47.409247988271,0.));
#5874 = CARTESIAN_POINT('',(5.668614781671,47.507554513975,22.4));
#5875 = CARTESIAN_POINT('',(5.668614781671,47.507554513975,0.));
#5876 = CARTESIAN_POINT('',(7.208340474022,47.51336519804,22.4));
#5877 = CARTESIAN_POINT('',(7.208340474022,47.51336519804,0.));
#5878 = CARTESIAN_POINT('',(8.86158053805,47.423316913199,22.4));
#5879 = CARTESIAN_POINT('',(8.86158053805,47.423316913199,0.));
#5880 = CARTESIAN_POINT('',(10.639323759191,47.225705795927,22.4));
#5881 = CARTESIAN_POINT('',(10.639323759191,47.225705795927,0.));
#5882 = CARTESIAN_POINT('',(12.599371020966,46.896157441672,22.4));
#5883 = CARTESIAN_POINT('',(12.599371020966,46.896157441672,0.));
#5884 = CARTESIAN_POINT('',(14.64369550493,46.441861652888,22.4));
#5885 = CARTESIAN_POINT('',(14.64369550493,46.441861652888,0.));
#5886 = CARTESIAN_POINT('',(16.877984783365,45.82928049123,22.4));
#5887 = CARTESIAN_POINT('',(16.877984783365,45.82928049123,0.));
#5888 = CARTESIAN_POINT('',(19.169502008325,45.098418573464,22.4));
#5889 = CARTESIAN_POINT('',(19.169502008325,45.098418573464,0.));
#5890 = CARTESIAN_POINT('',(22.245133304455,43.950457504985,22.4));
#5891 = CARTESIAN_POINT('',(22.245133304455,43.950457504985,0.));
#5892 = CARTESIAN_POINT('',(22.877531631162,43.655413765372,22.4));
#5893 = CARTESIAN_POINT('',(22.877531631162,43.655413765372,0.));
#5894 = CARTESIAN_POINT('',(24.649818380147,42.918826466513,22.4));
#5895 = CARTESIAN_POINT('',(24.649818380147,42.918826466513,0.));
#5896 = DEFINITIONAL_REPRESENTATION('',(#5897),#5901);
#5897 = LINE('',#5898,#5899);
#5898 = CARTESIAN_POINT('',(0.,0.));
#5899 = VECTOR('',#5900,1.);
#5900 = DIRECTION('',(1.,0.));
#5901 = ( GEOMETRIC_REPRESENTATION_CONTEXT(2) 
PARAMETRIC_REPRESENTATION_CONTEXT() REPRESENTATION_CONTEXT('2D SPACE',''
  ) );
#5902 = ORIENTED_EDGE('',*,*,#5903,.F.);
#5903 = EDGE_CURVE('',#5904,#5686,#5906,.T.);
#5904 = VERTEX_POINT('',#5905);
#5905 = CARTESIAN_POINT('',(9.659132507772E-02,13.934913076131,0.));
#5906 = SURFACE_CURVE('',#5907,(#5911,#5918),.PCURVE_S1.);
#5907 = LINE('',#5908,#5909);
#5908 = CARTESIAN_POINT('',(9.659132507772E-02,13.934913076131,0.));
#5909 = VECTOR('',#5910,1.);
#5910 = DIRECTION('',(0.842872595724,-0.538113173392,0.));
#5911 = PCURVE('',#45,#5912);
#5912 = DEFINITIONAL_REPRESENTATION('',(#5913),#5917);
#5913 = LINE('',#5914,#5915);
#5914 = CARTESIAN_POINT('',(9.659132507773E-02,13.934913076131));
#5915 = VECTOR('',#5916,1.);
#5916 = DIRECTION('',(0.842872595724,-0.538113173392));
#5917 = ( GEOMETRIC_REPRESENTATION_CONTEXT(2) 
PARAMETRIC_REPRESENTATION_CONTEXT() REPRESENTATION_CONTEXT('2D SPACE',''
  ) );
#5918 = PCURVE('',#5919,#5924);
#5919 = PLANE('',#5920);
#5920 = AXIS2_PLACEMENT_3D('',#5921,#5922,#5923);
#5921 = CARTESIAN_POINT('',(9.659132507772E-02,13.934913076131,0.));
#5922 = DIRECTION('',(0.538113173392,0.842872595724,-0.));
#5923 = DIRECTION('',(0.842872595724,-0.538113173392,0.));
#5924 = DEFINITIONAL_REPRESENTATION('',(#5925),#5929);
#5925 = LINE('',#5926,#5927);
#5926 = CARTESIAN_POINT('',(0.,0.));
#5927 = VECTOR('',#5928,1.);
#5928 = DIRECTION('',(1.,0.));
#5929 = ( GEOMETRIC_REPRESENTATION_CONTEXT(2) 
PARAMETRIC_REPRESENTATION_CONTEXT() REPRESENTATION_CONTEXT('2D SPACE',''
  ) );
#5930 = ORIENTED_EDGE('',*,*,#5931,.F.);
#5931 = EDGE_CURVE('',#5932,#5904,#5934,.T.);
#5932 = VERTEX_POINT('',#5933);
#5933 = CARTESIAN_POINT('',(0.112044317377,47.50629678931,0.));
#5934 = SURFACE_CURVE('',#5935,(#5986,#6040),.PCURVE_S1.);
#5935 = B_SPLINE_CURVE_WITH_KNOTS('',3,(#5936,#5937,#5938,#5939,#5940,
    #5941,#5942,#5943,#5944,#5945,#5946,#5947,#5948,#5949,#5950,#5951,
    #5952,#5953,#5954,#5955,#5956,#5957,#5958,#5959,#5960,#5961,#5962,
    #5963,#5964,#5965,#5966,#5967,#5968,#5969,#5970,#5971,#5972,#5973,
    #5974,#5975,#5976,#5977,#5978,#5979,#5980,#5981,#5982,#5983,#5984,
    #5985),.UNSPECIFIED.,.F.,.F.,(4,1,1,1,1,1,1,1,1,1,1,1,1,1,1,1,1,1,1,
    1,1,1,1,1,1,1,1,1,1,1,1,1,1,1,1,1,1,1,1,1,1,1,1,1,1,1,1,4),(0.,
    3.010134173011,5.734866089906,8.204243200285,10.280216915947,
    12.332164523515,14.201956865391,15.911237845672,17.363900720308,
    18.819208714806,20.167747400886,21.42468716853,22.515414853025,
    23.632925452475,24.694050367351,25.707901186754,26.608581862701,
    27.552388564938,28.468532489134,29.361872223827,30.169943636586,
    31.030962627216,31.880548884696,32.72227944396,33.495545472128,
    34.332992621126,35.174663745336,36.025783427864,36.825011523752,
    37.711824801461,38.627874308414,39.58148948206,40.502911686362,
    41.554574841448,42.671594637474,43.864256147866,45.041219012251,
    46.408073524505,47.880684921353,49.469922617188,51.049935999727,
    52.894334824252,54.887680127977,57.041280206621,59.18142193199,
    61.675679145654,64.364419403117,67.031728548195),.UNSPECIFIED.);
#5936 = CARTESIAN_POINT('',(0.112044317377,47.50629678931,0.));
#5937 = CARTESIAN_POINT('',(-0.867145985927,47.378605176017,0.));
#5938 = CARTESIAN_POINT('',(-2.789167280934,47.157240471303,0.));
#5939 = CARTESIAN_POINT('',(-5.476471585653,46.689093504147,0.));
#5940 = CARTESIAN_POINT('',(-7.848475237921,46.180738326391,0.));
#5941 = CARTESIAN_POINT('',(-9.975558559665,45.621165975043,0.));
#5942 = CARTESIAN_POINT('',(-11.88382984293,45.021767225061,0.));
#5943 = CARTESIAN_POINT('',(-13.64327436068,44.365370847082,0.));
#5944 = CARTESIAN_POINT('',(-15.18054278429,43.692245683265,0.));
#5945 = CARTESIAN_POINT('',(-16.5540447889,42.996125865202,0.));
#5946 = CARTESIAN_POINT('',(-17.78099451573,42.28178489339,0.));
#5947 = CARTESIAN_POINT('',(-18.90657583563,41.528309601515,0.));
#5948 = CARTESIAN_POINT('',(-19.88506061512,40.77816037445,0.));
#5949 = CARTESIAN_POINT('',(-20.75634719976,40.018822635305,0.));
#5950 = CARTESIAN_POINT('',(-21.53181991634,39.252001177527,0.));
#5951 = CARTESIAN_POINT('',(-22.23824036849,38.455118626687,0.));
#5952 = CARTESIAN_POINT('',(-22.84666151334,37.670844465421,0.));
#5953 = CARTESIAN_POINT('',(-23.38266359922,36.882464459251,0.));
#5954 = CARTESIAN_POINT('',(-23.85209589851,36.090240930542,0.));
#5955 = CARTESIAN_POINT('',(-24.26838895294,35.2716182404,0.));
#5956 = CARTESIAN_POINT('',(-24.61321484189,34.469457333306,0.));
#5957 = CARTESIAN_POINT('',(-24.90115169002,33.664781375549,0.));
#5958 = CARTESIAN_POINT('',(-25.13390222152,32.857484457088,0.));
#5959 = CARTESIAN_POINT('',(-25.31471719703,32.025488796271,0.));
#5960 = CARTESIAN_POINT('',(-25.43405364616,31.211997089044,0.));
#5961 = CARTESIAN_POINT('',(-25.4977897284,30.396429492387,0.));
#5962 = CARTESIAN_POINT('',(-25.50457377154,29.578244309047,0.));
#5963 = CARTESIAN_POINT('',(-25.44834800186,28.7358986742,0.));
#5964 = CARTESIAN_POINT('',(-25.32900449697,27.912965863135,0.));
#5965 = CARTESIAN_POINT('',(-25.14390693436,27.086977756782,0.));
#5966 = CARTESIAN_POINT('',(-24.88844777048,26.257054110686,0.));
#5967 = CARTESIAN_POINT('',(-24.54633610292,25.40317303539,0.));
#5968 = CARTESIAN_POINT('',(-24.12945797872,24.570221961615,0.));
#5969 = CARTESIAN_POINT('',(-23.62455827449,23.73441880244,0.));
#5970 = CARTESIAN_POINT('',(-23.02370237878,22.896348770442,0.));
#5971 = CARTESIAN_POINT('',(-22.29895895778,22.040430936586,0.));
#5972 = CARTESIAN_POINT('',(-21.4823540246,21.211718502075,0.));
#5973 = CARTESIAN_POINT('',(-20.53907837348,20.396570941608,0.));
#5974 = CARTESIAN_POINT('',(-19.46246005504,19.598806375332,0.));
#5975 = CARTESIAN_POINT('',(-18.21914766577,18.800959350008,0.));
#5976 = CARTESIAN_POINT('',(-16.86372400721,18.052456378211,0.));
#5977 = CARTESIAN_POINT('',(-15.35433410195,17.332908165115,0.));
#5978 = CARTESIAN_POINT('',(-13.68154318819,16.650398469633,0.));
#5979 = CARTESIAN_POINT('',(-11.7902920039,16.001691977485,0.));
#5980 = CARTESIAN_POINT('',(-9.778497430159,15.430186626944,0.));
#5981 = CARTESIAN_POINT('',(-7.55174154643,14.91911532609,0.));
#5982 = CARTESIAN_POINT('',(-5.242708683599,14.4963157594,0.));
#5983 = CARTESIAN_POINT('',(-2.259005341862,14.1111192811,0.));
#5984 = CARTESIAN_POINT('',(-1.452824247307,14.069551089127,0.));
#5985 = CARTESIAN_POINT('',(9.659132507772E-02,13.934913076131,0.));
#5986 = PCURVE('',#45,#5987);
#5987 = DEFINITIONAL_REPRESENTATION('',(#5988),#6039);
#5988 = B_SPLINE_CURVE_WITH_KNOTS('',3,(#5989,#5990,#5991,#5992,#5993,
    #5994,#5995,#5996,#5997,#5998,#5999,#6000,#6001,#6002,#6003,#6004,
    #6005,#6006,#6007,#6008,#6009,#6010,#6011,#6012,#6013,#6014,#6015,
    #6016,#6017,#6018,#6019,#6020,#6021,#6022,#6023,#6024,#6025,#6026,
    #6027,#6028,#6029,#6030,#6031,#6032,#6033,#6034,#6035,#6036,#6037,
    #6038),.UNSPECIFIED.,.F.,.F.,(4,1,1,1,1,1,1,1,1,1,1,1,1,1,1,1,1,1,1,
    1,1,1,1,1,1,1,1,1,1,1,1,1,1,1,1,1,1,1,1,1,1,1,1,1,1,1,1,4),(0.,
    3.010134173011,5.734866089906,8.204243200285,10.280216915947,
    12.332164523515,14.201956865391,15.911237845672,17.363900720308,
    18.819208714806,20.167747400886,21.42468716853,22.515414853025,
    23.632925452475,24.694050367351,25.707901186754,26.608581862701,
    27.552388564938,28.468532489134,29.361872223827,30.169943636586,
    31.030962627216,31.880548884696,32.72227944396,33.495545472128,
    34.332992621126,35.174663745336,36.025783427864,36.825011523752,
    37.711824801461,38.627874308414,39.58148948206,40.502911686362,
    41.554574841448,42.671594637474,43.864256147866,45.041219012251,
    46.408073524505,47.880684921353,49.469922617188,51.049935999727,
    52.894334824252,54.887680127977,57.041280206621,59.18142193199,
    61.675679145654,64.364419403117,67.031728548195),.UNSPECIFIED.);
#5989 = CARTESIAN_POINT('',(0.112044317377,47.50629678931));
#5990 = CARTESIAN_POINT('',(-0.867145985927,47.378605176017));
#5991 = CARTESIAN_POINT('',(-2.789167280934,47.157240471303));
#5992 = CARTESIAN_POINT('',(-5.476471585653,46.689093504147));
#5993 = CARTESIAN_POINT('',(-7.848475237921,46.180738326391));
#5994 = CARTESIAN_POINT('',(-9.975558559665,45.621165975043));
#5995 = CARTESIAN_POINT('',(-11.88382984293,45.021767225061));
#5996 = CARTESIAN_POINT('',(-13.64327436068,44.365370847082));
#5997 = CARTESIAN_POINT('',(-15.18054278429,43.692245683265));
#5998 = CARTESIAN_POINT('',(-16.5540447889,42.996125865202));
#5999 = CARTESIAN_POINT('',(-17.78099451573,42.28178489339));
#6000 = CARTESIAN_POINT('',(-18.90657583563,41.528309601515));
#6001 = CARTESIAN_POINT('',(-19.88506061512,40.77816037445));
#6002 = CARTESIAN_POINT('',(-20.75634719976,40.018822635305));
#6003 = CARTESIAN_POINT('',(-21.53181991634,39.252001177527));
#6004 = CARTESIAN_POINT('',(-22.23824036849,38.455118626687));
#6005 = CARTESIAN_POINT('',(-22.84666151334,37.670844465421));
#6006 = CARTESIAN_POINT('',(-23.38266359922,36.882464459251));
#6007 = CARTESIAN_POINT('',(-23.85209589851,36.090240930542));
#6008 = CARTESIAN_POINT('',(-24.26838895294,35.2716182404));
#6009 = CARTESIAN_POINT('',(-24.61321484189,34.469457333306));
#6010 = CARTESIAN_POINT('',(-24.90115169002,33.664781375549));
#6011 = CARTESIAN_POINT('',(-25.13390222152,32.857484457088));
#6012 = CARTESIAN_POINT('',(-25.31471719703,32.025488796271));
#6013 = CARTESIAN_POINT('',(-25.43405364616,31.211997089044));
#6014 = CARTESIAN_POINT('',(-25.4977897284,30.396429492387));
#6015 = CARTESIAN_POINT('',(-25.50457377154,29.578244309047));
#6016 = CARTESIAN_POINT('',(-25.44834800186,28.735898674199));
#6017 = CARTESIAN_POINT('',(-25.32900449697,27.912965863135));
#6018 = CARTESIAN_POINT('',(-25.14390693436,27.086977756782));
#6019 = CARTESIAN_POINT('',(-24.88844777048,26.257054110686));
#6020 = CARTESIAN_POINT('',(-24.54633610292,25.40317303539));
#6021 = CARTESIAN_POINT('',(-24.12945797872,24.570221961615));
#6022 = CARTESIAN_POINT('',(-23.62455827449,23.73441880244));
#6023 = CARTESIAN_POINT('',(-23.02370237878,22.896348770442));
#6024 = CARTESIAN_POINT('',(-22.29895895778,22.040430936586));
#6025 = CARTESIAN_POINT('',(-21.4823540246,21.211718502075));
#6026 = CARTESIAN_POINT('',(-20.53907837348,20.396570941608));
#6027 = CARTESIAN_POINT('',(-19.46246005504,19.598806375332));
#6028 = CARTESIAN_POINT('',(-18.21914766577,18.800959350008));
#6029 = CARTESIAN_POINT('',(-16.86372400721,18.052456378211));
#6030 = CARTESIAN_POINT('',(-15.35433410195,17.332908165115));
#6031 = CARTESIAN_POINT('',(-13.68154318819,16.650398469633));
#6032 = CARTESIAN_POINT('',(-11.7902920039,16.001691977485));
#6033 = CARTESIAN_POINT('',(-9.778497430159,15.430186626944));
#6034 = CARTESIAN_POINT('',(-7.55174154643,14.91911532609));
#6035 = CARTESIAN_POINT('',(-5.242708683599,14.4963157594));
#6036 = CARTESIAN_POINT('',(-2.259005341862,14.1111192811));
#6037 = CARTESIAN_POINT('',(-1.452824247307,14.069551089127));
#6038 = CARTESIAN_POINT('',(9.659132507773E-02,13.934913076131));
#6039 = ( GEOMETRIC_REPRESENTATION_CONTEXT(2) 
PARAMETRIC_REPRESENTATION_CONTEXT() REPRESENTATION_CONTEXT('2D SPACE',''
  ) );
#6040 = PCURVE('',#6041,#6142);
#6041 = B_SPLINE_SURFACE_WITH_KNOTS('',3,1,(
    (#6042,#6043)
    ,(#6044,#6045)
    ,(#6046,#6047)
    ,(#6048,#6049)
    ,(#6050,#6051)
    ,(#6052,#6053)
    ,(#6054,#6055)
    ,(#6056,#6057)
    ,(#6058,#6059)
    ,(#6060,#6061)
    ,(#6062,#6063)
    ,(#6064,#6065)
    ,(#6066,#6067)
    ,(#6068,#6069)
    ,(#6070,#6071)
    ,(#6072,#6073)
    ,(#6074,#6075)
    ,(#6076,#6077)
    ,(#6078,#6079)
    ,(#6080,#6081)
    ,(#6082,#6083)
    ,(#6084,#6085)
    ,(#6086,#6087)
    ,(#6088,#6089)
    ,(#6090,#6091)
    ,(#6092,#6093)
    ,(#6094,#6095)
    ,(#6096,#6097)
    ,(#6098,#6099)
    ,(#6100,#6101)
    ,(#6102,#6103)
    ,(#6104,#6105)
    ,(#6106,#6107)
    ,(#6108,#6109)
    ,(#6110,#6111)
    ,(#6112,#6113)
    ,(#6114,#6115)
    ,(#6116,#6117)
    ,(#6118,#6119)
    ,(#6120,#6121)
    ,(#6122,#6123)
    ,(#6124,#6125)
    ,(#6126,#6127)
    ,(#6128,#6129)
    ,(#6130,#6131)
    ,(#6132,#6133)
    ,(#6134,#6135)
    ,(#6136,#6137)
    ,(#6138,#6139)
    ,(#6140,#6141
    )),.UNSPECIFIED.,.F.,.F.,.F.,(4,1,1,1,1,1,1,1,1,1,1,1,1,1,1,1,1,1,1,
    1,1,1,1,1,1,1,1,1,1,1,1,1,1,1,1,1,1,1,1,1,1,1,1,1,1,1,1,4),(2,2),(0.
    ,3.010134173011,5.734866089906,8.204243200285,10.280216915947,
    12.332164523515,14.201956865391,15.911237845672,17.363900720308,
    18.819208714806,20.167747400886,21.42468716853,22.515414853025,
    23.632925452475,24.694050367351,25.707901186754,26.608581862701,
    27.552388564938,28.468532489134,29.361872223827,30.169943636586,
    31.030962627216,31.880548884696,32.72227944396,33.495545472128,
    34.332992621126,35.174663745336,36.025783427864,36.825011523752,
    37.711824801461,38.627874308414,39.58148948206,40.502911686362,
    41.554574841448,42.671594637474,43.864256147866,45.041219012251,
    46.408073524505,47.880684921353,49.469922617188,51.049935999727,
    52.894334824252,54.887680127977,57.041280206621,59.18142193199,
    61.675679145654,64.364419403117,67.031728548195),(-22.4,0.),
  .UNSPECIFIED.);
#6042 = CARTESIAN_POINT('',(0.112044317377,47.50629678931,22.4));
#6043 = CARTESIAN_POINT('',(0.112044317377,47.50629678931,0.));
#6044 = CARTESIAN_POINT('',(-0.867145985927,47.378605176017,22.4));
#6045 = CARTESIAN_POINT('',(-0.867145985927,47.378605176017,0.));
#6046 = CARTESIAN_POINT('',(-2.789167280934,47.157240471303,22.4));
#6047 = CARTESIAN_POINT('',(-2.789167280934,47.157240471303,0.));
#6048 = CARTESIAN_POINT('',(-5.476471585653,46.689093504147,22.4));
#6049 = CARTESIAN_POINT('',(-5.476471585653,46.689093504147,0.));
#6050 = CARTESIAN_POINT('',(-7.848475237921,46.180738326391,22.4));
#6051 = CARTESIAN_POINT('',(-7.848475237921,46.180738326391,0.));
#6052 = CARTESIAN_POINT('',(-9.975558559665,45.621165975043,22.4));
#6053 = CARTESIAN_POINT('',(-9.975558559665,45.621165975043,0.));
#6054 = CARTESIAN_POINT('',(-11.88382984293,45.021767225061,22.4));
#6055 = CARTESIAN_POINT('',(-11.88382984293,45.021767225061,0.));
#6056 = CARTESIAN_POINT('',(-13.64327436068,44.365370847082,22.4));
#6057 = CARTESIAN_POINT('',(-13.64327436068,44.365370847082,0.));
#6058 = CARTESIAN_POINT('',(-15.18054278429,43.692245683265,22.4));
#6059 = CARTESIAN_POINT('',(-15.18054278429,43.692245683265,0.));
#6060 = CARTESIAN_POINT('',(-16.5540447889,42.996125865202,22.4));
#6061 = CARTESIAN_POINT('',(-16.5540447889,42.996125865202,0.));
#6062 = CARTESIAN_POINT('',(-17.78099451573,42.28178489339,22.4));
#6063 = CARTESIAN_POINT('',(-17.78099451573,42.28178489339,0.));
#6064 = CARTESIAN_POINT('',(-18.90657583563,41.528309601515,22.4));
#6065 = CARTESIAN_POINT('',(-18.90657583563,41.528309601515,0.));
#6066 = CARTESIAN_POINT('',(-19.88506061512,40.77816037445,22.4));
#6067 = CARTESIAN_POINT('',(-19.88506061512,40.77816037445,0.));
#6068 = CARTESIAN_POINT('',(-20.75634719976,40.018822635305,22.4));
#6069 = CARTESIAN_POINT('',(-20.75634719976,40.018822635305,0.));
#6070 = CARTESIAN_POINT('',(-21.53181991634,39.252001177527,22.4));
#6071 = CARTESIAN_POINT('',(-21.53181991634,39.252001177527,0.));
#6072 = CARTESIAN_POINT('',(-22.23824036849,38.455118626687,22.4));
#6073 = CARTESIAN_POINT('',(-22.23824036849,38.455118626687,0.));
#6074 = CARTESIAN_POINT('',(-22.84666151334,37.670844465421,22.4));
#6075 = CARTESIAN_POINT('',(-22.84666151334,37.670844465421,0.));
#6076 = CARTESIAN_POINT('',(-23.38266359922,36.882464459251,22.4));
#6077 = CARTESIAN_POINT('',(-23.38266359922,36.882464459251,0.));
#6078 = CARTESIAN_POINT('',(-23.85209589851,36.090240930542,22.4));
#6079 = CARTESIAN_POINT('',(-23.85209589851,36.090240930542,0.));
#6080 = CARTESIAN_POINT('',(-24.26838895294,35.2716182404,22.4));
#6081 = CARTESIAN_POINT('',(-24.26838895294,35.2716182404,0.));
#6082 = CARTESIAN_POINT('',(-24.61321484189,34.469457333306,22.4));
#6083 = CARTESIAN_POINT('',(-24.61321484189,34.469457333306,0.));
#6084 = CARTESIAN_POINT('',(-24.90115169002,33.664781375549,22.4));
#6085 = CARTESIAN_POINT('',(-24.90115169002,33.664781375549,0.));
#6086 = CARTESIAN_POINT('',(-25.13390222152,32.857484457088,22.4));
#6087 = CARTESIAN_POINT('',(-25.13390222152,32.857484457088,0.));
#6088 = CARTESIAN_POINT('',(-25.31471719703,32.025488796271,22.4));
#6089 = CARTESIAN_POINT('',(-25.31471719703,32.025488796271,0.));
#6090 = CARTESIAN_POINT('',(-25.43405364616,31.211997089044,22.4));
#6091 = CARTESIAN_POINT('',(-25.43405364616,31.211997089044,0.));
#6092 = CARTESIAN_POINT('',(-25.4977897284,30.396429492387,22.4));
#6093 = CARTESIAN_POINT('',(-25.4977897284,30.396429492387,0.));
#6094 = CARTESIAN_POINT('',(-25.50457377154,29.578244309047,22.4));
#6095 = CARTESIAN_POINT('',(-25.50457377154,29.578244309047,0.));
#6096 = CARTESIAN_POINT('',(-25.44834800186,28.7358986742,22.4));
#6097 = CARTESIAN_POINT('',(-25.44834800186,28.7358986742,0.));
#6098 = CARTESIAN_POINT('',(-25.32900449697,27.912965863135,22.4));
#6099 = CARTESIAN_POINT('',(-25.32900449697,27.912965863135,0.));
#6100 = CARTESIAN_POINT('',(-25.14390693436,27.086977756782,22.4));
#6101 = CARTESIAN_POINT('',(-25.14390693436,27.086977756782,0.));
#6102 = CARTESIAN_POINT('',(-24.88844777048,26.257054110686,22.4));
#6103 = CARTESIAN_POINT('',(-24.88844777048,26.257054110686,0.));
#6104 = CARTESIAN_POINT('',(-24.54633610292,25.40317303539,22.4));
#6105 = CARTESIAN_POINT('',(-24.54633610292,25.40317303539,0.));
#6106 = CARTESIAN_POINT('',(-24.12945797872,24.570221961615,22.4));
#6107 = CARTESIAN_POINT('',(-24.12945797872,24.570221961615,0.));
#6108 = CARTESIAN_POINT('',(-23.62455827449,23.73441880244,22.4));
#6109 = CARTESIAN_POINT('',(-23.62455827449,23.73441880244,0.));
#6110 = CARTESIAN_POINT('',(-23.02370237878,22.896348770442,22.4));
#6111 = CARTESIAN_POINT('',(-23.02370237878,22.896348770442,0.));
#6112 = CARTESIAN_POINT('',(-22.29895895778,22.040430936586,22.4));
#6113 = CARTESIAN_POINT('',(-22.29895895778,22.040430936586,0.));
#6114 = CARTESIAN_POINT('',(-21.4823540246,21.211718502075,22.4));
#6115 = CARTESIAN_POINT('',(-21.4823540246,21.211718502075,0.));
#6116 = CARTESIAN_POINT('',(-20.53907837348,20.396570941608,22.4));
#6117 = CARTESIAN_POINT('',(-20.53907837348,20.396570941608,0.));
#6118 = CARTESIAN_POINT('',(-19.46246005504,19.598806375332,22.4));
#6119 = CARTESIAN_POINT('',(-19.46246005504,19.598806375332,0.));
#6120 = CARTESIAN_POINT('',(-18.21914766577,18.800959350008,22.4));
#6121 = CARTESIAN_POINT('',(-18.21914766577,18.800959350008,0.));
#6122 = CARTESIAN_POINT('',(-16.86372400721,18.052456378211,22.4));
#6123 = CARTESIAN_POINT('',(-16.86372400721,18.052456378211,0.));
#6124 = CARTESIAN_POINT('',(-15.35433410195,17.332908165115,22.4));
#6125 = CARTESIAN_POINT('',(-15.35433410195,17.332908165115,0.));
#6126 = CARTESIAN_POINT('',(-13.68154318819,16.650398469633,22.4));
#6127 = CARTESIAN_POINT('',(-13.68154318819,16.650398469633,0.));
#6128 = CARTESIAN_POINT('',(-11.7902920039,16.001691977485,22.4));
#6129 = CARTESIAN_POINT('',(-11.7902920039,16.001691977485,0.));
#6130 = CARTESIAN_POINT('',(-9.778497430159,15.430186626944,22.4));
#6131 = CARTESIAN_POINT('',(-9.778497430159,15.430186626944,0.));
#6132 = CARTESIAN_POINT('',(-7.55174154643,14.91911532609,22.4));
#6133 = CARTESIAN_POINT('',(-7.55174154643,14.91911532609,0.));
#6134 = CARTESIAN_POINT('',(-5.242708683599,14.4963157594,22.4));
#6135 = CARTESIAN_POINT('',(-5.242708683599,14.4963157594,0.));
#6136 = CARTESIAN_POINT('',(-2.259005341862,14.1111192811,22.4));
#6137 = CARTESIAN_POINT('',(-2.259005341862,14.1111192811,0.));
#6138 = CARTESIAN_POINT('',(-1.452824247307,14.069551089127,22.4));
#6139 = CARTESIAN_POINT('',(-1.452824247307,14.069551089127,0.));
#6140 = CARTESIAN_POINT('',(9.659132507772E-02,13.934913076131,22.4));
#6141 = CARTESIAN_POINT('',(9.659132507772E-02,13.934913076131,0.));
#6142 = DEFINITIONAL_REPRESENTATION('',(#6143),#6147);
#6143 = LINE('',#6144,#6145);
#6144 = CARTESIAN_POINT('',(0.,0.));
#6145 = VECTOR('',#6146,1.);
#6146 = DIRECTION('',(1.,0.));
#6147 = ( GEOMETRIC_REPRESENTATION_CONTEXT(2) 
PARAMETRIC_REPRESENTATION_CONTEXT() REPRESENTATION_CONTEXT('2D SPACE',''
  ) );
#6148 = ORIENTED_EDGE('',*,*,#6149,.F.);
#6149 = EDGE_CURVE('',#6150,#5932,#6152,.T.);
#6150 = VERTEX_POINT('',#6151);
#6151 = CARTESIAN_POINT('',(5.043469858274,48.149460377805,0.));
#6152 = SURFACE_CURVE('',#6153,(#6157,#6164),.PCURVE_S1.);
#6153 = LINE('',#6154,#6155);
#6154 = CARTESIAN_POINT('',(11.453495601611,48.985465124352,0.));
#6155 = VECTOR('',#6156,1.);
#6156 = DIRECTION('',(-0.991602108777,-0.129326168539,0.));
#6157 = PCURVE('',#45,#6158);
#6158 = DEFINITIONAL_REPRESENTATION('',(#6159),#6163);
#6159 = LINE('',#6160,#6161);
#6160 = CARTESIAN_POINT('',(11.453495601611,48.985465124352));
#6161 = VECTOR('',#6162,1.);
#6162 = DIRECTION('',(-0.991602108777,-0.129326168539));
#6163 = ( GEOMETRIC_REPRESENTATION_CONTEXT(2) 
PARAMETRIC_REPRESENTATION_CONTEXT() REPRESENTATION_CONTEXT('2D SPACE',''
  ) );
#6164 = PCURVE('',#6165,#6170);
#6165 = PLANE('',#6166);
#6166 = AXIS2_PLACEMENT_3D('',#6167,#6168,#6169);
#6167 = CARTESIAN_POINT('',(5.41024220217,48.197295352683,0.));
#6168 = DIRECTION('',(0.129326168539,-0.991602108777,0.));
#6169 = DIRECTION('',(-0.991602108777,-0.129326168539,0.));
#6170 = DEFINITIONAL_REPRESENTATION('',(#6171),#6175);
#6171 = LINE('',#6172,#6173);
#6172 = CARTESIAN_POINT('',(-6.094433791488,0.));
#6173 = VECTOR('',#6174,1.);
#6174 = DIRECTION('',(1.,0.));
#6175 = ( GEOMETRIC_REPRESENTATION_CONTEXT(2) 
PARAMETRIC_REPRESENTATION_CONTEXT() REPRESENTATION_CONTEXT('2D SPACE',''
  ) );
#6176 = ORIENTED_EDGE('',*,*,#6177,.F.);
#6177 = EDGE_CURVE('',#5657,#6150,#6178,.T.);
#6178 = SURFACE_CURVE('',#6179,(#6184,#6191),.PCURVE_S1.);
#6179 = CIRCLE('',#6180,3.);
#6180 = AXIS2_PLACEMENT_3D('',#6181,#6182,#6183);
#6181 = CARTESIAN_POINT('',(5.431448363891,45.174654051474,0.));
#6182 = DIRECTION('',(0.,0.,1.));
#6183 = DIRECTION('',(0.,-1.,0.));
#6184 = PCURVE('',#45,#6185);
#6185 = DEFINITIONAL_REPRESENTATION('',(#6186),#6190);
#6186 = CIRCLE('',#6187,3.);
#6187 = AXIS2_PLACEMENT_2D('',#6188,#6189);
#6188 = CARTESIAN_POINT('',(5.431448363891,45.174654051474));
#6189 = DIRECTION('',(0.,-1.));
#6190 = ( GEOMETRIC_REPRESENTATION_CONTEXT(2) 
PARAMETRIC_REPRESENTATION_CONTEXT() REPRESENTATION_CONTEXT('2D SPACE',''
  ) );
#6191 = PCURVE('',#6192,#6197);
#6192 = CYLINDRICAL_SURFACE('',#6193,3.);
#6193 = AXIS2_PLACEMENT_3D('',#6194,#6195,#6196);
#6194 = CARTESIAN_POINT('',(5.431448363891,45.174654051474,0.));
#6195 = DIRECTION('',(0.,0.,1.));
#6196 = DIRECTION('',(0.119372491514,0.992849539593,-0.));
#6197 = DEFINITIONAL_REPRESENTATION('',(#6198),#6202);
#6198 = LINE('',#6199,#6200);
#6199 = CARTESIAN_POINT('',(-3.021934823028,0.));
#6200 = VECTOR('',#6201,1.);
#6201 = DIRECTION('',(1.,0.));
#6202 = ( GEOMETRIC_REPRESENTATION_CONTEXT(2) 
PARAMETRIC_REPRESENTATION_CONTEXT() REPRESENTATION_CONTEXT('2D SPACE',''
  ) );
#6203 = FACE_BOUND('',#6204,.F.);
#6204 = EDGE_LOOP('',(#6205,#6236,#6454,#6482,#6700,#6728));
#6205 = ORIENTED_EDGE('',*,*,#6206,.F.);
#6206 = EDGE_CURVE('',#6207,#6209,#6211,.T.);
#6207 = VERTEX_POINT('',#6208);
#6208 = CARTESIAN_POINT('',(33.905790645895,34.679206459732,0.));
#6209 = VERTEX_POINT('',#6210);
#6210 = CARTESIAN_POINT('',(29.090512428093,38.807113866803,0.));
#6211 = SURFACE_CURVE('',#6212,(#6217,#6224),.PCURVE_S1.);
#6212 = CIRCLE('',#6213,48.5);
#6213 = AXIS2_PLACEMENT_3D('',#6214,#6215,#6216);
#6214 = CARTESIAN_POINT('',(0.,0.,0.));
#6215 = DIRECTION('',(0.,0.,1.));
#6216 = DIRECTION('',(1.,0.,-0.));
#6217 = PCURVE('',#45,#6218);
#6218 = DEFINITIONAL_REPRESENTATION('',(#6219),#6223);
#6219 = CIRCLE('',#6220,48.5);
#6220 = AXIS2_PLACEMENT_2D('',#6221,#6222);
#6221 = CARTESIAN_POINT('',(1.75032336965E-15,-3.209892110372E-15));
#6222 = DIRECTION('',(1.,0.));
#6223 = ( GEOMETRIC_REPRESENTATION_CONTEXT(2) 
PARAMETRIC_REPRESENTATION_CONTEXT() REPRESENTATION_CONTEXT('2D SPACE',''
  ) );
#6224 = PCURVE('',#6225,#6230);
#6225 = CYLINDRICAL_SURFACE('',#6226,48.5);
#6226 = AXIS2_PLACEMENT_3D('',#6227,#6228,#6229);
#6227 = CARTESIAN_POINT('',(0.,0.,0.));
#6228 = DIRECTION('',(-0.,-0.,-1.));
#6229 = DIRECTION('',(1.,0.,-0.));
#6230 = DEFINITIONAL_REPRESENTATION('',(#6231),#6235);
#6231 = LINE('',#6232,#6233);
#6232 = CARTESIAN_POINT('',(-0.,0.));
#6233 = VECTOR('',#6234,1.);
#6234 = DIRECTION('',(-1.,0.));
#6235 = ( GEOMETRIC_REPRESENTATION_CONTEXT(2) 
PARAMETRIC_REPRESENTATION_CONTEXT() REPRESENTATION_CONTEXT('2D SPACE',''
  ) );
#6236 = ORIENTED_EDGE('',*,*,#6237,.F.);
#6237 = EDGE_CURVE('',#6238,#6207,#6240,.T.);
#6238 = VERTEX_POINT('',#6239);
#6239 = CARTESIAN_POINT('',(8.093277400445,10.012977193509,0.));
#6240 = SURFACE_CURVE('',#6241,(#6292,#6346),.PCURVE_S1.);
#6241 = B_SPLINE_CURVE_WITH_KNOTS('',3,(#6242,#6243,#6244,#6245,#6246,
    #6247,#6248,#6249,#6250,#6251,#6252,#6253,#6254,#6255,#6256,#6257,
    #6258,#6259,#6260,#6261,#6262,#6263,#6264,#6265,#6266,#6267,#6268,
    #6269,#6270,#6271,#6272,#6273,#6274,#6275,#6276,#6277,#6278,#6279,
    #6280,#6281,#6282,#6283,#6284,#6285,#6286,#6287,#6288,#6289,#6290,
    #6291),.UNSPECIFIED.,.F.,.F.,(4,1,1,1,1,1,1,1,1,1,1,1,1,1,1,1,1,1,1,
    1,1,1,1,1,1,1,1,1,1,1,1,1,1,1,1,1,1,1,1,1,1,1,1,1,1,1,1,4),(0.,
    2.766464139392,5.568319295326,8.177275145496,10.425160909405,
    12.698001103747,14.813706991925,16.784063111389,18.483896399813,
    20.207074900357,21.81810245116,23.327840693167,24.640860133639,
    25.985974841284,27.260500260188,28.473662841808,29.546573791048,
    30.665502050481,31.746604132965,32.796723932319,33.744037531687,
    34.751762028128,35.745458780463,36.730106112805,37.635070035337,
    38.615335519513,39.599805338773,40.592877392801,41.521106716853,
    42.54355210237,43.588460947472,44.661307186429,45.681682040739,
    46.825929386569,48.018033969658,49.266638650819,50.477859791669,
    51.863921967174,53.33914083985,54.917675284274,56.480212616324,
    58.303578905337,60.281721918016,62.435877257802,64.600562295301,
    67.15990258556,69.968318443063,73.053194077155),.UNSPECIFIED.);
#6242 = CARTESIAN_POINT('',(9.880760870129,5.816194003237,0.));
#6243 = CARTESIAN_POINT('',(9.514229607782,6.644893632948,0.));
#6244 = CARTESIAN_POINT('',(8.726866094648,8.352347400098,0.));
#6245 = CARTESIAN_POINT('',(7.7482593467,10.887993749709,0.));
#6246 = CARTESIAN_POINT('',(6.930325714986,13.309551340651,0.));
#6247 = CARTESIAN_POINT('',(6.282227562072,15.596472714268,0.));
#6248 = CARTESIAN_POINT('',(5.784587849339,17.753095600056,0.));
#6249 = CARTESIAN_POINT('',(5.420650667977,19.842322197231,0.));
#6250 = CARTESIAN_POINT('',(5.197909862873,21.759171458359,0.));
#6251 = CARTESIAN_POINT('',(5.09325654643,23.554840433903,0.));
#6252 = CARTESIAN_POINT('',(5.096182803092,25.233988650288,0.));
#6253 = CARTESIAN_POINT('',(5.204221968676,26.84626796173,0.));
#6254 = CARTESIAN_POINT('',(5.40645938795,28.311519496028,0.));
#6255 = CARTESIAN_POINT('',(5.684731680676,29.67345682684,0.));
#6256 = CARTESIAN_POINT('',(6.029671265133,30.939404020728,0.));
#6257 = CARTESIAN_POINT('',(6.463046947933,32.142717773021,0.));
#6258 = CARTESIAN_POINT('',(6.953135511264,33.225097171634,0.));
#6259 = CARTESIAN_POINT('',(7.501765821777,34.219909801662,0.));
#6260 = CARTESIAN_POINT('',(8.103348380965,35.131557866637,0.));
#6261 = CARTESIAN_POINT('',(8.773662220142,35.98423564359,0.));
#6262 = CARTESIAN_POINT('',(9.472911294482,36.736889822995,0.));
#6263 = CARTESIAN_POINT('',(10.210562413316,37.415932987509,0.));
#6264 = CARTESIAN_POINT('',(10.983223783895,38.025137547808,0.));
#6265 = CARTESIAN_POINT('',(11.810920694616,38.579708525196,0.));
#6266 = CARTESIAN_POINT('',(12.647944644491,39.053849169501,0.));
#6267 = CARTESIAN_POINT('',(13.511727729372,39.466516974331,0.));
#6268 = CARTESIAN_POINT('',(14.401480006344,39.819864618852,0.));
#6269 = CARTESIAN_POINT('',(15.341220066294,40.120559724494,0.));
#6270 = CARTESIAN_POINT('',(16.282054297583,40.353766913347,0.));
#6271 = CARTESIAN_POINT('',(17.248008569068,40.529562100358,0.));
#6272 = CARTESIAN_POINT('',(18.24033408098,40.6468681278,0.));
#6273 = CARTESIAN_POINT('',(19.286301750346,40.702571646904,0.));
#6274 = CARTESIAN_POINT('',(20.333018059347,40.690773546609,0.));
#6275 = CARTESIAN_POINT('',(21.40988875719,40.611540977013,0.));
#6276 = CARTESIAN_POINT('',(22.51924911683,40.459586241324,0.));
#6277 = CARTESIAN_POINT('',(23.690861718162,40.220118190322,0.));
#6278 = CARTESIAN_POINT('',(24.865796011915,39.898343255104,0.));
#6279 = CARTESIAN_POINT('',(26.079196979185,39.482382877746,0.));
#6280 = CARTESIAN_POINT('',(27.334096898428,38.962135973849,0.));
#6281 = CARTESIAN_POINT('',(28.662941662182,38.308441689941,0.));
#6282 = CARTESIAN_POINT('',(29.999288568651,37.543611043779,0.));
#6283 = CARTESIAN_POINT('',(31.386012320233,36.639006909525,0.));
#6284 = CARTESIAN_POINT('',(32.82677755251,35.578999051327,0.));
#6285 = CARTESIAN_POINT('',(34.359454096698,34.31357817388,0.));
#6286 = CARTESIAN_POINT('',(35.902743138997,32.897984237978,0.));
#6287 = CARTESIAN_POINT('',(37.531403832696,31.250328750885,0.));
#6288 = CARTESIAN_POINT('',(39.150485003839,29.471625150961,0.));
#6289 = CARTESIAN_POINT('',(41.240079304722,26.939646055038,0.));
#6290 = CARTESIAN_POINT('',(41.640230451155,26.367931517952,0.));
#6291 = CARTESIAN_POINT('',(42.806782149136,24.843884830543,0.));
#6292 = PCURVE('',#45,#6293);
#6293 = DEFINITIONAL_REPRESENTATION('',(#6294),#6345);
#6294 = B_SPLINE_CURVE_WITH_KNOTS('',3,(#6295,#6296,#6297,#6298,#6299,
    #6300,#6301,#6302,#6303,#6304,#6305,#6306,#6307,#6308,#6309,#6310,
    #6311,#6312,#6313,#6314,#6315,#6316,#6317,#6318,#6319,#6320,#6321,
    #6322,#6323,#6324,#6325,#6326,#6327,#6328,#6329,#6330,#6331,#6332,
    #6333,#6334,#6335,#6336,#6337,#6338,#6339,#6340,#6341,#6342,#6343,
    #6344),.UNSPECIFIED.,.F.,.F.,(4,1,1,1,1,1,1,1,1,1,1,1,1,1,1,1,1,1,1,
    1,1,1,1,1,1,1,1,1,1,1,1,1,1,1,1,1,1,1,1,1,1,1,1,1,1,1,1,4),(0.,
    2.766464139392,5.568319295326,8.177275145496,10.425160909405,
    12.698001103747,14.813706991925,16.784063111389,18.483896399813,
    20.207074900357,21.81810245116,23.327840693167,24.640860133639,
    25.985974841284,27.260500260188,28.473662841808,29.546573791048,
    30.665502050481,31.746604132965,32.796723932319,33.744037531687,
    34.751762028128,35.745458780463,36.730106112805,37.635070035337,
    38.615335519513,39.599805338773,40.592877392801,41.521106716853,
    42.54355210237,43.588460947472,44.661307186429,45.681682040739,
    46.825929386569,48.018033969658,49.266638650819,50.477859791669,
    51.863921967174,53.33914083985,54.917675284274,56.480212616324,
    58.303578905337,60.281721918016,62.435877257802,64.600562295301,
    67.15990258556,69.968318443063,73.053194077155),.UNSPECIFIED.);
#6295 = CARTESIAN_POINT('',(9.880760870129,5.816194003237));
#6296 = CARTESIAN_POINT('',(9.514229607782,6.644893632948));
#6297 = CARTESIAN_POINT('',(8.726866094648,8.352347400098));
#6298 = CARTESIAN_POINT('',(7.7482593467,10.887993749709));
#6299 = CARTESIAN_POINT('',(6.930325714986,13.309551340651));
#6300 = CARTESIAN_POINT('',(6.282227562072,15.596472714268));
#6301 = CARTESIAN_POINT('',(5.784587849339,17.753095600056));
#6302 = CARTESIAN_POINT('',(5.420650667977,19.842322197231));
#6303 = CARTESIAN_POINT('',(5.197909862873,21.759171458359));
#6304 = CARTESIAN_POINT('',(5.09325654643,23.554840433903));
#6305 = CARTESIAN_POINT('',(5.096182803092,25.233988650288));
#6306 = CARTESIAN_POINT('',(5.204221968676,26.84626796173));
#6307 = CARTESIAN_POINT('',(5.40645938795,28.311519496028));
#6308 = CARTESIAN_POINT('',(5.684731680676,29.67345682684));
#6309 = CARTESIAN_POINT('',(6.029671265133,30.939404020728));
#6310 = CARTESIAN_POINT('',(6.463046947933,32.142717773021));
#6311 = CARTESIAN_POINT('',(6.953135511264,33.225097171634));
#6312 = CARTESIAN_POINT('',(7.501765821777,34.219909801662));
#6313 = CARTESIAN_POINT('',(8.103348380965,35.131557866637));
#6314 = CARTESIAN_POINT('',(8.773662220142,35.98423564359));
#6315 = CARTESIAN_POINT('',(9.472911294482,36.736889822995));
#6316 = CARTESIAN_POINT('',(10.210562413316,37.415932987509));
#6317 = CARTESIAN_POINT('',(10.983223783895,38.025137547808));
#6318 = CARTESIAN_POINT('',(11.810920694616,38.579708525196));
#6319 = CARTESIAN_POINT('',(12.647944644491,39.053849169501));
#6320 = CARTESIAN_POINT('',(13.511727729372,39.466516974331));
#6321 = CARTESIAN_POINT('',(14.401480006344,39.819864618852));
#6322 = CARTESIAN_POINT('',(15.341220066294,40.120559724494));
#6323 = CARTESIAN_POINT('',(16.282054297583,40.353766913347));
#6324 = CARTESIAN_POINT('',(17.248008569068,40.529562100358));
#6325 = CARTESIAN_POINT('',(18.24033408098,40.6468681278));
#6326 = CARTESIAN_POINT('',(19.286301750346,40.702571646904));
#6327 = CARTESIAN_POINT('',(20.333018059347,40.690773546609));
#6328 = CARTESIAN_POINT('',(21.40988875719,40.611540977013));
#6329 = CARTESIAN_POINT('',(22.51924911683,40.459586241324));
#6330 = CARTESIAN_POINT('',(23.690861718162,40.220118190322));
#6331 = CARTESIAN_POINT('',(24.865796011915,39.898343255104));
#6332 = CARTESIAN_POINT('',(26.079196979185,39.482382877746));
#6333 = CARTESIAN_POINT('',(27.334096898428,38.962135973849));
#6334 = CARTESIAN_POINT('',(28.662941662182,38.308441689941));
#6335 = CARTESIAN_POINT('',(29.999288568651,37.543611043779));
#6336 = CARTESIAN_POINT('',(31.386012320233,36.639006909525));
#6337 = CARTESIAN_POINT('',(32.82677755251,35.578999051327));
#6338 = CARTESIAN_POINT('',(34.359454096698,34.31357817388));
#6339 = CARTESIAN_POINT('',(35.902743138997,32.897984237978));
#6340 = CARTESIAN_POINT('',(37.531403832696,31.250328750885));
#6341 = CARTESIAN_POINT('',(39.150485003839,29.471625150961));
#6342 = CARTESIAN_POINT('',(41.240079304722,26.939646055038));
#6343 = CARTESIAN_POINT('',(41.640230451155,26.367931517952));
#6344 = CARTESIAN_POINT('',(42.806782149136,24.843884830543));
#6345 = ( GEOMETRIC_REPRESENTATION_CONTEXT(2) 
PARAMETRIC_REPRESENTATION_CONTEXT() REPRESENTATION_CONTEXT('2D SPACE',''
  ) );
#6346 = PCURVE('',#6347,#6448);
#6347 = B_SPLINE_SURFACE_WITH_KNOTS('',3,1,(
    (#6348,#6349)
    ,(#6350,#6351)
    ,(#6352,#6353)
    ,(#6354,#6355)
    ,(#6356,#6357)
    ,(#6358,#6359)
    ,(#6360,#6361)
    ,(#6362,#6363)
    ,(#6364,#6365)
    ,(#6366,#6367)
    ,(#6368,#6369)
    ,(#6370,#6371)
    ,(#6372,#6373)
    ,(#6374,#6375)
    ,(#6376,#6377)
    ,(#6378,#6379)
    ,(#6380,#6381)
    ,(#6382,#6383)
    ,(#6384,#6385)
    ,(#6386,#6387)
    ,(#6388,#6389)
    ,(#6390,#6391)
    ,(#6392,#6393)
    ,(#6394,#6395)
    ,(#6396,#6397)
    ,(#6398,#6399)
    ,(#6400,#6401)
    ,(#6402,#6403)
    ,(#6404,#6405)
    ,(#6406,#6407)
    ,(#6408,#6409)
    ,(#6410,#6411)
    ,(#6412,#6413)
    ,(#6414,#6415)
    ,(#6416,#6417)
    ,(#6418,#6419)
    ,(#6420,#6421)
    ,(#6422,#6423)
    ,(#6424,#6425)
    ,(#6426,#6427)
    ,(#6428,#6429)
    ,(#6430,#6431)
    ,(#6432,#6433)
    ,(#6434,#6435)
    ,(#6436,#6437)
    ,(#6438,#6439)
    ,(#6440,#6441)
    ,(#6442,#6443)
    ,(#6444,#6445)
    ,(#6446,#6447
    )),.UNSPECIFIED.,.F.,.F.,.F.,(4,1,1,1,1,1,1,1,1,1,1,1,1,1,1,1,1,1,1,
    1,1,1,1,1,1,1,1,1,1,1,1,1,1,1,1,1,1,1,1,1,1,1,1,1,1,1,1,4),(2,2),(0.
    ,2.766464139392,5.568319295326,8.177275145496,10.425160909405,
    12.698001103747,14.813706991925,16.784063111389,18.483896399813,
    20.207074900357,21.81810245116,23.327840693167,24.640860133639,
    25.985974841284,27.260500260188,28.473662841808,29.546573791048,
    30.665502050481,31.746604132965,32.796723932319,33.744037531687,
    34.751762028128,35.745458780463,36.730106112805,37.635070035337,
    38.615335519513,39.599805338773,40.592877392801,41.521106716853,
    42.54355210237,43.588460947472,44.661307186429,45.681682040739,
    46.825929386569,48.018033969658,49.266638650819,50.477859791669,
    51.863921967174,53.33914083985,54.917675284274,56.480212616324,
    58.303578905337,60.281721918016,62.435877257802,64.600562295301,
    67.15990258556,69.968318443063,73.053194077155),(-22.4,0.),
  .UNSPECIFIED.);
#6348 = CARTESIAN_POINT('',(9.880760870129,5.816194003237,22.4));
#6349 = CARTESIAN_POINT('',(9.880760870129,5.816194003237,0.));
#6350 = CARTESIAN_POINT('',(9.514229607782,6.644893632948,22.4));
#6351 = CARTESIAN_POINT('',(9.514229607782,6.644893632948,0.));
#6352 = CARTESIAN_POINT('',(8.726866094648,8.352347400098,22.4));
#6353 = CARTESIAN_POINT('',(8.726866094648,8.352347400098,0.));
#6354 = CARTESIAN_POINT('',(7.7482593467,10.887993749709,22.4));
#6355 = CARTESIAN_POINT('',(7.7482593467,10.887993749709,0.));
#6356 = CARTESIAN_POINT('',(6.930325714986,13.309551340651,22.4));
#6357 = CARTESIAN_POINT('',(6.930325714986,13.309551340651,0.));
#6358 = CARTESIAN_POINT('',(6.282227562072,15.596472714268,22.4));
#6359 = CARTESIAN_POINT('',(6.282227562072,15.596472714268,0.));
#6360 = CARTESIAN_POINT('',(5.784587849339,17.753095600056,22.4));
#6361 = CARTESIAN_POINT('',(5.784587849339,17.753095600056,0.));
#6362 = CARTESIAN_POINT('',(5.420650667977,19.842322197231,22.4));
#6363 = CARTESIAN_POINT('',(5.420650667977,19.842322197231,0.));
#6364 = CARTESIAN_POINT('',(5.197909862873,21.759171458359,22.4));
#6365 = CARTESIAN_POINT('',(5.197909862873,21.759171458359,0.));
#6366 = CARTESIAN_POINT('',(5.09325654643,23.554840433903,22.4));
#6367 = CARTESIAN_POINT('',(5.09325654643,23.554840433903,0.));
#6368 = CARTESIAN_POINT('',(5.096182803092,25.233988650288,22.4));
#6369 = CARTESIAN_POINT('',(5.096182803092,25.233988650288,0.));
#6370 = CARTESIAN_POINT('',(5.204221968676,26.84626796173,22.4));
#6371 = CARTESIAN_POINT('',(5.204221968676,26.84626796173,0.));
#6372 = CARTESIAN_POINT('',(5.40645938795,28.311519496028,22.4));
#6373 = CARTESIAN_POINT('',(5.40645938795,28.311519496028,0.));
#6374 = CARTESIAN_POINT('',(5.684731680676,29.67345682684,22.4));
#6375 = CARTESIAN_POINT('',(5.684731680676,29.67345682684,0.));
#6376 = CARTESIAN_POINT('',(6.029671265133,30.939404020728,22.4));
#6377 = CARTESIAN_POINT('',(6.029671265133,30.939404020728,0.));
#6378 = CARTESIAN_POINT('',(6.463046947933,32.142717773021,22.4));
#6379 = CARTESIAN_POINT('',(6.463046947933,32.142717773021,0.));
#6380 = CARTESIAN_POINT('',(6.953135511264,33.225097171634,22.4));
#6381 = CARTESIAN_POINT('',(6.953135511264,33.225097171634,0.));
#6382 = CARTESIAN_POINT('',(7.501765821777,34.219909801662,22.4));
#6383 = CARTESIAN_POINT('',(7.501765821777,34.219909801662,0.));
#6384 = CARTESIAN_POINT('',(8.103348380965,35.131557866637,22.4));
#6385 = CARTESIAN_POINT('',(8.103348380965,35.131557866637,0.));
#6386 = CARTESIAN_POINT('',(8.773662220142,35.98423564359,22.4));
#6387 = CARTESIAN_POINT('',(8.773662220142,35.98423564359,0.));
#6388 = CARTESIAN_POINT('',(9.472911294482,36.736889822995,22.4));
#6389 = CARTESIAN_POINT('',(9.472911294482,36.736889822995,0.));
#6390 = CARTESIAN_POINT('',(10.210562413316,37.415932987509,22.4));
#6391 = CARTESIAN_POINT('',(10.210562413316,37.415932987509,0.));
#6392 = CARTESIAN_POINT('',(10.983223783895,38.025137547808,22.4));
#6393 = CARTESIAN_POINT('',(10.983223783895,38.025137547808,0.));
#6394 = CARTESIAN_POINT('',(11.810920694616,38.579708525196,22.4));
#6395 = CARTESIAN_POINT('',(11.810920694616,38.579708525196,0.));
#6396 = CARTESIAN_POINT('',(12.647944644491,39.053849169501,22.4));
#6397 = CARTESIAN_POINT('',(12.647944644491,39.053849169501,0.));
#6398 = CARTESIAN_POINT('',(13.511727729372,39.466516974331,22.4));
#6399 = CARTESIAN_POINT('',(13.511727729372,39.466516974331,0.));
#6400 = CARTESIAN_POINT('',(14.401480006344,39.819864618852,22.4));
#6401 = CARTESIAN_POINT('',(14.401480006344,39.819864618852,0.));
#6402 = CARTESIAN_POINT('',(15.341220066294,40.120559724494,22.4));
#6403 = CARTESIAN_POINT('',(15.341220066294,40.120559724494,0.));
#6404 = CARTESIAN_POINT('',(16.282054297583,40.353766913347,22.4));
#6405 = CARTESIAN_POINT('',(16.282054297583,40.353766913347,0.));
#6406 = CARTESIAN_POINT('',(17.248008569068,40.529562100358,22.4));
#6407 = CARTESIAN_POINT('',(17.248008569068,40.529562100358,0.));
#6408 = CARTESIAN_POINT('',(18.24033408098,40.6468681278,22.4));
#6409 = CARTESIAN_POINT('',(18.24033408098,40.6468681278,0.));
#6410 = CARTESIAN_POINT('',(19.286301750346,40.702571646904,22.4));
#6411 = CARTESIAN_POINT('',(19.286301750346,40.702571646904,0.));
#6412 = CARTESIAN_POINT('',(20.333018059347,40.690773546609,22.4));
#6413 = CARTESIAN_POINT('',(20.333018059347,40.690773546609,0.));
#6414 = CARTESIAN_POINT('',(21.40988875719,40.611540977013,22.4));
#6415 = CARTESIAN_POINT('',(21.40988875719,40.611540977013,0.));
#6416 = CARTESIAN_POINT('',(22.51924911683,40.459586241324,22.4));
#6417 = CARTESIAN_POINT('',(22.51924911683,40.459586241324,0.));
#6418 = CARTESIAN_POINT('',(23.690861718162,40.220118190322,22.4));
#6419 = CARTESIAN_POINT('',(23.690861718162,40.220118190322,0.));
#6420 = CARTESIAN_POINT('',(24.865796011915,39.898343255104,22.4));
#6421 = CARTESIAN_POINT('',(24.865796011915,39.898343255104,0.));
#6422 = CARTESIAN_POINT('',(26.079196979185,39.482382877746,22.4));
#6423 = CARTESIAN_POINT('',(26.079196979185,39.482382877746,0.));
#6424 = CARTESIAN_POINT('',(27.334096898428,38.962135973849,22.4));
#6425 = CARTESIAN_POINT('',(27.334096898428,38.962135973849,0.));
#6426 = CARTESIAN_POINT('',(28.662941662182,38.308441689941,22.4));
#6427 = CARTESIAN_POINT('',(28.662941662182,38.308441689941,0.));
#6428 = CARTESIAN_POINT('',(29.999288568651,37.543611043779,22.4));
#6429 = CARTESIAN_POINT('',(29.999288568651,37.543611043779,0.));
#6430 = CARTESIAN_POINT('',(31.386012320233,36.639006909525,22.4));
#6431 = CARTESIAN_POINT('',(31.386012320233,36.639006909525,0.));
#6432 = CARTESIAN_POINT('',(32.82677755251,35.578999051327,22.4));
#6433 = CARTESIAN_POINT('',(32.82677755251,35.578999051327,0.));
#6434 = CARTESIAN_POINT('',(34.359454096698,34.31357817388,22.4));
#6435 = CARTESIAN_POINT('',(34.359454096698,34.31357817388,0.));
#6436 = CARTESIAN_POINT('',(35.902743138997,32.897984237978,22.4));
#6437 = CARTESIAN_POINT('',(35.902743138997,32.897984237978,0.));
#6438 = CARTESIAN_POINT('',(37.531403832696,31.250328750885,22.4));
#6439 = CARTESIAN_POINT('',(37.531403832696,31.250328750885,0.));
#6440 = CARTESIAN_POINT('',(39.150485003839,29.471625150961,22.4));
#6441 = CARTESIAN_POINT('',(39.150485003839,29.471625150961,0.));
#6442 = CARTESIAN_POINT('',(41.240079304722,26.939646055038,22.4));
#6443 = CARTESIAN_POINT('',(41.240079304722,26.939646055038,0.));
#6444 = CARTESIAN_POINT('',(41.640230451155,26.367931517952,22.4));
#6445 = CARTESIAN_POINT('',(41.640230451155,26.367931517952,0.));
#6446 = CARTESIAN_POINT('',(42.806782149136,24.843884830543,22.4));
#6447 = CARTESIAN_POINT('',(42.806782149136,24.843884830543,0.));
#6448 = DEFINITIONAL_REPRESENTATION('',(#6449),#6453);
#6449 = LINE('',#6450,#6451);
#6450 = CARTESIAN_POINT('',(0.,0.));
#6451 = VECTOR('',#6452,1.);
#6452 = DIRECTION('',(1.,0.));
#6453 = ( GEOMETRIC_REPRESENTATION_CONTEXT(2) 
PARAMETRIC_REPRESENTATION_CONTEXT() REPRESENTATION_CONTEXT('2D SPACE',''
  ) );
#6454 = ORIENTED_EDGE('',*,*,#6455,.F.);
#6455 = EDGE_CURVE('',#6456,#6238,#6458,.T.);
#6456 = VERTEX_POINT('',#6457);
#6457 = CARTESIAN_POINT('',(7.051107079368,12.019693060918,0.));
#6458 = SURFACE_CURVE('',#6459,(#6463,#6470),.PCURVE_S1.);
#6459 = LINE('',#6460,#6461);
#6460 = CARTESIAN_POINT('',(7.051107079368,12.019693060918,0.));
#6461 = VECTOR('',#6462,1.);
#6462 = DIRECTION('',(0.460892493355,-0.88745597613,0.));
#6463 = PCURVE('',#45,#6464);
#6464 = DEFINITIONAL_REPRESENTATION('',(#6465),#6469);
#6465 = LINE('',#6466,#6467);
#6466 = CARTESIAN_POINT('',(7.051107079368,12.019693060918));
#6467 = VECTOR('',#6468,1.);
#6468 = DIRECTION('',(0.460892493355,-0.88745597613));
#6469 = ( GEOMETRIC_REPRESENTATION_CONTEXT(2) 
PARAMETRIC_REPRESENTATION_CONTEXT() REPRESENTATION_CONTEXT('2D SPACE',''
  ) );
#6470 = PCURVE('',#6471,#6476);
#6471 = PLANE('',#6472);
#6472 = AXIS2_PLACEMENT_3D('',#6473,#6474,#6475);
#6473 = CARTESIAN_POINT('',(7.051107079368,12.019693060918,0.));
#6474 = DIRECTION('',(0.88745597613,0.460892493355,-0.));
#6475 = DIRECTION('',(0.460892493355,-0.88745597613,0.));
#6476 = DEFINITIONAL_REPRESENTATION('',(#6477),#6481);
#6477 = LINE('',#6478,#6479);
#6478 = CARTESIAN_POINT('',(0.,0.));
#6479 = VECTOR('',#6480,1.);
#6480 = DIRECTION('',(1.,0.));
#6481 = ( GEOMETRIC_REPRESENTATION_CONTEXT(2) 
PARAMETRIC_REPRESENTATION_CONTEXT() REPRESENTATION_CONTEXT('2D SPACE',''
  ) );
#6482 = ORIENTED_EDGE('',*,*,#6483,.F.);
#6483 = EDGE_CURVE('',#6484,#6456,#6486,.T.);
#6484 = VERTEX_POINT('',#6485);
#6485 = CARTESIAN_POINT('',(23.850181619853,41.085637700577,0.));
#6486 = SURFACE_CURVE('',#6487,(#6538,#6592),.PCURVE_S1.);
#6487 = B_SPLINE_CURVE_WITH_KNOTS('',3,(#6488,#6489,#6490,#6491,#6492,
    #6493,#6494,#6495,#6496,#6497,#6498,#6499,#6500,#6501,#6502,#6503,
    #6504,#6505,#6506,#6507,#6508,#6509,#6510,#6511,#6512,#6513,#6514,
    #6515,#6516,#6517,#6518,#6519,#6520,#6521,#6522,#6523,#6524,#6525,
    #6526,#6527,#6528,#6529,#6530,#6531,#6532,#6533,#6534,#6535,#6536,
    #6537),.UNSPECIFIED.,.F.,.F.,(4,1,1,1,1,1,1,1,1,1,1,1,1,1,1,1,1,1,1,
    1,1,1,1,1,1,1,1,1,1,1,1,1,1,1,1,1,1,1,1,1,1,1,1,1,1,1,1,4),(0.,
    3.010134173011,5.734866089906,8.204243200285,10.280216915947,
    12.332164523515,14.201956865391,15.911237845672,17.363900720308,
    18.819208714806,20.167747400886,21.42468716853,22.515414853025,
    23.632925452475,24.694050367351,25.707901186754,26.608581862701,
    27.552388564938,28.468532489134,29.361872223827,30.169943636586,
    31.030962627216,31.880548884696,32.72227944396,33.495545472128,
    34.332992621126,35.174663745336,36.025783427864,36.825011523752,
    37.711824801461,38.627874308414,39.58148948206,40.502911686362,
    41.554574841448,42.671594637474,43.864256147866,45.041219012251,
    46.408073524505,47.880684921353,49.469922617188,51.049935999727,
    52.894334824252,54.887680127977,57.041280206621,59.18142193199,
    61.675679145654,64.364419403117,67.031728548195),.UNSPECIFIED.);
#6488 = CARTESIAN_POINT('',(23.850181619853,41.085637700577,0.));
#6489 = CARTESIAN_POINT('',(22.938332135406,41.464648671267,0.));
#6490 = CARTESIAN_POINT('',(21.163130514959,42.233951860987,0.));
#6491 = CARTESIAN_POINT('',(18.601783235794,43.172176847085,0.));
#6492 = CARTESIAN_POINT('',(16.293390226183,43.917930175137,0.));
#6493 = CARTESIAN_POINT('',(14.171495857912,44.496867964486,0.));
#6494 = CARTESIAN_POINT('',(12.219185074295,44.931909061641,0.));
#6495 = CARTESIAN_POINT('',(10.367263236389,45.243175382232,0.));
#6496 = CARTESIAN_POINT('',(8.699387147197,45.428866102245,0.));
#6497 = CARTESIAN_POINT('',(7.161839610024,45.51275965803,0.));
#6498 = CARTESIAN_POINT('',(5.74209949152,45.50759709289,0.));
#6499 = CARTESIAN_POINT('',(4.390579828522,45.417859008954,0.));
#6500 = CARTESIAN_POINT('',(3.168112538737,45.25745311143,0.));
#6501 = CARTESIAN_POINT('',(2.033887352887,45.0354906316,0.));
#6502 = CARTESIAN_POINT('',(0.978897551494,44.759140127289,0.));
#6503 = CARTESIAN_POINT('',(-3.132178123363E-02,44.4222298205,0.));
#6504 = CARTESIAN_POINT('',(-0.950367029506,44.047239045737,0.));
#6505 = CARTESIAN_POINT('',(-1.808748455452,43.632482975503,0.));
#6506 = CARTESIAN_POINT('',(-2.611400516349,43.18111342381,0.));
#6507 = CARTESIAN_POINT('',(-3.381232221976,42.680311905247,0.));
#6508 = CARTESIAN_POINT('',(-4.080940655235,42.158033126256,0.));
#6509 = CARTESIAN_POINT('',(-4.73263925928,41.605131729088,0.));
#6510 = CARTESIAN_POINT('',(-5.337855591533,41.022367355054,0.));
#6511 = CARTESIAN_POINT('',(-5.910443784111,40.3922454647,0.));
#6512 = CARTESIAN_POINT('',(-6.420538034273,39.747409205041,0.));
#6513 = CARTESIAN_POINT('',(-6.883518898962,39.072974988954,0.));
#6514 = CARTESIAN_POINT('',(-7.298486644326,38.367797856748,0.));
#6515 = CARTESIAN_POINT('',(-7.67096651686,37.610192253363,0.));
#6516 = CARTESIAN_POINT('',(-7.979078415385,36.837839780931,0.));
#6517 = CARTESIAN_POINT('',(-8.231773277157,36.029964316298,0.));
#6518 = CARTESIAN_POINT('',(-8.42550097466,35.18349977364,0.));
#6519 = CARTESIAN_POINT('',(-8.556164117265,34.27296123684,0.));
#6520 = CARTESIAN_POINT('',(-8.611612608317,33.343165384743,0.));
#6521 = CARTESIAN_POINT('',(-8.592258217678,32.36688876422,0.));
#6522 = CARTESIAN_POINT('',(-8.490936763974,31.340670878501,0.));
#6523 = CARTESIAN_POINT('',(-8.291249467091,30.23705258033,0.));
#6524 = CARTESIAN_POINT('',(-7.998405067358,29.111064093022,0.));
#6525 = CARTESIAN_POINT('',(-7.589078170952,27.933487772265,0.));
#6526 = CARTESIAN_POINT('',(-7.055581640139,26.70429423241,0.));
#6527 = CARTESIAN_POINT('',(-6.377765038857,25.391682245513,0.));
#6528 = CARTESIAN_POINT('',(-5.578185203553,24.065747827849,0.));
#6529 = CARTESIAN_POINT('',(-4.630789307926,22.687905843428,0.));
#6530 = CARTESIAN_POINT('',(-3.523364729133,21.260439651933,0.));
#6531 = CARTESIAN_POINT('',(-2.209846404675,19.753017757988,0.));
#6532 = CARTESIAN_POINT('',(-0.753333871887,18.252182319148,0.));
#6533 = CARTESIAN_POINT('',(0.919557641022,16.696203647599,0.));
#6534 = CARTESIAN_POINT('',(2.707838975062,15.175532050721,0.));
#6535 = CARTESIAN_POINT('',(5.099203627213,13.350090444196,0.));
#6536 = CARTESIAN_POINT('',(5.776592839161,12.91100078668,0.));
#6537 = CARTESIAN_POINT('',(7.051107079368,12.019693060918,0.));
#6538 = PCURVE('',#45,#6539);
#6539 = DEFINITIONAL_REPRESENTATION('',(#6540),#6591);
#6540 = B_SPLINE_CURVE_WITH_KNOTS('',3,(#6541,#6542,#6543,#6544,#6545,
    #6546,#6547,#6548,#6549,#6550,#6551,#6552,#6553,#6554,#6555,#6556,
    #6557,#6558,#6559,#6560,#6561,#6562,#6563,#6564,#6565,#6566,#6567,
    #6568,#6569,#6570,#6571,#6572,#6573,#6574,#6575,#6576,#6577,#6578,
    #6579,#6580,#6581,#6582,#6583,#6584,#6585,#6586,#6587,#6588,#6589,
    #6590),.UNSPECIFIED.,.F.,.F.,(4,1,1,1,1,1,1,1,1,1,1,1,1,1,1,1,1,1,1,
    1,1,1,1,1,1,1,1,1,1,1,1,1,1,1,1,1,1,1,1,1,1,1,1,1,1,1,1,4),(0.,
    3.010134173011,5.734866089906,8.204243200285,10.280216915947,
    12.332164523515,14.201956865391,15.911237845672,17.363900720308,
    18.819208714806,20.167747400886,21.42468716853,22.515414853025,
    23.632925452475,24.694050367351,25.707901186754,26.608581862701,
    27.552388564938,28.468532489134,29.361872223827,30.169943636586,
    31.030962627216,31.880548884696,32.72227944396,33.495545472128,
    34.332992621126,35.174663745336,36.025783427864,36.825011523752,
    37.711824801461,38.627874308414,39.58148948206,40.502911686362,
    41.554574841448,42.671594637474,43.864256147866,45.041219012251,
    46.408073524505,47.880684921353,49.469922617188,51.049935999727,
    52.894334824252,54.887680127977,57.041280206621,59.18142193199,
    61.675679145654,64.364419403117,67.031728548195),.UNSPECIFIED.);
#6541 = CARTESIAN_POINT('',(23.850181619853,41.085637700577));
#6542 = CARTESIAN_POINT('',(22.938332135406,41.464648671267));
#6543 = CARTESIAN_POINT('',(21.163130514959,42.233951860987));
#6544 = CARTESIAN_POINT('',(18.601783235794,43.172176847085));
#6545 = CARTESIAN_POINT('',(16.293390226183,43.917930175137));
#6546 = CARTESIAN_POINT('',(14.171495857912,44.496867964486));
#6547 = CARTESIAN_POINT('',(12.219185074295,44.931909061641));
#6548 = CARTESIAN_POINT('',(10.367263236389,45.243175382232));
#6549 = CARTESIAN_POINT('',(8.699387147197,45.428866102245));
#6550 = CARTESIAN_POINT('',(7.161839610024,45.51275965803));
#6551 = CARTESIAN_POINT('',(5.74209949152,45.50759709289));
#6552 = CARTESIAN_POINT('',(4.390579828522,45.417859008954));
#6553 = CARTESIAN_POINT('',(3.168112538737,45.25745311143));
#6554 = CARTESIAN_POINT('',(2.033887352887,45.0354906316));
#6555 = CARTESIAN_POINT('',(0.978897551494,44.759140127289));
#6556 = CARTESIAN_POINT('',(-3.132178123363E-02,44.4222298205));
#6557 = CARTESIAN_POINT('',(-0.950367029506,44.047239045737));
#6558 = CARTESIAN_POINT('',(-1.808748455452,43.632482975503));
#6559 = CARTESIAN_POINT('',(-2.611400516349,43.18111342381));
#6560 = CARTESIAN_POINT('',(-3.381232221976,42.680311905247));
#6561 = CARTESIAN_POINT('',(-4.080940655235,42.158033126256));
#6562 = CARTESIAN_POINT('',(-4.73263925928,41.605131729088));
#6563 = CARTESIAN_POINT('',(-5.337855591533,41.022367355054));
#6564 = CARTESIAN_POINT('',(-5.910443784111,40.3922454647));
#6565 = CARTESIAN_POINT('',(-6.420538034273,39.747409205041));
#6566 = CARTESIAN_POINT('',(-6.883518898962,39.072974988954));
#6567 = CARTESIAN_POINT('',(-7.298486644326,38.367797856748));
#6568 = CARTESIAN_POINT('',(-7.67096651686,37.610192253363));
#6569 = CARTESIAN_POINT('',(-7.979078415385,36.837839780931));
#6570 = CARTESIAN_POINT('',(-8.231773277157,36.029964316298));
#6571 = CARTESIAN_POINT('',(-8.42550097466,35.18349977364));
#6572 = CARTESIAN_POINT('',(-8.556164117265,34.27296123684));
#6573 = CARTESIAN_POINT('',(-8.611612608317,33.343165384743));
#6574 = CARTESIAN_POINT('',(-8.592258217678,32.36688876422));
#6575 = CARTESIAN_POINT('',(-8.490936763974,31.340670878501));
#6576 = CARTESIAN_POINT('',(-8.291249467091,30.23705258033));
#6577 = CARTESIAN_POINT('',(-7.998405067358,29.111064093022));
#6578 = CARTESIAN_POINT('',(-7.589078170952,27.933487772265));
#6579 = CARTESIAN_POINT('',(-7.055581640139,26.70429423241));
#6580 = CARTESIAN_POINT('',(-6.377765038857,25.391682245513));
#6581 = CARTESIAN_POINT('',(-5.578185203553,24.065747827849));
#6582 = CARTESIAN_POINT('',(-4.630789307926,22.687905843428));
#6583 = CARTESIAN_POINT('',(-3.523364729133,21.260439651933));
#6584 = CARTESIAN_POINT('',(-2.209846404675,19.753017757988));
#6585 = CARTESIAN_POINT('',(-0.753333871887,18.252182319148));
#6586 = CARTESIAN_POINT('',(0.919557641022,16.696203647599));
#6587 = CARTESIAN_POINT('',(2.707838975062,15.175532050721));
#6588 = CARTESIAN_POINT('',(5.099203627213,13.350090444196));
#6589 = CARTESIAN_POINT('',(5.776592839161,12.91100078668));
#6590 = CARTESIAN_POINT('',(7.051107079368,12.019693060918));
#6591 = ( GEOMETRIC_REPRESENTATION_CONTEXT(2) 
PARAMETRIC_REPRESENTATION_CONTEXT() REPRESENTATION_CONTEXT('2D SPACE',''
  ) );
#6592 = PCURVE('',#6593,#6694);
#6593 = B_SPLINE_SURFACE_WITH_KNOTS('',3,1,(
    (#6594,#6595)
    ,(#6596,#6597)
    ,(#6598,#6599)
    ,(#6600,#6601)
    ,(#6602,#6603)
    ,(#6604,#6605)
    ,(#6606,#6607)
    ,(#6608,#6609)
    ,(#6610,#6611)
    ,(#6612,#6613)
    ,(#6614,#6615)
    ,(#6616,#6617)
    ,(#6618,#6619)
    ,(#6620,#6621)
    ,(#6622,#6623)
    ,(#6624,#6625)
    ,(#6626,#6627)
    ,(#6628,#6629)
    ,(#6630,#6631)
    ,(#6632,#6633)
    ,(#6634,#6635)
    ,(#6636,#6637)
    ,(#6638,#6639)
    ,(#6640,#6641)
    ,(#6642,#6643)
    ,(#6644,#6645)
    ,(#6646,#6647)
    ,(#6648,#6649)
    ,(#6650,#6651)
    ,(#6652,#6653)
    ,(#6654,#6655)
    ,(#6656,#6657)
    ,(#6658,#6659)
    ,(#6660,#6661)
    ,(#6662,#6663)
    ,(#6664,#6665)
    ,(#6666,#6667)
    ,(#6668,#6669)
    ,(#6670,#6671)
    ,(#6672,#6673)
    ,(#6674,#6675)
    ,(#6676,#6677)
    ,(#6678,#6679)
    ,(#6680,#6681)
    ,(#6682,#6683)
    ,(#6684,#6685)
    ,(#6686,#6687)
    ,(#6688,#6689)
    ,(#6690,#6691)
    ,(#6692,#6693
    )),.UNSPECIFIED.,.F.,.F.,.F.,(4,1,1,1,1,1,1,1,1,1,1,1,1,1,1,1,1,1,1,
    1,1,1,1,1,1,1,1,1,1,1,1,1,1,1,1,1,1,1,1,1,1,1,1,1,1,1,1,4),(2,2),(0.
    ,3.010134173011,5.734866089906,8.204243200285,10.280216915947,
    12.332164523515,14.201956865391,15.911237845672,17.363900720308,
    18.819208714806,20.167747400886,21.42468716853,22.515414853025,
    23.632925452475,24.694050367351,25.707901186754,26.608581862701,
    27.552388564938,28.468532489134,29.361872223827,30.169943636586,
    31.030962627216,31.880548884696,32.72227944396,33.495545472128,
    34.332992621126,35.174663745336,36.025783427864,36.825011523752,
    37.711824801461,38.627874308414,39.58148948206,40.502911686362,
    41.554574841448,42.671594637474,43.864256147866,45.041219012251,
    46.408073524505,47.880684921353,49.469922617188,51.049935999727,
    52.894334824252,54.887680127977,57.041280206621,59.18142193199,
    61.675679145654,64.364419403117,67.031728548195),(-22.4,0.),
  .UNSPECIFIED.);
#6594 = CARTESIAN_POINT('',(23.850181619853,41.085637700577,22.4));
#6595 = CARTESIAN_POINT('',(23.850181619853,41.085637700577,0.));
#6596 = CARTESIAN_POINT('',(22.938332135406,41.464648671267,22.4));
#6597 = CARTESIAN_POINT('',(22.938332135406,41.464648671267,0.));
#6598 = CARTESIAN_POINT('',(21.163130514959,42.233951860987,22.4));
#6599 = CARTESIAN_POINT('',(21.163130514959,42.233951860987,0.));
#6600 = CARTESIAN_POINT('',(18.601783235794,43.172176847085,22.4));
#6601 = CARTESIAN_POINT('',(18.601783235794,43.172176847085,0.));
#6602 = CARTESIAN_POINT('',(16.293390226183,43.917930175137,22.4));
#6603 = CARTESIAN_POINT('',(16.293390226183,43.917930175137,0.));
#6604 = CARTESIAN_POINT('',(14.171495857912,44.496867964486,22.4));
#6605 = CARTESIAN_POINT('',(14.171495857912,44.496867964486,0.));
#6606 = CARTESIAN_POINT('',(12.219185074295,44.931909061641,22.4));
#6607 = CARTESIAN_POINT('',(12.219185074295,44.931909061641,0.));
#6608 = CARTESIAN_POINT('',(10.367263236389,45.243175382232,22.4));
#6609 = CARTESIAN_POINT('',(10.367263236389,45.243175382232,0.));
#6610 = CARTESIAN_POINT('',(8.699387147197,45.428866102245,22.4));
#6611 = CARTESIAN_POINT('',(8.699387147197,45.428866102245,0.));
#6612 = CARTESIAN_POINT('',(7.161839610024,45.51275965803,22.4));
#6613 = CARTESIAN_POINT('',(7.161839610024,45.51275965803,0.));
#6614 = CARTESIAN_POINT('',(5.74209949152,45.50759709289,22.4));
#6615 = CARTESIAN_POINT('',(5.74209949152,45.50759709289,0.));
#6616 = CARTESIAN_POINT('',(4.390579828522,45.417859008954,22.4));
#6617 = CARTESIAN_POINT('',(4.390579828522,45.417859008954,0.));
#6618 = CARTESIAN_POINT('',(3.168112538737,45.25745311143,22.4));
#6619 = CARTESIAN_POINT('',(3.168112538737,45.25745311143,0.));
#6620 = CARTESIAN_POINT('',(2.033887352887,45.0354906316,22.4));
#6621 = CARTESIAN_POINT('',(2.033887352887,45.0354906316,0.));
#6622 = CARTESIAN_POINT('',(0.978897551494,44.759140127289,22.4));
#6623 = CARTESIAN_POINT('',(0.978897551494,44.759140127289,0.));
#6624 = CARTESIAN_POINT('',(-3.132178123363E-02,44.4222298205,22.4));
#6625 = CARTESIAN_POINT('',(-3.132178123363E-02,44.4222298205,0.));
#6626 = CARTESIAN_POINT('',(-0.950367029506,44.047239045737,22.4));
#6627 = CARTESIAN_POINT('',(-0.950367029506,44.047239045737,0.));
#6628 = CARTESIAN_POINT('',(-1.808748455452,43.632482975503,22.4));
#6629 = CARTESIAN_POINT('',(-1.808748455452,43.632482975503,0.));
#6630 = CARTESIAN_POINT('',(-2.611400516349,43.18111342381,22.4));
#6631 = CARTESIAN_POINT('',(-2.611400516349,43.18111342381,0.));
#6632 = CARTESIAN_POINT('',(-3.381232221976,42.680311905247,22.4));
#6633 = CARTESIAN_POINT('',(-3.381232221976,42.680311905247,0.));
#6634 = CARTESIAN_POINT('',(-4.080940655235,42.158033126256,22.4));
#6635 = CARTESIAN_POINT('',(-4.080940655235,42.158033126256,0.));
#6636 = CARTESIAN_POINT('',(-4.73263925928,41.605131729088,22.4));
#6637 = CARTESIAN_POINT('',(-4.73263925928,41.605131729088,0.));
#6638 = CARTESIAN_POINT('',(-5.337855591533,41.022367355054,22.4));
#6639 = CARTESIAN_POINT('',(-5.337855591533,41.022367355054,0.));
#6640 = CARTESIAN_POINT('',(-5.910443784111,40.3922454647,22.4));
#6641 = CARTESIAN_POINT('',(-5.910443784111,40.3922454647,0.));
#6642 = CARTESIAN_POINT('',(-6.420538034273,39.747409205041,22.4));
#6643 = CARTESIAN_POINT('',(-6.420538034273,39.747409205041,0.));
#6644 = CARTESIAN_POINT('',(-6.883518898962,39.072974988954,22.4));
#6645 = CARTESIAN_POINT('',(-6.883518898962,39.072974988954,0.));
#6646 = CARTESIAN_POINT('',(-7.298486644326,38.367797856748,22.4));
#6647 = CARTESIAN_POINT('',(-7.298486644326,38.367797856748,0.));
#6648 = CARTESIAN_POINT('',(-7.67096651686,37.610192253363,22.4));
#6649 = CARTESIAN_POINT('',(-7.67096651686,37.610192253363,0.));
#6650 = CARTESIAN_POINT('',(-7.979078415385,36.837839780931,22.4));
#6651 = CARTESIAN_POINT('',(-7.979078415385,36.837839780931,0.));
#6652 = CARTESIAN_POINT('',(-8.231773277157,36.029964316298,22.4));
#6653 = CARTESIAN_POINT('',(-8.231773277157,36.029964316298,0.));
#6654 = CARTESIAN_POINT('',(-8.42550097466,35.18349977364,22.4));
#6655 = CARTESIAN_POINT('',(-8.42550097466,35.18349977364,0.));
#6656 = CARTESIAN_POINT('',(-8.556164117265,34.27296123684,22.4));
#6657 = CARTESIAN_POINT('',(-8.556164117265,34.27296123684,0.));
#6658 = CARTESIAN_POINT('',(-8.611612608317,33.343165384743,22.4));
#6659 = CARTESIAN_POINT('',(-8.611612608317,33.343165384743,0.));
#6660 = CARTESIAN_POINT('',(-8.592258217678,32.36688876422,22.4));
#6661 = CARTESIAN_POINT('',(-8.592258217678,32.36688876422,0.));
#6662 = CARTESIAN_POINT('',(-8.490936763974,31.340670878501,22.4));
#6663 = CARTESIAN_POINT('',(-8.490936763974,31.340670878501,0.));
#6664 = CARTESIAN_POINT('',(-8.291249467091,30.23705258033,22.4));
#6665 = CARTESIAN_POINT('',(-8.291249467091,30.23705258033,0.));
#6666 = CARTESIAN_POINT('',(-7.998405067358,29.111064093022,22.4));
#6667 = CARTESIAN_POINT('',(-7.998405067358,29.111064093022,0.));
#6668 = CARTESIAN_POINT('',(-7.589078170952,27.933487772265,22.4));
#6669 = CARTESIAN_POINT('',(-7.589078170952,27.933487772265,0.));
#6670 = CARTESIAN_POINT('',(-7.055581640139,26.70429423241,22.4));
#6671 = CARTESIAN_POINT('',(-7.055581640139,26.70429423241,0.));
#6672 = CARTESIAN_POINT('',(-6.377765038857,25.391682245513,22.4));
#6673 = CARTESIAN_POINT('',(-6.377765038857,25.391682245513,0.));
#6674 = CARTESIAN_POINT('',(-5.578185203553,24.065747827849,22.4));
#6675 = CARTESIAN_POINT('',(-5.578185203553,24.065747827849,0.));
#6676 = CARTESIAN_POINT('',(-4.630789307926,22.687905843428,22.4));
#6677 = CARTESIAN_POINT('',(-4.630789307926,22.687905843428,0.));
#6678 = CARTESIAN_POINT('',(-3.523364729133,21.260439651933,22.4));
#6679 = CARTESIAN_POINT('',(-3.523364729133,21.260439651933,0.));
#6680 = CARTESIAN_POINT('',(-2.209846404675,19.753017757988,22.4));
#6681 = CARTESIAN_POINT('',(-2.209846404675,19.753017757988,0.));
#6682 = CARTESIAN_POINT('',(-0.753333871887,18.252182319148,22.4));
#6683 = CARTESIAN_POINT('',(-0.753333871887,18.252182319148,0.));
#6684 = CARTESIAN_POINT('',(0.919557641022,16.696203647599,22.4));
#6685 = CARTESIAN_POINT('',(0.919557641022,16.696203647599,0.));
#6686 = CARTESIAN_POINT('',(2.707838975062,15.175532050721,22.4));
#6687 = CARTESIAN_POINT('',(2.707838975062,15.175532050721,0.));
#6688 = CARTESIAN_POINT('',(5.099203627213,13.350090444196,22.4));
#6689 = CARTESIAN_POINT('',(5.099203627213,13.350090444196,0.));
#6690 = CARTESIAN_POINT('',(5.776592839161,12.91100078668,22.4));
#6691 = CARTESIAN_POINT('',(5.776592839161,12.91100078668,0.));
#6692 = CARTESIAN_POINT('',(7.051107079368,12.019693060918,22.4));
#6693 = CARTESIAN_POINT('',(7.051107079368,12.019693060918,0.));
#6694 = DEFINITIONAL_REPRESENTATION('',(#6695),#6699);
#6695 = LINE('',#6696,#6697);
#6696 = CARTESIAN_POINT('',(0.,0.));
#6697 = VECTOR('',#6698,1.);
#6698 = DIRECTION('',(1.,0.));
#6699 = ( GEOMETRIC_REPRESENTATION_CONTEXT(2) 
PARAMETRIC_REPRESENTATION_CONTEXT() REPRESENTATION_CONTEXT('2D SPACE',''
  ) );
#6700 = ORIENTED_EDGE('',*,*,#6701,.F.);
#6701 = EDGE_CURVE('',#6702,#6484,#6704,.T.);
#6702 = VERTEX_POINT('',#6703);
#6703 = CARTESIAN_POINT('',(28.442503209389,39.176920936555,0.));
#6704 = SURFACE_CURVE('',#6705,(#6709,#6716),.PCURVE_S1.);
#6705 = LINE('',#6706,#6707);
#6706 = CARTESIAN_POINT('',(34.411750715304,36.69590941308,0.));
#6707 = VECTOR('',#6708,1.);
#6708 = DIRECTION('',(-0.923415700917,0.383801307059,0.));
#6709 = PCURVE('',#45,#6710);
#6710 = DEFINITIONAL_REPRESENTATION('',(#6711),#6715);
#6711 = LINE('',#6712,#6713);
#6712 = CARTESIAN_POINT('',(34.411750715304,36.69590941308));
#6713 = VECTOR('',#6714,1.);
#6714 = DIRECTION('',(-0.923415700917,0.383801307059));
#6715 = ( GEOMETRIC_REPRESENTATION_CONTEXT(2) 
PARAMETRIC_REPRESENTATION_CONTEXT() REPRESENTATION_CONTEXT('2D SPACE',''
  ) );
#6716 = PCURVE('',#6717,#6722);
#6717 = PLANE('',#6718);
#6718 = AXIS2_PLACEMENT_3D('',#6719,#6720,#6721);
#6719 = CARTESIAN_POINT('',(28.784054864049,39.03496106804,0.));
#6720 = DIRECTION('',(-0.383801307059,-0.923415700917,0.));
#6721 = DIRECTION('',(-0.923415700917,0.383801307059,0.));
#6722 = DEFINITIONAL_REPRESENTATION('',(#6723),#6727);
#6723 = LINE('',#6724,#6725);
#6724 = CARTESIAN_POINT('',(-6.094433791486,-0.));
#6725 = VECTOR('',#6726,1.);
#6726 = DIRECTION('',(1.,0.));
#6727 = ( GEOMETRIC_REPRESENTATION_CONTEXT(2) 
PARAMETRIC_REPRESENTATION_CONTEXT() REPRESENTATION_CONTEXT('2D SPACE',''
  ) );
#6728 = ORIENTED_EDGE('',*,*,#6729,.F.);
#6729 = EDGE_CURVE('',#6209,#6702,#6730,.T.);
#6730 = SURFACE_CURVE('',#6731,(#6736,#6743),.PCURVE_S1.);
#6731 = CIRCLE('',#6732,3.);
#6732 = AXIS2_PLACEMENT_3D('',#6733,#6734,#6735);
#6733 = CARTESIAN_POINT('',(27.291099288211,36.406673833805,0.));
#6734 = DIRECTION('',(0.,0.,1.));
#6735 = DIRECTION('',(0.,-1.,0.));
#6736 = PCURVE('',#45,#6737);
#6737 = DEFINITIONAL_REPRESENTATION('',(#6738),#6742);
#6738 = CIRCLE('',#6739,3.);
#6739 = AXIS2_PLACEMENT_2D('',#6740,#6741);
#6740 = CARTESIAN_POINT('',(27.291099288211,36.406673833805));
#6741 = DIRECTION('',(0.,-1.));
#6742 = ( GEOMETRIC_REPRESENTATION_CONTEXT(2) 
PARAMETRIC_REPRESENTATION_CONTEXT() REPRESENTATION_CONTEXT('2D SPACE',''
  ) );
#6743 = PCURVE('',#6744,#6749);
#6744 = CYLINDRICAL_SURFACE('',#6745,3.);
#6745 = AXIS2_PLACEMENT_3D('',#6746,#6747,#6748);
#6746 = CARTESIAN_POINT('',(27.291099288211,36.406673833805,0.));
#6747 = DIRECTION('',(0.,0.,1.));
#6748 = DIRECTION('',(0.599804379961,0.800146677666,-0.));
#6749 = DEFINITIONAL_REPRESENTATION('',(#6750),#6754);
#6750 = LINE('',#6751,#6752);
#6751 = CARTESIAN_POINT('',(-2.49833604743,0.));
#6752 = VECTOR('',#6753,1.);
#6753 = DIRECTION('',(1.,0.));
#6754 = ( GEOMETRIC_REPRESENTATION_CONTEXT(2) 
PARAMETRIC_REPRESENTATION_CONTEXT() REPRESENTATION_CONTEXT('2D SPACE',''
  ) );
#6755 = ADVANCED_FACE('',(#6756),#224,.F.);
#6756 = FACE_BOUND('',#6757,.F.);
#6757 = EDGE_LOOP('',(#6758,#6759,#6782,#6804));
#6758 = ORIENTED_EDGE('',*,*,#631,.T.);
#6759 = ORIENTED_EDGE('',*,*,#6760,.T.);
#6760 = EDGE_CURVE('',#604,#6761,#6763,.T.);
#6761 = VERTEX_POINT('',#6762);
#6762 = CARTESIAN_POINT('',(44.220390794829,19.706957168416,22.4));
#6763 = SURFACE_CURVE('',#6764,(#6768,#6775),.PCURVE_S1.);
#6764 = LINE('',#6765,#6766);
#6765 = CARTESIAN_POINT('',(44.220390794829,19.706957168416,0.));
#6766 = VECTOR('',#6767,1.);
#6767 = DIRECTION('',(0.,0.,1.));
#6768 = PCURVE('',#224,#6769);
#6769 = DEFINITIONAL_REPRESENTATION('',(#6770),#6774);
#6770 = LINE('',#6771,#6772);
#6771 = CARTESIAN_POINT('',(0.249347241949,0.));
#6772 = VECTOR('',#6773,1.);
#6773 = DIRECTION('',(0.,1.));
#6774 = ( GEOMETRIC_REPRESENTATION_CONTEXT(2) 
PARAMETRIC_REPRESENTATION_CONTEXT() REPRESENTATION_CONTEXT('2D SPACE',''
  ) );
#6775 = PCURVE('',#619,#6776);
#6776 = DEFINITIONAL_REPRESENTATION('',(#6777),#6781);
#6777 = LINE('',#6778,#6779);
#6778 = CARTESIAN_POINT('',(0.369878543677,0.));
#6779 = VECTOR('',#6780,1.);
#6780 = DIRECTION('',(0.,-1.));
#6781 = ( GEOMETRIC_REPRESENTATION_CONTEXT(2) 
PARAMETRIC_REPRESENTATION_CONTEXT() REPRESENTATION_CONTEXT('2D SPACE',''
  ) );
#6782 = ORIENTED_EDGE('',*,*,#6783,.F.);
#6783 = EDGE_CURVE('',#182,#6761,#6784,.T.);
#6784 = SURFACE_CURVE('',#6785,(#6790,#6797),.PCURVE_S1.);
#6785 = CIRCLE('',#6786,3.);
#6786 = AXIS2_PLACEMENT_3D('',#6787,#6788,#6789);
#6787 = CARTESIAN_POINT('',(41.838122197696,17.883554763264,22.4));
#6788 = DIRECTION('',(0.,0.,1.));
#6789 = DIRECTION('',(0.,-1.,0.));
#6790 = PCURVE('',#224,#6791);
#6791 = DEFINITIONAL_REPRESENTATION('',(#6792),#6796);
#6792 = LINE('',#6793,#6794);
#6793 = CARTESIAN_POINT('',(-1.974737271832,22.4));
#6794 = VECTOR('',#6795,1.);
#6795 = DIRECTION('',(1.,0.));
#6796 = ( GEOMETRIC_REPRESENTATION_CONTEXT(2) 
PARAMETRIC_REPRESENTATION_CONTEXT() REPRESENTATION_CONTEXT('2D SPACE',''
  ) );
#6797 = PCURVE('',#198,#6798);
#6798 = DEFINITIONAL_REPRESENTATION('',(#6799),#6803);
#6799 = CIRCLE('',#6800,3.);
#6800 = AXIS2_PLACEMENT_2D('',#6801,#6802);
#6801 = CARTESIAN_POINT('',(41.838122197696,17.883554763264));
#6802 = DIRECTION('',(0.,-1.));
#6803 = ( GEOMETRIC_REPRESENTATION_CONTEXT(2) 
PARAMETRIC_REPRESENTATION_CONTEXT() REPRESENTATION_CONTEXT('2D SPACE',''
  ) );
#6804 = ORIENTED_EDGE('',*,*,#210,.F.);
#6805 = ADVANCED_FACE('',(#6806),#73,.T.);
#6806 = FACE_BOUND('',#6807,.T.);
#6807 = EDGE_LOOP('',(#6808,#6831,#6946,#6947));
#6808 = ORIENTED_EDGE('',*,*,#6809,.T.);
#6809 = EDGE_CURVE('',#241,#6810,#6812,.T.);
#6810 = VERTEX_POINT('',#6811);
#6811 = CARTESIAN_POINT('',(12.015472425414,4.624853916871,22.4));
#6812 = SURFACE_CURVE('',#6813,(#6817,#6824),.PCURVE_S1.);
#6813 = LINE('',#6814,#6815);
#6814 = CARTESIAN_POINT('',(12.015472425414,4.624853916871,0.));
#6815 = VECTOR('',#6816,1.);
#6816 = DIRECTION('',(0.,0.,1.));
#6817 = PCURVE('',#73,#6818);
#6818 = DEFINITIONAL_REPRESENTATION('',(#6819),#6823);
#6819 = LINE('',#6820,#6821);
#6820 = CARTESIAN_POINT('',(4.560656898555,0.));
#6821 = VECTOR('',#6822,1.);
#6822 = DIRECTION('',(0.,-1.));
#6823 = ( GEOMETRIC_REPRESENTATION_CONTEXT(2) 
PARAMETRIC_REPRESENTATION_CONTEXT() REPRESENTATION_CONTEXT('2D SPACE',''
  ) );
#6824 = PCURVE('',#373,#6825);
#6825 = DEFINITIONAL_REPRESENTATION('',(#6826),#6830);
#6826 = LINE('',#6827,#6828);
#6827 = CARTESIAN_POINT('',(2.261200466709,0.));
#6828 = VECTOR('',#6829,1.);
#6829 = DIRECTION('',(0.,-1.));
#6830 = ( GEOMETRIC_REPRESENTATION_CONTEXT(2) 
PARAMETRIC_REPRESENTATION_CONTEXT() REPRESENTATION_CONTEXT('2D SPACE',''
  ) );
#6831 = ORIENTED_EDGE('',*,*,#6832,.T.);
#6832 = EDGE_CURVE('',#6810,#58,#6833,.T.);
#6833 = SURFACE_CURVE('',#6834,(#6885,#6892),.PCURVE_S1.);
#6834 = B_SPLINE_CURVE_WITH_KNOTS('',3,(#6835,#6836,#6837,#6838,#6839,
    #6840,#6841,#6842,#6843,#6844,#6845,#6846,#6847,#6848,#6849,#6850,
    #6851,#6852,#6853,#6854,#6855,#6856,#6857,#6858,#6859,#6860,#6861,
    #6862,#6863,#6864,#6865,#6866,#6867,#6868,#6869,#6870,#6871,#6872,
    #6873,#6874,#6875,#6876,#6877,#6878,#6879,#6880,#6881,#6882,#6883,
    #6884),.UNSPECIFIED.,.F.,.F.,(4,1,1,1,1,1,1,1,1,1,1,1,1,1,1,1,1,1,1,
    1,1,1,1,1,1,1,1,1,1,1,1,1,1,1,1,1,1,1,1,1,1,1,1,1,1,1,1,4),(0.,
    2.766464139392,5.568319295326,8.177275145496,10.425160909405,
    12.698001103747,14.813706991925,16.784063111389,18.483896399813,
    20.207074900357,21.81810245116,23.327840693167,24.640860133639,
    25.985974841284,27.260500260188,28.473662841808,29.546573791048,
    30.665502050481,31.746604132965,32.796723932319,33.744037531687,
    34.751762028128,35.745458780463,36.730106112805,37.635070035337,
    38.615335519513,39.599805338773,40.592877392801,41.521106716853,
    42.54355210237,43.588460947472,44.661307186429,45.681682040739,
    46.825929386569,48.018033969658,49.266638650819,50.477859791669,
    51.863921967174,53.33914083985,54.917675284274,56.480212616324,
    58.303578905337,60.281721918016,62.435877257802,64.600562295301,
    67.15990258556,69.968318443063,73.053194077155),.UNSPECIFIED.);
#6835 = CARTESIAN_POINT('',(11.465086923869,9.659132507772E-02,22.4));
#6836 = CARTESIAN_POINT('',(11.562011354251,0.997531887688,22.4));
#6837 = CARTESIAN_POINT('',(11.733861433439,2.869911982393,22.4));
#6838 = CARTESIAN_POINT('',(12.154186304207,5.555149510144,22.4));
#6839 = CARTESIAN_POINT('',(12.656613796004,8.061246716484,22.4));
#6840 = CARTESIAN_POINT('',(13.238805018243,10.365827798951,22.4));
#6841 = CARTESIAN_POINT('',(13.886147827978,12.482337860793,22.4));
#6842 = CARTESIAN_POINT('',(14.615582282124,14.473629758889,22.4));
#6843 = CARTESIAN_POINT('',(15.381107717009,16.245040316804,22.4));
#6844 = CARTESIAN_POINT('',(16.188309774152,17.852461924634,22.4));
#6845 = CARTESIAN_POINT('',(17.030418094951,19.305183808412,22.4));
#6846 = CARTESIAN_POINT('',(17.930122412672,20.647439067325,22.4));
#6847 = CARTESIAN_POINT('',(18.837890922507,21.815265409324,22.4));
#6848 = CARTESIAN_POINT('',(19.759850462584,22.855601589807,22.4));
#6849 = CARTESIAN_POINT('',(20.691550502438,23.779474227334,22.4));
#6850 = CARTESIAN_POINT('',(21.668521729273,24.604886664143,22.4));
#6851 = CARTESIAN_POINT('',(22.634140574527,25.29721043821,22.4));
#6852 = CARTESIAN_POINT('',(23.606674675732,25.884428292563,22.4));
#6853 = CARTESIAN_POINT('',(24.58348448695,26.373147396548,22.4));
#6854 = CARTESIAN_POINT('',(25.590332188661,26.776431093043,22.4));
#6855 = CARTESIAN_POINT('',(26.572226740316,27.078624195503,22.4));
#6856 = CARTESIAN_POINT('',(27.550572930613,27.297867266821,22.4));
#6857 = CARTESIAN_POINT('',(28.524319586207,27.439123206851,22.4));
#6858 = CARTESIAN_POINT('',(29.518411626219,27.505547306111,22.4));
#6859 = CARTESIAN_POINT('',(30.480365952539,27.497653174108,22.4));
#6860 = CARTESIAN_POINT('',(31.43475794982,27.423142433975,22.4));
#6861 = CARTESIAN_POINT('',(32.381979847014,27.284274332011,22.4));
#6862 = CARTESIAN_POINT('',(33.346166164706,27.074813902316,22.4));
#6863 = CARTESIAN_POINT('',(34.277556104178,26.806360136563,22.4));
#6864 = CARTESIAN_POINT('',(35.201994635684,26.475626098635,22.4));
#6865 = CARTESIAN_POINT('',(36.120026751544,26.081053342461,22.4));
#6866 = CARTESIAN_POINT('',(37.053713084303,25.606310170402,22.4));
#6867 = CARTESIAN_POINT('',(37.954296948307,25.07273456133,22.4));
#6868 = CARTESIAN_POINT('',(38.847278044432,24.465681794331,22.4));
#6869 = CARTESIAN_POINT('',(39.732034929987,23.779404953179,22.4));
#6870 = CARTESIAN_POINT('',(40.626947180634,22.98621323695,22.4));
#6871 = CARTESIAN_POINT('',(41.483582659192,22.120080821874,22.4));
#6872 = CARTESIAN_POINT('',(42.326438533146,21.153148084479,22.4));
#6873 = CARTESIAN_POINT('',(43.153090290469,20.075151089843,22.4));
#6874 = CARTESIAN_POINT('',(43.977056471612,18.844612851793,22.4));
#6875 = CARTESIAN_POINT('',(44.751951517801,17.51407662939,22.4));
#6876 = CARTESIAN_POINT('',(45.500587447575,16.037304592966,22.4));
#6877 = CARTESIAN_POINT('',(46.218322810518,14.398928243417,22.4));
#6878 = CARTESIAN_POINT('',(46.912949194845,12.536703344974,22.4));
#6879 = CARTESIAN_POINT('',(47.541679742908,10.539118513891,22.4));
#6880 = CARTESIAN_POINT('',(48.12831353425,8.297876658534,22.4));
#6881 = CARTESIAN_POINT('',(48.641127159287,5.947933569625,22.4));
#6882 = CARTESIAN_POINT('',(49.184779359494,2.710378200263,22.4));
#6883 = CARTESIAN_POINT('',(49.245463149114,2.015183314218,22.4));
#6884 = CARTESIAN_POINT('',(49.49370321069,0.112044317377,22.4));
#6885 = PCURVE('',#73,#6886);
#6886 = DEFINITIONAL_REPRESENTATION('',(#6887),#6891);
#6887 = LINE('',#6888,#6889);
#6888 = CARTESIAN_POINT('',(0.,-22.4));
#6889 = VECTOR('',#6890,1.);
#6890 = DIRECTION('',(1.,0.));
#6891 = ( GEOMETRIC_REPRESENTATION_CONTEXT(2) 
PARAMETRIC_REPRESENTATION_CONTEXT() REPRESENTATION_CONTEXT('2D SPACE',''
  ) );
#6892 = PCURVE('',#198,#6893);
#6893 = DEFINITIONAL_REPRESENTATION('',(#6894),#6945);
#6894 = B_SPLINE_CURVE_WITH_KNOTS('',3,(#6895,#6896,#6897,#6898,#6899,
    #6900,#6901,#6902,#6903,#6904,#6905,#6906,#6907,#6908,#6909,#6910,
    #6911,#6912,#6913,#6914,#6915,#6916,#6917,#6918,#6919,#6920,#6921,
    #6922,#6923,#6924,#6925,#6926,#6927,#6928,#6929,#6930,#6931,#6932,
    #6933,#6934,#6935,#6936,#6937,#6938,#6939,#6940,#6941,#6942,#6943,
    #6944),.UNSPECIFIED.,.F.,.F.,(4,1,1,1,1,1,1,1,1,1,1,1,1,1,1,1,1,1,1,
    1,1,1,1,1,1,1,1,1,1,1,1,1,1,1,1,1,1,1,1,1,1,1,1,1,1,1,1,4),(0.,
    2.766464139392,5.568319295326,8.177275145496,10.425160909405,
    12.698001103747,14.813706991925,16.784063111389,18.483896399813,
    20.207074900357,21.81810245116,23.327840693167,24.640860133639,
    25.985974841284,27.260500260188,28.473662841808,29.546573791048,
    30.665502050481,31.746604132965,32.796723932319,33.744037531687,
    34.751762028128,35.745458780463,36.730106112805,37.635070035337,
    38.615335519513,39.599805338773,40.592877392801,41.521106716853,
    42.54355210237,43.588460947472,44.661307186429,45.681682040739,
    46.825929386569,48.018033969658,49.266638650819,50.477859791669,
    51.863921967174,53.33914083985,54.917675284274,56.480212616324,
    58.303578905337,60.281721918016,62.435877257802,64.600562295301,
    67.15990258556,69.968318443063,73.053194077155),.UNSPECIFIED.);
#6895 = CARTESIAN_POINT('',(11.465086923869,9.659132507772E-02));
#6896 = CARTESIAN_POINT('',(11.562011354251,0.997531887688));
#6897 = CARTESIAN_POINT('',(11.733861433439,2.869911982393));
#6898 = CARTESIAN_POINT('',(12.154186304207,5.555149510144));
#6899 = CARTESIAN_POINT('',(12.656613796004,8.061246716484));
#6900 = CARTESIAN_POINT('',(13.238805018243,10.365827798951));
#6901 = CARTESIAN_POINT('',(13.886147827978,12.482337860793));
#6902 = CARTESIAN_POINT('',(14.615582282124,14.473629758889));
#6903 = CARTESIAN_POINT('',(15.381107717009,16.245040316804));
#6904 = CARTESIAN_POINT('',(16.188309774152,17.852461924634));
#6905 = CARTESIAN_POINT('',(17.030418094951,19.305183808412));
#6906 = CARTESIAN_POINT('',(17.930122412672,20.647439067325));
#6907 = CARTESIAN_POINT('',(18.837890922507,21.815265409324));
#6908 = CARTESIAN_POINT('',(19.759850462584,22.855601589807));
#6909 = CARTESIAN_POINT('',(20.691550502438,23.779474227334));
#6910 = CARTESIAN_POINT('',(21.668521729273,24.604886664143));
#6911 = CARTESIAN_POINT('',(22.634140574527,25.29721043821));
#6912 = CARTESIAN_POINT('',(23.606674675732,25.884428292563));
#6913 = CARTESIAN_POINT('',(24.58348448695,26.373147396548));
#6914 = CARTESIAN_POINT('',(25.590332188661,26.776431093043));
#6915 = CARTESIAN_POINT('',(26.572226740316,27.078624195503));
#6916 = CARTESIAN_POINT('',(27.550572930613,27.297867266821));
#6917 = CARTESIAN_POINT('',(28.524319586207,27.439123206851));
#6918 = CARTESIAN_POINT('',(29.518411626219,27.505547306111));
#6919 = CARTESIAN_POINT('',(30.480365952539,27.497653174108));
#6920 = CARTESIAN_POINT('',(31.43475794982,27.423142433975));
#6921 = CARTESIAN_POINT('',(32.381979847014,27.284274332011));
#6922 = CARTESIAN_POINT('',(33.346166164706,27.074813902316));
#6923 = CARTESIAN_POINT('',(34.277556104178,26.806360136563));
#6924 = CARTESIAN_POINT('',(35.201994635684,26.475626098635));
#6925 = CARTESIAN_POINT('',(36.120026751544,26.081053342461));
#6926 = CARTESIAN_POINT('',(37.053713084303,25.606310170402));
#6927 = CARTESIAN_POINT('',(37.954296948307,25.07273456133));
#6928 = CARTESIAN_POINT('',(38.847278044432,24.465681794331));
#6929 = CARTESIAN_POINT('',(39.732034929987,23.779404953179));
#6930 = CARTESIAN_POINT('',(40.626947180634,22.98621323695));
#6931 = CARTESIAN_POINT('',(41.483582659192,22.120080821874));
#6932 = CARTESIAN_POINT('',(42.326438533146,21.153148084479));
#6933 = CARTESIAN_POINT('',(43.153090290469,20.075151089843));
#6934 = CARTESIAN_POINT('',(43.977056471612,18.844612851793));
#6935 = CARTESIAN_POINT('',(44.751951517801,17.51407662939));
#6936 = CARTESIAN_POINT('',(45.500587447575,16.037304592966));
#6937 = CARTESIAN_POINT('',(46.218322810518,14.398928243417));
#6938 = CARTESIAN_POINT('',(46.912949194845,12.536703344974));
#6939 = CARTESIAN_POINT('',(47.541679742908,10.539118513891));
#6940 = CARTESIAN_POINT('',(48.12831353425,8.297876658534));
#6941 = CARTESIAN_POINT('',(48.641127159287,5.947933569625));
#6942 = CARTESIAN_POINT('',(49.184779359494,2.710378200263));
#6943 = CARTESIAN_POINT('',(49.245463149114,2.015183314218));
#6944 = CARTESIAN_POINT('',(49.49370321069,0.112044317377));
#6945 = ( GEOMETRIC_REPRESENTATION_CONTEXT(2) 
PARAMETRIC_REPRESENTATION_CONTEXT() REPRESENTATION_CONTEXT('2D SPACE',''
  ) );
#6946 = ORIENTED_EDGE('',*,*,#57,.F.);
#6947 = ORIENTED_EDGE('',*,*,#240,.F.);
#6948 = ADVANCED_FACE('',(#6949,#7115,#7141,#7471,#7801,#8131,#8461,
    #8791,#9121,#9451,#9781,#10111,#10441),#198,.T.);
#6949 = FACE_BOUND('',#6950,.T.);
#6950 = EDGE_LOOP('',(#6951,#6952,#6953,#6976,#7093,#7114));
#6951 = ORIENTED_EDGE('',*,*,#181,.F.);
#6952 = ORIENTED_EDGE('',*,*,#6832,.F.);
#6953 = ORIENTED_EDGE('',*,*,#6954,.F.);
#6954 = EDGE_CURVE('',#6955,#6810,#6957,.T.);
#6955 = VERTEX_POINT('',#6956);
#6956 = CARTESIAN_POINT('',(12.116284385996,6.883805996763,22.4));
#6957 = SURFACE_CURVE('',#6958,(#6962,#6969),.PCURVE_S1.);
#6958 = LINE('',#6959,#6960);
#6959 = CARTESIAN_POINT('',(12.116284385996,6.883805996763,22.4));
#6960 = VECTOR('',#6961,1.);
#6961 = DIRECTION('',(-4.458338040621E-02,-0.999005666746,0.));
#6962 = PCURVE('',#198,#6963);
#6963 = DEFINITIONAL_REPRESENTATION('',(#6964),#6968);
#6964 = LINE('',#6965,#6966);
#6965 = CARTESIAN_POINT('',(12.116284385996,6.883805996763));
#6966 = VECTOR('',#6967,1.);
#6967 = DIRECTION('',(-4.458338040621E-02,-0.999005666746));
#6968 = ( GEOMETRIC_REPRESENTATION_CONTEXT(2) 
PARAMETRIC_REPRESENTATION_CONTEXT() REPRESENTATION_CONTEXT('2D SPACE',''
  ) );
#6969 = PCURVE('',#373,#6970);
#6970 = DEFINITIONAL_REPRESENTATION('',(#6971),#6975);
#6971 = LINE('',#6972,#6973);
#6972 = CARTESIAN_POINT('',(0.,-22.4));
#6973 = VECTOR('',#6974,1.);
#6974 = DIRECTION('',(1.,0.));
#6975 = ( GEOMETRIC_REPRESENTATION_CONTEXT(2) 
PARAMETRIC_REPRESENTATION_CONTEXT() REPRESENTATION_CONTEXT('2D SPACE',''
  ) );
#6976 = ORIENTED_EDGE('',*,*,#6977,.F.);
#6977 = EDGE_CURVE('',#6978,#6955,#6980,.T.);
#6978 = VERTEX_POINT('',#6979);
#6979 = CARTESIAN_POINT('',(41.197682017954,23.656115169457,22.4));
#6980 = SURFACE_CURVE('',#6981,(#7032,#7086),.PCURVE_S1.);
#6981 = B_SPLINE_CURVE_WITH_KNOTS('',3,(#6982,#6983,#6984,#6985,#6986,
    #6987,#6988,#6989,#6990,#6991,#6992,#6993,#6994,#6995,#6996,#6997,
    #6998,#6999,#7000,#7001,#7002,#7003,#7004,#7005,#7006,#7007,#7008,
    #7009,#7010,#7011,#7012,#7013,#7014,#7015,#7016,#7017,#7018,#7019,
    #7020,#7021,#7022,#7023,#7024,#7025,#7026,#7027,#7028,#7029,#7030,
    #7031),.UNSPECIFIED.,.F.,.F.,(4,1,1,1,1,1,1,1,1,1,1,1,1,1,1,1,1,1,1,
    1,1,1,1,1,1,1,1,1,1,1,1,1,1,1,1,1,1,1,1,1,1,1,1,1,1,1,1,4),(0.,
    3.010134173011,5.734866089906,8.204243200285,10.280216915947,
    12.332164523515,14.201956865391,15.911237845672,17.363900720308,
    18.819208714806,20.167747400886,21.42468716853,22.515414853025,
    23.632925452475,24.694050367351,25.707901186754,26.608581862701,
    27.552388564938,28.468532489134,29.361872223827,30.169943636586,
    31.030962627216,31.880548884696,32.72227944396,33.495545472128,
    34.332992621126,35.174663745336,36.025783427864,36.825011523752,
    37.711824801461,38.627874308414,39.58148948206,40.502911686362,
    41.554574841448,42.671594637474,43.864256147866,45.041219012251,
    46.408073524505,47.880684921353,49.469922617188,51.049935999727,
    52.894334824252,54.887680127977,57.041280206621,59.18142193199,
    61.675679145654,64.364419403117,67.031728548195),.UNSPECIFIED.);
#6982 = CARTESIAN_POINT('',(41.197682017954,23.656115169457,22.4));
#6983 = CARTESIAN_POINT('',(40.59750268534,24.440273040611,22.4));
#6984 = CARTESIAN_POINT('',(39.444784580053,25.994109956344,22.4));
#6985 = CARTESIAN_POINT('',(37.695705261432,28.087310268353,22.4));
#6986 = CARTESIAN_POINT('',(36.069454937216,29.887348100209,22.4));
#6987 = CARTESIAN_POINT('',(34.521309404821,31.449670117131,22.4));
#6988 = CARTESIAN_POINT('',(33.048079218703,32.802582150766,22.4));
#6989 = CARTESIAN_POINT('',(31.599901021549,33.998107610693,22.4));
#6990 = CARTESIAN_POINT('',(30.248323317952,34.992858536067,22.4));
#6991 = CARTESIAN_POINT('',(28.958714869125,35.834286255178,22.4));
#6992 = CARTESIAN_POINT('',(27.726602577159,36.53968540187,22.4));
#6993 = CARTESIAN_POINT('',(26.511283173321,37.137729772993,22.4));
#6994 = CARTESIAN_POINT('',(25.372392496309,37.610047835712,22.4));
#6995 = CARTESIAN_POINT('',(24.279143431836,37.984935282419,22.4));
#6996 = CARTESIAN_POINT('',(23.227320210941,38.273103626033,22.4));
#6997 = CARTESIAN_POINT('',(22.18398945201,38.486440407921,22.4));
#6998 = CARTESIAN_POINT('',(21.200577532397,38.621211494927,22.4));
#6999 = CARTESIAN_POINT('',(20.249819376274,38.691212914704,22.4));
#7000 = CARTESIAN_POINT('',(19.32901752529,38.701641446891,22.4));
#7001 = CARTESIAN_POINT('',(18.411922952298,38.652850462375,22.4));
#7002 = CARTESIAN_POINT('',(17.544818284358,38.550397988541,22.4));
#7003 = CARTESIAN_POINT('',(16.70398003906,38.397420634829,22.4));
#7004 = CARTESIAN_POINT('',(15.888465133527,38.195340048621,22.4));
#7005 = CARTESIAN_POINT('',(15.07752826767,37.935932580382,22.4));
#7006 = CARTESIAN_POINT('',(14.313355558876,37.632535123317,22.4));
#7007 = CARTESIAN_POINT('',(13.575185260546,37.279948391349,22.4));
#7008 = CARTESIAN_POINT('',(12.863224085207,36.876730953373,22.4));
#7009 = CARTESIAN_POINT('',(12.161844251501,36.406865191059,22.4));
#7010 = CARTESIAN_POINT('',(11.508835283954,35.89204427852,22.4));
#7011 = CARTESIAN_POINT('',(10.886057381937,35.318751033939,22.4));
#7012 = CARTESIAN_POINT('',(10.295052003154,34.682555085346,22.4));
#7013 = CARTESIAN_POINT('',(9.726625133919,33.959337152656,22.4));
#7014 = CARTESIAN_POINT('',(9.213707406018,33.181834569932,22.4));
#7015 = CARTESIAN_POINT('',(8.742330489725,32.326677020119,22.4));
#7016 = CARTESIAN_POINT('',(8.316968499722,31.387285534416,22.4));
#7017 = CARTESIAN_POINT('',(7.93809362255,30.331680403677,22.4));
#7018 = CARTESIAN_POINT('',(7.628710068421,29.210123569433,22.4));
#7019 = CARTESIAN_POINT('',(7.394409398782,27.98564911256,22.4));
#7020 = CARTESIAN_POINT('',(7.241834177369,26.654388015471,22.4));
#7021 = CARTESIAN_POINT('',(7.172534579738,25.178724388865,22.4));
#7022 = CARTESIAN_POINT('',(7.202023820633,23.630641581764,22.4));
#7023 = CARTESIAN_POINT('',(7.333571741476,21.963697473041,22.4));
#7024 = CARTESIAN_POINT('',(7.578896463739,20.173763198766,22.4));
#7025 = CARTESIAN_POINT('',(7.962725754083,18.21153838216,22.4));
#7026 = CARTESIAN_POINT('',(8.473684888989,16.183520498831,22.4));
#7027 = CARTESIAN_POINT('',(9.144462101168,13.999557685068,22.4));
#7028 = CARTESIAN_POINT('',(9.932823367122,11.788476784338,22.4));
#7029 = CARTESIAN_POINT('',(11.091085102334,9.011915653887,22.4));
#7030 = CARTESIAN_POINT('',(11.458176539373,8.292958249965,22.4));
#7031 = CARTESIAN_POINT('',(12.116284385996,6.883805996763,22.4));
#7032 = PCURVE('',#198,#7033);
#7033 = DEFINITIONAL_REPRESENTATION('',(#7034),#7085);
#7034 = B_SPLINE_CURVE_WITH_KNOTS('',3,(#7035,#7036,#7037,#7038,#7039,
    #7040,#7041,#7042,#7043,#7044,#7045,#7046,#7047,#7048,#7049,#7050,
    #7051,#7052,#7053,#7054,#7055,#7056,#7057,#7058,#7059,#7060,#7061,
    #7062,#7063,#7064,#7065,#7066,#7067,#7068,#7069,#7070,#7071,#7072,
    #7073,#7074,#7075,#7076,#7077,#7078,#7079,#7080,#7081,#7082,#7083,
    #7084),.UNSPECIFIED.,.F.,.F.,(4,1,1,1,1,1,1,1,1,1,1,1,1,1,1,1,1,1,1,
    1,1,1,1,1,1,1,1,1,1,1,1,1,1,1,1,1,1,1,1,1,1,1,1,1,1,1,1,4),(0.,
    3.010134173011,5.734866089906,8.204243200285,10.280216915947,
    12.332164523515,14.201956865391,15.911237845672,17.363900720308,
    18.819208714806,20.167747400886,21.42468716853,22.515414853025,
    23.632925452475,24.694050367351,25.707901186754,26.608581862701,
    27.552388564938,28.468532489134,29.361872223827,30.169943636586,
    31.030962627216,31.880548884696,32.72227944396,33.495545472128,
    34.332992621126,35.174663745336,36.025783427864,36.825011523752,
    37.711824801461,38.627874308414,39.58148948206,40.502911686362,
    41.554574841448,42.671594637474,43.864256147866,45.041219012251,
    46.408073524505,47.880684921353,49.469922617188,51.049935999727,
    52.894334824252,54.887680127977,57.041280206621,59.18142193199,
    61.675679145654,64.364419403117,67.031728548195),.UNSPECIFIED.);
#7035 = CARTESIAN_POINT('',(41.197682017954,23.656115169457));
#7036 = CARTESIAN_POINT('',(40.59750268534,24.440273040611));
#7037 = CARTESIAN_POINT('',(39.444784580053,25.994109956344));
#7038 = CARTESIAN_POINT('',(37.695705261432,28.087310268353));
#7039 = CARTESIAN_POINT('',(36.069454937216,29.887348100209));
#7040 = CARTESIAN_POINT('',(34.521309404821,31.449670117131));
#7041 = CARTESIAN_POINT('',(33.048079218703,32.802582150766));
#7042 = CARTESIAN_POINT('',(31.599901021549,33.998107610693));
#7043 = CARTESIAN_POINT('',(30.248323317952,34.992858536067));
#7044 = CARTESIAN_POINT('',(28.958714869125,35.834286255178));
#7045 = CARTESIAN_POINT('',(27.726602577159,36.53968540187));
#7046 = CARTESIAN_POINT('',(26.511283173321,37.137729772993));
#7047 = CARTESIAN_POINT('',(25.372392496309,37.610047835712));
#7048 = CARTESIAN_POINT('',(24.279143431836,37.984935282419));
#7049 = CARTESIAN_POINT('',(23.227320210941,38.273103626033));
#7050 = CARTESIAN_POINT('',(22.18398945201,38.486440407921));
#7051 = CARTESIAN_POINT('',(21.200577532397,38.621211494927));
#7052 = CARTESIAN_POINT('',(20.249819376274,38.691212914704));
#7053 = CARTESIAN_POINT('',(19.32901752529,38.701641446891));
#7054 = CARTESIAN_POINT('',(18.411922952298,38.652850462375));
#7055 = CARTESIAN_POINT('',(17.544818284358,38.550397988541));
#7056 = CARTESIAN_POINT('',(16.70398003906,38.397420634829));
#7057 = CARTESIAN_POINT('',(15.888465133527,38.195340048621));
#7058 = CARTESIAN_POINT('',(15.07752826767,37.935932580382));
#7059 = CARTESIAN_POINT('',(14.313355558876,37.632535123317));
#7060 = CARTESIAN_POINT('',(13.575185260546,37.279948391349));
#7061 = CARTESIAN_POINT('',(12.863224085207,36.876730953373));
#7062 = CARTESIAN_POINT('',(12.161844251501,36.406865191059));
#7063 = CARTESIAN_POINT('',(11.508835283954,35.89204427852));
#7064 = CARTESIAN_POINT('',(10.886057381937,35.318751033939));
#7065 = CARTESIAN_POINT('',(10.295052003154,34.682555085346));
#7066 = CARTESIAN_POINT('',(9.726625133919,33.959337152656));
#7067 = CARTESIAN_POINT('',(9.213707406018,33.181834569932));
#7068 = CARTESIAN_POINT('',(8.742330489725,32.326677020119));
#7069 = CARTESIAN_POINT('',(8.316968499722,31.387285534416));
#7070 = CARTESIAN_POINT('',(7.93809362255,30.331680403677));
#7071 = CARTESIAN_POINT('',(7.628710068421,29.210123569433));
#7072 = CARTESIAN_POINT('',(7.394409398782,27.98564911256));
#7073 = CARTESIAN_POINT('',(7.241834177369,26.654388015471));
#7074 = CARTESIAN_POINT('',(7.172534579738,25.178724388865));
#7075 = CARTESIAN_POINT('',(7.202023820633,23.630641581764));
#7076 = CARTESIAN_POINT('',(7.333571741476,21.963697473041));
#7077 = CARTESIAN_POINT('',(7.578896463739,20.173763198766));
#7078 = CARTESIAN_POINT('',(7.962725754083,18.21153838216));
#7079 = CARTESIAN_POINT('',(8.473684888989,16.183520498831));
#7080 = CARTESIAN_POINT('',(9.144462101168,13.999557685068));
#7081 = CARTESIAN_POINT('',(9.932823367122,11.788476784338));
#7082 = CARTESIAN_POINT('',(11.091085102334,9.011915653887));
#7083 = CARTESIAN_POINT('',(11.458176539373,8.292958249965));
#7084 = CARTESIAN_POINT('',(12.116284385996,6.883805996763));
#7085 = ( GEOMETRIC_REPRESENTATION_CONTEXT(2) 
PARAMETRIC_REPRESENTATION_CONTEXT() REPRESENTATION_CONTEXT('2D SPACE',''
  ) );
#7086 = PCURVE('',#495,#7087);
#7087 = DEFINITIONAL_REPRESENTATION('',(#7088),#7092);
#7088 = LINE('',#7089,#7090);
#7089 = CARTESIAN_POINT('',(0.,-22.4));
#7090 = VECTOR('',#7091,1.);
#7091 = DIRECTION('',(1.,0.));
#7092 = ( GEOMETRIC_REPRESENTATION_CONTEXT(2) 
PARAMETRIC_REPRESENTATION_CONTEXT() REPRESENTATION_CONTEXT('2D SPACE',''
  ) );
#7093 = ORIENTED_EDGE('',*,*,#7094,.F.);
#7094 = EDGE_CURVE('',#6761,#6978,#7095,.T.);
#7095 = SURFACE_CURVE('',#7096,(#7100,#7107),.PCURVE_S1.);
#7096 = LINE('',#7097,#7098);
#7097 = CARTESIAN_POINT('',(48.149405014691,14.573714409047,22.4));
#7098 = VECTOR('',#7099,1.);
#7099 = DIRECTION('',(-0.607800801718,0.794089532378,0.));
#7100 = PCURVE('',#198,#7101);
#7101 = DEFINITIONAL_REPRESENTATION('',(#7102),#7106);
#7102 = LINE('',#7103,#7104);
#7103 = CARTESIAN_POINT('',(48.149405014691,14.573714409047));
#7104 = VECTOR('',#7105,1.);
#7105 = DIRECTION('',(-0.607800801718,0.794089532378));
#7106 = ( GEOMETRIC_REPRESENTATION_CONTEXT(2) 
PARAMETRIC_REPRESENTATION_CONTEXT() REPRESENTATION_CONTEXT('2D SPACE',''
  ) );
#7107 = PCURVE('',#619,#7108);
#7108 = DEFINITIONAL_REPRESENTATION('',(#7109),#7113);
#7109 = LINE('',#7110,#7111);
#7110 = CARTESIAN_POINT('',(-6.094433791482,-22.4));
#7111 = VECTOR('',#7112,1.);
#7112 = DIRECTION('',(1.,0.));
#7113 = ( GEOMETRIC_REPRESENTATION_CONTEXT(2) 
PARAMETRIC_REPRESENTATION_CONTEXT() REPRESENTATION_CONTEXT('2D SPACE',''
  ) );
#7114 = ORIENTED_EDGE('',*,*,#6783,.F.);
#7115 = FACE_BOUND('',#7116,.T.);
#7116 = EDGE_LOOP('',(#7117));
#7117 = ORIENTED_EDGE('',*,*,#7118,.T.);
#7118 = EDGE_CURVE('',#7119,#7119,#7121,.T.);
#7119 = VERTEX_POINT('',#7120);
#7120 = CARTESIAN_POINT('',(50.,0.,22.4));
#7121 = SURFACE_CURVE('',#7122,(#7127,#7134),.PCURVE_S1.);
#7122 = CIRCLE('',#7123,50.);
#7123 = AXIS2_PLACEMENT_3D('',#7124,#7125,#7126);
#7124 = CARTESIAN_POINT('',(-3.055333763768E-13,-4.707345624411E-14,22.4
    ));
#7125 = DIRECTION('',(0.,0.,1.));
#7126 = DIRECTION('',(1.,9.503509090791E-16,-0.));
#7127 = PCURVE('',#198,#7128);
#7128 = DEFINITIONAL_REPRESENTATION('',(#7129),#7133);
#7129 = CIRCLE('',#7130,50.);
#7130 = AXIS2_PLACEMENT_2D('',#7131,#7132);
#7131 = CARTESIAN_POINT('',(-3.037830530072E-13,-5.028334835448E-14));
#7132 = DIRECTION('',(1.,9.503509090791E-16));
#7133 = ( GEOMETRIC_REPRESENTATION_CONTEXT(2) 
PARAMETRIC_REPRESENTATION_CONTEXT() REPRESENTATION_CONTEXT('2D SPACE',''
  ) );
#7134 = PCURVE('',#672,#7135);
#7135 = DEFINITIONAL_REPRESENTATION('',(#7136),#7140);
#7136 = LINE('',#7137,#7138);
#7137 = CARTESIAN_POINT('',(-0.,-22.4));
#7138 = VECTOR('',#7139,1.);
#7139 = DIRECTION('',(-1.,0.));
#7140 = ( GEOMETRIC_REPRESENTATION_CONTEXT(2) 
PARAMETRIC_REPRESENTATION_CONTEXT() REPRESENTATION_CONTEXT('2D SPACE',''
  ) );
#7141 = FACE_BOUND('',#7142,.T.);
#7142 = EDGE_LOOP('',(#7143,#7169,#7286,#7309,#7426,#7449));
#7143 = ORIENTED_EDGE('',*,*,#7144,.F.);
#7144 = EDGE_CURVE('',#7145,#7147,#7149,.T.);
#7145 = VERTEX_POINT('',#7146);
#7146 = CARTESIAN_POINT('',(46.985969100161,-12.02367280487,22.4));
#7147 = VERTEX_POINT('',#7148);
#7148 = CARTESIAN_POINT('',(48.153202670253,-5.789565838434,22.4));
#7149 = SURFACE_CURVE('',#7150,(#7155,#7162),.PCURVE_S1.);
#7150 = CIRCLE('',#7151,48.5);
#7151 = AXIS2_PLACEMENT_3D('',#7152,#7153,#7154);
#7152 = CARTESIAN_POINT('',(0.,0.,22.4));
#7153 = DIRECTION('',(0.,0.,1.));
#7154 = DIRECTION('',(1.,0.,-0.));
#7155 = PCURVE('',#198,#7156);
#7156 = DEFINITIONAL_REPRESENTATION('',(#7157),#7161);
#7157 = CIRCLE('',#7158,48.5);
#7158 = AXIS2_PLACEMENT_2D('',#7159,#7160);
#7159 = CARTESIAN_POINT('',(1.75032336965E-15,-3.209892110372E-15));
#7160 = DIRECTION('',(1.,0.));
#7161 = ( GEOMETRIC_REPRESENTATION_CONTEXT(2) 
PARAMETRIC_REPRESENTATION_CONTEXT() REPRESENTATION_CONTEXT('2D SPACE',''
  ) );
#7162 = PCURVE('',#705,#7163);
#7163 = DEFINITIONAL_REPRESENTATION('',(#7164),#7168);
#7164 = LINE('',#7165,#7166);
#7165 = CARTESIAN_POINT('',(-0.,-22.4));
#7166 = VECTOR('',#7167,1.);
#7167 = DIRECTION('',(-1.,0.));
#7168 = ( GEOMETRIC_REPRESENTATION_CONTEXT(2) 
PARAMETRIC_REPRESENTATION_CONTEXT() REPRESENTATION_CONTEXT('2D SPACE',''
  ) );
#7169 = ORIENTED_EDGE('',*,*,#7170,.F.);
#7170 = EDGE_CURVE('',#7171,#7145,#7173,.T.);
#7171 = VERTEX_POINT('',#7172);
#7172 = CARTESIAN_POINT('',(12.718131317315,-2.002495231905,22.4));
#7173 = SURFACE_CURVE('',#7174,(#7225,#7279),.PCURVE_S1.);
#7174 = B_SPLINE_CURVE_WITH_KNOTS('',3,(#7175,#7176,#7177,#7178,#7179,
    #7180,#7181,#7182,#7183,#7184,#7185,#7186,#7187,#7188,#7189,#7190,
    #7191,#7192,#7193,#7194,#7195,#7196,#7197,#7198,#7199,#7200,#7201,
    #7202,#7203,#7204,#7205,#7206,#7207,#7208,#7209,#7210,#7211,#7212,
    #7213,#7214,#7215,#7216,#7217,#7218,#7219,#7220,#7221,#7222,#7223,
    #7224),.UNSPECIFIED.,.F.,.F.,(4,1,1,1,1,1,1,1,1,1,1,1,1,1,1,1,1,1,1,
    1,1,1,1,1,1,1,1,1,1,1,1,1,1,1,1,1,1,1,1,1,1,1,1,1,1,1,1,4),(0.,
    2.766464139392,5.568319295326,8.177275145496,10.425160909405,
    12.698001103747,14.813706991925,16.784063111389,18.483896399813,
    20.207074900357,21.81810245116,23.327840693167,24.640860133639,
    25.985974841284,27.260500260188,28.473662841808,29.546573791048,
    30.665502050481,31.746604132965,32.796723932319,33.744037531687,
    34.751762028128,35.745458780463,36.730106112805,37.635070035337,
    38.615335519513,39.599805338773,40.592877392801,41.521106716853,
    42.54355210237,43.588460947472,44.661307186429,45.681682040739,
    46.825929386569,48.018033969658,49.266638650819,50.477859791669,
    51.863921967174,53.33914083985,54.917675284274,56.480212616324,
    58.303578905337,60.281721918016,62.435877257802,64.600562295301,
    67.15990258556,69.968318443063,73.053194077155),.UNSPECIFIED.);
#7175 = CARTESIAN_POINT('',(9.977352195207,-5.648892920632,22.4));
#7176 = CARTESIAN_POINT('',(10.51176149547,-4.917117721303,22.4));
#7177 = CARTESIAN_POINT('',(11.596778077042,-3.381514033342,22.4));
#7178 = CARTESIAN_POINT('',(13.303408856845,-1.266192554498,22.4));
#7179 = CARTESIAN_POINT('',(14.99157243147,0.652937544647,22.4));
#7180 = CARTESIAN_POINT('',(16.648055361023,2.357667696025,22.4));
#7181 = CARTESIAN_POINT('',(18.266925710132,3.866947772078,22.4));
#7182 = CARTESIAN_POINT('',(19.894280426866,5.226739915106,22.4));
#7183 = CARTESIAN_POINT('',(21.442950179676,6.37806374135,22.4));
#7184 = CARTESIAN_POINT('',(22.945718471064,7.366530659752,22.4));
#7185 = CARTESIAN_POINT('',(24.401366611504,8.203570555337,22.4));
#7186 = CARTESIAN_POINT('',(25.851661036001,8.916145549059,22.4));
#7187 = CARTESIAN_POINT('',(27.221724797273,9.473628573521,22.4));
#7188 = CARTESIAN_POINT('',(28.540333270482,9.913606364257,22.4));
#7189 = CARTESIAN_POINT('',(29.809145492467,10.247853518289,22.4));
#7190 = CARTESIAN_POINT('',(31.067933612077,10.474196043749,22.4));
#7191 = CARTESIAN_POINT('',(32.250345949474,10.590956597107,22.4));
#7192 = CARTESIAN_POINT('',(33.386194114341,10.61323512593,22.4));
#7193 = CARTESIAN_POINT('',(34.476495777513,10.548073379687,22.4));
#7194 = CARTESIAN_POINT('',(35.550093313185,10.393903454928,22.4));
#7195 = CARTESIAN_POINT('',(36.551535489985,10.164663082679,22.4));
#7196 = CARTESIAN_POINT('',(37.508429680137,9.865360056896,22.4));
#7197 = CARTESIAN_POINT('',(38.422346990747,9.500817961601,22.4));
#7198 = CARTESIAN_POINT('',(39.316468000727,9.061296898977,22.4));
#7199 = CARTESIAN_POINT('',(40.145597818599,8.573483216962,22.4));
#7200 = CARTESIAN_POINT('',(40.934870163346,8.031759024511,22.4));
#7201 = CARTESIAN_POINT('',(41.685754338355,7.437884771838,22.4));
#7202 = CARTESIAN_POINT('',(42.41603396861,6.774393559789,22.4));
#7203 = CARTESIAN_POINT('',(43.088414434146,6.076210809169,22.4));
#7204 = CARTESIAN_POINT('',(43.723634667703,5.327567464674,22.4));
#7205 = CARTESIAN_POINT('',(44.321387423441,4.526841376256,22.4));
#7206 = CARTESIAN_POINT('',(44.892611920748,3.6488585626,22.4));
#7207 = CARTESIAN_POINT('',(45.405752620677,2.736476598302,22.4));
#7208 = CARTESIAN_POINT('',(45.875570551521,1.764262932581,22.4));
#7209 = CARTESIAN_POINT('',(46.298654070009,0.727551311337,22.4));
#7210 = CARTESIAN_POINT('',(46.677074955113,-0.406828990312,22.4));
#7211 = CARTESIAN_POINT('',(46.985876833789,-1.585239404088,22.4));
#7212 = CARTESIAN_POINT('',(47.232345063664,-2.8440556554,22.4));
#7213 = CARTESIAN_POINT('',(47.409247988271,-4.19095431662,22.4));
#7214 = CARTESIAN_POINT('',(47.507554513975,-5.668614781671,22.4));
#7215 = CARTESIAN_POINT('',(47.51336519804,-7.208340474022,22.4));
#7216 = CARTESIAN_POINT('',(47.423316913199,-8.86158053805,22.4));
#7217 = CARTESIAN_POINT('',(47.225705795927,-10.63932375919,22.4));
#7218 = CARTESIAN_POINT('',(46.896157441672,-12.59937102096,22.4));
#7219 = CARTESIAN_POINT('',(46.441861652888,-14.64369550493,22.4));
#7220 = CARTESIAN_POINT('',(45.82928049123,-16.87798478336,22.4));
#7221 = CARTESIAN_POINT('',(45.098418573464,-19.16950200832,22.4));
#7222 = CARTESIAN_POINT('',(43.950457504985,-22.24513330445,22.4));
#7223 = CARTESIAN_POINT('',(43.655413765372,-22.87753163116,22.4));
#7224 = CARTESIAN_POINT('',(42.918826466513,-24.64981838014,22.4));
#7225 = PCURVE('',#198,#7226);
#7226 = DEFINITIONAL_REPRESENTATION('',(#7227),#7278);
#7227 = B_SPLINE_CURVE_WITH_KNOTS('',3,(#7228,#7229,#7230,#7231,#7232,
    #7233,#7234,#7235,#7236,#7237,#7238,#7239,#7240,#7241,#7242,#7243,
    #7244,#7245,#7246,#7247,#7248,#7249,#7250,#7251,#7252,#7253,#7254,
    #7255,#7256,#7257,#7258,#7259,#7260,#7261,#7262,#7263,#7264,#7265,
    #7266,#7267,#7268,#7269,#7270,#7271,#7272,#7273,#7274,#7275,#7276,
    #7277),.UNSPECIFIED.,.F.,.F.,(4,1,1,1,1,1,1,1,1,1,1,1,1,1,1,1,1,1,1,
    1,1,1,1,1,1,1,1,1,1,1,1,1,1,1,1,1,1,1,1,1,1,1,1,1,1,1,1,4),(0.,
    2.766464139392,5.568319295326,8.177275145496,10.425160909405,
    12.698001103747,14.813706991925,16.784063111389,18.483896399813,
    20.207074900357,21.81810245116,23.327840693167,24.640860133639,
    25.985974841284,27.260500260188,28.473662841808,29.546573791048,
    30.665502050481,31.746604132965,32.796723932319,33.744037531687,
    34.751762028128,35.745458780463,36.730106112805,37.635070035337,
    38.615335519513,39.599805338773,40.592877392801,41.521106716853,
    42.54355210237,43.588460947472,44.661307186429,45.681682040739,
    46.825929386569,48.018033969658,49.266638650819,50.477859791669,
    51.863921967174,53.33914083985,54.917675284274,56.480212616324,
    58.303578905337,60.281721918016,62.435877257802,64.600562295301,
    67.15990258556,69.968318443063,73.053194077155),.UNSPECIFIED.);
#7228 = CARTESIAN_POINT('',(9.977352195207,-5.648892920632));
#7229 = CARTESIAN_POINT('',(10.51176149547,-4.917117721303));
#7230 = CARTESIAN_POINT('',(11.596778077042,-3.381514033342));
#7231 = CARTESIAN_POINT('',(13.303408856845,-1.266192554498));
#7232 = CARTESIAN_POINT('',(14.99157243147,0.652937544647));
#7233 = CARTESIAN_POINT('',(16.648055361023,2.357667696025));
#7234 = CARTESIAN_POINT('',(18.266925710132,3.866947772078));
#7235 = CARTESIAN_POINT('',(19.894280426866,5.226739915106));
#7236 = CARTESIAN_POINT('',(21.442950179676,6.37806374135));
#7237 = CARTESIAN_POINT('',(22.945718471064,7.366530659752));
#7238 = CARTESIAN_POINT('',(24.401366611504,8.203570555337));
#7239 = CARTESIAN_POINT('',(25.851661036001,8.916145549059));
#7240 = CARTESIAN_POINT('',(27.221724797273,9.473628573521));
#7241 = CARTESIAN_POINT('',(28.540333270482,9.913606364257));
#7242 = CARTESIAN_POINT('',(29.809145492467,10.247853518289));
#7243 = CARTESIAN_POINT('',(31.067933612077,10.474196043749));
#7244 = CARTESIAN_POINT('',(32.250345949474,10.590956597107));
#7245 = CARTESIAN_POINT('',(33.386194114341,10.61323512593));
#7246 = CARTESIAN_POINT('',(34.476495777513,10.548073379687));
#7247 = CARTESIAN_POINT('',(35.550093313185,10.393903454928));
#7248 = CARTESIAN_POINT('',(36.551535489985,10.164663082679));
#7249 = CARTESIAN_POINT('',(37.508429680137,9.865360056896));
#7250 = CARTESIAN_POINT('',(38.422346990747,9.500817961601));
#7251 = CARTESIAN_POINT('',(39.316468000727,9.061296898977));
#7252 = CARTESIAN_POINT('',(40.145597818599,8.573483216962));
#7253 = CARTESIAN_POINT('',(40.934870163346,8.031759024511));
#7254 = CARTESIAN_POINT('',(41.685754338355,7.437884771838));
#7255 = CARTESIAN_POINT('',(42.41603396861,6.774393559789));
#7256 = CARTESIAN_POINT('',(43.088414434146,6.076210809169));
#7257 = CARTESIAN_POINT('',(43.723634667703,5.327567464674));
#7258 = CARTESIAN_POINT('',(44.321387423441,4.526841376256));
#7259 = CARTESIAN_POINT('',(44.892611920748,3.6488585626));
#7260 = CARTESIAN_POINT('',(45.405752620677,2.736476598302));
#7261 = CARTESIAN_POINT('',(45.875570551521,1.764262932581));
#7262 = CARTESIAN_POINT('',(46.298654070009,0.727551311337));
#7263 = CARTESIAN_POINT('',(46.677074955113,-0.406828990312));
#7264 = CARTESIAN_POINT('',(46.985876833789,-1.585239404088));
#7265 = CARTESIAN_POINT('',(47.232345063664,-2.8440556554));
#7266 = CARTESIAN_POINT('',(47.409247988271,-4.19095431662));
#7267 = CARTESIAN_POINT('',(47.507554513975,-5.668614781671));
#7268 = CARTESIAN_POINT('',(47.51336519804,-7.208340474022));
#7269 = CARTESIAN_POINT('',(47.423316913199,-8.86158053805));
#7270 = CARTESIAN_POINT('',(47.225705795927,-10.63932375919));
#7271 = CARTESIAN_POINT('',(46.896157441672,-12.59937102096));
#7272 = CARTESIAN_POINT('',(46.441861652888,-14.64369550493));
#7273 = CARTESIAN_POINT('',(45.82928049123,-16.87798478336));
#7274 = CARTESIAN_POINT('',(45.098418573464,-19.16950200832));
#7275 = CARTESIAN_POINT('',(43.950457504985,-22.24513330445));
#7276 = CARTESIAN_POINT('',(43.655413765372,-22.87753163116));
#7277 = CARTESIAN_POINT('',(42.918826466513,-24.64981838014));
#7278 = ( GEOMETRIC_REPRESENTATION_CONTEXT(2) 
PARAMETRIC_REPRESENTATION_CONTEXT() REPRESENTATION_CONTEXT('2D SPACE',''
  ) );
#7279 = PCURVE('',#827,#7280);
#7280 = DEFINITIONAL_REPRESENTATION('',(#7281),#7285);
#7281 = LINE('',#7282,#7283);
#7282 = CARTESIAN_POINT('',(0.,-22.4));
#7283 = VECTOR('',#7284,1.);
#7284 = DIRECTION('',(1.,0.));
#7285 = ( GEOMETRIC_REPRESENTATION_CONTEXT(2) 
PARAMETRIC_REPRESENTATION_CONTEXT() REPRESENTATION_CONTEXT('2D SPACE',''
  ) );
#7286 = ORIENTED_EDGE('',*,*,#7287,.F.);
#7287 = EDGE_CURVE('',#7288,#7171,#7290,.T.);
#7288 = VERTEX_POINT('',#7289);
#7289 = CARTESIAN_POINT('',(13.934913076131,-9.659132507772E-02,22.4));
#7290 = SURFACE_CURVE('',#7291,(#7295,#7302),.PCURVE_S1.);
#7291 = LINE('',#7292,#7293);
#7292 = CARTESIAN_POINT('',(13.934913076131,-9.659132507772E-02,22.4));
#7293 = VECTOR('',#7294,1.);
#7294 = DIRECTION('',(-0.538113173392,-0.842872595724,0.));
#7295 = PCURVE('',#198,#7296);
#7296 = DEFINITIONAL_REPRESENTATION('',(#7297),#7301);
#7297 = LINE('',#7298,#7299);
#7298 = CARTESIAN_POINT('',(13.934913076131,-9.659132507773E-02));
#7299 = VECTOR('',#7300,1.);
#7300 = DIRECTION('',(-0.538113173392,-0.842872595724));
#7301 = ( GEOMETRIC_REPRESENTATION_CONTEXT(2) 
PARAMETRIC_REPRESENTATION_CONTEXT() REPRESENTATION_CONTEXT('2D SPACE',''
  ) );
#7302 = PCURVE('',#951,#7303);
#7303 = DEFINITIONAL_REPRESENTATION('',(#7304),#7308);
#7304 = LINE('',#7305,#7306);
#7305 = CARTESIAN_POINT('',(0.,-22.4));
#7306 = VECTOR('',#7307,1.);
#7307 = DIRECTION('',(1.,0.));
#7308 = ( GEOMETRIC_REPRESENTATION_CONTEXT(2) 
PARAMETRIC_REPRESENTATION_CONTEXT() REPRESENTATION_CONTEXT('2D SPACE',''
  ) );
#7309 = ORIENTED_EDGE('',*,*,#7310,.F.);
#7310 = EDGE_CURVE('',#7311,#7288,#7313,.T.);
#7311 = VERTEX_POINT('',#7312);
#7312 = CARTESIAN_POINT('',(47.50629678931,-0.112044317377,22.4));
#7313 = SURFACE_CURVE('',#7314,(#7365,#7419),.PCURVE_S1.);
#7314 = B_SPLINE_CURVE_WITH_KNOTS('',3,(#7315,#7316,#7317,#7318,#7319,
    #7320,#7321,#7322,#7323,#7324,#7325,#7326,#7327,#7328,#7329,#7330,
    #7331,#7332,#7333,#7334,#7335,#7336,#7337,#7338,#7339,#7340,#7341,
    #7342,#7343,#7344,#7345,#7346,#7347,#7348,#7349,#7350,#7351,#7352,
    #7353,#7354,#7355,#7356,#7357,#7358,#7359,#7360,#7361,#7362,#7363,
    #7364),.UNSPECIFIED.,.F.,.F.,(4,1,1,1,1,1,1,1,1,1,1,1,1,1,1,1,1,1,1,
    1,1,1,1,1,1,1,1,1,1,1,1,1,1,1,1,1,1,1,1,1,1,1,1,1,1,1,1,4),(0.,
    3.010134173011,5.734866089906,8.204243200285,10.280216915947,
    12.332164523515,14.201956865391,15.911237845672,17.363900720308,
    18.819208714806,20.167747400886,21.42468716853,22.515414853025,
    23.632925452475,24.694050367351,25.707901186754,26.608581862701,
    27.552388564938,28.468532489134,29.361872223827,30.169943636586,
    31.030962627216,31.880548884696,32.72227944396,33.495545472128,
    34.332992621126,35.174663745336,36.025783427864,36.825011523752,
    37.711824801461,38.627874308414,39.58148948206,40.502911686362,
    41.554574841448,42.671594637474,43.864256147866,45.041219012251,
    46.408073524505,47.880684921353,49.469922617188,51.049935999727,
    52.894334824252,54.887680127977,57.041280206621,59.18142193199,
    61.675679145654,64.364419403117,67.031728548195),.UNSPECIFIED.);
#7315 = CARTESIAN_POINT('',(47.50629678931,-0.112044317377,22.4));
#7316 = CARTESIAN_POINT('',(47.378605176017,0.867145985927,22.4));
#7317 = CARTESIAN_POINT('',(47.157240471303,2.789167280934,22.4));
#7318 = CARTESIAN_POINT('',(46.689093504147,5.476471585653,22.4));
#7319 = CARTESIAN_POINT('',(46.180738326391,7.848475237921,22.4));
#7320 = CARTESIAN_POINT('',(45.621165975043,9.975558559665,22.4));
#7321 = CARTESIAN_POINT('',(45.021767225061,11.883829842938,22.4));
#7322 = CARTESIAN_POINT('',(44.365370847082,13.643274360682,22.4));
#7323 = CARTESIAN_POINT('',(43.692245683265,15.180542784294,22.4));
#7324 = CARTESIAN_POINT('',(42.996125865202,16.554044788905,22.4));
#7325 = CARTESIAN_POINT('',(42.28178489339,17.780994515732,22.4));
#7326 = CARTESIAN_POINT('',(41.528309601515,18.906575835633,22.4));
#7327 = CARTESIAN_POINT('',(40.77816037445,19.88506061512,22.4));
#7328 = CARTESIAN_POINT('',(40.018822635305,20.756347199764,22.4));
#7329 = CARTESIAN_POINT('',(39.252001177527,21.531819916348,22.4));
#7330 = CARTESIAN_POINT('',(38.455118626687,22.23824036849,22.4));
#7331 = CARTESIAN_POINT('',(37.670844465421,22.84666151334,22.4));
#7332 = CARTESIAN_POINT('',(36.882464459251,23.382663599229,22.4));
#7333 = CARTESIAN_POINT('',(36.090240930542,23.852095898519,22.4));
#7334 = CARTESIAN_POINT('',(35.2716182404,24.268388952949,22.4));
#7335 = CARTESIAN_POINT('',(34.469457333306,24.613214841898,22.4));
#7336 = CARTESIAN_POINT('',(33.664781375549,24.901151690028,22.4));
#7337 = CARTESIAN_POINT('',(32.857484457088,25.133902221527,22.4));
#7338 = CARTESIAN_POINT('',(32.025488796271,25.31471719703,22.4));
#7339 = CARTESIAN_POINT('',(31.211997089044,25.434053646165,22.4));
#7340 = CARTESIAN_POINT('',(30.396429492387,25.497789728408,22.4));
#7341 = CARTESIAN_POINT('',(29.578244309047,25.504573771542,22.4));
#7342 = CARTESIAN_POINT('',(28.735898674199,25.448348001862,22.4));
#7343 = CARTESIAN_POINT('',(27.912965863135,25.329004496977,22.4));
#7344 = CARTESIAN_POINT('',(27.086977756782,25.143906934361,22.4));
#7345 = CARTESIAN_POINT('',(26.257054110686,24.888447770486,22.4));
#7346 = CARTESIAN_POINT('',(25.40317303539,24.546336102921,22.4));
#7347 = CARTESIAN_POINT('',(24.570221961615,24.129457978725,22.4));
#7348 = CARTESIAN_POINT('',(23.73441880244,23.624558274495,22.4));
#7349 = CARTESIAN_POINT('',(22.896348770442,23.02370237878,22.4));
#7350 = CARTESIAN_POINT('',(22.040430936586,22.29895895778,22.4));
#7351 = CARTESIAN_POINT('',(21.211718502075,21.482354024601,22.4));
#7352 = CARTESIAN_POINT('',(20.396570941608,20.539078373483,22.4));
#7353 = CARTESIAN_POINT('',(19.598806375332,19.462460055041,22.4));
#7354 = CARTESIAN_POINT('',(18.800959350008,18.219147665775,22.4));
#7355 = CARTESIAN_POINT('',(18.052456378211,16.863724007216,22.4));
#7356 = CARTESIAN_POINT('',(17.332908165115,15.354334101951,22.4));
#7357 = CARTESIAN_POINT('',(16.650398469633,13.681543188194,22.4));
#7358 = CARTESIAN_POINT('',(16.001691977485,11.790292003904,22.4));
#7359 = CARTESIAN_POINT('',(15.430186626944,9.778497430159,22.4));
#7360 = CARTESIAN_POINT('',(14.91911532609,7.55174154643,22.4));
#7361 = CARTESIAN_POINT('',(14.4963157594,5.242708683599,22.4));
#7362 = CARTESIAN_POINT('',(14.1111192811,2.259005341862,22.4));
#7363 = CARTESIAN_POINT('',(14.069551089127,1.452824247307,22.4));
#7364 = CARTESIAN_POINT('',(13.934913076131,-9.659132507772E-02,22.4));
#7365 = PCURVE('',#198,#7366);
#7366 = DEFINITIONAL_REPRESENTATION('',(#7367),#7418);
#7367 = B_SPLINE_CURVE_WITH_KNOTS('',3,(#7368,#7369,#7370,#7371,#7372,
    #7373,#7374,#7375,#7376,#7377,#7378,#7379,#7380,#7381,#7382,#7383,
    #7384,#7385,#7386,#7387,#7388,#7389,#7390,#7391,#7392,#7393,#7394,
    #7395,#7396,#7397,#7398,#7399,#7400,#7401,#7402,#7403,#7404,#7405,
    #7406,#7407,#7408,#7409,#7410,#7411,#7412,#7413,#7414,#7415,#7416,
    #7417),.UNSPECIFIED.,.F.,.F.,(4,1,1,1,1,1,1,1,1,1,1,1,1,1,1,1,1,1,1,
    1,1,1,1,1,1,1,1,1,1,1,1,1,1,1,1,1,1,1,1,1,1,1,1,1,1,1,1,4),(0.,
    3.010134173011,5.734866089906,8.204243200285,10.280216915947,
    12.332164523515,14.201956865391,15.911237845672,17.363900720308,
    18.819208714806,20.167747400886,21.42468716853,22.515414853025,
    23.632925452475,24.694050367351,25.707901186754,26.608581862701,
    27.552388564938,28.468532489134,29.361872223827,30.169943636586,
    31.030962627216,31.880548884696,32.72227944396,33.495545472128,
    34.332992621126,35.174663745336,36.025783427864,36.825011523752,
    37.711824801461,38.627874308414,39.58148948206,40.502911686362,
    41.554574841448,42.671594637474,43.864256147866,45.041219012251,
    46.408073524505,47.880684921353,49.469922617188,51.049935999727,
    52.894334824252,54.887680127977,57.041280206621,59.18142193199,
    61.675679145654,64.364419403117,67.031728548195),.UNSPECIFIED.);
#7368 = CARTESIAN_POINT('',(47.50629678931,-0.112044317377));
#7369 = CARTESIAN_POINT('',(47.378605176017,0.867145985927));
#7370 = CARTESIAN_POINT('',(47.157240471303,2.789167280934));
#7371 = CARTESIAN_POINT('',(46.689093504147,5.476471585653));
#7372 = CARTESIAN_POINT('',(46.180738326391,7.848475237921));
#7373 = CARTESIAN_POINT('',(45.621165975043,9.975558559665));
#7374 = CARTESIAN_POINT('',(45.021767225061,11.883829842938));
#7375 = CARTESIAN_POINT('',(44.365370847082,13.643274360682));
#7376 = CARTESIAN_POINT('',(43.692245683265,15.180542784294));
#7377 = CARTESIAN_POINT('',(42.996125865202,16.554044788905));
#7378 = CARTESIAN_POINT('',(42.28178489339,17.780994515732));
#7379 = CARTESIAN_POINT('',(41.528309601515,18.906575835633));
#7380 = CARTESIAN_POINT('',(40.77816037445,19.88506061512));
#7381 = CARTESIAN_POINT('',(40.018822635305,20.756347199764));
#7382 = CARTESIAN_POINT('',(39.252001177527,21.531819916348));
#7383 = CARTESIAN_POINT('',(38.455118626687,22.23824036849));
#7384 = CARTESIAN_POINT('',(37.670844465421,22.84666151334));
#7385 = CARTESIAN_POINT('',(36.882464459251,23.382663599229));
#7386 = CARTESIAN_POINT('',(36.090240930542,23.852095898519));
#7387 = CARTESIAN_POINT('',(35.2716182404,24.268388952949));
#7388 = CARTESIAN_POINT('',(34.469457333306,24.613214841898));
#7389 = CARTESIAN_POINT('',(33.664781375549,24.901151690028));
#7390 = CARTESIAN_POINT('',(32.857484457088,25.133902221527));
#7391 = CARTESIAN_POINT('',(32.025488796271,25.31471719703));
#7392 = CARTESIAN_POINT('',(31.211997089044,25.434053646165));
#7393 = CARTESIAN_POINT('',(30.396429492387,25.497789728408));
#7394 = CARTESIAN_POINT('',(29.578244309047,25.504573771542));
#7395 = CARTESIAN_POINT('',(28.735898674199,25.448348001862));
#7396 = CARTESIAN_POINT('',(27.912965863135,25.329004496977));
#7397 = CARTESIAN_POINT('',(27.086977756782,25.143906934361));
#7398 = CARTESIAN_POINT('',(26.257054110686,24.888447770486));
#7399 = CARTESIAN_POINT('',(25.40317303539,24.546336102921));
#7400 = CARTESIAN_POINT('',(24.570221961615,24.129457978725));
#7401 = CARTESIAN_POINT('',(23.73441880244,23.624558274495));
#7402 = CARTESIAN_POINT('',(22.896348770442,23.02370237878));
#7403 = CARTESIAN_POINT('',(22.040430936586,22.29895895778));
#7404 = CARTESIAN_POINT('',(21.211718502075,21.482354024601));
#7405 = CARTESIAN_POINT('',(20.396570941608,20.539078373483));
#7406 = CARTESIAN_POINT('',(19.598806375332,19.462460055041));
#7407 = CARTESIAN_POINT('',(18.800959350008,18.219147665775));
#7408 = CARTESIAN_POINT('',(18.052456378211,16.863724007216));
#7409 = CARTESIAN_POINT('',(17.332908165115,15.354334101951));
#7410 = CARTESIAN_POINT('',(16.650398469633,13.681543188194));
#7411 = CARTESIAN_POINT('',(16.001691977485,11.790292003904));
#7412 = CARTESIAN_POINT('',(15.430186626944,9.778497430159));
#7413 = CARTESIAN_POINT('',(14.91911532609,7.55174154643));
#7414 = CARTESIAN_POINT('',(14.4963157594,5.242708683599));
#7415 = CARTESIAN_POINT('',(14.1111192811,2.259005341862));
#7416 = CARTESIAN_POINT('',(14.069551089127,1.452824247307));
#7417 = CARTESIAN_POINT('',(13.934913076131,-9.659132507773E-02));
#7418 = ( GEOMETRIC_REPRESENTATION_CONTEXT(2) 
PARAMETRIC_REPRESENTATION_CONTEXT() REPRESENTATION_CONTEXT('2D SPACE',''
  ) );
#7419 = PCURVE('',#1073,#7420);
#7420 = DEFINITIONAL_REPRESENTATION('',(#7421),#7425);
#7421 = LINE('',#7422,#7423);
#7422 = CARTESIAN_POINT('',(0.,-22.4));
#7423 = VECTOR('',#7424,1.);
#7424 = DIRECTION('',(1.,0.));
#7425 = ( GEOMETRIC_REPRESENTATION_CONTEXT(2) 
PARAMETRIC_REPRESENTATION_CONTEXT() REPRESENTATION_CONTEXT('2D SPACE',''
  ) );
#7426 = ORIENTED_EDGE('',*,*,#7427,.F.);
#7427 = EDGE_CURVE('',#7428,#7311,#7430,.T.);
#7428 = VERTEX_POINT('',#7429);
#7429 = CARTESIAN_POINT('',(48.149460377805,-5.043469858274,22.4));
#7430 = SURFACE_CURVE('',#7431,(#7435,#7442),.PCURVE_S1.);
#7431 = LINE('',#7432,#7433);
#7432 = CARTESIAN_POINT('',(48.985465124352,-11.45349560161,22.4));
#7433 = VECTOR('',#7434,1.);
#7434 = DIRECTION('',(-0.129326168539,0.991602108777,0.));
#7435 = PCURVE('',#198,#7436);
#7436 = DEFINITIONAL_REPRESENTATION('',(#7437),#7441);
#7437 = LINE('',#7438,#7439);
#7438 = CARTESIAN_POINT('',(48.985465124352,-11.45349560161));
#7439 = VECTOR('',#7440,1.);
#7440 = DIRECTION('',(-0.129326168539,0.991602108777));
#7441 = ( GEOMETRIC_REPRESENTATION_CONTEXT(2) 
PARAMETRIC_REPRESENTATION_CONTEXT() REPRESENTATION_CONTEXT('2D SPACE',''
  ) );
#7442 = PCURVE('',#1197,#7443);
#7443 = DEFINITIONAL_REPRESENTATION('',(#7444),#7448);
#7444 = LINE('',#7445,#7446);
#7445 = CARTESIAN_POINT('',(-6.094433791488,-22.4));
#7446 = VECTOR('',#7447,1.);
#7447 = DIRECTION('',(1.,0.));
#7448 = ( GEOMETRIC_REPRESENTATION_CONTEXT(2) 
PARAMETRIC_REPRESENTATION_CONTEXT() REPRESENTATION_CONTEXT('2D SPACE',''
  ) );
#7449 = ORIENTED_EDGE('',*,*,#7450,.F.);
#7450 = EDGE_CURVE('',#7147,#7428,#7451,.T.);
#7451 = SURFACE_CURVE('',#7452,(#7457,#7464),.PCURVE_S1.);
#7452 = CIRCLE('',#7453,3.);
#7453 = AXIS2_PLACEMENT_3D('',#7454,#7455,#7456);
#7454 = CARTESIAN_POINT('',(45.174654051474,-5.431448363891,22.4));
#7455 = DIRECTION('',(0.,0.,1.));
#7456 = DIRECTION('',(0.,-1.,0.));
#7457 = PCURVE('',#198,#7458);
#7458 = DEFINITIONAL_REPRESENTATION('',(#7459),#7463);
#7459 = CIRCLE('',#7460,3.);
#7460 = AXIS2_PLACEMENT_2D('',#7461,#7462);
#7461 = CARTESIAN_POINT('',(45.174654051474,-5.431448363891));
#7462 = DIRECTION('',(0.,-1.));
#7463 = ( GEOMETRIC_REPRESENTATION_CONTEXT(2) 
PARAMETRIC_REPRESENTATION_CONTEXT() REPRESENTATION_CONTEXT('2D SPACE',''
  ) );
#7464 = PCURVE('',#1224,#7465);
#7465 = DEFINITIONAL_REPRESENTATION('',(#7466),#7470);
#7466 = LINE('',#7467,#7468);
#7467 = CARTESIAN_POINT('',(-1.451138496233,22.4));
#7468 = VECTOR('',#7469,1.);
#7469 = DIRECTION('',(1.,0.));
#7470 = ( GEOMETRIC_REPRESENTATION_CONTEXT(2) 
PARAMETRIC_REPRESENTATION_CONTEXT() REPRESENTATION_CONTEXT('2D SPACE',''
  ) );
#7471 = FACE_BOUND('',#7472,.T.);
#7472 = EDGE_LOOP('',(#7473,#7499,#7616,#7639,#7756,#7779));
#7473 = ORIENTED_EDGE('',*,*,#7474,.F.);
#7474 = EDGE_CURVE('',#7475,#7477,#7479,.T.);
#7475 = VERTEX_POINT('',#7476);
#7476 = CARTESIAN_POINT('',(34.679206459732,-33.90579064589,22.4));
#7477 = VERTEX_POINT('',#7478);
#7478 = CARTESIAN_POINT('',(38.807113866803,-29.09051242809,22.4));
#7479 = SURFACE_CURVE('',#7480,(#7485,#7492),.PCURVE_S1.);
#7480 = CIRCLE('',#7481,48.5);
#7481 = AXIS2_PLACEMENT_3D('',#7482,#7483,#7484);
#7482 = CARTESIAN_POINT('',(0.,0.,22.4));
#7483 = DIRECTION('',(0.,0.,1.));
#7484 = DIRECTION('',(1.,0.,-0.));
#7485 = PCURVE('',#198,#7486);
#7486 = DEFINITIONAL_REPRESENTATION('',(#7487),#7491);
#7487 = CIRCLE('',#7488,48.5);
#7488 = AXIS2_PLACEMENT_2D('',#7489,#7490);
#7489 = CARTESIAN_POINT('',(1.75032336965E-15,-3.209892110372E-15));
#7490 = DIRECTION('',(1.,0.));
#7491 = ( GEOMETRIC_REPRESENTATION_CONTEXT(2) 
PARAMETRIC_REPRESENTATION_CONTEXT() REPRESENTATION_CONTEXT('2D SPACE',''
  ) );
#7492 = PCURVE('',#1257,#7493);
#7493 = DEFINITIONAL_REPRESENTATION('',(#7494),#7498);
#7494 = LINE('',#7495,#7496);
#7495 = CARTESIAN_POINT('',(-0.,-22.4));
#7496 = VECTOR('',#7497,1.);
#7497 = DIRECTION('',(-1.,0.));
#7498 = ( GEOMETRIC_REPRESENTATION_CONTEXT(2) 
PARAMETRIC_REPRESENTATION_CONTEXT() REPRESENTATION_CONTEXT('2D SPACE',''
  ) );
#7499 = ORIENTED_EDGE('',*,*,#7500,.F.);
#7500 = EDGE_CURVE('',#7501,#7475,#7503,.T.);
#7501 = VERTEX_POINT('',#7502);
#7502 = CARTESIAN_POINT('',(10.012977193509,-8.093277400445,22.4));
#7503 = SURFACE_CURVE('',#7504,(#7555,#7609),.PCURVE_S1.);
#7504 = B_SPLINE_CURVE_WITH_KNOTS('',3,(#7505,#7506,#7507,#7508,#7509,
    #7510,#7511,#7512,#7513,#7514,#7515,#7516,#7517,#7518,#7519,#7520,
    #7521,#7522,#7523,#7524,#7525,#7526,#7527,#7528,#7529,#7530,#7531,
    #7532,#7533,#7534,#7535,#7536,#7537,#7538,#7539,#7540,#7541,#7542,
    #7543,#7544,#7545,#7546,#7547,#7548,#7549,#7550,#7551,#7552,#7553,
    #7554),.UNSPECIFIED.,.F.,.F.,(4,1,1,1,1,1,1,1,1,1,1,1,1,1,1,1,1,1,1,
    1,1,1,1,1,1,1,1,1,1,1,1,1,1,1,1,1,1,1,1,1,1,1,1,1,1,1,1,4),(0.,
    2.766464139392,5.568319295326,8.177275145496,10.425160909405,
    12.698001103747,14.813706991925,16.784063111389,18.483896399813,
    20.207074900357,21.81810245116,23.327840693167,24.640860133639,
    25.985974841284,27.260500260188,28.473662841808,29.546573791048,
    30.665502050481,31.746604132965,32.796723932319,33.744037531687,
    34.751762028128,35.745458780463,36.730106112805,37.635070035337,
    38.615335519513,39.599805338773,40.592877392801,41.521106716853,
    42.54355210237,43.588460947472,44.661307186429,45.681682040739,
    46.825929386569,48.018033969658,49.266638650819,50.477859791669,
    51.863921967174,53.33914083985,54.917675284274,56.480212616324,
    58.303578905337,60.281721918016,62.435877257802,64.600562295301,
    67.15990258556,69.968318443063,73.053194077155),.UNSPECIFIED.);
#7505 = CARTESIAN_POINT('',(5.816194003237,-9.880760870129,22.4));
#7506 = CARTESIAN_POINT('',(6.644893632948,-9.514229607782,22.4));
#7507 = CARTESIAN_POINT('',(8.352347400098,-8.726866094648,22.4));
#7508 = CARTESIAN_POINT('',(10.887993749709,-7.7482593467,22.4));
#7509 = CARTESIAN_POINT('',(13.309551340651,-6.930325714986,22.4));
#7510 = CARTESIAN_POINT('',(15.596472714268,-6.282227562072,22.4));
#7511 = CARTESIAN_POINT('',(17.753095600056,-5.784587849339,22.4));
#7512 = CARTESIAN_POINT('',(19.842322197231,-5.420650667977,22.4));
#7513 = CARTESIAN_POINT('',(21.759171458359,-5.197909862873,22.4));
#7514 = CARTESIAN_POINT('',(23.554840433903,-5.09325654643,22.4));
#7515 = CARTESIAN_POINT('',(25.233988650288,-5.096182803092,22.4));
#7516 = CARTESIAN_POINT('',(26.84626796173,-5.204221968676,22.4));
#7517 = CARTESIAN_POINT('',(28.311519496028,-5.40645938795,22.4));
#7518 = CARTESIAN_POINT('',(29.67345682684,-5.684731680676,22.4));
#7519 = CARTESIAN_POINT('',(30.939404020728,-6.029671265133,22.4));
#7520 = CARTESIAN_POINT('',(32.142717773021,-6.463046947933,22.4));
#7521 = CARTESIAN_POINT('',(33.225097171634,-6.953135511264,22.4));
#7522 = CARTESIAN_POINT('',(34.219909801662,-7.501765821777,22.4));
#7523 = CARTESIAN_POINT('',(35.131557866637,-8.103348380965,22.4));
#7524 = CARTESIAN_POINT('',(35.98423564359,-8.773662220142,22.4));
#7525 = CARTESIAN_POINT('',(36.736889822995,-9.472911294482,22.4));
#7526 = CARTESIAN_POINT('',(37.415932987509,-10.21056241331,22.4));
#7527 = CARTESIAN_POINT('',(38.025137547808,-10.98322378389,22.4));
#7528 = CARTESIAN_POINT('',(38.579708525196,-11.81092069461,22.4));
#7529 = CARTESIAN_POINT('',(39.053849169501,-12.64794464449,22.4));
#7530 = CARTESIAN_POINT('',(39.466516974331,-13.51172772937,22.4));
#7531 = CARTESIAN_POINT('',(39.819864618852,-14.40148000634,22.4));
#7532 = CARTESIAN_POINT('',(40.120559724494,-15.34122006629,22.4));
#7533 = CARTESIAN_POINT('',(40.353766913347,-16.28205429758,22.4));
#7534 = CARTESIAN_POINT('',(40.529562100358,-17.24800856906,22.4));
#7535 = CARTESIAN_POINT('',(40.6468681278,-18.24033408098,22.4));
#7536 = CARTESIAN_POINT('',(40.702571646904,-19.28630175034,22.4));
#7537 = CARTESIAN_POINT('',(40.690773546609,-20.33301805934,22.4));
#7538 = CARTESIAN_POINT('',(40.611540977013,-21.40988875719,22.4));
#7539 = CARTESIAN_POINT('',(40.459586241324,-22.51924911683,22.4));
#7540 = CARTESIAN_POINT('',(40.220118190322,-23.69086171816,22.4));
#7541 = CARTESIAN_POINT('',(39.898343255104,-24.86579601191,22.4));
#7542 = CARTESIAN_POINT('',(39.482382877746,-26.07919697918,22.4));
#7543 = CARTESIAN_POINT('',(38.962135973849,-27.33409689842,22.4));
#7544 = CARTESIAN_POINT('',(38.308441689941,-28.66294166218,22.4));
#7545 = CARTESIAN_POINT('',(37.543611043779,-29.99928856865,22.4));
#7546 = CARTESIAN_POINT('',(36.639006909525,-31.38601232023,22.4));
#7547 = CARTESIAN_POINT('',(35.578999051327,-32.82677755251,22.4));
#7548 = CARTESIAN_POINT('',(34.31357817388,-34.35945409669,22.4));
#7549 = CARTESIAN_POINT('',(32.897984237978,-35.90274313899,22.4));
#7550 = CARTESIAN_POINT('',(31.250328750885,-37.53140383269,22.4));
#7551 = CARTESIAN_POINT('',(29.471625150961,-39.15048500383,22.4));
#7552 = CARTESIAN_POINT('',(26.939646055038,-41.24007930472,22.4));
#7553 = CARTESIAN_POINT('',(26.367931517952,-41.64023045115,22.4));
#7554 = CARTESIAN_POINT('',(24.843884830543,-42.80678214913,22.4));
#7555 = PCURVE('',#198,#7556);
#7556 = DEFINITIONAL_REPRESENTATION('',(#7557),#7608);
#7557 = B_SPLINE_CURVE_WITH_KNOTS('',3,(#7558,#7559,#7560,#7561,#7562,
    #7563,#7564,#7565,#7566,#7567,#7568,#7569,#7570,#7571,#7572,#7573,
    #7574,#7575,#7576,#7577,#7578,#7579,#7580,#7581,#7582,#7583,#7584,
    #7585,#7586,#7587,#7588,#7589,#7590,#7591,#7592,#7593,#7594,#7595,
    #7596,#7597,#7598,#7599,#7600,#7601,#7602,#7603,#7604,#7605,#7606,
    #7607),.UNSPECIFIED.,.F.,.F.,(4,1,1,1,1,1,1,1,1,1,1,1,1,1,1,1,1,1,1,
    1,1,1,1,1,1,1,1,1,1,1,1,1,1,1,1,1,1,1,1,1,1,1,1,1,1,1,1,4),(0.,
    2.766464139392,5.568319295326,8.177275145496,10.425160909405,
    12.698001103747,14.813706991925,16.784063111389,18.483896399813,
    20.207074900357,21.81810245116,23.327840693167,24.640860133639,
    25.985974841284,27.260500260188,28.473662841808,29.546573791048,
    30.665502050481,31.746604132965,32.796723932319,33.744037531687,
    34.751762028128,35.745458780463,36.730106112805,37.635070035337,
    38.615335519513,39.599805338773,40.592877392801,41.521106716853,
    42.54355210237,43.588460947472,44.661307186429,45.681682040739,
    46.825929386569,48.018033969658,49.266638650819,50.477859791669,
    51.863921967174,53.33914083985,54.917675284274,56.480212616324,
    58.303578905337,60.281721918016,62.435877257802,64.600562295301,
    67.15990258556,69.968318443063,73.053194077155),.UNSPECIFIED.);
#7558 = CARTESIAN_POINT('',(5.816194003237,-9.880760870129));
#7559 = CARTESIAN_POINT('',(6.644893632948,-9.514229607782));
#7560 = CARTESIAN_POINT('',(8.352347400098,-8.726866094648));
#7561 = CARTESIAN_POINT('',(10.887993749709,-7.7482593467));
#7562 = CARTESIAN_POINT('',(13.309551340651,-6.930325714986));
#7563 = CARTESIAN_POINT('',(15.596472714268,-6.282227562072));
#7564 = CARTESIAN_POINT('',(17.753095600056,-5.784587849339));
#7565 = CARTESIAN_POINT('',(19.842322197231,-5.420650667977));
#7566 = CARTESIAN_POINT('',(21.759171458359,-5.197909862873));
#7567 = CARTESIAN_POINT('',(23.554840433903,-5.09325654643));
#7568 = CARTESIAN_POINT('',(25.233988650288,-5.096182803092));
#7569 = CARTESIAN_POINT('',(26.84626796173,-5.204221968676));
#7570 = CARTESIAN_POINT('',(28.311519496028,-5.40645938795));
#7571 = CARTESIAN_POINT('',(29.67345682684,-5.684731680676));
#7572 = CARTESIAN_POINT('',(30.939404020728,-6.029671265133));
#7573 = CARTESIAN_POINT('',(32.142717773021,-6.463046947933));
#7574 = CARTESIAN_POINT('',(33.225097171634,-6.953135511264));
#7575 = CARTESIAN_POINT('',(34.219909801662,-7.501765821777));
#7576 = CARTESIAN_POINT('',(35.131557866637,-8.103348380965));
#7577 = CARTESIAN_POINT('',(35.98423564359,-8.773662220142));
#7578 = CARTESIAN_POINT('',(36.736889822995,-9.472911294482));
#7579 = CARTESIAN_POINT('',(37.415932987509,-10.21056241331));
#7580 = CARTESIAN_POINT('',(38.025137547808,-10.98322378389));
#7581 = CARTESIAN_POINT('',(38.579708525196,-11.81092069461));
#7582 = CARTESIAN_POINT('',(39.053849169501,-12.64794464449));
#7583 = CARTESIAN_POINT('',(39.466516974331,-13.51172772937));
#7584 = CARTESIAN_POINT('',(39.819864618852,-14.40148000634));
#7585 = CARTESIAN_POINT('',(40.120559724494,-15.34122006629));
#7586 = CARTESIAN_POINT('',(40.353766913347,-16.28205429758));
#7587 = CARTESIAN_POINT('',(40.529562100358,-17.24800856906));
#7588 = CARTESIAN_POINT('',(40.6468681278,-18.24033408098));
#7589 = CARTESIAN_POINT('',(40.702571646904,-19.28630175034));
#7590 = CARTESIAN_POINT('',(40.690773546609,-20.33301805934));
#7591 = CARTESIAN_POINT('',(40.611540977013,-21.40988875719));
#7592 = CARTESIAN_POINT('',(40.459586241324,-22.51924911683));
#7593 = CARTESIAN_POINT('',(40.220118190322,-23.69086171816));
#7594 = CARTESIAN_POINT('',(39.898343255104,-24.86579601191));
#7595 = CARTESIAN_POINT('',(39.482382877746,-26.07919697918));
#7596 = CARTESIAN_POINT('',(38.962135973849,-27.33409689842));
#7597 = CARTESIAN_POINT('',(38.308441689941,-28.66294166218));
#7598 = CARTESIAN_POINT('',(37.543611043779,-29.99928856865));
#7599 = CARTESIAN_POINT('',(36.639006909525,-31.38601232023));
#7600 = CARTESIAN_POINT('',(35.578999051327,-32.82677755251));
#7601 = CARTESIAN_POINT('',(34.31357817388,-34.35945409669));
#7602 = CARTESIAN_POINT('',(32.897984237978,-35.90274313899));
#7603 = CARTESIAN_POINT('',(31.250328750885,-37.53140383269));
#7604 = CARTESIAN_POINT('',(29.471625150961,-39.15048500383));
#7605 = CARTESIAN_POINT('',(26.939646055038,-41.24007930472));
#7606 = CARTESIAN_POINT('',(26.367931517952,-41.64023045115));
#7607 = CARTESIAN_POINT('',(24.843884830543,-42.80678214913));
#7608 = ( GEOMETRIC_REPRESENTATION_CONTEXT(2) 
PARAMETRIC_REPRESENTATION_CONTEXT() REPRESENTATION_CONTEXT('2D SPACE',''
  ) );
#7609 = PCURVE('',#1379,#7610);
#7610 = DEFINITIONAL_REPRESENTATION('',(#7611),#7615);
#7611 = LINE('',#7612,#7613);
#7612 = CARTESIAN_POINT('',(0.,-22.4));
#7613 = VECTOR('',#7614,1.);
#7614 = DIRECTION('',(1.,0.));
#7615 = ( GEOMETRIC_REPRESENTATION_CONTEXT(2) 
PARAMETRIC_REPRESENTATION_CONTEXT() REPRESENTATION_CONTEXT('2D SPACE',''
  ) );
#7616 = ORIENTED_EDGE('',*,*,#7617,.F.);
#7617 = EDGE_CURVE('',#7618,#7501,#7620,.T.);
#7618 = VERTEX_POINT('',#7619);
#7619 = CARTESIAN_POINT('',(12.019693060918,-7.051107079368,22.4));
#7620 = SURFACE_CURVE('',#7621,(#7625,#7632),.PCURVE_S1.);
#7621 = LINE('',#7622,#7623);
#7622 = CARTESIAN_POINT('',(12.019693060918,-7.051107079368,22.4));
#7623 = VECTOR('',#7624,1.);
#7624 = DIRECTION('',(-0.88745597613,-0.460892493355,0.));
#7625 = PCURVE('',#198,#7626);
#7626 = DEFINITIONAL_REPRESENTATION('',(#7627),#7631);
#7627 = LINE('',#7628,#7629);
#7628 = CARTESIAN_POINT('',(12.019693060918,-7.051107079368));
#7629 = VECTOR('',#7630,1.);
#7630 = DIRECTION('',(-0.88745597613,-0.460892493355));
#7631 = ( GEOMETRIC_REPRESENTATION_CONTEXT(2) 
PARAMETRIC_REPRESENTATION_CONTEXT() REPRESENTATION_CONTEXT('2D SPACE',''
  ) );
#7632 = PCURVE('',#1503,#7633);
#7633 = DEFINITIONAL_REPRESENTATION('',(#7634),#7638);
#7634 = LINE('',#7635,#7636);
#7635 = CARTESIAN_POINT('',(0.,-22.4));
#7636 = VECTOR('',#7637,1.);
#7637 = DIRECTION('',(1.,0.));
#7638 = ( GEOMETRIC_REPRESENTATION_CONTEXT(2) 
PARAMETRIC_REPRESENTATION_CONTEXT() REPRESENTATION_CONTEXT('2D SPACE',''
  ) );
#7639 = ORIENTED_EDGE('',*,*,#7640,.F.);
#7640 = EDGE_CURVE('',#7641,#7618,#7643,.T.);
#7641 = VERTEX_POINT('',#7642);
#7642 = CARTESIAN_POINT('',(41.085637700577,-23.85018161985,22.4));
#7643 = SURFACE_CURVE('',#7644,(#7695,#7749),.PCURVE_S1.);
#7644 = B_SPLINE_CURVE_WITH_KNOTS('',3,(#7645,#7646,#7647,#7648,#7649,
    #7650,#7651,#7652,#7653,#7654,#7655,#7656,#7657,#7658,#7659,#7660,
    #7661,#7662,#7663,#7664,#7665,#7666,#7667,#7668,#7669,#7670,#7671,
    #7672,#7673,#7674,#7675,#7676,#7677,#7678,#7679,#7680,#7681,#7682,
    #7683,#7684,#7685,#7686,#7687,#7688,#7689,#7690,#7691,#7692,#7693,
    #7694),.UNSPECIFIED.,.F.,.F.,(4,1,1,1,1,1,1,1,1,1,1,1,1,1,1,1,1,1,1,
    1,1,1,1,1,1,1,1,1,1,1,1,1,1,1,1,1,1,1,1,1,1,1,1,1,1,1,1,4),(0.,
    3.010134173011,5.734866089906,8.204243200285,10.280216915947,
    12.332164523515,14.201956865391,15.911237845672,17.363900720308,
    18.819208714806,20.167747400886,21.42468716853,22.515414853025,
    23.632925452475,24.694050367351,25.707901186754,26.608581862701,
    27.552388564938,28.468532489134,29.361872223827,30.169943636586,
    31.030962627216,31.880548884696,32.72227944396,33.495545472128,
    34.332992621126,35.174663745336,36.025783427864,36.825011523752,
    37.711824801461,38.627874308414,39.58148948206,40.502911686362,
    41.554574841448,42.671594637474,43.864256147866,45.041219012251,
    46.408073524505,47.880684921353,49.469922617188,51.049935999727,
    52.894334824252,54.887680127977,57.041280206621,59.18142193199,
    61.675679145654,64.364419403117,67.031728548195),.UNSPECIFIED.);
#7645 = CARTESIAN_POINT('',(41.085637700577,-23.85018161985,22.4));
#7646 = CARTESIAN_POINT('',(41.464648671267,-22.9383321354,22.4));
#7647 = CARTESIAN_POINT('',(42.233951860987,-21.16313051495,22.4));
#7648 = CARTESIAN_POINT('',(43.172176847085,-18.60178323579,22.4));
#7649 = CARTESIAN_POINT('',(43.917930175137,-16.29339022618,22.4));
#7650 = CARTESIAN_POINT('',(44.496867964486,-14.17149585791,22.4));
#7651 = CARTESIAN_POINT('',(44.931909061641,-12.21918507429,22.4));
#7652 = CARTESIAN_POINT('',(45.243175382232,-10.36726323638,22.4));
#7653 = CARTESIAN_POINT('',(45.428866102245,-8.699387147197,22.4));
#7654 = CARTESIAN_POINT('',(45.51275965803,-7.161839610024,22.4));
#7655 = CARTESIAN_POINT('',(45.50759709289,-5.74209949152,22.4));
#7656 = CARTESIAN_POINT('',(45.417859008954,-4.390579828522,22.4));
#7657 = CARTESIAN_POINT('',(45.25745311143,-3.168112538737,22.4));
#7658 = CARTESIAN_POINT('',(45.0354906316,-2.033887352887,22.4));
#7659 = CARTESIAN_POINT('',(44.759140127289,-0.978897551494,22.4));
#7660 = CARTESIAN_POINT('',(44.4222298205,3.132178123361E-02,22.4));
#7661 = CARTESIAN_POINT('',(44.047239045737,0.950367029506,22.4));
#7662 = CARTESIAN_POINT('',(43.632482975503,1.808748455452,22.4));
#7663 = CARTESIAN_POINT('',(43.18111342381,2.611400516349,22.4));
#7664 = CARTESIAN_POINT('',(42.680311905247,3.381232221976,22.4));
#7665 = CARTESIAN_POINT('',(42.158033126256,4.080940655235,22.4));
#7666 = CARTESIAN_POINT('',(41.605131729088,4.73263925928,22.4));
#7667 = CARTESIAN_POINT('',(41.022367355054,5.337855591533,22.4));
#7668 = CARTESIAN_POINT('',(40.3922454647,5.910443784111,22.4));
#7669 = CARTESIAN_POINT('',(39.747409205041,6.420538034273,22.4));
#7670 = CARTESIAN_POINT('',(39.072974988954,6.883518898961,22.4));
#7671 = CARTESIAN_POINT('',(38.367797856748,7.298486644326,22.4));
#7672 = CARTESIAN_POINT('',(37.610192253363,7.67096651686,22.4));
#7673 = CARTESIAN_POINT('',(36.837839780931,7.979078415385,22.4));
#7674 = CARTESIAN_POINT('',(36.029964316298,8.231773277157,22.4));
#7675 = CARTESIAN_POINT('',(35.18349977364,8.42550097466,22.4));
#7676 = CARTESIAN_POINT('',(34.27296123684,8.556164117265,22.4));
#7677 = CARTESIAN_POINT('',(33.343165384743,8.611612608317,22.4));
#7678 = CARTESIAN_POINT('',(32.36688876422,8.592258217678,22.4));
#7679 = CARTESIAN_POINT('',(31.340670878501,8.490936763974,22.4));
#7680 = CARTESIAN_POINT('',(30.23705258033,8.291249467091,22.4));
#7681 = CARTESIAN_POINT('',(29.111064093022,7.998405067358,22.4));
#7682 = CARTESIAN_POINT('',(27.933487772265,7.589078170952,22.4));
#7683 = CARTESIAN_POINT('',(26.70429423241,7.055581640139,22.4));
#7684 = CARTESIAN_POINT('',(25.391682245513,6.377765038857,22.4));
#7685 = CARTESIAN_POINT('',(24.065747827849,5.578185203553,22.4));
#7686 = CARTESIAN_POINT('',(22.687905843428,4.630789307926,22.4));
#7687 = CARTESIAN_POINT('',(21.260439651933,3.523364729133,22.4));
#7688 = CARTESIAN_POINT('',(19.753017757988,2.209846404675,22.4));
#7689 = CARTESIAN_POINT('',(18.252182319148,0.753333871887,22.4));
#7690 = CARTESIAN_POINT('',(16.696203647599,-0.919557641022,22.4));
#7691 = CARTESIAN_POINT('',(15.175532050721,-2.707838975062,22.4));
#7692 = CARTESIAN_POINT('',(13.350090444196,-5.099203627213,22.4));
#7693 = CARTESIAN_POINT('',(12.91100078668,-5.776592839161,22.4));
#7694 = CARTESIAN_POINT('',(12.019693060918,-7.051107079368,22.4));
#7695 = PCURVE('',#198,#7696);
#7696 = DEFINITIONAL_REPRESENTATION('',(#7697),#7748);
#7697 = B_SPLINE_CURVE_WITH_KNOTS('',3,(#7698,#7699,#7700,#7701,#7702,
    #7703,#7704,#7705,#7706,#7707,#7708,#7709,#7710,#7711,#7712,#7713,
    #7714,#7715,#7716,#7717,#7718,#7719,#7720,#7721,#7722,#7723,#7724,
    #7725,#7726,#7727,#7728,#7729,#7730,#7731,#7732,#7733,#7734,#7735,
    #7736,#7737,#7738,#7739,#7740,#7741,#7742,#7743,#7744,#7745,#7746,
    #7747),.UNSPECIFIED.,.F.,.F.,(4,1,1,1,1,1,1,1,1,1,1,1,1,1,1,1,1,1,1,
    1,1,1,1,1,1,1,1,1,1,1,1,1,1,1,1,1,1,1,1,1,1,1,1,1,1,1,1,4),(0.,
    3.010134173011,5.734866089906,8.204243200285,10.280216915947,
    12.332164523515,14.201956865391,15.911237845672,17.363900720308,
    18.819208714806,20.167747400886,21.42468716853,22.515414853025,
    23.632925452475,24.694050367351,25.707901186754,26.608581862701,
    27.552388564938,28.468532489134,29.361872223827,30.169943636586,
    31.030962627216,31.880548884696,32.72227944396,33.495545472128,
    34.332992621126,35.174663745336,36.025783427864,36.825011523752,
    37.711824801461,38.627874308414,39.58148948206,40.502911686362,
    41.554574841448,42.671594637474,43.864256147866,45.041219012251,
    46.408073524505,47.880684921353,49.469922617188,51.049935999727,
    52.894334824252,54.887680127977,57.041280206621,59.18142193199,
    61.675679145654,64.364419403117,67.031728548195),.UNSPECIFIED.);
#7698 = CARTESIAN_POINT('',(41.085637700577,-23.85018161985));
#7699 = CARTESIAN_POINT('',(41.464648671267,-22.9383321354));
#7700 = CARTESIAN_POINT('',(42.233951860987,-21.16313051495));
#7701 = CARTESIAN_POINT('',(43.172176847085,-18.60178323579));
#7702 = CARTESIAN_POINT('',(43.917930175137,-16.29339022618));
#7703 = CARTESIAN_POINT('',(44.496867964486,-14.17149585791));
#7704 = CARTESIAN_POINT('',(44.931909061641,-12.21918507429));
#7705 = CARTESIAN_POINT('',(45.243175382232,-10.36726323638));
#7706 = CARTESIAN_POINT('',(45.428866102245,-8.699387147197));
#7707 = CARTESIAN_POINT('',(45.51275965803,-7.161839610024));
#7708 = CARTESIAN_POINT('',(45.50759709289,-5.74209949152));
#7709 = CARTESIAN_POINT('',(45.417859008954,-4.390579828522));
#7710 = CARTESIAN_POINT('',(45.25745311143,-3.168112538737));
#7711 = CARTESIAN_POINT('',(45.0354906316,-2.033887352887));
#7712 = CARTESIAN_POINT('',(44.759140127289,-0.978897551494));
#7713 = CARTESIAN_POINT('',(44.4222298205,3.132178123361E-02));
#7714 = CARTESIAN_POINT('',(44.047239045737,0.950367029506));
#7715 = CARTESIAN_POINT('',(43.632482975503,1.808748455452));
#7716 = CARTESIAN_POINT('',(43.18111342381,2.611400516349));
#7717 = CARTESIAN_POINT('',(42.680311905247,3.381232221976));
#7718 = CARTESIAN_POINT('',(42.158033126256,4.080940655235));
#7719 = CARTESIAN_POINT('',(41.605131729088,4.73263925928));
#7720 = CARTESIAN_POINT('',(41.022367355054,5.337855591533));
#7721 = CARTESIAN_POINT('',(40.3922454647,5.910443784111));
#7722 = CARTESIAN_POINT('',(39.747409205041,6.420538034273));
#7723 = CARTESIAN_POINT('',(39.072974988954,6.883518898961));
#7724 = CARTESIAN_POINT('',(38.367797856748,7.298486644326));
#7725 = CARTESIAN_POINT('',(37.610192253363,7.67096651686));
#7726 = CARTESIAN_POINT('',(36.837839780931,7.979078415385));
#7727 = CARTESIAN_POINT('',(36.029964316298,8.231773277157));
#7728 = CARTESIAN_POINT('',(35.18349977364,8.42550097466));
#7729 = CARTESIAN_POINT('',(34.27296123684,8.556164117265));
#7730 = CARTESIAN_POINT('',(33.343165384743,8.611612608317));
#7731 = CARTESIAN_POINT('',(32.36688876422,8.592258217678));
#7732 = CARTESIAN_POINT('',(31.340670878501,8.490936763974));
#7733 = CARTESIAN_POINT('',(30.23705258033,8.291249467091));
#7734 = CARTESIAN_POINT('',(29.111064093022,7.998405067358));
#7735 = CARTESIAN_POINT('',(27.933487772265,7.589078170952));
#7736 = CARTESIAN_POINT('',(26.70429423241,7.055581640139));
#7737 = CARTESIAN_POINT('',(25.391682245513,6.377765038857));
#7738 = CARTESIAN_POINT('',(24.065747827849,5.578185203553));
#7739 = CARTESIAN_POINT('',(22.687905843428,4.630789307926));
#7740 = CARTESIAN_POINT('',(21.260439651933,3.523364729133));
#7741 = CARTESIAN_POINT('',(19.753017757988,2.209846404675));
#7742 = CARTESIAN_POINT('',(18.252182319148,0.753333871887));
#7743 = CARTESIAN_POINT('',(16.696203647599,-0.919557641022));
#7744 = CARTESIAN_POINT('',(15.175532050721,-2.707838975062));
#7745 = CARTESIAN_POINT('',(13.350090444196,-5.099203627213));
#7746 = CARTESIAN_POINT('',(12.91100078668,-5.776592839161));
#7747 = CARTESIAN_POINT('',(12.019693060918,-7.051107079368));
#7748 = ( GEOMETRIC_REPRESENTATION_CONTEXT(2) 
PARAMETRIC_REPRESENTATION_CONTEXT() REPRESENTATION_CONTEXT('2D SPACE',''
  ) );
#7749 = PCURVE('',#1625,#7750);
#7750 = DEFINITIONAL_REPRESENTATION('',(#7751),#7755);
#7751 = LINE('',#7752,#7753);
#7752 = CARTESIAN_POINT('',(0.,-22.4));
#7753 = VECTOR('',#7754,1.);
#7754 = DIRECTION('',(1.,0.));
#7755 = ( GEOMETRIC_REPRESENTATION_CONTEXT(2) 
PARAMETRIC_REPRESENTATION_CONTEXT() REPRESENTATION_CONTEXT('2D SPACE',''
  ) );
#7756 = ORIENTED_EDGE('',*,*,#7757,.F.);
#7757 = EDGE_CURVE('',#7758,#7641,#7760,.T.);
#7758 = VERTEX_POINT('',#7759);
#7759 = CARTESIAN_POINT('',(39.176920936555,-28.44250320938,22.4));
#7760 = SURFACE_CURVE('',#7761,(#7765,#7772),.PCURVE_S1.);
#7761 = LINE('',#7762,#7763);
#7762 = CARTESIAN_POINT('',(36.69590941308,-34.4117507153,22.4));
#7763 = VECTOR('',#7764,1.);
#7764 = DIRECTION('',(0.383801307059,0.923415700917,0.));
#7765 = PCURVE('',#198,#7766);
#7766 = DEFINITIONAL_REPRESENTATION('',(#7767),#7771);
#7767 = LINE('',#7768,#7769);
#7768 = CARTESIAN_POINT('',(36.69590941308,-34.4117507153));
#7769 = VECTOR('',#7770,1.);
#7770 = DIRECTION('',(0.383801307059,0.923415700917));
#7771 = ( GEOMETRIC_REPRESENTATION_CONTEXT(2) 
PARAMETRIC_REPRESENTATION_CONTEXT() REPRESENTATION_CONTEXT('2D SPACE',''
  ) );
#7772 = PCURVE('',#1749,#7773);
#7773 = DEFINITIONAL_REPRESENTATION('',(#7774),#7778);
#7774 = LINE('',#7775,#7776);
#7775 = CARTESIAN_POINT('',(-6.094433791486,-22.4));
#7776 = VECTOR('',#7777,1.);
#7777 = DIRECTION('',(1.,0.));
#7778 = ( GEOMETRIC_REPRESENTATION_CONTEXT(2) 
PARAMETRIC_REPRESENTATION_CONTEXT() REPRESENTATION_CONTEXT('2D SPACE',''
  ) );
#7779 = ORIENTED_EDGE('',*,*,#7780,.F.);
#7780 = EDGE_CURVE('',#7477,#7758,#7781,.T.);
#7781 = SURFACE_CURVE('',#7782,(#7787,#7794),.PCURVE_S1.);
#7782 = CIRCLE('',#7783,3.);
#7783 = AXIS2_PLACEMENT_3D('',#7784,#7785,#7786);
#7784 = CARTESIAN_POINT('',(36.406673833805,-27.29109928821,22.4));
#7785 = DIRECTION('',(0.,0.,1.));
#7786 = DIRECTION('',(0.,-1.,0.));
#7787 = PCURVE('',#198,#7788);
#7788 = DEFINITIONAL_REPRESENTATION('',(#7789),#7793);
#7789 = CIRCLE('',#7790,3.);
#7790 = AXIS2_PLACEMENT_2D('',#7791,#7792);
#7791 = CARTESIAN_POINT('',(36.406673833805,-27.29109928821));
#7792 = DIRECTION('',(0.,-1.));
#7793 = ( GEOMETRIC_REPRESENTATION_CONTEXT(2) 
PARAMETRIC_REPRESENTATION_CONTEXT() REPRESENTATION_CONTEXT('2D SPACE',''
  ) );
#7794 = PCURVE('',#1776,#7795);
#7795 = DEFINITIONAL_REPRESENTATION('',(#7796),#7800);
#7796 = LINE('',#7797,#7798);
#7797 = CARTESIAN_POINT('',(-0.927539720635,22.4));
#7798 = VECTOR('',#7799,1.);
#7799 = DIRECTION('',(1.,0.));
#7800 = ( GEOMETRIC_REPRESENTATION_CONTEXT(2) 
PARAMETRIC_REPRESENTATION_CONTEXT() REPRESENTATION_CONTEXT('2D SPACE',''
  ) );
#7801 = FACE_BOUND('',#7802,.T.);
#7802 = EDGE_LOOP('',(#7803,#7829,#7946,#7969,#8086,#8109));
#7803 = ORIENTED_EDGE('',*,*,#7804,.F.);
#7804 = EDGE_CURVE('',#7805,#7807,#7809,.T.);
#7805 = VERTEX_POINT('',#7806);
#7806 = CARTESIAN_POINT('',(13.080178454266,-46.7028792646,22.4));
#7807 = VERTEX_POINT('',#7808);
#7808 = CARTESIAN_POINT('',(19.06269024216,-44.59667970523,22.4));
#7809 = SURFACE_CURVE('',#7810,(#7815,#7822),.PCURVE_S1.);
#7810 = CIRCLE('',#7811,48.5);
#7811 = AXIS2_PLACEMENT_3D('',#7812,#7813,#7814);
#7812 = CARTESIAN_POINT('',(0.,0.,22.4));
#7813 = DIRECTION('',(0.,0.,1.));
#7814 = DIRECTION('',(1.,0.,-0.));
#7815 = PCURVE('',#198,#7816);
#7816 = DEFINITIONAL_REPRESENTATION('',(#7817),#7821);
#7817 = CIRCLE('',#7818,48.5);
#7818 = AXIS2_PLACEMENT_2D('',#7819,#7820);
#7819 = CARTESIAN_POINT('',(1.75032336965E-15,-3.209892110372E-15));
#7820 = DIRECTION('',(1.,0.));
#7821 = ( GEOMETRIC_REPRESENTATION_CONTEXT(2) 
PARAMETRIC_REPRESENTATION_CONTEXT() REPRESENTATION_CONTEXT('2D SPACE',''
  ) );
#7822 = PCURVE('',#1809,#7823);
#7823 = DEFINITIONAL_REPRESENTATION('',(#7824),#7828);
#7824 = LINE('',#7825,#7826);
#7825 = CARTESIAN_POINT('',(-0.,-22.4));
#7826 = VECTOR('',#7827,1.);
#7827 = DIRECTION('',(-1.,0.));
#7828 = ( GEOMETRIC_REPRESENTATION_CONTEXT(2) 
PARAMETRIC_REPRESENTATION_CONTEXT() REPRESENTATION_CONTEXT('2D SPACE',''
  ) );
#7829 = ORIENTED_EDGE('',*,*,#7830,.F.);
#7830 = EDGE_CURVE('',#7831,#7805,#7833,.T.);
#7831 = VERTEX_POINT('',#7832);
#7832 = CARTESIAN_POINT('',(4.624853916871,-12.01547242541,22.4));
#7833 = SURFACE_CURVE('',#7834,(#7885,#7939),.PCURVE_S1.);
#7834 = B_SPLINE_CURVE_WITH_KNOTS('',3,(#7835,#7836,#7837,#7838,#7839,
    #7840,#7841,#7842,#7843,#7844,#7845,#7846,#7847,#7848,#7849,#7850,
    #7851,#7852,#7853,#7854,#7855,#7856,#7857,#7858,#7859,#7860,#7861,
    #7862,#7863,#7864,#7865,#7866,#7867,#7868,#7869,#7870,#7871,#7872,
    #7873,#7874,#7875,#7876,#7877,#7878,#7879,#7880,#7881,#7882,#7883,
    #7884),.UNSPECIFIED.,.F.,.F.,(4,1,1,1,1,1,1,1,1,1,1,1,1,1,1,1,1,1,1,
    1,1,1,1,1,1,1,1,1,1,1,1,1,1,1,1,1,1,1,1,1,1,1,1,1,1,1,1,4),(0.,
    2.766464139392,5.568319295326,8.177275145496,10.425160909405,
    12.698001103747,14.813706991925,16.784063111389,18.483896399813,
    20.207074900357,21.81810245116,23.327840693167,24.640860133639,
    25.985974841284,27.260500260188,28.473662841808,29.546573791048,
    30.665502050481,31.746604132965,32.796723932319,33.744037531687,
    34.751762028128,35.745458780463,36.730106112805,37.635070035337,
    38.615335519513,39.599805338773,40.592877392801,41.521106716853,
    42.54355210237,43.588460947472,44.661307186429,45.681682040739,
    46.825929386569,48.018033969658,49.266638650819,50.477859791669,
    51.863921967174,53.33914083985,54.917675284274,56.480212616324,
    58.303578905337,60.281721918016,62.435877257802,64.600562295301,
    67.15990258556,69.968318443063,73.053194077155),.UNSPECIFIED.);
#7835 = CARTESIAN_POINT('',(9.659132507772E-02,-11.46508692386,22.4));
#7836 = CARTESIAN_POINT('',(0.997531887688,-11.56201135425,22.4));
#7837 = CARTESIAN_POINT('',(2.869911982393,-11.73386143343,22.4));
#7838 = CARTESIAN_POINT('',(5.555149510144,-12.1541863042,22.4));
#7839 = CARTESIAN_POINT('',(8.061246716484,-12.656613796,22.4));
#7840 = CARTESIAN_POINT('',(10.365827798951,-13.23880501824,22.4));
#7841 = CARTESIAN_POINT('',(12.482337860793,-13.88614782797,22.4));
#7842 = CARTESIAN_POINT('',(14.473629758889,-14.61558228212,22.4));
#7843 = CARTESIAN_POINT('',(16.245040316804,-15.381107717,22.4));
#7844 = CARTESIAN_POINT('',(17.852461924634,-16.18830977415,22.4));
#7845 = CARTESIAN_POINT('',(19.305183808412,-17.03041809495,22.4));
#7846 = CARTESIAN_POINT('',(20.647439067325,-17.93012241267,22.4));
#7847 = CARTESIAN_POINT('',(21.815265409324,-18.8378909225,22.4));
#7848 = CARTESIAN_POINT('',(22.855601589807,-19.75985046258,22.4));
#7849 = CARTESIAN_POINT('',(23.779474227334,-20.69155050243,22.4));
#7850 = CARTESIAN_POINT('',(24.604886664143,-21.66852172927,22.4));
#7851 = CARTESIAN_POINT('',(25.29721043821,-22.63414057452,22.4));
#7852 = CARTESIAN_POINT('',(25.884428292563,-23.60667467573,22.4));
#7853 = CARTESIAN_POINT('',(26.373147396548,-24.58348448695,22.4));
#7854 = CARTESIAN_POINT('',(26.776431093043,-25.59033218866,22.4));
#7855 = CARTESIAN_POINT('',(27.078624195503,-26.57222674031,22.4));
#7856 = CARTESIAN_POINT('',(27.297867266821,-27.55057293061,22.4));
#7857 = CARTESIAN_POINT('',(27.439123206851,-28.5243195862,22.4));
#7858 = CARTESIAN_POINT('',(27.505547306111,-29.51841162621,22.4));
#7859 = CARTESIAN_POINT('',(27.497653174108,-30.48036595253,22.4));
#7860 = CARTESIAN_POINT('',(27.423142433975,-31.43475794982,22.4));
#7861 = CARTESIAN_POINT('',(27.284274332011,-32.38197984701,22.4));
#7862 = CARTESIAN_POINT('',(27.074813902316,-33.3461661647,22.4));
#7863 = CARTESIAN_POINT('',(26.806360136563,-34.27755610417,22.4));
#7864 = CARTESIAN_POINT('',(26.475626098635,-35.20199463568,22.4));
#7865 = CARTESIAN_POINT('',(26.081053342461,-36.12002675154,22.4));
#7866 = CARTESIAN_POINT('',(25.606310170402,-37.0537130843,22.4));
#7867 = CARTESIAN_POINT('',(25.07273456133,-37.9542969483,22.4));
#7868 = CARTESIAN_POINT('',(24.465681794331,-38.84727804443,22.4));
#7869 = CARTESIAN_POINT('',(23.779404953179,-39.73203492998,22.4));
#7870 = CARTESIAN_POINT('',(22.98621323695,-40.62694718063,22.4));
#7871 = CARTESIAN_POINT('',(22.120080821874,-41.48358265919,22.4));
#7872 = CARTESIAN_POINT('',(21.153148084479,-42.32643853314,22.4));
#7873 = CARTESIAN_POINT('',(20.075151089843,-43.15309029046,22.4));
#7874 = CARTESIAN_POINT('',(18.844612851793,-43.97705647161,22.4));
#7875 = CARTESIAN_POINT('',(17.51407662939,-44.7519515178,22.4));
#7876 = CARTESIAN_POINT('',(16.037304592966,-45.50058744757,22.4));
#7877 = CARTESIAN_POINT('',(14.398928243417,-46.21832281051,22.4));
#7878 = CARTESIAN_POINT('',(12.536703344974,-46.91294919484,22.4));
#7879 = CARTESIAN_POINT('',(10.539118513891,-47.5416797429,22.4));
#7880 = CARTESIAN_POINT('',(8.297876658534,-48.12831353425,22.4));
#7881 = CARTESIAN_POINT('',(5.947933569625,-48.64112715928,22.4));
#7882 = CARTESIAN_POINT('',(2.710378200263,-49.18477935949,22.4));
#7883 = CARTESIAN_POINT('',(2.015183314218,-49.24546314911,22.4));
#7884 = CARTESIAN_POINT('',(0.112044317377,-49.49370321069,22.4));
#7885 = PCURVE('',#198,#7886);
#7886 = DEFINITIONAL_REPRESENTATION('',(#7887),#7938);
#7887 = B_SPLINE_CURVE_WITH_KNOTS('',3,(#7888,#7889,#7890,#7891,#7892,
    #7893,#7894,#7895,#7896,#7897,#7898,#7899,#7900,#7901,#7902,#7903,
    #7904,#7905,#7906,#7907,#7908,#7909,#7910,#7911,#7912,#7913,#7914,
    #7915,#7916,#7917,#7918,#7919,#7920,#7921,#7922,#7923,#7924,#7925,
    #7926,#7927,#7928,#7929,#7930,#7931,#7932,#7933,#7934,#7935,#7936,
    #7937),.UNSPECIFIED.,.F.,.F.,(4,1,1,1,1,1,1,1,1,1,1,1,1,1,1,1,1,1,1,
    1,1,1,1,1,1,1,1,1,1,1,1,1,1,1,1,1,1,1,1,1,1,1,1,1,1,1,1,4),(0.,
    2.766464139392,5.568319295326,8.177275145496,10.425160909405,
    12.698001103747,14.813706991925,16.784063111389,18.483896399813,
    20.207074900357,21.81810245116,23.327840693167,24.640860133639,
    25.985974841284,27.260500260188,28.473662841808,29.546573791048,
    30.665502050481,31.746604132965,32.796723932319,33.744037531687,
    34.751762028128,35.745458780463,36.730106112805,37.635070035337,
    38.615335519513,39.599805338773,40.592877392801,41.521106716853,
    42.54355210237,43.588460947472,44.661307186429,45.681682040739,
    46.825929386569,48.018033969658,49.266638650819,50.477859791669,
    51.863921967174,53.33914083985,54.917675284274,56.480212616324,
    58.303578905337,60.281721918016,62.435877257802,64.600562295301,
    67.15990258556,69.968318443063,73.053194077155),.UNSPECIFIED.);
#7888 = CARTESIAN_POINT('',(9.659132507772E-02,-11.46508692386));
#7889 = CARTESIAN_POINT('',(0.997531887688,-11.56201135425));
#7890 = CARTESIAN_POINT('',(2.869911982393,-11.73386143343));
#7891 = CARTESIAN_POINT('',(5.555149510144,-12.1541863042));
#7892 = CARTESIAN_POINT('',(8.061246716484,-12.656613796));
#7893 = CARTESIAN_POINT('',(10.365827798951,-13.23880501824));
#7894 = CARTESIAN_POINT('',(12.482337860793,-13.88614782797));
#7895 = CARTESIAN_POINT('',(14.473629758889,-14.61558228212));
#7896 = CARTESIAN_POINT('',(16.245040316804,-15.381107717));
#7897 = CARTESIAN_POINT('',(17.852461924634,-16.18830977415));
#7898 = CARTESIAN_POINT('',(19.305183808412,-17.03041809495));
#7899 = CARTESIAN_POINT('',(20.647439067325,-17.93012241267));
#7900 = CARTESIAN_POINT('',(21.815265409324,-18.8378909225));
#7901 = CARTESIAN_POINT('',(22.855601589807,-19.75985046258));
#7902 = CARTESIAN_POINT('',(23.779474227334,-20.69155050243));
#7903 = CARTESIAN_POINT('',(24.604886664143,-21.66852172927));
#7904 = CARTESIAN_POINT('',(25.29721043821,-22.63414057452));
#7905 = CARTESIAN_POINT('',(25.884428292563,-23.60667467573));
#7906 = CARTESIAN_POINT('',(26.373147396548,-24.58348448695));
#7907 = CARTESIAN_POINT('',(26.776431093043,-25.59033218866));
#7908 = CARTESIAN_POINT('',(27.078624195503,-26.57222674031));
#7909 = CARTESIAN_POINT('',(27.297867266821,-27.55057293061));
#7910 = CARTESIAN_POINT('',(27.439123206851,-28.5243195862));
#7911 = CARTESIAN_POINT('',(27.505547306111,-29.51841162621));
#7912 = CARTESIAN_POINT('',(27.497653174108,-30.48036595253));
#7913 = CARTESIAN_POINT('',(27.423142433975,-31.43475794982));
#7914 = CARTESIAN_POINT('',(27.284274332011,-32.38197984701));
#7915 = CARTESIAN_POINT('',(27.074813902316,-33.3461661647));
#7916 = CARTESIAN_POINT('',(26.806360136563,-34.27755610417));
#7917 = CARTESIAN_POINT('',(26.475626098635,-35.20199463568));
#7918 = CARTESIAN_POINT('',(26.081053342461,-36.12002675154));
#7919 = CARTESIAN_POINT('',(25.606310170402,-37.0537130843));
#7920 = CARTESIAN_POINT('',(25.07273456133,-37.9542969483));
#7921 = CARTESIAN_POINT('',(24.465681794331,-38.84727804443));
#7922 = CARTESIAN_POINT('',(23.779404953179,-39.73203492998));
#7923 = CARTESIAN_POINT('',(22.98621323695,-40.62694718063));
#7924 = CARTESIAN_POINT('',(22.120080821874,-41.48358265919));
#7925 = CARTESIAN_POINT('',(21.153148084479,-42.32643853314));
#7926 = CARTESIAN_POINT('',(20.075151089843,-43.15309029046));
#7927 = CARTESIAN_POINT('',(18.844612851793,-43.97705647161));
#7928 = CARTESIAN_POINT('',(17.51407662939,-44.7519515178));
#7929 = CARTESIAN_POINT('',(16.037304592966,-45.50058744757));
#7930 = CARTESIAN_POINT('',(14.398928243417,-46.21832281051));
#7931 = CARTESIAN_POINT('',(12.536703344974,-46.91294919484));
#7932 = CARTESIAN_POINT('',(10.539118513891,-47.5416797429));
#7933 = CARTESIAN_POINT('',(8.297876658534,-48.12831353425));
#7934 = CARTESIAN_POINT('',(5.947933569625,-48.64112715928));
#7935 = CARTESIAN_POINT('',(2.710378200263,-49.18477935949));
#7936 = CARTESIAN_POINT('',(2.015183314218,-49.24546314911));
#7937 = CARTESIAN_POINT('',(0.112044317377,-49.49370321069));
#7938 = ( GEOMETRIC_REPRESENTATION_CONTEXT(2) 
PARAMETRIC_REPRESENTATION_CONTEXT() REPRESENTATION_CONTEXT('2D SPACE',''
  ) );
#7939 = PCURVE('',#1931,#7940);
#7940 = DEFINITIONAL_REPRESENTATION('',(#7941),#7945);
#7941 = LINE('',#7942,#7943);
#7942 = CARTESIAN_POINT('',(0.,-22.4));
#7943 = VECTOR('',#7944,1.);
#7944 = DIRECTION('',(1.,0.));
#7945 = ( GEOMETRIC_REPRESENTATION_CONTEXT(2) 
PARAMETRIC_REPRESENTATION_CONTEXT() REPRESENTATION_CONTEXT('2D SPACE',''
  ) );
#7946 = ORIENTED_EDGE('',*,*,#7947,.F.);
#7947 = EDGE_CURVE('',#7948,#7831,#7950,.T.);
#7948 = VERTEX_POINT('',#7949);
#7949 = CARTESIAN_POINT('',(6.883805996763,-12.11628438599,22.4));
#7950 = SURFACE_CURVE('',#7951,(#7955,#7962),.PCURVE_S1.);
#7951 = LINE('',#7952,#7953);
#7952 = CARTESIAN_POINT('',(6.883805996763,-12.11628438599,22.4));
#7953 = VECTOR('',#7954,1.);
#7954 = DIRECTION('',(-0.999005666746,4.458338040621E-02,0.));
#7955 = PCURVE('',#198,#7956);
#7956 = DEFINITIONAL_REPRESENTATION('',(#7957),#7961);
#7957 = LINE('',#7958,#7959);
#7958 = CARTESIAN_POINT('',(6.883805996763,-12.11628438599));
#7959 = VECTOR('',#7960,1.);
#7960 = DIRECTION('',(-0.999005666746,4.458338040621E-02));
#7961 = ( GEOMETRIC_REPRESENTATION_CONTEXT(2) 
PARAMETRIC_REPRESENTATION_CONTEXT() REPRESENTATION_CONTEXT('2D SPACE',''
  ) );
#7962 = PCURVE('',#2055,#7963);
#7963 = DEFINITIONAL_REPRESENTATION('',(#7964),#7968);
#7964 = LINE('',#7965,#7966);
#7965 = CARTESIAN_POINT('',(0.,-22.4));
#7966 = VECTOR('',#7967,1.);
#7967 = DIRECTION('',(1.,0.));
#7968 = ( GEOMETRIC_REPRESENTATION_CONTEXT(2) 
PARAMETRIC_REPRESENTATION_CONTEXT() REPRESENTATION_CONTEXT('2D SPACE',''
  ) );
#7969 = ORIENTED_EDGE('',*,*,#7970,.F.);
#7970 = EDGE_CURVE('',#7971,#7948,#7973,.T.);
#7971 = VERTEX_POINT('',#7972);
#7972 = CARTESIAN_POINT('',(23.656115169457,-41.19768201795,22.4));
#7973 = SURFACE_CURVE('',#7974,(#8025,#8079),.PCURVE_S1.);
#7974 = B_SPLINE_CURVE_WITH_KNOTS('',3,(#7975,#7976,#7977,#7978,#7979,
    #7980,#7981,#7982,#7983,#7984,#7985,#7986,#7987,#7988,#7989,#7990,
    #7991,#7992,#7993,#7994,#7995,#7996,#7997,#7998,#7999,#8000,#8001,
    #8002,#8003,#8004,#8005,#8006,#8007,#8008,#8009,#8010,#8011,#8012,
    #8013,#8014,#8015,#8016,#8017,#8018,#8019,#8020,#8021,#8022,#8023,
    #8024),.UNSPECIFIED.,.F.,.F.,(4,1,1,1,1,1,1,1,1,1,1,1,1,1,1,1,1,1,1,
    1,1,1,1,1,1,1,1,1,1,1,1,1,1,1,1,1,1,1,1,1,1,1,1,1,1,1,1,4),(0.,
    3.010134173011,5.734866089906,8.204243200285,10.280216915947,
    12.332164523515,14.201956865391,15.911237845672,17.363900720308,
    18.819208714806,20.167747400886,21.42468716853,22.515414853025,
    23.632925452475,24.694050367351,25.707901186754,26.608581862701,
    27.552388564938,28.468532489134,29.361872223827,30.169943636586,
    31.030962627216,31.880548884696,32.72227944396,33.495545472128,
    34.332992621126,35.174663745336,36.025783427864,36.825011523752,
    37.711824801461,38.627874308414,39.58148948206,40.502911686362,
    41.554574841448,42.671594637474,43.864256147866,45.041219012251,
    46.408073524505,47.880684921353,49.469922617188,51.049935999727,
    52.894334824252,54.887680127977,57.041280206621,59.18142193199,
    61.675679145654,64.364419403117,67.031728548195),.UNSPECIFIED.);
#7975 = CARTESIAN_POINT('',(23.656115169457,-41.19768201795,22.4));
#7976 = CARTESIAN_POINT('',(24.440273040611,-40.59750268534,22.4));
#7977 = CARTESIAN_POINT('',(25.994109956344,-39.44478458005,22.4));
#7978 = CARTESIAN_POINT('',(28.087310268353,-37.69570526143,22.4));
#7979 = CARTESIAN_POINT('',(29.887348100209,-36.06945493721,22.4));
#7980 = CARTESIAN_POINT('',(31.449670117131,-34.52130940482,22.4));
#7981 = CARTESIAN_POINT('',(32.802582150766,-33.0480792187,22.4));
#7982 = CARTESIAN_POINT('',(33.998107610693,-31.59990102154,22.4));
#7983 = CARTESIAN_POINT('',(34.992858536067,-30.24832331795,22.4));
#7984 = CARTESIAN_POINT('',(35.834286255178,-28.95871486912,22.4));
#7985 = CARTESIAN_POINT('',(36.53968540187,-27.72660257715,22.4));
#7986 = CARTESIAN_POINT('',(37.137729772993,-26.51128317332,22.4));
#7987 = CARTESIAN_POINT('',(37.610047835712,-25.3723924963,22.4));
#7988 = CARTESIAN_POINT('',(37.984935282419,-24.27914343183,22.4));
#7989 = CARTESIAN_POINT('',(38.273103626033,-23.22732021094,22.4));
#7990 = CARTESIAN_POINT('',(38.486440407921,-22.18398945201,22.4));
#7991 = CARTESIAN_POINT('',(38.621211494927,-21.20057753239,22.4));
#7992 = CARTESIAN_POINT('',(38.691212914704,-20.24981937627,22.4));
#7993 = CARTESIAN_POINT('',(38.701641446891,-19.32901752529,22.4));
#7994 = CARTESIAN_POINT('',(38.652850462375,-18.41192295229,22.4));
#7995 = CARTESIAN_POINT('',(38.550397988541,-17.54481828435,22.4));
#7996 = CARTESIAN_POINT('',(38.397420634829,-16.70398003906,22.4));
#7997 = CARTESIAN_POINT('',(38.195340048621,-15.88846513352,22.4));
#7998 = CARTESIAN_POINT('',(37.935932580382,-15.07752826767,22.4));
#7999 = CARTESIAN_POINT('',(37.632535123317,-14.31335555887,22.4));
#8000 = CARTESIAN_POINT('',(37.279948391349,-13.57518526054,22.4));
#8001 = CARTESIAN_POINT('',(36.876730953373,-12.8632240852,22.4));
#8002 = CARTESIAN_POINT('',(36.406865191059,-12.1618442515,22.4));
#8003 = CARTESIAN_POINT('',(35.89204427852,-11.50883528395,22.4));
#8004 = CARTESIAN_POINT('',(35.318751033939,-10.88605738193,22.4));
#8005 = CARTESIAN_POINT('',(34.682555085346,-10.29505200315,22.4));
#8006 = CARTESIAN_POINT('',(33.959337152656,-9.726625133919,22.4));
#8007 = CARTESIAN_POINT('',(33.181834569932,-9.213707406018,22.4));
#8008 = CARTESIAN_POINT('',(32.326677020119,-8.742330489725,22.4));
#8009 = CARTESIAN_POINT('',(31.387285534416,-8.316968499721,22.4));
#8010 = CARTESIAN_POINT('',(30.331680403677,-7.93809362255,22.4));
#8011 = CARTESIAN_POINT('',(29.210123569433,-7.628710068421,22.4));
#8012 = CARTESIAN_POINT('',(27.98564911256,-7.394409398782,22.4));
#8013 = CARTESIAN_POINT('',(26.654388015471,-7.241834177369,22.4));
#8014 = CARTESIAN_POINT('',(25.178724388865,-7.172534579738,22.4));
#8015 = CARTESIAN_POINT('',(23.630641581764,-7.202023820633,22.4));
#8016 = CARTESIAN_POINT('',(21.963697473041,-7.333571741476,22.4));
#8017 = CARTESIAN_POINT('',(20.173763198766,-7.578896463739,22.4));
#8018 = CARTESIAN_POINT('',(18.21153838216,-7.962725754083,22.4));
#8019 = CARTESIAN_POINT('',(16.183520498831,-8.473684888989,22.4));
#8020 = CARTESIAN_POINT('',(13.999557685068,-9.144462101168,22.4));
#8021 = CARTESIAN_POINT('',(11.788476784338,-9.932823367122,22.4));
#8022 = CARTESIAN_POINT('',(9.011915653887,-11.09108510233,22.4));
#8023 = CARTESIAN_POINT('',(8.292958249965,-11.45817653937,22.4));
#8024 = CARTESIAN_POINT('',(6.883805996763,-12.11628438599,22.4));
#8025 = PCURVE('',#198,#8026);
#8026 = DEFINITIONAL_REPRESENTATION('',(#8027),#8078);
#8027 = B_SPLINE_CURVE_WITH_KNOTS('',3,(#8028,#8029,#8030,#8031,#8032,
    #8033,#8034,#8035,#8036,#8037,#8038,#8039,#8040,#8041,#8042,#8043,
    #8044,#8045,#8046,#8047,#8048,#8049,#8050,#8051,#8052,#8053,#8054,
    #8055,#8056,#8057,#8058,#8059,#8060,#8061,#8062,#8063,#8064,#8065,
    #8066,#8067,#8068,#8069,#8070,#8071,#8072,#8073,#8074,#8075,#8076,
    #8077),.UNSPECIFIED.,.F.,.F.,(4,1,1,1,1,1,1,1,1,1,1,1,1,1,1,1,1,1,1,
    1,1,1,1,1,1,1,1,1,1,1,1,1,1,1,1,1,1,1,1,1,1,1,1,1,1,1,1,4),(0.,
    3.010134173011,5.734866089906,8.204243200285,10.280216915947,
    12.332164523515,14.201956865391,15.911237845672,17.363900720308,
    18.819208714806,20.167747400886,21.42468716853,22.515414853025,
    23.632925452475,24.694050367351,25.707901186754,26.608581862701,
    27.552388564938,28.468532489134,29.361872223827,30.169943636586,
    31.030962627216,31.880548884696,32.72227944396,33.495545472128,
    34.332992621126,35.174663745336,36.025783427864,36.825011523752,
    37.711824801461,38.627874308414,39.58148948206,40.502911686362,
    41.554574841448,42.671594637474,43.864256147866,45.041219012251,
    46.408073524505,47.880684921353,49.469922617188,51.049935999727,
    52.894334824252,54.887680127977,57.041280206621,59.18142193199,
    61.675679145654,64.364419403117,67.031728548195),.UNSPECIFIED.);
#8028 = CARTESIAN_POINT('',(23.656115169457,-41.19768201795));
#8029 = CARTESIAN_POINT('',(24.440273040611,-40.59750268534));
#8030 = CARTESIAN_POINT('',(25.994109956344,-39.44478458005));
#8031 = CARTESIAN_POINT('',(28.087310268353,-37.69570526143));
#8032 = CARTESIAN_POINT('',(29.887348100209,-36.06945493721));
#8033 = CARTESIAN_POINT('',(31.449670117131,-34.52130940482));
#8034 = CARTESIAN_POINT('',(32.802582150766,-33.0480792187));
#8035 = CARTESIAN_POINT('',(33.998107610693,-31.59990102154));
#8036 = CARTESIAN_POINT('',(34.992858536067,-30.24832331795));
#8037 = CARTESIAN_POINT('',(35.834286255178,-28.95871486912));
#8038 = CARTESIAN_POINT('',(36.53968540187,-27.72660257715));
#8039 = CARTESIAN_POINT('',(37.137729772993,-26.51128317332));
#8040 = CARTESIAN_POINT('',(37.610047835712,-25.3723924963));
#8041 = CARTESIAN_POINT('',(37.984935282419,-24.27914343183));
#8042 = CARTESIAN_POINT('',(38.273103626033,-23.22732021094));
#8043 = CARTESIAN_POINT('',(38.486440407921,-22.18398945201));
#8044 = CARTESIAN_POINT('',(38.621211494927,-21.20057753239));
#8045 = CARTESIAN_POINT('',(38.691212914704,-20.24981937627));
#8046 = CARTESIAN_POINT('',(38.701641446891,-19.32901752529));
#8047 = CARTESIAN_POINT('',(38.652850462375,-18.41192295229));
#8048 = CARTESIAN_POINT('',(38.550397988541,-17.54481828435));
#8049 = CARTESIAN_POINT('',(38.397420634829,-16.70398003906));
#8050 = CARTESIAN_POINT('',(38.195340048621,-15.88846513352));
#8051 = CARTESIAN_POINT('',(37.935932580382,-15.07752826767));
#8052 = CARTESIAN_POINT('',(37.632535123317,-14.31335555887));
#8053 = CARTESIAN_POINT('',(37.279948391349,-13.57518526054));
#8054 = CARTESIAN_POINT('',(36.876730953373,-12.8632240852));
#8055 = CARTESIAN_POINT('',(36.406865191059,-12.1618442515));
#8056 = CARTESIAN_POINT('',(35.89204427852,-11.50883528395));
#8057 = CARTESIAN_POINT('',(35.318751033939,-10.88605738193));
#8058 = CARTESIAN_POINT('',(34.682555085346,-10.29505200315));
#8059 = CARTESIAN_POINT('',(33.959337152656,-9.726625133919));
#8060 = CARTESIAN_POINT('',(33.181834569932,-9.213707406018));
#8061 = CARTESIAN_POINT('',(32.326677020119,-8.742330489725));
#8062 = CARTESIAN_POINT('',(31.387285534416,-8.316968499721));
#8063 = CARTESIAN_POINT('',(30.331680403677,-7.93809362255));
#8064 = CARTESIAN_POINT('',(29.210123569433,-7.628710068421));
#8065 = CARTESIAN_POINT('',(27.98564911256,-7.394409398782));
#8066 = CARTESIAN_POINT('',(26.654388015471,-7.241834177369));
#8067 = CARTESIAN_POINT('',(25.178724388865,-7.172534579738));
#8068 = CARTESIAN_POINT('',(23.630641581764,-7.202023820633));
#8069 = CARTESIAN_POINT('',(21.963697473041,-7.333571741476));
#8070 = CARTESIAN_POINT('',(20.173763198766,-7.578896463739));
#8071 = CARTESIAN_POINT('',(18.21153838216,-7.962725754083));
#8072 = CARTESIAN_POINT('',(16.183520498831,-8.473684888989));
#8073 = CARTESIAN_POINT('',(13.999557685068,-9.144462101168));
#8074 = CARTESIAN_POINT('',(11.788476784338,-9.932823367122));
#8075 = CARTESIAN_POINT('',(9.011915653887,-11.09108510233));
#8076 = CARTESIAN_POINT('',(8.292958249965,-11.45817653937));
#8077 = CARTESIAN_POINT('',(6.883805996763,-12.11628438599));
#8078 = ( GEOMETRIC_REPRESENTATION_CONTEXT(2) 
PARAMETRIC_REPRESENTATION_CONTEXT() REPRESENTATION_CONTEXT('2D SPACE',''
  ) );
#8079 = PCURVE('',#2177,#8080);
#8080 = DEFINITIONAL_REPRESENTATION('',(#8081),#8085);
#8081 = LINE('',#8082,#8083);
#8082 = CARTESIAN_POINT('',(0.,-22.4));
#8083 = VECTOR('',#8084,1.);
#8084 = DIRECTION('',(1.,0.));
#8085 = ( GEOMETRIC_REPRESENTATION_CONTEXT(2) 
PARAMETRIC_REPRESENTATION_CONTEXT() REPRESENTATION_CONTEXT('2D SPACE',''
  ) );
#8086 = ORIENTED_EDGE('',*,*,#8087,.F.);
#8087 = EDGE_CURVE('',#8088,#7971,#8090,.T.);
#8088 = VERTEX_POINT('',#8089);
#8089 = CARTESIAN_POINT('',(19.706957168416,-44.22039079482,22.4));
#8090 = SURFACE_CURVE('',#8091,(#8095,#8102),.PCURVE_S1.);
#8091 = LINE('',#8092,#8093);
#8092 = CARTESIAN_POINT('',(14.573714409047,-48.14940501469,22.4));
#8093 = VECTOR('',#8094,1.);
#8094 = DIRECTION('',(0.794089532378,0.607800801718,0.));
#8095 = PCURVE('',#198,#8096);
#8096 = DEFINITIONAL_REPRESENTATION('',(#8097),#8101);
#8097 = LINE('',#8098,#8099);
#8098 = CARTESIAN_POINT('',(14.573714409047,-48.14940501469));
#8099 = VECTOR('',#8100,1.);
#8100 = DIRECTION('',(0.794089532378,0.607800801718));
#8101 = ( GEOMETRIC_REPRESENTATION_CONTEXT(2) 
PARAMETRIC_REPRESENTATION_CONTEXT() REPRESENTATION_CONTEXT('2D SPACE',''
  ) );
#8102 = PCURVE('',#2301,#8103);
#8103 = DEFINITIONAL_REPRESENTATION('',(#8104),#8108);
#8104 = LINE('',#8105,#8106);
#8105 = CARTESIAN_POINT('',(-6.094433791482,-22.4));
#8106 = VECTOR('',#8107,1.);
#8107 = DIRECTION('',(1.,0.));
#8108 = ( GEOMETRIC_REPRESENTATION_CONTEXT(2) 
PARAMETRIC_REPRESENTATION_CONTEXT() REPRESENTATION_CONTEXT('2D SPACE',''
  ) );
#8109 = ORIENTED_EDGE('',*,*,#8110,.F.);
#8110 = EDGE_CURVE('',#7807,#8088,#8111,.T.);
#8111 = SURFACE_CURVE('',#8112,(#8117,#8124),.PCURVE_S1.);
#8112 = CIRCLE('',#8113,3.);
#8113 = AXIS2_PLACEMENT_3D('',#8114,#8115,#8116);
#8114 = CARTESIAN_POINT('',(17.883554763264,-41.83812219769,22.4));
#8115 = DIRECTION('',(0.,0.,1.));
#8116 = DIRECTION('',(0.,-1.,0.));
#8117 = PCURVE('',#198,#8118);
#8118 = DEFINITIONAL_REPRESENTATION('',(#8119),#8123);
#8119 = CIRCLE('',#8120,3.);
#8120 = AXIS2_PLACEMENT_2D('',#8121,#8122);
#8121 = CARTESIAN_POINT('',(17.883554763264,-41.83812219769));
#8122 = DIRECTION('',(0.,-1.));
#8123 = ( GEOMETRIC_REPRESENTATION_CONTEXT(2) 
PARAMETRIC_REPRESENTATION_CONTEXT() REPRESENTATION_CONTEXT('2D SPACE',''
  ) );
#8124 = PCURVE('',#2328,#8125);
#8125 = DEFINITIONAL_REPRESENTATION('',(#8126),#8130);
#8126 = LINE('',#8127,#8128);
#8127 = CARTESIAN_POINT('',(-0.403940945037,22.4));
#8128 = VECTOR('',#8129,1.);
#8129 = DIRECTION('',(1.,0.));
#8130 = ( GEOMETRIC_REPRESENTATION_CONTEXT(2) 
PARAMETRIC_REPRESENTATION_CONTEXT() REPRESENTATION_CONTEXT('2D SPACE',''
  ) );
#8131 = FACE_BOUND('',#8132,.T.);
#8132 = EDGE_LOOP('',(#8133,#8159,#8276,#8299,#8416,#8439));
#8133 = ORIENTED_EDGE('',*,*,#8134,.F.);
#8134 = EDGE_CURVE('',#8135,#8137,#8139,.T.);
#8135 = VERTEX_POINT('',#8136);
#8136 = CARTESIAN_POINT('',(-12.02367280487,-46.98596910016,22.4));
#8137 = VERTEX_POINT('',#8138);
#8138 = CARTESIAN_POINT('',(-5.789565838434,-48.15320267025,22.4));
#8139 = SURFACE_CURVE('',#8140,(#8145,#8152),.PCURVE_S1.);
#8140 = CIRCLE('',#8141,48.5);
#8141 = AXIS2_PLACEMENT_3D('',#8142,#8143,#8144);
#8142 = CARTESIAN_POINT('',(0.,0.,22.4));
#8143 = DIRECTION('',(0.,0.,1.));
#8144 = DIRECTION('',(1.,0.,-0.));
#8145 = PCURVE('',#198,#8146);
#8146 = DEFINITIONAL_REPRESENTATION('',(#8147),#8151);
#8147 = CIRCLE('',#8148,48.5);
#8148 = AXIS2_PLACEMENT_2D('',#8149,#8150);
#8149 = CARTESIAN_POINT('',(1.75032336965E-15,-3.209892110372E-15));
#8150 = DIRECTION('',(1.,0.));
#8151 = ( GEOMETRIC_REPRESENTATION_CONTEXT(2) 
PARAMETRIC_REPRESENTATION_CONTEXT() REPRESENTATION_CONTEXT('2D SPACE',''
  ) );
#8152 = PCURVE('',#2361,#8153);
#8153 = DEFINITIONAL_REPRESENTATION('',(#8154),#8158);
#8154 = LINE('',#8155,#8156);
#8155 = CARTESIAN_POINT('',(-0.,-22.4));
#8156 = VECTOR('',#8157,1.);
#8157 = DIRECTION('',(-1.,0.));
#8158 = ( GEOMETRIC_REPRESENTATION_CONTEXT(2) 
PARAMETRIC_REPRESENTATION_CONTEXT() REPRESENTATION_CONTEXT('2D SPACE',''
  ) );
#8159 = ORIENTED_EDGE('',*,*,#8160,.F.);
#8160 = EDGE_CURVE('',#8161,#8135,#8163,.T.);
#8161 = VERTEX_POINT('',#8162);
#8162 = CARTESIAN_POINT('',(-2.002495231905,-12.71813131731,22.4));
#8163 = SURFACE_CURVE('',#8164,(#8215,#8269),.PCURVE_S1.);
#8164 = B_SPLINE_CURVE_WITH_KNOTS('',3,(#8165,#8166,#8167,#8168,#8169,
    #8170,#8171,#8172,#8173,#8174,#8175,#8176,#8177,#8178,#8179,#8180,
    #8181,#8182,#8183,#8184,#8185,#8186,#8187,#8188,#8189,#8190,#8191,
    #8192,#8193,#8194,#8195,#8196,#8197,#8198,#8199,#8200,#8201,#8202,
    #8203,#8204,#8205,#8206,#8207,#8208,#8209,#8210,#8211,#8212,#8213,
    #8214),.UNSPECIFIED.,.F.,.F.,(4,1,1,1,1,1,1,1,1,1,1,1,1,1,1,1,1,1,1,
    1,1,1,1,1,1,1,1,1,1,1,1,1,1,1,1,1,1,1,1,1,1,1,1,1,1,1,1,4),(0.,
    2.766464139392,5.568319295326,8.177275145496,10.425160909405,
    12.698001103747,14.813706991925,16.784063111389,18.483896399813,
    20.207074900357,21.81810245116,23.327840693167,24.640860133639,
    25.985974841284,27.260500260188,28.473662841808,29.546573791048,
    30.665502050481,31.746604132965,32.796723932319,33.744037531687,
    34.751762028128,35.745458780463,36.730106112805,37.635070035337,
    38.615335519513,39.599805338773,40.592877392801,41.521106716853,
    42.54355210237,43.588460947472,44.661307186429,45.681682040739,
    46.825929386569,48.018033969658,49.266638650819,50.477859791669,
    51.863921967174,53.33914083985,54.917675284274,56.480212616324,
    58.303578905337,60.281721918016,62.435877257802,64.600562295301,
    67.15990258556,69.968318443063,73.053194077155),.UNSPECIFIED.);
#8165 = CARTESIAN_POINT('',(-5.648892920632,-9.977352195207,22.4));
#8166 = CARTESIAN_POINT('',(-4.917117721303,-10.51176149547,22.4));
#8167 = CARTESIAN_POINT('',(-3.381514033342,-11.59677807704,22.4));
#8168 = CARTESIAN_POINT('',(-1.266192554498,-13.30340885684,22.4));
#8169 = CARTESIAN_POINT('',(0.652937544647,-14.99157243147,22.4));
#8170 = CARTESIAN_POINT('',(2.357667696025,-16.64805536102,22.4));
#8171 = CARTESIAN_POINT('',(3.866947772078,-18.26692571013,22.4));
#8172 = CARTESIAN_POINT('',(5.226739915106,-19.89428042686,22.4));
#8173 = CARTESIAN_POINT('',(6.37806374135,-21.44295017967,22.4));
#8174 = CARTESIAN_POINT('',(7.366530659752,-22.94571847106,22.4));
#8175 = CARTESIAN_POINT('',(8.203570555337,-24.4013666115,22.4));
#8176 = CARTESIAN_POINT('',(8.916145549059,-25.851661036,22.4));
#8177 = CARTESIAN_POINT('',(9.473628573521,-27.22172479727,22.4));
#8178 = CARTESIAN_POINT('',(9.913606364257,-28.54033327048,22.4));
#8179 = CARTESIAN_POINT('',(10.247853518289,-29.80914549246,22.4));
#8180 = CARTESIAN_POINT('',(10.474196043749,-31.06793361207,22.4));
#8181 = CARTESIAN_POINT('',(10.590956597107,-32.25034594947,22.4));
#8182 = CARTESIAN_POINT('',(10.61323512593,-33.38619411434,22.4));
#8183 = CARTESIAN_POINT('',(10.548073379687,-34.47649577751,22.4));
#8184 = CARTESIAN_POINT('',(10.393903454928,-35.55009331318,22.4));
#8185 = CARTESIAN_POINT('',(10.164663082679,-36.55153548998,22.4));
#8186 = CARTESIAN_POINT('',(9.865360056896,-37.50842968013,22.4));
#8187 = CARTESIAN_POINT('',(9.500817961601,-38.42234699074,22.4));
#8188 = CARTESIAN_POINT('',(9.061296898977,-39.31646800072,22.4));
#8189 = CARTESIAN_POINT('',(8.573483216962,-40.14559781859,22.4));
#8190 = CARTESIAN_POINT('',(8.031759024511,-40.93487016334,22.4));
#8191 = CARTESIAN_POINT('',(7.437884771838,-41.68575433835,22.4));
#8192 = CARTESIAN_POINT('',(6.774393559789,-42.41603396861,22.4));
#8193 = CARTESIAN_POINT('',(6.076210809169,-43.08841443414,22.4));
#8194 = CARTESIAN_POINT('',(5.327567464674,-43.7236346677,22.4));
#8195 = CARTESIAN_POINT('',(4.526841376256,-44.32138742344,22.4));
#8196 = CARTESIAN_POINT('',(3.6488585626,-44.89261192074,22.4));
#8197 = CARTESIAN_POINT('',(2.736476598302,-45.40575262067,22.4));
#8198 = CARTESIAN_POINT('',(1.764262932581,-45.87557055152,22.4));
#8199 = CARTESIAN_POINT('',(0.727551311337,-46.29865407,22.4));
#8200 = CARTESIAN_POINT('',(-0.406828990312,-46.67707495511,22.4));
#8201 = CARTESIAN_POINT('',(-1.585239404088,-46.98587683378,22.4));
#8202 = CARTESIAN_POINT('',(-2.8440556554,-47.23234506366,22.4));
#8203 = CARTESIAN_POINT('',(-4.19095431662,-47.40924798827,22.4));
#8204 = CARTESIAN_POINT('',(-5.668614781671,-47.50755451397,22.4));
#8205 = CARTESIAN_POINT('',(-7.208340474022,-47.51336519804,22.4));
#8206 = CARTESIAN_POINT('',(-8.86158053805,-47.42331691319,22.4));
#8207 = CARTESIAN_POINT('',(-10.63932375919,-47.22570579592,22.4));
#8208 = CARTESIAN_POINT('',(-12.59937102096,-46.89615744167,22.4));
#8209 = CARTESIAN_POINT('',(-14.64369550493,-46.44186165288,22.4));
#8210 = CARTESIAN_POINT('',(-16.87798478336,-45.82928049123,22.4));
#8211 = CARTESIAN_POINT('',(-19.16950200832,-45.09841857346,22.4));
#8212 = CARTESIAN_POINT('',(-22.24513330445,-43.95045750498,22.4));
#8213 = CARTESIAN_POINT('',(-22.87753163116,-43.65541376537,22.4));
#8214 = CARTESIAN_POINT('',(-24.64981838014,-42.91882646651,22.4));
#8215 = PCURVE('',#198,#8216);
#8216 = DEFINITIONAL_REPRESENTATION('',(#8217),#8268);
#8217 = B_SPLINE_CURVE_WITH_KNOTS('',3,(#8218,#8219,#8220,#8221,#8222,
    #8223,#8224,#8225,#8226,#8227,#8228,#8229,#8230,#8231,#8232,#8233,
    #8234,#8235,#8236,#8237,#8238,#8239,#8240,#8241,#8242,#8243,#8244,
    #8245,#8246,#8247,#8248,#8249,#8250,#8251,#8252,#8253,#8254,#8255,
    #8256,#8257,#8258,#8259,#8260,#8261,#8262,#8263,#8264,#8265,#8266,
    #8267),.UNSPECIFIED.,.F.,.F.,(4,1,1,1,1,1,1,1,1,1,1,1,1,1,1,1,1,1,1,
    1,1,1,1,1,1,1,1,1,1,1,1,1,1,1,1,1,1,1,1,1,1,1,1,1,1,1,1,4),(0.,
    2.766464139392,5.568319295326,8.177275145496,10.425160909405,
    12.698001103747,14.813706991925,16.784063111389,18.483896399813,
    20.207074900357,21.81810245116,23.327840693167,24.640860133639,
    25.985974841284,27.260500260188,28.473662841808,29.546573791048,
    30.665502050481,31.746604132965,32.796723932319,33.744037531687,
    34.751762028128,35.745458780463,36.730106112805,37.635070035337,
    38.615335519513,39.599805338773,40.592877392801,41.521106716853,
    42.54355210237,43.588460947472,44.661307186429,45.681682040739,
    46.825929386569,48.018033969658,49.266638650819,50.477859791669,
    51.863921967174,53.33914083985,54.917675284274,56.480212616324,
    58.303578905337,60.281721918016,62.435877257802,64.600562295301,
    67.15990258556,69.968318443063,73.053194077155),.UNSPECIFIED.);
#8218 = CARTESIAN_POINT('',(-5.648892920632,-9.977352195207));
#8219 = CARTESIAN_POINT('',(-4.917117721303,-10.51176149547));
#8220 = CARTESIAN_POINT('',(-3.381514033342,-11.59677807704));
#8221 = CARTESIAN_POINT('',(-1.266192554498,-13.30340885684));
#8222 = CARTESIAN_POINT('',(0.652937544647,-14.99157243147));
#8223 = CARTESIAN_POINT('',(2.357667696025,-16.64805536102));
#8224 = CARTESIAN_POINT('',(3.866947772078,-18.26692571013));
#8225 = CARTESIAN_POINT('',(5.226739915106,-19.89428042686));
#8226 = CARTESIAN_POINT('',(6.37806374135,-21.44295017967));
#8227 = CARTESIAN_POINT('',(7.366530659752,-22.94571847106));
#8228 = CARTESIAN_POINT('',(8.203570555337,-24.4013666115));
#8229 = CARTESIAN_POINT('',(8.916145549059,-25.851661036));
#8230 = CARTESIAN_POINT('',(9.473628573521,-27.22172479727));
#8231 = CARTESIAN_POINT('',(9.913606364257,-28.54033327048));
#8232 = CARTESIAN_POINT('',(10.247853518289,-29.80914549246));
#8233 = CARTESIAN_POINT('',(10.474196043749,-31.06793361207));
#8234 = CARTESIAN_POINT('',(10.590956597107,-32.25034594947));
#8235 = CARTESIAN_POINT('',(10.61323512593,-33.38619411434));
#8236 = CARTESIAN_POINT('',(10.548073379687,-34.47649577751));
#8237 = CARTESIAN_POINT('',(10.393903454928,-35.55009331318));
#8238 = CARTESIAN_POINT('',(10.164663082679,-36.55153548998));
#8239 = CARTESIAN_POINT('',(9.865360056896,-37.50842968013));
#8240 = CARTESIAN_POINT('',(9.500817961601,-38.42234699074));
#8241 = CARTESIAN_POINT('',(9.061296898977,-39.31646800072));
#8242 = CARTESIAN_POINT('',(8.573483216962,-40.14559781859));
#8243 = CARTESIAN_POINT('',(8.031759024511,-40.93487016334));
#8244 = CARTESIAN_POINT('',(7.437884771838,-41.68575433835));
#8245 = CARTESIAN_POINT('',(6.774393559789,-42.41603396861));
#8246 = CARTESIAN_POINT('',(6.076210809169,-43.08841443414));
#8247 = CARTESIAN_POINT('',(5.327567464674,-43.7236346677));
#8248 = CARTESIAN_POINT('',(4.526841376256,-44.32138742344));
#8249 = CARTESIAN_POINT('',(3.6488585626,-44.89261192074));
#8250 = CARTESIAN_POINT('',(2.736476598302,-45.40575262067));
#8251 = CARTESIAN_POINT('',(1.764262932581,-45.87557055152));
#8252 = CARTESIAN_POINT('',(0.727551311337,-46.29865407));
#8253 = CARTESIAN_POINT('',(-0.406828990312,-46.67707495511));
#8254 = CARTESIAN_POINT('',(-1.585239404088,-46.98587683378));
#8255 = CARTESIAN_POINT('',(-2.8440556554,-47.23234506366));
#8256 = CARTESIAN_POINT('',(-4.19095431662,-47.40924798827));
#8257 = CARTESIAN_POINT('',(-5.668614781671,-47.50755451397));
#8258 = CARTESIAN_POINT('',(-7.208340474022,-47.51336519804));
#8259 = CARTESIAN_POINT('',(-8.86158053805,-47.42331691319));
#8260 = CARTESIAN_POINT('',(-10.63932375919,-47.22570579592));
#8261 = CARTESIAN_POINT('',(-12.59937102096,-46.89615744167));
#8262 = CARTESIAN_POINT('',(-14.64369550493,-46.44186165288));
#8263 = CARTESIAN_POINT('',(-16.87798478336,-45.82928049123));
#8264 = CARTESIAN_POINT('',(-19.16950200832,-45.09841857346));
#8265 = CARTESIAN_POINT('',(-22.24513330445,-43.95045750498));
#8266 = CARTESIAN_POINT('',(-22.87753163116,-43.65541376537));
#8267 = CARTESIAN_POINT('',(-24.64981838014,-42.91882646651));
#8268 = ( GEOMETRIC_REPRESENTATION_CONTEXT(2) 
PARAMETRIC_REPRESENTATION_CONTEXT() REPRESENTATION_CONTEXT('2D SPACE',''
  ) );
#8269 = PCURVE('',#2483,#8270);
#8270 = DEFINITIONAL_REPRESENTATION('',(#8271),#8275);
#8271 = LINE('',#8272,#8273);
#8272 = CARTESIAN_POINT('',(0.,-22.4));
#8273 = VECTOR('',#8274,1.);
#8274 = DIRECTION('',(1.,0.));
#8275 = ( GEOMETRIC_REPRESENTATION_CONTEXT(2) 
PARAMETRIC_REPRESENTATION_CONTEXT() REPRESENTATION_CONTEXT('2D SPACE',''
  ) );
#8276 = ORIENTED_EDGE('',*,*,#8277,.F.);
#8277 = EDGE_CURVE('',#8278,#8161,#8280,.T.);
#8278 = VERTEX_POINT('',#8279);
#8279 = CARTESIAN_POINT('',(-9.659132507773E-02,-13.93491307613,22.4));
#8280 = SURFACE_CURVE('',#8281,(#8285,#8292),.PCURVE_S1.);
#8281 = LINE('',#8282,#8283);
#8282 = CARTESIAN_POINT('',(-9.659132507773E-02,-13.93491307613,22.4));
#8283 = VECTOR('',#8284,1.);
#8284 = DIRECTION('',(-0.842872595724,0.538113173392,0.));
#8285 = PCURVE('',#198,#8286);
#8286 = DEFINITIONAL_REPRESENTATION('',(#8287),#8291);
#8287 = LINE('',#8288,#8289);
#8288 = CARTESIAN_POINT('',(-9.659132507772E-02,-13.93491307613));
#8289 = VECTOR('',#8290,1.);
#8290 = DIRECTION('',(-0.842872595724,0.538113173392));
#8291 = ( GEOMETRIC_REPRESENTATION_CONTEXT(2) 
PARAMETRIC_REPRESENTATION_CONTEXT() REPRESENTATION_CONTEXT('2D SPACE',''
  ) );
#8292 = PCURVE('',#2607,#8293);
#8293 = DEFINITIONAL_REPRESENTATION('',(#8294),#8298);
#8294 = LINE('',#8295,#8296);
#8295 = CARTESIAN_POINT('',(0.,-22.4));
#8296 = VECTOR('',#8297,1.);
#8297 = DIRECTION('',(1.,0.));
#8298 = ( GEOMETRIC_REPRESENTATION_CONTEXT(2) 
PARAMETRIC_REPRESENTATION_CONTEXT() REPRESENTATION_CONTEXT('2D SPACE',''
  ) );
#8299 = ORIENTED_EDGE('',*,*,#8300,.F.);
#8300 = EDGE_CURVE('',#8301,#8278,#8303,.T.);
#8301 = VERTEX_POINT('',#8302);
#8302 = CARTESIAN_POINT('',(-0.112044317377,-47.50629678931,22.4));
#8303 = SURFACE_CURVE('',#8304,(#8355,#8409),.PCURVE_S1.);
#8304 = B_SPLINE_CURVE_WITH_KNOTS('',3,(#8305,#8306,#8307,#8308,#8309,
    #8310,#8311,#8312,#8313,#8314,#8315,#8316,#8317,#8318,#8319,#8320,
    #8321,#8322,#8323,#8324,#8325,#8326,#8327,#8328,#8329,#8330,#8331,
    #8332,#8333,#8334,#8335,#8336,#8337,#8338,#8339,#8340,#8341,#8342,
    #8343,#8344,#8345,#8346,#8347,#8348,#8349,#8350,#8351,#8352,#8353,
    #8354),.UNSPECIFIED.,.F.,.F.,(4,1,1,1,1,1,1,1,1,1,1,1,1,1,1,1,1,1,1,
    1,1,1,1,1,1,1,1,1,1,1,1,1,1,1,1,1,1,1,1,1,1,1,1,1,1,1,1,4),(0.,
    3.010134173011,5.734866089906,8.204243200285,10.280216915947,
    12.332164523515,14.201956865391,15.911237845672,17.363900720308,
    18.819208714806,20.167747400886,21.42468716853,22.515414853025,
    23.632925452475,24.694050367351,25.707901186754,26.608581862701,
    27.552388564938,28.468532489134,29.361872223827,30.169943636586,
    31.030962627216,31.880548884696,32.72227944396,33.495545472128,
    34.332992621126,35.174663745336,36.025783427864,36.825011523752,
    37.711824801461,38.627874308414,39.58148948206,40.502911686362,
    41.554574841448,42.671594637474,43.864256147866,45.041219012251,
    46.408073524505,47.880684921353,49.469922617188,51.049935999727,
    52.894334824252,54.887680127977,57.041280206621,59.18142193199,
    61.675679145654,64.364419403117,67.031728548195),.UNSPECIFIED.);
#8305 = CARTESIAN_POINT('',(-0.112044317377,-47.50629678931,22.4));
#8306 = CARTESIAN_POINT('',(0.867145985926,-47.37860517601,22.4));
#8307 = CARTESIAN_POINT('',(2.789167280934,-47.1572404713,22.4));
#8308 = CARTESIAN_POINT('',(5.476471585653,-46.68909350414,22.4));
#8309 = CARTESIAN_POINT('',(7.848475237921,-46.18073832639,22.4));
#8310 = CARTESIAN_POINT('',(9.975558559665,-45.62116597504,22.4));
#8311 = CARTESIAN_POINT('',(11.883829842938,-45.02176722506,22.4));
#8312 = CARTESIAN_POINT('',(13.643274360682,-44.36537084708,22.4));
#8313 = CARTESIAN_POINT('',(15.180542784294,-43.69224568326,22.4));
#8314 = CARTESIAN_POINT('',(16.554044788905,-42.9961258652,22.4));
#8315 = CARTESIAN_POINT('',(17.780994515732,-42.28178489339,22.4));
#8316 = CARTESIAN_POINT('',(18.906575835633,-41.52830960151,22.4));
#8317 = CARTESIAN_POINT('',(19.88506061512,-40.77816037445,22.4));
#8318 = CARTESIAN_POINT('',(20.756347199764,-40.0188226353,22.4));
#8319 = CARTESIAN_POINT('',(21.531819916348,-39.25200117752,22.4));
#8320 = CARTESIAN_POINT('',(22.23824036849,-38.45511862668,22.4));
#8321 = CARTESIAN_POINT('',(22.84666151334,-37.67084446542,22.4));
#8322 = CARTESIAN_POINT('',(23.382663599229,-36.88246445925,22.4));
#8323 = CARTESIAN_POINT('',(23.852095898519,-36.09024093054,22.4));
#8324 = CARTESIAN_POINT('',(24.268388952949,-35.2716182404,22.4));
#8325 = CARTESIAN_POINT('',(24.613214841898,-34.4694573333,22.4));
#8326 = CARTESIAN_POINT('',(24.901151690028,-33.66478137554,22.4));
#8327 = CARTESIAN_POINT('',(25.133902221527,-32.85748445708,22.4));
#8328 = CARTESIAN_POINT('',(25.31471719703,-32.02548879627,22.4));
#8329 = CARTESIAN_POINT('',(25.434053646165,-31.21199708904,22.4));
#8330 = CARTESIAN_POINT('',(25.497789728408,-30.39642949238,22.4));
#8331 = CARTESIAN_POINT('',(25.504573771542,-29.57824430904,22.4));
#8332 = CARTESIAN_POINT('',(25.448348001862,-28.7358986742,22.4));
#8333 = CARTESIAN_POINT('',(25.329004496977,-27.91296586313,22.4));
#8334 = CARTESIAN_POINT('',(25.143906934361,-27.08697775678,22.4));
#8335 = CARTESIAN_POINT('',(24.888447770486,-26.25705411068,22.4));
#8336 = CARTESIAN_POINT('',(24.546336102921,-25.40317303539,22.4));
#8337 = CARTESIAN_POINT('',(24.129457978725,-24.57022196161,22.4));
#8338 = CARTESIAN_POINT('',(23.624558274495,-23.73441880244,22.4));
#8339 = CARTESIAN_POINT('',(23.02370237878,-22.89634877044,22.4));
#8340 = CARTESIAN_POINT('',(22.29895895778,-22.04043093658,22.4));
#8341 = CARTESIAN_POINT('',(21.482354024601,-21.21171850207,22.4));
#8342 = CARTESIAN_POINT('',(20.539078373483,-20.3965709416,22.4));
#8343 = CARTESIAN_POINT('',(19.462460055041,-19.59880637533,22.4));
#8344 = CARTESIAN_POINT('',(18.219147665775,-18.80095935,22.4));
#8345 = CARTESIAN_POINT('',(16.863724007216,-18.05245637821,22.4));
#8346 = CARTESIAN_POINT('',(15.354334101951,-17.33290816511,22.4));
#8347 = CARTESIAN_POINT('',(13.681543188194,-16.65039846963,22.4));
#8348 = CARTESIAN_POINT('',(11.790292003904,-16.00169197748,22.4));
#8349 = CARTESIAN_POINT('',(9.778497430159,-15.43018662694,22.4));
#8350 = CARTESIAN_POINT('',(7.55174154643,-14.91911532609,22.4));
#8351 = CARTESIAN_POINT('',(5.242708683599,-14.4963157594,22.4));
#8352 = CARTESIAN_POINT('',(2.259005341862,-14.1111192811,22.4));
#8353 = CARTESIAN_POINT('',(1.452824247307,-14.06955108912,22.4));
#8354 = CARTESIAN_POINT('',(-9.659132507773E-02,-13.93491307613,22.4));
#8355 = PCURVE('',#198,#8356);
#8356 = DEFINITIONAL_REPRESENTATION('',(#8357),#8408);
#8357 = B_SPLINE_CURVE_WITH_KNOTS('',3,(#8358,#8359,#8360,#8361,#8362,
    #8363,#8364,#8365,#8366,#8367,#8368,#8369,#8370,#8371,#8372,#8373,
    #8374,#8375,#8376,#8377,#8378,#8379,#8380,#8381,#8382,#8383,#8384,
    #8385,#8386,#8387,#8388,#8389,#8390,#8391,#8392,#8393,#8394,#8395,
    #8396,#8397,#8398,#8399,#8400,#8401,#8402,#8403,#8404,#8405,#8406,
    #8407),.UNSPECIFIED.,.F.,.F.,(4,1,1,1,1,1,1,1,1,1,1,1,1,1,1,1,1,1,1,
    1,1,1,1,1,1,1,1,1,1,1,1,1,1,1,1,1,1,1,1,1,1,1,1,1,1,1,1,4),(0.,
    3.010134173011,5.734866089906,8.204243200285,10.280216915947,
    12.332164523515,14.201956865391,15.911237845672,17.363900720308,
    18.819208714806,20.167747400886,21.42468716853,22.515414853025,
    23.632925452475,24.694050367351,25.707901186754,26.608581862701,
    27.552388564938,28.468532489134,29.361872223827,30.169943636586,
    31.030962627216,31.880548884696,32.72227944396,33.495545472128,
    34.332992621126,35.174663745336,36.025783427864,36.825011523752,
    37.711824801461,38.627874308414,39.58148948206,40.502911686362,
    41.554574841448,42.671594637474,43.864256147866,45.041219012251,
    46.408073524505,47.880684921353,49.469922617188,51.049935999727,
    52.894334824252,54.887680127977,57.041280206621,59.18142193199,
    61.675679145654,64.364419403117,67.031728548195),.UNSPECIFIED.);
#8358 = CARTESIAN_POINT('',(-0.112044317377,-47.50629678931));
#8359 = CARTESIAN_POINT('',(0.867145985926,-47.37860517601));
#8360 = CARTESIAN_POINT('',(2.789167280934,-47.1572404713));
#8361 = CARTESIAN_POINT('',(5.476471585653,-46.68909350414));
#8362 = CARTESIAN_POINT('',(7.848475237921,-46.18073832639));
#8363 = CARTESIAN_POINT('',(9.975558559665,-45.62116597504));
#8364 = CARTESIAN_POINT('',(11.883829842938,-45.02176722506));
#8365 = CARTESIAN_POINT('',(13.643274360682,-44.36537084708));
#8366 = CARTESIAN_POINT('',(15.180542784294,-43.69224568326));
#8367 = CARTESIAN_POINT('',(16.554044788905,-42.9961258652));
#8368 = CARTESIAN_POINT('',(17.780994515732,-42.28178489339));
#8369 = CARTESIAN_POINT('',(18.906575835633,-41.52830960151));
#8370 = CARTESIAN_POINT('',(19.88506061512,-40.77816037445));
#8371 = CARTESIAN_POINT('',(20.756347199764,-40.0188226353));
#8372 = CARTESIAN_POINT('',(21.531819916348,-39.25200117752));
#8373 = CARTESIAN_POINT('',(22.23824036849,-38.45511862668));
#8374 = CARTESIAN_POINT('',(22.84666151334,-37.67084446542));
#8375 = CARTESIAN_POINT('',(23.382663599229,-36.88246445925));
#8376 = CARTESIAN_POINT('',(23.852095898519,-36.09024093054));
#8377 = CARTESIAN_POINT('',(24.268388952949,-35.2716182404));
#8378 = CARTESIAN_POINT('',(24.613214841898,-34.4694573333));
#8379 = CARTESIAN_POINT('',(24.901151690028,-33.66478137554));
#8380 = CARTESIAN_POINT('',(25.133902221527,-32.85748445708));
#8381 = CARTESIAN_POINT('',(25.31471719703,-32.02548879627));
#8382 = CARTESIAN_POINT('',(25.434053646165,-31.21199708904));
#8383 = CARTESIAN_POINT('',(25.497789728408,-30.39642949238));
#8384 = CARTESIAN_POINT('',(25.504573771542,-29.57824430904));
#8385 = CARTESIAN_POINT('',(25.448348001862,-28.7358986742));
#8386 = CARTESIAN_POINT('',(25.329004496977,-27.91296586313));
#8387 = CARTESIAN_POINT('',(25.143906934361,-27.08697775678));
#8388 = CARTESIAN_POINT('',(24.888447770486,-26.25705411068));
#8389 = CARTESIAN_POINT('',(24.546336102921,-25.40317303539));
#8390 = CARTESIAN_POINT('',(24.129457978725,-24.57022196161));
#8391 = CARTESIAN_POINT('',(23.624558274495,-23.73441880244));
#8392 = CARTESIAN_POINT('',(23.02370237878,-22.89634877044));
#8393 = CARTESIAN_POINT('',(22.29895895778,-22.04043093658));
#8394 = CARTESIAN_POINT('',(21.482354024601,-21.21171850207));
#8395 = CARTESIAN_POINT('',(20.539078373483,-20.3965709416));
#8396 = CARTESIAN_POINT('',(19.462460055041,-19.59880637533));
#8397 = CARTESIAN_POINT('',(18.219147665775,-18.80095935));
#8398 = CARTESIAN_POINT('',(16.863724007216,-18.05245637821));
#8399 = CARTESIAN_POINT('',(15.354334101951,-17.33290816511));
#8400 = CARTESIAN_POINT('',(13.681543188194,-16.65039846963));
#8401 = CARTESIAN_POINT('',(11.790292003904,-16.00169197748));
#8402 = CARTESIAN_POINT('',(9.778497430159,-15.43018662694));
#8403 = CARTESIAN_POINT('',(7.55174154643,-14.91911532609));
#8404 = CARTESIAN_POINT('',(5.242708683599,-14.4963157594));
#8405 = CARTESIAN_POINT('',(2.259005341862,-14.1111192811));
#8406 = CARTESIAN_POINT('',(1.452824247307,-14.06955108912));
#8407 = CARTESIAN_POINT('',(-9.659132507772E-02,-13.93491307613));
#8408 = ( GEOMETRIC_REPRESENTATION_CONTEXT(2) 
PARAMETRIC_REPRESENTATION_CONTEXT() REPRESENTATION_CONTEXT('2D SPACE',''
  ) );
#8409 = PCURVE('',#2729,#8410);
#8410 = DEFINITIONAL_REPRESENTATION('',(#8411),#8415);
#8411 = LINE('',#8412,#8413);
#8412 = CARTESIAN_POINT('',(0.,-22.4));
#8413 = VECTOR('',#8414,1.);
#8414 = DIRECTION('',(1.,0.));
#8415 = ( GEOMETRIC_REPRESENTATION_CONTEXT(2) 
PARAMETRIC_REPRESENTATION_CONTEXT() REPRESENTATION_CONTEXT('2D SPACE',''
  ) );
#8416 = ORIENTED_EDGE('',*,*,#8417,.F.);
#8417 = EDGE_CURVE('',#8418,#8301,#8420,.T.);
#8418 = VERTEX_POINT('',#8419);
#8419 = CARTESIAN_POINT('',(-5.043469858274,-48.1494603778,22.4));
#8420 = SURFACE_CURVE('',#8421,(#8425,#8432),.PCURVE_S1.);
#8421 = LINE('',#8422,#8423);
#8422 = CARTESIAN_POINT('',(-11.45349560161,-48.98546512435,22.4));
#8423 = VECTOR('',#8424,1.);
#8424 = DIRECTION('',(0.991602108777,0.129326168539,0.));
#8425 = PCURVE('',#198,#8426);
#8426 = DEFINITIONAL_REPRESENTATION('',(#8427),#8431);
#8427 = LINE('',#8428,#8429);
#8428 = CARTESIAN_POINT('',(-11.45349560161,-48.98546512435));
#8429 = VECTOR('',#8430,1.);
#8430 = DIRECTION('',(0.991602108777,0.129326168539));
#8431 = ( GEOMETRIC_REPRESENTATION_CONTEXT(2) 
PARAMETRIC_REPRESENTATION_CONTEXT() REPRESENTATION_CONTEXT('2D SPACE',''
  ) );
#8432 = PCURVE('',#2853,#8433);
#8433 = DEFINITIONAL_REPRESENTATION('',(#8434),#8438);
#8434 = LINE('',#8435,#8436);
#8435 = CARTESIAN_POINT('',(-6.094433791488,-22.4));
#8436 = VECTOR('',#8437,1.);
#8437 = DIRECTION('',(1.,0.));
#8438 = ( GEOMETRIC_REPRESENTATION_CONTEXT(2) 
PARAMETRIC_REPRESENTATION_CONTEXT() REPRESENTATION_CONTEXT('2D SPACE',''
  ) );
#8439 = ORIENTED_EDGE('',*,*,#8440,.F.);
#8440 = EDGE_CURVE('',#8137,#8418,#8441,.T.);
#8441 = SURFACE_CURVE('',#8442,(#8447,#8454),.PCURVE_S1.);
#8442 = CIRCLE('',#8443,3.);
#8443 = AXIS2_PLACEMENT_3D('',#8444,#8445,#8446);
#8444 = CARTESIAN_POINT('',(-5.431448363891,-45.17465405147,22.4));
#8445 = DIRECTION('',(0.,0.,1.));
#8446 = DIRECTION('',(0.,-1.,0.));
#8447 = PCURVE('',#198,#8448);
#8448 = DEFINITIONAL_REPRESENTATION('',(#8449),#8453);
#8449 = CIRCLE('',#8450,3.);
#8450 = AXIS2_PLACEMENT_2D('',#8451,#8452);
#8451 = CARTESIAN_POINT('',(-5.431448363891,-45.17465405147));
#8452 = DIRECTION('',(0.,-1.));
#8453 = ( GEOMETRIC_REPRESENTATION_CONTEXT(2) 
PARAMETRIC_REPRESENTATION_CONTEXT() REPRESENTATION_CONTEXT('2D SPACE',''
  ) );
#8454 = PCURVE('',#2880,#8455);
#8455 = DEFINITIONAL_REPRESENTATION('',(#8456),#8460);
#8456 = LINE('',#8457,#8458);
#8457 = CARTESIAN_POINT('',(-6.163527476618,22.4));
#8458 = VECTOR('',#8459,1.);
#8459 = DIRECTION('',(1.,0.));
#8460 = ( GEOMETRIC_REPRESENTATION_CONTEXT(2) 
PARAMETRIC_REPRESENTATION_CONTEXT() REPRESENTATION_CONTEXT('2D SPACE',''
  ) );
#8461 = FACE_BOUND('',#8462,.T.);
#8462 = EDGE_LOOP('',(#8463,#8489,#8606,#8629,#8746,#8769));
#8463 = ORIENTED_EDGE('',*,*,#8464,.F.);
#8464 = EDGE_CURVE('',#8465,#8467,#8469,.T.);
#8465 = VERTEX_POINT('',#8466);
#8466 = CARTESIAN_POINT('',(-33.90579064589,-34.67920645973,22.4));
#8467 = VERTEX_POINT('',#8468);
#8468 = CARTESIAN_POINT('',(-29.09051242809,-38.8071138668,22.4));
#8469 = SURFACE_CURVE('',#8470,(#8475,#8482),.PCURVE_S1.);
#8470 = CIRCLE('',#8471,48.5);
#8471 = AXIS2_PLACEMENT_3D('',#8472,#8473,#8474);
#8472 = CARTESIAN_POINT('',(0.,0.,22.4));
#8473 = DIRECTION('',(0.,0.,1.));
#8474 = DIRECTION('',(1.,0.,-0.));
#8475 = PCURVE('',#198,#8476);
#8476 = DEFINITIONAL_REPRESENTATION('',(#8477),#8481);
#8477 = CIRCLE('',#8478,48.5);
#8478 = AXIS2_PLACEMENT_2D('',#8479,#8480);
#8479 = CARTESIAN_POINT('',(1.75032336965E-15,-3.209892110372E-15));
#8480 = DIRECTION('',(1.,0.));
#8481 = ( GEOMETRIC_REPRESENTATION_CONTEXT(2) 
PARAMETRIC_REPRESENTATION_CONTEXT() REPRESENTATION_CONTEXT('2D SPACE',''
  ) );
#8482 = PCURVE('',#2913,#8483);
#8483 = DEFINITIONAL_REPRESENTATION('',(#8484),#8488);
#8484 = LINE('',#8485,#8486);
#8485 = CARTESIAN_POINT('',(-0.,-22.4));
#8486 = VECTOR('',#8487,1.);
#8487 = DIRECTION('',(-1.,0.));
#8488 = ( GEOMETRIC_REPRESENTATION_CONTEXT(2) 
PARAMETRIC_REPRESENTATION_CONTEXT() REPRESENTATION_CONTEXT('2D SPACE',''
  ) );
#8489 = ORIENTED_EDGE('',*,*,#8490,.F.);
#8490 = EDGE_CURVE('',#8491,#8465,#8493,.T.);
#8491 = VERTEX_POINT('',#8492);
#8492 = CARTESIAN_POINT('',(-8.093277400445,-10.0129771935,22.4));
#8493 = SURFACE_CURVE('',#8494,(#8545,#8599),.PCURVE_S1.);
#8494 = B_SPLINE_CURVE_WITH_KNOTS('',3,(#8495,#8496,#8497,#8498,#8499,
    #8500,#8501,#8502,#8503,#8504,#8505,#8506,#8507,#8508,#8509,#8510,
    #8511,#8512,#8513,#8514,#8515,#8516,#8517,#8518,#8519,#8520,#8521,
    #8522,#8523,#8524,#8525,#8526,#8527,#8528,#8529,#8530,#8531,#8532,
    #8533,#8534,#8535,#8536,#8537,#8538,#8539,#8540,#8541,#8542,#8543,
    #8544),.UNSPECIFIED.,.F.,.F.,(4,1,1,1,1,1,1,1,1,1,1,1,1,1,1,1,1,1,1,
    1,1,1,1,1,1,1,1,1,1,1,1,1,1,1,1,1,1,1,1,1,1,1,1,1,1,1,1,4),(0.,
    2.766464139392,5.568319295326,8.177275145496,10.425160909405,
    12.698001103747,14.813706991925,16.784063111389,18.483896399813,
    20.207074900357,21.81810245116,23.327840693167,24.640860133639,
    25.985974841284,27.260500260188,28.473662841808,29.546573791048,
    30.665502050481,31.746604132965,32.796723932319,33.744037531687,
    34.751762028128,35.745458780463,36.730106112805,37.635070035337,
    38.615335519513,39.599805338773,40.592877392801,41.521106716853,
    42.54355210237,43.588460947472,44.661307186429,45.681682040739,
    46.825929386569,48.018033969658,49.266638650819,50.477859791669,
    51.863921967174,53.33914083985,54.917675284274,56.480212616324,
    58.303578905337,60.281721918016,62.435877257802,64.600562295301,
    67.15990258556,69.968318443063,73.053194077155),.UNSPECIFIED.);
#8495 = CARTESIAN_POINT('',(-9.880760870129,-5.816194003237,22.4));
#8496 = CARTESIAN_POINT('',(-9.514229607782,-6.644893632948,22.4));
#8497 = CARTESIAN_POINT('',(-8.726866094648,-8.352347400098,22.4));
#8498 = CARTESIAN_POINT('',(-7.7482593467,-10.8879937497,22.4));
#8499 = CARTESIAN_POINT('',(-6.930325714986,-13.30955134065,22.4));
#8500 = CARTESIAN_POINT('',(-6.282227562072,-15.59647271426,22.4));
#8501 = CARTESIAN_POINT('',(-5.784587849339,-17.75309560005,22.4));
#8502 = CARTESIAN_POINT('',(-5.420650667977,-19.84232219723,22.4));
#8503 = CARTESIAN_POINT('',(-5.197909862873,-21.75917145835,22.4));
#8504 = CARTESIAN_POINT('',(-5.09325654643,-23.5548404339,22.4));
#8505 = CARTESIAN_POINT('',(-5.096182803092,-25.23398865028,22.4));
#8506 = CARTESIAN_POINT('',(-5.204221968676,-26.84626796173,22.4));
#8507 = CARTESIAN_POINT('',(-5.40645938795,-28.31151949602,22.4));
#8508 = CARTESIAN_POINT('',(-5.684731680676,-29.67345682684,22.4));
#8509 = CARTESIAN_POINT('',(-6.029671265133,-30.93940402072,22.4));
#8510 = CARTESIAN_POINT('',(-6.463046947933,-32.14271777302,22.4));
#8511 = CARTESIAN_POINT('',(-6.953135511264,-33.22509717163,22.4));
#8512 = CARTESIAN_POINT('',(-7.501765821777,-34.21990980166,22.4));
#8513 = CARTESIAN_POINT('',(-8.103348380965,-35.13155786663,22.4));
#8514 = CARTESIAN_POINT('',(-8.773662220142,-35.98423564359,22.4));
#8515 = CARTESIAN_POINT('',(-9.472911294482,-36.73688982299,22.4));
#8516 = CARTESIAN_POINT('',(-10.21056241331,-37.4159329875,22.4));
#8517 = CARTESIAN_POINT('',(-10.98322378389,-38.0251375478,22.4));
#8518 = CARTESIAN_POINT('',(-11.81092069461,-38.57970852519,22.4));
#8519 = CARTESIAN_POINT('',(-12.64794464449,-39.0538491695,22.4));
#8520 = CARTESIAN_POINT('',(-13.51172772937,-39.46651697433,22.4));
#8521 = CARTESIAN_POINT('',(-14.40148000634,-39.81986461885,22.4));
#8522 = CARTESIAN_POINT('',(-15.34122006629,-40.12055972449,22.4));
#8523 = CARTESIAN_POINT('',(-16.28205429758,-40.35376691334,22.4));
#8524 = CARTESIAN_POINT('',(-17.24800856906,-40.52956210035,22.4));
#8525 = CARTESIAN_POINT('',(-18.24033408098,-40.6468681278,22.4));
#8526 = CARTESIAN_POINT('',(-19.28630175034,-40.7025716469,22.4));
#8527 = CARTESIAN_POINT('',(-20.33301805934,-40.6907735466,22.4));
#8528 = CARTESIAN_POINT('',(-21.40988875719,-40.61154097701,22.4));
#8529 = CARTESIAN_POINT('',(-22.51924911683,-40.45958624132,22.4));
#8530 = CARTESIAN_POINT('',(-23.69086171816,-40.22011819032,22.4));
#8531 = CARTESIAN_POINT('',(-24.86579601191,-39.8983432551,22.4));
#8532 = CARTESIAN_POINT('',(-26.07919697918,-39.48238287774,22.4));
#8533 = CARTESIAN_POINT('',(-27.33409689842,-38.96213597384,22.4));
#8534 = CARTESIAN_POINT('',(-28.66294166218,-38.30844168994,22.4));
#8535 = CARTESIAN_POINT('',(-29.99928856865,-37.54361104377,22.4));
#8536 = CARTESIAN_POINT('',(-31.38601232023,-36.63900690952,22.4));
#8537 = CARTESIAN_POINT('',(-32.82677755251,-35.57899905132,22.4));
#8538 = CARTESIAN_POINT('',(-34.35945409669,-34.31357817388,22.4));
#8539 = CARTESIAN_POINT('',(-35.90274313899,-32.89798423797,22.4));
#8540 = CARTESIAN_POINT('',(-37.53140383269,-31.25032875088,22.4));
#8541 = CARTESIAN_POINT('',(-39.15048500383,-29.47162515096,22.4));
#8542 = CARTESIAN_POINT('',(-41.24007930472,-26.93964605503,22.4));
#8543 = CARTESIAN_POINT('',(-41.64023045115,-26.36793151795,22.4));
#8544 = CARTESIAN_POINT('',(-42.80678214913,-24.84388483054,22.4));
#8545 = PCURVE('',#198,#8546);
#8546 = DEFINITIONAL_REPRESENTATION('',(#8547),#8598);
#8547 = B_SPLINE_CURVE_WITH_KNOTS('',3,(#8548,#8549,#8550,#8551,#8552,
    #8553,#8554,#8555,#8556,#8557,#8558,#8559,#8560,#8561,#8562,#8563,
    #8564,#8565,#8566,#8567,#8568,#8569,#8570,#8571,#8572,#8573,#8574,
    #8575,#8576,#8577,#8578,#8579,#8580,#8581,#8582,#8583,#8584,#8585,
    #8586,#8587,#8588,#8589,#8590,#8591,#8592,#8593,#8594,#8595,#8596,
    #8597),.UNSPECIFIED.,.F.,.F.,(4,1,1,1,1,1,1,1,1,1,1,1,1,1,1,1,1,1,1,
    1,1,1,1,1,1,1,1,1,1,1,1,1,1,1,1,1,1,1,1,1,1,1,1,1,1,1,1,4),(0.,
    2.766464139392,5.568319295326,8.177275145496,10.425160909405,
    12.698001103747,14.813706991925,16.784063111389,18.483896399813,
    20.207074900357,21.81810245116,23.327840693167,24.640860133639,
    25.985974841284,27.260500260188,28.473662841808,29.546573791048,
    30.665502050481,31.746604132965,32.796723932319,33.744037531687,
    34.751762028128,35.745458780463,36.730106112805,37.635070035337,
    38.615335519513,39.599805338773,40.592877392801,41.521106716853,
    42.54355210237,43.588460947472,44.661307186429,45.681682040739,
    46.825929386569,48.018033969658,49.266638650819,50.477859791669,
    51.863921967174,53.33914083985,54.917675284274,56.480212616324,
    58.303578905337,60.281721918016,62.435877257802,64.600562295301,
    67.15990258556,69.968318443063,73.053194077155),.UNSPECIFIED.);
#8548 = CARTESIAN_POINT('',(-9.880760870129,-5.816194003237));
#8549 = CARTESIAN_POINT('',(-9.514229607782,-6.644893632948));
#8550 = CARTESIAN_POINT('',(-8.726866094648,-8.352347400098));
#8551 = CARTESIAN_POINT('',(-7.7482593467,-10.8879937497));
#8552 = CARTESIAN_POINT('',(-6.930325714986,-13.30955134065));
#8553 = CARTESIAN_POINT('',(-6.282227562072,-15.59647271426));
#8554 = CARTESIAN_POINT('',(-5.784587849339,-17.75309560005));
#8555 = CARTESIAN_POINT('',(-5.420650667977,-19.84232219723));
#8556 = CARTESIAN_POINT('',(-5.197909862872,-21.75917145835));
#8557 = CARTESIAN_POINT('',(-5.09325654643,-23.5548404339));
#8558 = CARTESIAN_POINT('',(-5.096182803092,-25.23398865028));
#8559 = CARTESIAN_POINT('',(-5.204221968676,-26.84626796173));
#8560 = CARTESIAN_POINT('',(-5.40645938795,-28.31151949602));
#8561 = CARTESIAN_POINT('',(-5.684731680676,-29.67345682684));
#8562 = CARTESIAN_POINT('',(-6.029671265133,-30.93940402072));
#8563 = CARTESIAN_POINT('',(-6.463046947933,-32.14271777302));
#8564 = CARTESIAN_POINT('',(-6.953135511264,-33.22509717163));
#8565 = CARTESIAN_POINT('',(-7.501765821777,-34.21990980166));
#8566 = CARTESIAN_POINT('',(-8.103348380965,-35.13155786663));
#8567 = CARTESIAN_POINT('',(-8.773662220142,-35.98423564359));
#8568 = CARTESIAN_POINT('',(-9.472911294482,-36.73688982299));
#8569 = CARTESIAN_POINT('',(-10.21056241331,-37.4159329875));
#8570 = CARTESIAN_POINT('',(-10.98322378389,-38.0251375478));
#8571 = CARTESIAN_POINT('',(-11.81092069461,-38.57970852519));
#8572 = CARTESIAN_POINT('',(-12.64794464449,-39.0538491695));
#8573 = CARTESIAN_POINT('',(-13.51172772937,-39.46651697433));
#8574 = CARTESIAN_POINT('',(-14.40148000634,-39.81986461885));
#8575 = CARTESIAN_POINT('',(-15.34122006629,-40.12055972449));
#8576 = CARTESIAN_POINT('',(-16.28205429758,-40.35376691334));
#8577 = CARTESIAN_POINT('',(-17.24800856906,-40.52956210035));
#8578 = CARTESIAN_POINT('',(-18.24033408098,-40.6468681278));
#8579 = CARTESIAN_POINT('',(-19.28630175034,-40.7025716469));
#8580 = CARTESIAN_POINT('',(-20.33301805934,-40.6907735466));
#8581 = CARTESIAN_POINT('',(-21.40988875719,-40.61154097701));
#8582 = CARTESIAN_POINT('',(-22.51924911683,-40.45958624132));
#8583 = CARTESIAN_POINT('',(-23.69086171816,-40.22011819032));
#8584 = CARTESIAN_POINT('',(-24.86579601191,-39.8983432551));
#8585 = CARTESIAN_POINT('',(-26.07919697918,-39.48238287774));
#8586 = CARTESIAN_POINT('',(-27.33409689842,-38.96213597384));
#8587 = CARTESIAN_POINT('',(-28.66294166218,-38.30844168994));
#8588 = CARTESIAN_POINT('',(-29.99928856865,-37.54361104377));
#8589 = CARTESIAN_POINT('',(-31.38601232023,-36.63900690952));
#8590 = CARTESIAN_POINT('',(-32.82677755251,-35.57899905132));
#8591 = CARTESIAN_POINT('',(-34.35945409669,-34.31357817388));
#8592 = CARTESIAN_POINT('',(-35.90274313899,-32.89798423797));
#8593 = CARTESIAN_POINT('',(-37.53140383269,-31.25032875088));
#8594 = CARTESIAN_POINT('',(-39.15048500383,-29.47162515096));
#8595 = CARTESIAN_POINT('',(-41.24007930472,-26.93964605503));
#8596 = CARTESIAN_POINT('',(-41.64023045115,-26.36793151795));
#8597 = CARTESIAN_POINT('',(-42.80678214913,-24.84388483054));
#8598 = ( GEOMETRIC_REPRESENTATION_CONTEXT(2) 
PARAMETRIC_REPRESENTATION_CONTEXT() REPRESENTATION_CONTEXT('2D SPACE',''
  ) );
#8599 = PCURVE('',#3035,#8600);
#8600 = DEFINITIONAL_REPRESENTATION('',(#8601),#8605);
#8601 = LINE('',#8602,#8603);
#8602 = CARTESIAN_POINT('',(0.,-22.4));
#8603 = VECTOR('',#8604,1.);
#8604 = DIRECTION('',(1.,0.));
#8605 = ( GEOMETRIC_REPRESENTATION_CONTEXT(2) 
PARAMETRIC_REPRESENTATION_CONTEXT() REPRESENTATION_CONTEXT('2D SPACE',''
  ) );
#8606 = ORIENTED_EDGE('',*,*,#8607,.F.);
#8607 = EDGE_CURVE('',#8608,#8491,#8610,.T.);
#8608 = VERTEX_POINT('',#8609);
#8609 = CARTESIAN_POINT('',(-7.051107079368,-12.01969306091,22.4));
#8610 = SURFACE_CURVE('',#8611,(#8615,#8622),.PCURVE_S1.);
#8611 = LINE('',#8612,#8613);
#8612 = CARTESIAN_POINT('',(-7.051107079368,-12.01969306091,22.4));
#8613 = VECTOR('',#8614,1.);
#8614 = DIRECTION('',(-0.460892493355,0.88745597613,0.));
#8615 = PCURVE('',#198,#8616);
#8616 = DEFINITIONAL_REPRESENTATION('',(#8617),#8621);
#8617 = LINE('',#8618,#8619);
#8618 = CARTESIAN_POINT('',(-7.051107079368,-12.01969306091));
#8619 = VECTOR('',#8620,1.);
#8620 = DIRECTION('',(-0.460892493355,0.88745597613));
#8621 = ( GEOMETRIC_REPRESENTATION_CONTEXT(2) 
PARAMETRIC_REPRESENTATION_CONTEXT() REPRESENTATION_CONTEXT('2D SPACE',''
  ) );
#8622 = PCURVE('',#3159,#8623);
#8623 = DEFINITIONAL_REPRESENTATION('',(#8624),#8628);
#8624 = LINE('',#8625,#8626);
#8625 = CARTESIAN_POINT('',(0.,-22.4));
#8626 = VECTOR('',#8627,1.);
#8627 = DIRECTION('',(1.,0.));
#8628 = ( GEOMETRIC_REPRESENTATION_CONTEXT(2) 
PARAMETRIC_REPRESENTATION_CONTEXT() REPRESENTATION_CONTEXT('2D SPACE',''
  ) );
#8629 = ORIENTED_EDGE('',*,*,#8630,.F.);
#8630 = EDGE_CURVE('',#8631,#8608,#8633,.T.);
#8631 = VERTEX_POINT('',#8632);
#8632 = CARTESIAN_POINT('',(-23.85018161985,-41.08563770057,22.4));
#8633 = SURFACE_CURVE('',#8634,(#8685,#8739),.PCURVE_S1.);
#8634 = B_SPLINE_CURVE_WITH_KNOTS('',3,(#8635,#8636,#8637,#8638,#8639,
    #8640,#8641,#8642,#8643,#8644,#8645,#8646,#8647,#8648,#8649,#8650,
    #8651,#8652,#8653,#8654,#8655,#8656,#8657,#8658,#8659,#8660,#8661,
    #8662,#8663,#8664,#8665,#8666,#8667,#8668,#8669,#8670,#8671,#8672,
    #8673,#8674,#8675,#8676,#8677,#8678,#8679,#8680,#8681,#8682,#8683,
    #8684),.UNSPECIFIED.,.F.,.F.,(4,1,1,1,1,1,1,1,1,1,1,1,1,1,1,1,1,1,1,
    1,1,1,1,1,1,1,1,1,1,1,1,1,1,1,1,1,1,1,1,1,1,1,1,1,1,1,1,4),(0.,
    3.010134173011,5.734866089906,8.204243200285,10.280216915947,
    12.332164523515,14.201956865391,15.911237845672,17.363900720308,
    18.819208714806,20.167747400886,21.42468716853,22.515414853025,
    23.632925452475,24.694050367351,25.707901186754,26.608581862701,
    27.552388564938,28.468532489134,29.361872223827,30.169943636586,
    31.030962627216,31.880548884696,32.72227944396,33.495545472128,
    34.332992621126,35.174663745336,36.025783427864,36.825011523752,
    37.711824801461,38.627874308414,39.58148948206,40.502911686362,
    41.554574841448,42.671594637474,43.864256147866,45.041219012251,
    46.408073524505,47.880684921353,49.469922617188,51.049935999727,
    52.894334824252,54.887680127977,57.041280206621,59.18142193199,
    61.675679145654,64.364419403117,67.031728548195),.UNSPECIFIED.);
#8635 = CARTESIAN_POINT('',(-23.85018161985,-41.08563770057,22.4));
#8636 = CARTESIAN_POINT('',(-22.9383321354,-41.46464867126,22.4));
#8637 = CARTESIAN_POINT('',(-21.16313051495,-42.23395186098,22.4));
#8638 = CARTESIAN_POINT('',(-18.60178323579,-43.17217684708,22.4));
#8639 = CARTESIAN_POINT('',(-16.29339022618,-43.91793017513,22.4));
#8640 = CARTESIAN_POINT('',(-14.17149585791,-44.49686796448,22.4));
#8641 = CARTESIAN_POINT('',(-12.21918507429,-44.93190906164,22.4));
#8642 = CARTESIAN_POINT('',(-10.36726323638,-45.24317538223,22.4));
#8643 = CARTESIAN_POINT('',(-8.699387147197,-45.42886610224,22.4));
#8644 = CARTESIAN_POINT('',(-7.161839610024,-45.51275965803,22.4));
#8645 = CARTESIAN_POINT('',(-5.74209949152,-45.50759709289,22.4));
#8646 = CARTESIAN_POINT('',(-4.390579828522,-45.41785900895,22.4));
#8647 = CARTESIAN_POINT('',(-3.168112538737,-45.25745311143,22.4));
#8648 = CARTESIAN_POINT('',(-2.033887352887,-45.0354906316,22.4));
#8649 = CARTESIAN_POINT('',(-0.978897551494,-44.75914012728,22.4));
#8650 = CARTESIAN_POINT('',(3.132178123361E-02,-44.4222298205,22.4));
#8651 = CARTESIAN_POINT('',(0.950367029506,-44.04723904573,22.4));
#8652 = CARTESIAN_POINT('',(1.808748455452,-43.6324829755,22.4));
#8653 = CARTESIAN_POINT('',(2.611400516349,-43.18111342381,22.4));
#8654 = CARTESIAN_POINT('',(3.381232221976,-42.68031190524,22.4));
#8655 = CARTESIAN_POINT('',(4.080940655235,-42.15803312625,22.4));
#8656 = CARTESIAN_POINT('',(4.73263925928,-41.60513172908,22.4));
#8657 = CARTESIAN_POINT('',(5.337855591533,-41.02236735505,22.4));
#8658 = CARTESIAN_POINT('',(5.910443784111,-40.3922454647,22.4));
#8659 = CARTESIAN_POINT('',(6.420538034273,-39.74740920504,22.4));
#8660 = CARTESIAN_POINT('',(6.883518898961,-39.07297498895,22.4));
#8661 = CARTESIAN_POINT('',(7.298486644326,-38.36779785674,22.4));
#8662 = CARTESIAN_POINT('',(7.67096651686,-37.61019225336,22.4));
#8663 = CARTESIAN_POINT('',(7.979078415385,-36.83783978093,22.4));
#8664 = CARTESIAN_POINT('',(8.231773277157,-36.02996431629,22.4));
#8665 = CARTESIAN_POINT('',(8.42550097466,-35.18349977364,22.4));
#8666 = CARTESIAN_POINT('',(8.556164117265,-34.27296123684,22.4));
#8667 = CARTESIAN_POINT('',(8.611612608317,-33.34316538474,22.4));
#8668 = CARTESIAN_POINT('',(8.592258217678,-32.36688876422,22.4));
#8669 = CARTESIAN_POINT('',(8.490936763974,-31.3406708785,22.4));
#8670 = CARTESIAN_POINT('',(8.291249467091,-30.23705258033,22.4));
#8671 = CARTESIAN_POINT('',(7.998405067358,-29.11106409302,22.4));
#8672 = CARTESIAN_POINT('',(7.589078170952,-27.93348777226,22.4));
#8673 = CARTESIAN_POINT('',(7.055581640139,-26.70429423241,22.4));
#8674 = CARTESIAN_POINT('',(6.377765038857,-25.39168224551,22.4));
#8675 = CARTESIAN_POINT('',(5.578185203553,-24.06574782784,22.4));
#8676 = CARTESIAN_POINT('',(4.630789307926,-22.68790584342,22.4));
#8677 = CARTESIAN_POINT('',(3.523364729133,-21.26043965193,22.4));
#8678 = CARTESIAN_POINT('',(2.209846404675,-19.75301775798,22.4));
#8679 = CARTESIAN_POINT('',(0.753333871887,-18.25218231914,22.4));
#8680 = CARTESIAN_POINT('',(-0.919557641022,-16.69620364759,22.4));
#8681 = CARTESIAN_POINT('',(-2.707838975062,-15.17553205072,22.4));
#8682 = CARTESIAN_POINT('',(-5.099203627213,-13.35009044419,22.4));
#8683 = CARTESIAN_POINT('',(-5.776592839161,-12.91100078668,22.4));
#8684 = CARTESIAN_POINT('',(-7.051107079368,-12.01969306091,22.4));
#8685 = PCURVE('',#198,#8686);
#8686 = DEFINITIONAL_REPRESENTATION('',(#8687),#8738);
#8687 = B_SPLINE_CURVE_WITH_KNOTS('',3,(#8688,#8689,#8690,#8691,#8692,
    #8693,#8694,#8695,#8696,#8697,#8698,#8699,#8700,#8701,#8702,#8703,
    #8704,#8705,#8706,#8707,#8708,#8709,#8710,#8711,#8712,#8713,#8714,
    #8715,#8716,#8717,#8718,#8719,#8720,#8721,#8722,#8723,#8724,#8725,
    #8726,#8727,#8728,#8729,#8730,#8731,#8732,#8733,#8734,#8735,#8736,
    #8737),.UNSPECIFIED.,.F.,.F.,(4,1,1,1,1,1,1,1,1,1,1,1,1,1,1,1,1,1,1,
    1,1,1,1,1,1,1,1,1,1,1,1,1,1,1,1,1,1,1,1,1,1,1,1,1,1,1,1,4),(0.,
    3.010134173011,5.734866089906,8.204243200285,10.280216915947,
    12.332164523515,14.201956865391,15.911237845672,17.363900720308,
    18.819208714806,20.167747400886,21.42468716853,22.515414853025,
    23.632925452475,24.694050367351,25.707901186754,26.608581862701,
    27.552388564938,28.468532489134,29.361872223827,30.169943636586,
    31.030962627216,31.880548884696,32.72227944396,33.495545472128,
    34.332992621126,35.174663745336,36.025783427864,36.825011523752,
    37.711824801461,38.627874308414,39.58148948206,40.502911686362,
    41.554574841448,42.671594637474,43.864256147866,45.041219012251,
    46.408073524505,47.880684921353,49.469922617188,51.049935999727,
    52.894334824252,54.887680127977,57.041280206621,59.18142193199,
    61.675679145654,64.364419403117,67.031728548195),.UNSPECIFIED.);
#8688 = CARTESIAN_POINT('',(-23.85018161985,-41.08563770057));
#8689 = CARTESIAN_POINT('',(-22.9383321354,-41.46464867126));
#8690 = CARTESIAN_POINT('',(-21.16313051495,-42.23395186098));
#8691 = CARTESIAN_POINT('',(-18.60178323579,-43.17217684708));
#8692 = CARTESIAN_POINT('',(-16.29339022618,-43.91793017513));
#8693 = CARTESIAN_POINT('',(-14.17149585791,-44.49686796448));
#8694 = CARTESIAN_POINT('',(-12.21918507429,-44.93190906164));
#8695 = CARTESIAN_POINT('',(-10.36726323638,-45.24317538223));
#8696 = CARTESIAN_POINT('',(-8.699387147197,-45.42886610224));
#8697 = CARTESIAN_POINT('',(-7.161839610024,-45.51275965803));
#8698 = CARTESIAN_POINT('',(-5.74209949152,-45.50759709289));
#8699 = CARTESIAN_POINT('',(-4.390579828522,-45.41785900895));
#8700 = CARTESIAN_POINT('',(-3.168112538737,-45.25745311143));
#8701 = CARTESIAN_POINT('',(-2.033887352887,-45.0354906316));
#8702 = CARTESIAN_POINT('',(-0.978897551494,-44.75914012728));
#8703 = CARTESIAN_POINT('',(3.132178123362E-02,-44.4222298205));
#8704 = CARTESIAN_POINT('',(0.950367029506,-44.04723904573));
#8705 = CARTESIAN_POINT('',(1.808748455452,-43.6324829755));
#8706 = CARTESIAN_POINT('',(2.611400516349,-43.18111342381));
#8707 = CARTESIAN_POINT('',(3.381232221976,-42.68031190524));
#8708 = CARTESIAN_POINT('',(4.080940655235,-42.15803312625));
#8709 = CARTESIAN_POINT('',(4.73263925928,-41.60513172908));
#8710 = CARTESIAN_POINT('',(5.337855591533,-41.02236735505));
#8711 = CARTESIAN_POINT('',(5.910443784111,-40.3922454647));
#8712 = CARTESIAN_POINT('',(6.420538034273,-39.74740920504));
#8713 = CARTESIAN_POINT('',(6.883518898961,-39.07297498895));
#8714 = CARTESIAN_POINT('',(7.298486644326,-38.36779785674));
#8715 = CARTESIAN_POINT('',(7.67096651686,-37.61019225336));
#8716 = CARTESIAN_POINT('',(7.979078415385,-36.83783978093));
#8717 = CARTESIAN_POINT('',(8.231773277157,-36.02996431629));
#8718 = CARTESIAN_POINT('',(8.42550097466,-35.18349977364));
#8719 = CARTESIAN_POINT('',(8.556164117265,-34.27296123684));
#8720 = CARTESIAN_POINT('',(8.611612608317,-33.34316538474));
#8721 = CARTESIAN_POINT('',(8.592258217678,-32.36688876422));
#8722 = CARTESIAN_POINT('',(8.490936763974,-31.3406708785));
#8723 = CARTESIAN_POINT('',(8.291249467091,-30.23705258033));
#8724 = CARTESIAN_POINT('',(7.998405067358,-29.11106409302));
#8725 = CARTESIAN_POINT('',(7.589078170952,-27.93348777226));
#8726 = CARTESIAN_POINT('',(7.055581640139,-26.70429423241));
#8727 = CARTESIAN_POINT('',(6.377765038857,-25.39168224551));
#8728 = CARTESIAN_POINT('',(5.578185203553,-24.06574782784));
#8729 = CARTESIAN_POINT('',(4.630789307926,-22.68790584342));
#8730 = CARTESIAN_POINT('',(3.523364729133,-21.26043965193));
#8731 = CARTESIAN_POINT('',(2.209846404675,-19.75301775798));
#8732 = CARTESIAN_POINT('',(0.753333871887,-18.25218231914));
#8733 = CARTESIAN_POINT('',(-0.919557641022,-16.69620364759));
#8734 = CARTESIAN_POINT('',(-2.707838975062,-15.17553205072));
#8735 = CARTESIAN_POINT('',(-5.099203627213,-13.35009044419));
#8736 = CARTESIAN_POINT('',(-5.776592839161,-12.91100078668));
#8737 = CARTESIAN_POINT('',(-7.051107079368,-12.01969306091));
#8738 = ( GEOMETRIC_REPRESENTATION_CONTEXT(2) 
PARAMETRIC_REPRESENTATION_CONTEXT() REPRESENTATION_CONTEXT('2D SPACE',''
  ) );
#8739 = PCURVE('',#3281,#8740);
#8740 = DEFINITIONAL_REPRESENTATION('',(#8741),#8745);
#8741 = LINE('',#8742,#8743);
#8742 = CARTESIAN_POINT('',(0.,-22.4));
#8743 = VECTOR('',#8744,1.);
#8744 = DIRECTION('',(1.,0.));
#8745 = ( GEOMETRIC_REPRESENTATION_CONTEXT(2) 
PARAMETRIC_REPRESENTATION_CONTEXT() REPRESENTATION_CONTEXT('2D SPACE',''
  ) );
#8746 = ORIENTED_EDGE('',*,*,#8747,.F.);
#8747 = EDGE_CURVE('',#8748,#8631,#8750,.T.);
#8748 = VERTEX_POINT('',#8749);
#8749 = CARTESIAN_POINT('',(-28.44250320938,-39.17692093655,22.4));
#8750 = SURFACE_CURVE('',#8751,(#8755,#8762),.PCURVE_S1.);
#8751 = LINE('',#8752,#8753);
#8752 = CARTESIAN_POINT('',(-34.4117507153,-36.69590941308,22.4));
#8753 = VECTOR('',#8754,1.);
#8754 = DIRECTION('',(0.923415700917,-0.383801307059,0.));
#8755 = PCURVE('',#198,#8756);
#8756 = DEFINITIONAL_REPRESENTATION('',(#8757),#8761);
#8757 = LINE('',#8758,#8759);
#8758 = CARTESIAN_POINT('',(-34.4117507153,-36.69590941308));
#8759 = VECTOR('',#8760,1.);
#8760 = DIRECTION('',(0.923415700917,-0.383801307059));
#8761 = ( GEOMETRIC_REPRESENTATION_CONTEXT(2) 
PARAMETRIC_REPRESENTATION_CONTEXT() REPRESENTATION_CONTEXT('2D SPACE',''
  ) );
#8762 = PCURVE('',#3405,#8763);
#8763 = DEFINITIONAL_REPRESENTATION('',(#8764),#8768);
#8764 = LINE('',#8765,#8766);
#8765 = CARTESIAN_POINT('',(-6.094433791486,-22.4));
#8766 = VECTOR('',#8767,1.);
#8767 = DIRECTION('',(1.,0.));
#8768 = ( GEOMETRIC_REPRESENTATION_CONTEXT(2) 
PARAMETRIC_REPRESENTATION_CONTEXT() REPRESENTATION_CONTEXT('2D SPACE',''
  ) );
#8769 = ORIENTED_EDGE('',*,*,#8770,.F.);
#8770 = EDGE_CURVE('',#8467,#8748,#8771,.T.);
#8771 = SURFACE_CURVE('',#8772,(#8777,#8784),.PCURVE_S1.);
#8772 = CIRCLE('',#8773,3.);
#8773 = AXIS2_PLACEMENT_3D('',#8774,#8775,#8776);
#8774 = CARTESIAN_POINT('',(-27.29109928821,-36.4066738338,22.4));
#8775 = DIRECTION('',(0.,0.,1.));
#8776 = DIRECTION('',(0.,-1.,0.));
#8777 = PCURVE('',#198,#8778);
#8778 = DEFINITIONAL_REPRESENTATION('',(#8779),#8783);
#8779 = CIRCLE('',#8780,3.);
#8780 = AXIS2_PLACEMENT_2D('',#8781,#8782);
#8781 = CARTESIAN_POINT('',(-27.29109928821,-36.4066738338));
#8782 = DIRECTION('',(0.,-1.));
#8783 = ( GEOMETRIC_REPRESENTATION_CONTEXT(2) 
PARAMETRIC_REPRESENTATION_CONTEXT() REPRESENTATION_CONTEXT('2D SPACE',''
  ) );
#8784 = PCURVE('',#3432,#8785);
#8785 = DEFINITIONAL_REPRESENTATION('',(#8786),#8790);
#8786 = LINE('',#8787,#8788);
#8787 = CARTESIAN_POINT('',(-5.63992870102,22.4));
#8788 = VECTOR('',#8789,1.);
#8789 = DIRECTION('',(1.,0.));
#8790 = ( GEOMETRIC_REPRESENTATION_CONTEXT(2) 
PARAMETRIC_REPRESENTATION_CONTEXT() REPRESENTATION_CONTEXT('2D SPACE',''
  ) );
#8791 = FACE_BOUND('',#8792,.T.);
#8792 = EDGE_LOOP('',(#8793,#8819,#8936,#8959,#9076,#9099));
#8793 = ORIENTED_EDGE('',*,*,#8794,.F.);
#8794 = EDGE_CURVE('',#8795,#8797,#8799,.T.);
#8795 = VERTEX_POINT('',#8796);
#8796 = CARTESIAN_POINT('',(-46.7028792646,-13.08017845426,22.4));
#8797 = VERTEX_POINT('',#8798);
#8798 = CARTESIAN_POINT('',(-44.59667970523,-19.06269024216,22.4));
#8799 = SURFACE_CURVE('',#8800,(#8805,#8812),.PCURVE_S1.);
#8800 = CIRCLE('',#8801,48.5);
#8801 = AXIS2_PLACEMENT_3D('',#8802,#8803,#8804);
#8802 = CARTESIAN_POINT('',(0.,0.,22.4));
#8803 = DIRECTION('',(0.,0.,1.));
#8804 = DIRECTION('',(1.,0.,-0.));
#8805 = PCURVE('',#198,#8806);
#8806 = DEFINITIONAL_REPRESENTATION('',(#8807),#8811);
#8807 = CIRCLE('',#8808,48.5);
#8808 = AXIS2_PLACEMENT_2D('',#8809,#8810);
#8809 = CARTESIAN_POINT('',(1.75032336965E-15,-3.209892110372E-15));
#8810 = DIRECTION('',(1.,0.));
#8811 = ( GEOMETRIC_REPRESENTATION_CONTEXT(2) 
PARAMETRIC_REPRESENTATION_CONTEXT() REPRESENTATION_CONTEXT('2D SPACE',''
  ) );
#8812 = PCURVE('',#3465,#8813);
#8813 = DEFINITIONAL_REPRESENTATION('',(#8814),#8818);
#8814 = LINE('',#8815,#8816);
#8815 = CARTESIAN_POINT('',(-0.,-22.4));
#8816 = VECTOR('',#8817,1.);
#8817 = DIRECTION('',(-1.,0.));
#8818 = ( GEOMETRIC_REPRESENTATION_CONTEXT(2) 
PARAMETRIC_REPRESENTATION_CONTEXT() REPRESENTATION_CONTEXT('2D SPACE',''
  ) );
#8819 = ORIENTED_EDGE('',*,*,#8820,.F.);
#8820 = EDGE_CURVE('',#8821,#8795,#8823,.T.);
#8821 = VERTEX_POINT('',#8822);
#8822 = CARTESIAN_POINT('',(-12.01547242541,-4.624853916871,22.4));
#8823 = SURFACE_CURVE('',#8824,(#8875,#8929),.PCURVE_S1.);
#8824 = B_SPLINE_CURVE_WITH_KNOTS('',3,(#8825,#8826,#8827,#8828,#8829,
    #8830,#8831,#8832,#8833,#8834,#8835,#8836,#8837,#8838,#8839,#8840,
    #8841,#8842,#8843,#8844,#8845,#8846,#8847,#8848,#8849,#8850,#8851,
    #8852,#8853,#8854,#8855,#8856,#8857,#8858,#8859,#8860,#8861,#8862,
    #8863,#8864,#8865,#8866,#8867,#8868,#8869,#8870,#8871,#8872,#8873,
    #8874),.UNSPECIFIED.,.F.,.F.,(4,1,1,1,1,1,1,1,1,1,1,1,1,1,1,1,1,1,1,
    1,1,1,1,1,1,1,1,1,1,1,1,1,1,1,1,1,1,1,1,1,1,1,1,1,1,1,1,4),(0.,
    2.766464139392,5.568319295326,8.177275145496,10.425160909405,
    12.698001103747,14.813706991925,16.784063111389,18.483896399813,
    20.207074900357,21.81810245116,23.327840693167,24.640860133639,
    25.985974841284,27.260500260188,28.473662841808,29.546573791048,
    30.665502050481,31.746604132965,32.796723932319,33.744037531687,
    34.751762028128,35.745458780463,36.730106112805,37.635070035337,
    38.615335519513,39.599805338773,40.592877392801,41.521106716853,
    42.54355210237,43.588460947472,44.661307186429,45.681682040739,
    46.825929386569,48.018033969658,49.266638650819,50.477859791669,
    51.863921967174,53.33914083985,54.917675284274,56.480212616324,
    58.303578905337,60.281721918016,62.435877257802,64.600562295301,
    67.15990258556,69.968318443063,73.053194077155),.UNSPECIFIED.);
#8825 = CARTESIAN_POINT('',(-11.46508692386,-9.659132507772E-02,22.4));
#8826 = CARTESIAN_POINT('',(-11.56201135425,-0.997531887688,22.4));
#8827 = CARTESIAN_POINT('',(-11.73386143343,-2.869911982393,22.4));
#8828 = CARTESIAN_POINT('',(-12.1541863042,-5.555149510144,22.4));
#8829 = CARTESIAN_POINT('',(-12.656613796,-8.061246716484,22.4));
#8830 = CARTESIAN_POINT('',(-13.23880501824,-10.36582779895,22.4));
#8831 = CARTESIAN_POINT('',(-13.88614782797,-12.48233786079,22.4));
#8832 = CARTESIAN_POINT('',(-14.61558228212,-14.47362975888,22.4));
#8833 = CARTESIAN_POINT('',(-15.381107717,-16.2450403168,22.4));
#8834 = CARTESIAN_POINT('',(-16.18830977415,-17.85246192463,22.4));
#8835 = CARTESIAN_POINT('',(-17.03041809495,-19.30518380841,22.4));
#8836 = CARTESIAN_POINT('',(-17.93012241267,-20.64743906732,22.4));
#8837 = CARTESIAN_POINT('',(-18.8378909225,-21.81526540932,22.4));
#8838 = CARTESIAN_POINT('',(-19.75985046258,-22.8556015898,22.4));
#8839 = CARTESIAN_POINT('',(-20.69155050243,-23.77947422733,22.4));
#8840 = CARTESIAN_POINT('',(-21.66852172927,-24.60488666414,22.4));
#8841 = CARTESIAN_POINT('',(-22.63414057452,-25.29721043821,22.4));
#8842 = CARTESIAN_POINT('',(-23.60667467573,-25.88442829256,22.4));
#8843 = CARTESIAN_POINT('',(-24.58348448695,-26.37314739654,22.4));
#8844 = CARTESIAN_POINT('',(-25.59033218866,-26.77643109304,22.4));
#8845 = CARTESIAN_POINT('',(-26.57222674031,-27.0786241955,22.4));
#8846 = CARTESIAN_POINT('',(-27.55057293061,-27.29786726682,22.4));
#8847 = CARTESIAN_POINT('',(-28.5243195862,-27.43912320685,22.4));
#8848 = CARTESIAN_POINT('',(-29.51841162621,-27.50554730611,22.4));
#8849 = CARTESIAN_POINT('',(-30.48036595253,-27.4976531741,22.4));
#8850 = CARTESIAN_POINT('',(-31.43475794982,-27.42314243397,22.4));
#8851 = CARTESIAN_POINT('',(-32.38197984701,-27.28427433201,22.4));
#8852 = CARTESIAN_POINT('',(-33.3461661647,-27.07481390231,22.4));
#8853 = CARTESIAN_POINT('',(-34.27755610417,-26.80636013656,22.4));
#8854 = CARTESIAN_POINT('',(-35.20199463568,-26.47562609863,22.4));
#8855 = CARTESIAN_POINT('',(-36.12002675154,-26.08105334246,22.4));
#8856 = CARTESIAN_POINT('',(-37.0537130843,-25.6063101704,22.4));
#8857 = CARTESIAN_POINT('',(-37.9542969483,-25.07273456133,22.4));
#8858 = CARTESIAN_POINT('',(-38.84727804443,-24.46568179433,22.4));
#8859 = CARTESIAN_POINT('',(-39.73203492998,-23.77940495317,22.4));
#8860 = CARTESIAN_POINT('',(-40.62694718063,-22.98621323695,22.4));
#8861 = CARTESIAN_POINT('',(-41.48358265919,-22.12008082187,22.4));
#8862 = CARTESIAN_POINT('',(-42.32643853314,-21.15314808447,22.4));
#8863 = CARTESIAN_POINT('',(-43.15309029046,-20.07515108984,22.4));
#8864 = CARTESIAN_POINT('',(-43.97705647161,-18.84461285179,22.4));
#8865 = CARTESIAN_POINT('',(-44.7519515178,-17.51407662939,22.4));
#8866 = CARTESIAN_POINT('',(-45.50058744757,-16.03730459296,22.4));
#8867 = CARTESIAN_POINT('',(-46.21832281051,-14.39892824341,22.4));
#8868 = CARTESIAN_POINT('',(-46.91294919484,-12.53670334497,22.4));
#8869 = CARTESIAN_POINT('',(-47.5416797429,-10.53911851389,22.4));
#8870 = CARTESIAN_POINT('',(-48.12831353425,-8.297876658534,22.4));
#8871 = CARTESIAN_POINT('',(-48.64112715928,-5.947933569625,22.4));
#8872 = CARTESIAN_POINT('',(-49.18477935949,-2.710378200263,22.4));
#8873 = CARTESIAN_POINT('',(-49.24546314911,-2.015183314218,22.4));
#8874 = CARTESIAN_POINT('',(-49.49370321069,-0.112044317377,22.4));
#8875 = PCURVE('',#198,#8876);
#8876 = DEFINITIONAL_REPRESENTATION('',(#8877),#8928);
#8877 = B_SPLINE_CURVE_WITH_KNOTS('',3,(#8878,#8879,#8880,#8881,#8882,
    #8883,#8884,#8885,#8886,#8887,#8888,#8889,#8890,#8891,#8892,#8893,
    #8894,#8895,#8896,#8897,#8898,#8899,#8900,#8901,#8902,#8903,#8904,
    #8905,#8906,#8907,#8908,#8909,#8910,#8911,#8912,#8913,#8914,#8915,
    #8916,#8917,#8918,#8919,#8920,#8921,#8922,#8923,#8924,#8925,#8926,
    #8927),.UNSPECIFIED.,.F.,.F.,(4,1,1,1,1,1,1,1,1,1,1,1,1,1,1,1,1,1,1,
    1,1,1,1,1,1,1,1,1,1,1,1,1,1,1,1,1,1,1,1,1,1,1,1,1,1,1,1,4),(0.,
    2.766464139392,5.568319295326,8.177275145496,10.425160909405,
    12.698001103747,14.813706991925,16.784063111389,18.483896399813,
    20.207074900357,21.81810245116,23.327840693167,24.640860133639,
    25.985974841284,27.260500260188,28.473662841808,29.546573791048,
    30.665502050481,31.746604132965,32.796723932319,33.744037531687,
    34.751762028128,35.745458780463,36.730106112805,37.635070035337,
    38.615335519513,39.599805338773,40.592877392801,41.521106716853,
    42.54355210237,43.588460947472,44.661307186429,45.681682040739,
    46.825929386569,48.018033969658,49.266638650819,50.477859791669,
    51.863921967174,53.33914083985,54.917675284274,56.480212616324,
    58.303578905337,60.281721918016,62.435877257802,64.600562295301,
    67.15990258556,69.968318443063,73.053194077155),.UNSPECIFIED.);
#8878 = CARTESIAN_POINT('',(-11.46508692386,-9.659132507772E-02));
#8879 = CARTESIAN_POINT('',(-11.56201135425,-0.997531887688));
#8880 = CARTESIAN_POINT('',(-11.73386143343,-2.869911982393));
#8881 = CARTESIAN_POINT('',(-12.1541863042,-5.555149510144));
#8882 = CARTESIAN_POINT('',(-12.656613796,-8.061246716484));
#8883 = CARTESIAN_POINT('',(-13.23880501824,-10.36582779895));
#8884 = CARTESIAN_POINT('',(-13.88614782797,-12.48233786079));
#8885 = CARTESIAN_POINT('',(-14.61558228212,-14.47362975888));
#8886 = CARTESIAN_POINT('',(-15.381107717,-16.2450403168));
#8887 = CARTESIAN_POINT('',(-16.18830977415,-17.85246192463));
#8888 = CARTESIAN_POINT('',(-17.03041809495,-19.30518380841));
#8889 = CARTESIAN_POINT('',(-17.93012241267,-20.64743906732));
#8890 = CARTESIAN_POINT('',(-18.8378909225,-21.81526540932));
#8891 = CARTESIAN_POINT('',(-19.75985046258,-22.8556015898));
#8892 = CARTESIAN_POINT('',(-20.69155050243,-23.77947422733));
#8893 = CARTESIAN_POINT('',(-21.66852172927,-24.60488666414));
#8894 = CARTESIAN_POINT('',(-22.63414057452,-25.29721043821));
#8895 = CARTESIAN_POINT('',(-23.60667467573,-25.88442829256));
#8896 = CARTESIAN_POINT('',(-24.58348448695,-26.37314739654));
#8897 = CARTESIAN_POINT('',(-25.59033218866,-26.77643109304));
#8898 = CARTESIAN_POINT('',(-26.57222674031,-27.0786241955));
#8899 = CARTESIAN_POINT('',(-27.55057293061,-27.29786726682));
#8900 = CARTESIAN_POINT('',(-28.5243195862,-27.43912320685));
#8901 = CARTESIAN_POINT('',(-29.51841162621,-27.50554730611));
#8902 = CARTESIAN_POINT('',(-30.48036595253,-27.4976531741));
#8903 = CARTESIAN_POINT('',(-31.43475794982,-27.42314243397));
#8904 = CARTESIAN_POINT('',(-32.38197984701,-27.28427433201));
#8905 = CARTESIAN_POINT('',(-33.3461661647,-27.07481390231));
#8906 = CARTESIAN_POINT('',(-34.27755610417,-26.80636013656));
#8907 = CARTESIAN_POINT('',(-35.20199463568,-26.47562609863));
#8908 = CARTESIAN_POINT('',(-36.12002675154,-26.08105334246));
#8909 = CARTESIAN_POINT('',(-37.0537130843,-25.6063101704));
#8910 = CARTESIAN_POINT('',(-37.9542969483,-25.07273456133));
#8911 = CARTESIAN_POINT('',(-38.84727804443,-24.46568179433));
#8912 = CARTESIAN_POINT('',(-39.73203492998,-23.77940495317));
#8913 = CARTESIAN_POINT('',(-40.62694718063,-22.98621323695));
#8914 = CARTESIAN_POINT('',(-41.48358265919,-22.12008082187));
#8915 = CARTESIAN_POINT('',(-42.32643853314,-21.15314808447));
#8916 = CARTESIAN_POINT('',(-43.15309029046,-20.07515108984));
#8917 = CARTESIAN_POINT('',(-43.97705647161,-18.84461285179));
#8918 = CARTESIAN_POINT('',(-44.7519515178,-17.51407662939));
#8919 = CARTESIAN_POINT('',(-45.50058744757,-16.03730459296));
#8920 = CARTESIAN_POINT('',(-46.21832281051,-14.39892824341));
#8921 = CARTESIAN_POINT('',(-46.91294919484,-12.53670334497));
#8922 = CARTESIAN_POINT('',(-47.5416797429,-10.53911851389));
#8923 = CARTESIAN_POINT('',(-48.12831353425,-8.297876658534));
#8924 = CARTESIAN_POINT('',(-48.64112715928,-5.947933569625));
#8925 = CARTESIAN_POINT('',(-49.18477935949,-2.710378200263));
#8926 = CARTESIAN_POINT('',(-49.24546314911,-2.015183314218));
#8927 = CARTESIAN_POINT('',(-49.49370321069,-0.112044317377));
#8928 = ( GEOMETRIC_REPRESENTATION_CONTEXT(2) 
PARAMETRIC_REPRESENTATION_CONTEXT() REPRESENTATION_CONTEXT('2D SPACE',''
  ) );
#8929 = PCURVE('',#3587,#8930);
#8930 = DEFINITIONAL_REPRESENTATION('',(#8931),#8935);
#8931 = LINE('',#8932,#8933);
#8932 = CARTESIAN_POINT('',(0.,-22.4));
#8933 = VECTOR('',#8934,1.);
#8934 = DIRECTION('',(1.,0.));
#8935 = ( GEOMETRIC_REPRESENTATION_CONTEXT(2) 
PARAMETRIC_REPRESENTATION_CONTEXT() REPRESENTATION_CONTEXT('2D SPACE',''
  ) );
#8936 = ORIENTED_EDGE('',*,*,#8937,.F.);
#8937 = EDGE_CURVE('',#8938,#8821,#8940,.T.);
#8938 = VERTEX_POINT('',#8939);
#8939 = CARTESIAN_POINT('',(-12.11628438599,-6.883805996763,22.4));
#8940 = SURFACE_CURVE('',#8941,(#8945,#8952),.PCURVE_S1.);
#8941 = LINE('',#8942,#8943);
#8942 = CARTESIAN_POINT('',(-12.11628438599,-6.883805996763,22.4));
#8943 = VECTOR('',#8944,1.);
#8944 = DIRECTION('',(4.458338040621E-02,0.999005666746,0.));
#8945 = PCURVE('',#198,#8946);
#8946 = DEFINITIONAL_REPRESENTATION('',(#8947),#8951);
#8947 = LINE('',#8948,#8949);
#8948 = CARTESIAN_POINT('',(-12.11628438599,-6.883805996763));
#8949 = VECTOR('',#8950,1.);
#8950 = DIRECTION('',(4.458338040621E-02,0.999005666746));
#8951 = ( GEOMETRIC_REPRESENTATION_CONTEXT(2) 
PARAMETRIC_REPRESENTATION_CONTEXT() REPRESENTATION_CONTEXT('2D SPACE',''
  ) );
#8952 = PCURVE('',#3711,#8953);
#8953 = DEFINITIONAL_REPRESENTATION('',(#8954),#8958);
#8954 = LINE('',#8955,#8956);
#8955 = CARTESIAN_POINT('',(0.,-22.4));
#8956 = VECTOR('',#8957,1.);
#8957 = DIRECTION('',(1.,0.));
#8958 = ( GEOMETRIC_REPRESENTATION_CONTEXT(2) 
PARAMETRIC_REPRESENTATION_CONTEXT() REPRESENTATION_CONTEXT('2D SPACE',''
  ) );
#8959 = ORIENTED_EDGE('',*,*,#8960,.F.);
#8960 = EDGE_CURVE('',#8961,#8938,#8963,.T.);
#8961 = VERTEX_POINT('',#8962);
#8962 = CARTESIAN_POINT('',(-41.19768201795,-23.65611516945,22.4));
#8963 = SURFACE_CURVE('',#8964,(#9015,#9069),.PCURVE_S1.);
#8964 = B_SPLINE_CURVE_WITH_KNOTS('',3,(#8965,#8966,#8967,#8968,#8969,
    #8970,#8971,#8972,#8973,#8974,#8975,#8976,#8977,#8978,#8979,#8980,
    #8981,#8982,#8983,#8984,#8985,#8986,#8987,#8988,#8989,#8990,#8991,
    #8992,#8993,#8994,#8995,#8996,#8997,#8998,#8999,#9000,#9001,#9002,
    #9003,#9004,#9005,#9006,#9007,#9008,#9009,#9010,#9011,#9012,#9013,
    #9014),.UNSPECIFIED.,.F.,.F.,(4,1,1,1,1,1,1,1,1,1,1,1,1,1,1,1,1,1,1,
    1,1,1,1,1,1,1,1,1,1,1,1,1,1,1,1,1,1,1,1,1,1,1,1,1,1,1,1,4),(0.,
    3.010134173011,5.734866089906,8.204243200285,10.280216915947,
    12.332164523515,14.201956865391,15.911237845672,17.363900720308,
    18.819208714806,20.167747400886,21.42468716853,22.515414853025,
    23.632925452475,24.694050367351,25.707901186754,26.608581862701,
    27.552388564938,28.468532489134,29.361872223827,30.169943636586,
    31.030962627216,31.880548884696,32.72227944396,33.495545472128,
    34.332992621126,35.174663745336,36.025783427864,36.825011523752,
    37.711824801461,38.627874308414,39.58148948206,40.502911686362,
    41.554574841448,42.671594637474,43.864256147866,45.041219012251,
    46.408073524505,47.880684921353,49.469922617188,51.049935999727,
    52.894334824252,54.887680127977,57.041280206621,59.18142193199,
    61.675679145654,64.364419403117,67.031728548195),.UNSPECIFIED.);
#8965 = CARTESIAN_POINT('',(-41.19768201795,-23.65611516945,22.4));
#8966 = CARTESIAN_POINT('',(-40.59750268534,-24.44027304061,22.4));
#8967 = CARTESIAN_POINT('',(-39.44478458005,-25.99410995634,22.4));
#8968 = CARTESIAN_POINT('',(-37.69570526143,-28.08731026835,22.4));
#8969 = CARTESIAN_POINT('',(-36.06945493721,-29.8873481002,22.4));
#8970 = CARTESIAN_POINT('',(-34.52130940482,-31.44967011713,22.4));
#8971 = CARTESIAN_POINT('',(-33.0480792187,-32.80258215076,22.4));
#8972 = CARTESIAN_POINT('',(-31.59990102154,-33.99810761069,22.4));
#8973 = CARTESIAN_POINT('',(-30.24832331795,-34.99285853606,22.4));
#8974 = CARTESIAN_POINT('',(-28.95871486912,-35.83428625517,22.4));
#8975 = CARTESIAN_POINT('',(-27.72660257715,-36.53968540187,22.4));
#8976 = CARTESIAN_POINT('',(-26.51128317332,-37.13772977299,22.4));
#8977 = CARTESIAN_POINT('',(-25.3723924963,-37.61004783571,22.4));
#8978 = CARTESIAN_POINT('',(-24.27914343183,-37.98493528241,22.4));
#8979 = CARTESIAN_POINT('',(-23.22732021094,-38.27310362603,22.4));
#8980 = CARTESIAN_POINT('',(-22.18398945201,-38.48644040792,22.4));
#8981 = CARTESIAN_POINT('',(-21.20057753239,-38.62121149492,22.4));
#8982 = CARTESIAN_POINT('',(-20.24981937627,-38.6912129147,22.4));
#8983 = CARTESIAN_POINT('',(-19.32901752529,-38.70164144689,22.4));
#8984 = CARTESIAN_POINT('',(-18.41192295229,-38.65285046237,22.4));
#8985 = CARTESIAN_POINT('',(-17.54481828435,-38.55039798854,22.4));
#8986 = CARTESIAN_POINT('',(-16.70398003906,-38.39742063482,22.4));
#8987 = CARTESIAN_POINT('',(-15.88846513352,-38.19534004862,22.4));
#8988 = CARTESIAN_POINT('',(-15.07752826767,-37.93593258038,22.4));
#8989 = CARTESIAN_POINT('',(-14.31335555887,-37.63253512331,22.4));
#8990 = CARTESIAN_POINT('',(-13.57518526054,-37.27994839134,22.4));
#8991 = CARTESIAN_POINT('',(-12.8632240852,-36.87673095337,22.4));
#8992 = CARTESIAN_POINT('',(-12.1618442515,-36.40686519105,22.4));
#8993 = CARTESIAN_POINT('',(-11.50883528395,-35.89204427852,22.4));
#8994 = CARTESIAN_POINT('',(-10.88605738193,-35.31875103393,22.4));
#8995 = CARTESIAN_POINT('',(-10.29505200315,-34.68255508534,22.4));
#8996 = CARTESIAN_POINT('',(-9.726625133919,-33.95933715265,22.4));
#8997 = CARTESIAN_POINT('',(-9.213707406018,-33.18183456993,22.4));
#8998 = CARTESIAN_POINT('',(-8.742330489725,-32.32667702011,22.4));
#8999 = CARTESIAN_POINT('',(-8.316968499721,-31.38728553441,22.4));
#9000 = CARTESIAN_POINT('',(-7.93809362255,-30.33168040367,22.4));
#9001 = CARTESIAN_POINT('',(-7.628710068421,-29.21012356943,22.4));
#9002 = CARTESIAN_POINT('',(-7.394409398782,-27.98564911256,22.4));
#9003 = CARTESIAN_POINT('',(-7.241834177369,-26.65438801547,22.4));
#9004 = CARTESIAN_POINT('',(-7.172534579738,-25.17872438886,22.4));
#9005 = CARTESIAN_POINT('',(-7.202023820633,-23.63064158176,22.4));
#9006 = CARTESIAN_POINT('',(-7.333571741476,-21.96369747304,22.4));
#9007 = CARTESIAN_POINT('',(-7.578896463739,-20.17376319876,22.4));
#9008 = CARTESIAN_POINT('',(-7.962725754083,-18.21153838216,22.4));
#9009 = CARTESIAN_POINT('',(-8.473684888989,-16.18352049883,22.4));
#9010 = CARTESIAN_POINT('',(-9.144462101168,-13.99955768506,22.4));
#9011 = CARTESIAN_POINT('',(-9.932823367122,-11.78847678433,22.4));
#9012 = CARTESIAN_POINT('',(-11.09108510233,-9.011915653887,22.4));
#9013 = CARTESIAN_POINT('',(-11.45817653937,-8.292958249965,22.4));
#9014 = CARTESIAN_POINT('',(-12.11628438599,-6.883805996763,22.4));
#9015 = PCURVE('',#198,#9016);
#9016 = DEFINITIONAL_REPRESENTATION('',(#9017),#9068);
#9017 = B_SPLINE_CURVE_WITH_KNOTS('',3,(#9018,#9019,#9020,#9021,#9022,
    #9023,#9024,#9025,#9026,#9027,#9028,#9029,#9030,#9031,#9032,#9033,
    #9034,#9035,#9036,#9037,#9038,#9039,#9040,#9041,#9042,#9043,#9044,
    #9045,#9046,#9047,#9048,#9049,#9050,#9051,#9052,#9053,#9054,#9055,
    #9056,#9057,#9058,#9059,#9060,#9061,#9062,#9063,#9064,#9065,#9066,
    #9067),.UNSPECIFIED.,.F.,.F.,(4,1,1,1,1,1,1,1,1,1,1,1,1,1,1,1,1,1,1,
    1,1,1,1,1,1,1,1,1,1,1,1,1,1,1,1,1,1,1,1,1,1,1,1,1,1,1,1,4),(0.,
    3.010134173011,5.734866089906,8.204243200285,10.280216915947,
    12.332164523515,14.201956865391,15.911237845672,17.363900720308,
    18.819208714806,20.167747400886,21.42468716853,22.515414853025,
    23.632925452475,24.694050367351,25.707901186754,26.608581862701,
    27.552388564938,28.468532489134,29.361872223827,30.169943636586,
    31.030962627216,31.880548884696,32.72227944396,33.495545472128,
    34.332992621126,35.174663745336,36.025783427864,36.825011523752,
    37.711824801461,38.627874308414,39.58148948206,40.502911686362,
    41.554574841448,42.671594637474,43.864256147866,45.041219012251,
    46.408073524505,47.880684921353,49.469922617188,51.049935999727,
    52.894334824252,54.887680127977,57.041280206621,59.18142193199,
    61.675679145654,64.364419403117,67.031728548195),.UNSPECIFIED.);
#9018 = CARTESIAN_POINT('',(-41.19768201795,-23.65611516945));
#9019 = CARTESIAN_POINT('',(-40.59750268534,-24.44027304061));
#9020 = CARTESIAN_POINT('',(-39.44478458005,-25.99410995634));
#9021 = CARTESIAN_POINT('',(-37.69570526143,-28.08731026835));
#9022 = CARTESIAN_POINT('',(-36.06945493721,-29.8873481002));
#9023 = CARTESIAN_POINT('',(-34.52130940482,-31.44967011713));
#9024 = CARTESIAN_POINT('',(-33.0480792187,-32.80258215076));
#9025 = CARTESIAN_POINT('',(-31.59990102154,-33.99810761069));
#9026 = CARTESIAN_POINT('',(-30.24832331795,-34.99285853606));
#9027 = CARTESIAN_POINT('',(-28.95871486912,-35.83428625517));
#9028 = CARTESIAN_POINT('',(-27.72660257715,-36.53968540187));
#9029 = CARTESIAN_POINT('',(-26.51128317332,-37.13772977299));
#9030 = CARTESIAN_POINT('',(-25.3723924963,-37.61004783571));
#9031 = CARTESIAN_POINT('',(-24.27914343183,-37.98493528241));
#9032 = CARTESIAN_POINT('',(-23.22732021094,-38.27310362603));
#9033 = CARTESIAN_POINT('',(-22.18398945201,-38.48644040792));
#9034 = CARTESIAN_POINT('',(-21.20057753239,-38.62121149492));
#9035 = CARTESIAN_POINT('',(-20.24981937627,-38.6912129147));
#9036 = CARTESIAN_POINT('',(-19.32901752529,-38.70164144689));
#9037 = CARTESIAN_POINT('',(-18.41192295229,-38.65285046237));
#9038 = CARTESIAN_POINT('',(-17.54481828435,-38.55039798854));
#9039 = CARTESIAN_POINT('',(-16.70398003906,-38.39742063482));
#9040 = CARTESIAN_POINT('',(-15.88846513352,-38.19534004862));
#9041 = CARTESIAN_POINT('',(-15.07752826767,-37.93593258038));
#9042 = CARTESIAN_POINT('',(-14.31335555887,-37.63253512331));
#9043 = CARTESIAN_POINT('',(-13.57518526054,-37.27994839134));
#9044 = CARTESIAN_POINT('',(-12.8632240852,-36.87673095337));
#9045 = CARTESIAN_POINT('',(-12.1618442515,-36.40686519105));
#9046 = CARTESIAN_POINT('',(-11.50883528395,-35.89204427852));
#9047 = CARTESIAN_POINT('',(-10.88605738193,-35.31875103393));
#9048 = CARTESIAN_POINT('',(-10.29505200315,-34.68255508534));
#9049 = CARTESIAN_POINT('',(-9.726625133919,-33.95933715265));
#9050 = CARTESIAN_POINT('',(-9.213707406018,-33.18183456993));
#9051 = CARTESIAN_POINT('',(-8.742330489725,-32.32667702011));
#9052 = CARTESIAN_POINT('',(-8.316968499721,-31.38728553441));
#9053 = CARTESIAN_POINT('',(-7.93809362255,-30.33168040367));
#9054 = CARTESIAN_POINT('',(-7.628710068421,-29.21012356943));
#9055 = CARTESIAN_POINT('',(-7.394409398782,-27.98564911256));
#9056 = CARTESIAN_POINT('',(-7.241834177369,-26.65438801547));
#9057 = CARTESIAN_POINT('',(-7.172534579738,-25.17872438886));
#9058 = CARTESIAN_POINT('',(-7.202023820633,-23.63064158176));
#9059 = CARTESIAN_POINT('',(-7.333571741476,-21.96369747304));
#9060 = CARTESIAN_POINT('',(-7.578896463739,-20.17376319876));
#9061 = CARTESIAN_POINT('',(-7.962725754083,-18.21153838216));
#9062 = CARTESIAN_POINT('',(-8.473684888989,-16.18352049883));
#9063 = CARTESIAN_POINT('',(-9.144462101168,-13.99955768506));
#9064 = CARTESIAN_POINT('',(-9.932823367122,-11.78847678433));
#9065 = CARTESIAN_POINT('',(-11.09108510233,-9.011915653887));
#9066 = CARTESIAN_POINT('',(-11.45817653937,-8.292958249965));
#9067 = CARTESIAN_POINT('',(-12.11628438599,-6.883805996763));
#9068 = ( GEOMETRIC_REPRESENTATION_CONTEXT(2) 
PARAMETRIC_REPRESENTATION_CONTEXT() REPRESENTATION_CONTEXT('2D SPACE',''
  ) );
#9069 = PCURVE('',#3833,#9070);
#9070 = DEFINITIONAL_REPRESENTATION('',(#9071),#9075);
#9071 = LINE('',#9072,#9073);
#9072 = CARTESIAN_POINT('',(0.,-22.4));
#9073 = VECTOR('',#9074,1.);
#9074 = DIRECTION('',(1.,0.));
#9075 = ( GEOMETRIC_REPRESENTATION_CONTEXT(2) 
PARAMETRIC_REPRESENTATION_CONTEXT() REPRESENTATION_CONTEXT('2D SPACE',''
  ) );
#9076 = ORIENTED_EDGE('',*,*,#9077,.F.);
#9077 = EDGE_CURVE('',#9078,#8961,#9080,.T.);
#9078 = VERTEX_POINT('',#9079);
#9079 = CARTESIAN_POINT('',(-44.22039079482,-19.70695716841,22.4));
#9080 = SURFACE_CURVE('',#9081,(#9085,#9092),.PCURVE_S1.);
#9081 = LINE('',#9082,#9083);
#9082 = CARTESIAN_POINT('',(-48.14940501469,-14.57371440904,22.4));
#9083 = VECTOR('',#9084,1.);
#9084 = DIRECTION('',(0.607800801718,-0.794089532378,0.));
#9085 = PCURVE('',#198,#9086);
#9086 = DEFINITIONAL_REPRESENTATION('',(#9087),#9091);
#9087 = LINE('',#9088,#9089);
#9088 = CARTESIAN_POINT('',(-48.14940501469,-14.57371440904));
#9089 = VECTOR('',#9090,1.);
#9090 = DIRECTION('',(0.607800801718,-0.794089532378));
#9091 = ( GEOMETRIC_REPRESENTATION_CONTEXT(2) 
PARAMETRIC_REPRESENTATION_CONTEXT() REPRESENTATION_CONTEXT('2D SPACE',''
  ) );
#9092 = PCURVE('',#3957,#9093);
#9093 = DEFINITIONAL_REPRESENTATION('',(#9094),#9098);
#9094 = LINE('',#9095,#9096);
#9095 = CARTESIAN_POINT('',(-6.094433791482,-22.4));
#9096 = VECTOR('',#9097,1.);
#9097 = DIRECTION('',(1.,0.));
#9098 = ( GEOMETRIC_REPRESENTATION_CONTEXT(2) 
PARAMETRIC_REPRESENTATION_CONTEXT() REPRESENTATION_CONTEXT('2D SPACE',''
  ) );
#9099 = ORIENTED_EDGE('',*,*,#9100,.F.);
#9100 = EDGE_CURVE('',#8797,#9078,#9101,.T.);
#9101 = SURFACE_CURVE('',#9102,(#9107,#9114),.PCURVE_S1.);
#9102 = CIRCLE('',#9103,3.);
#9103 = AXIS2_PLACEMENT_3D('',#9104,#9105,#9106);
#9104 = CARTESIAN_POINT('',(-41.83812219769,-17.88355476326,22.4));
#9105 = DIRECTION('',(0.,0.,1.));
#9106 = DIRECTION('',(0.,-1.,0.));
#9107 = PCURVE('',#198,#9108);
#9108 = DEFINITIONAL_REPRESENTATION('',(#9109),#9113);
#9109 = CIRCLE('',#9110,3.);
#9110 = AXIS2_PLACEMENT_2D('',#9111,#9112);
#9111 = CARTESIAN_POINT('',(-41.83812219769,-17.88355476326));
#9112 = DIRECTION('',(0.,-1.));
#9113 = ( GEOMETRIC_REPRESENTATION_CONTEXT(2) 
PARAMETRIC_REPRESENTATION_CONTEXT() REPRESENTATION_CONTEXT('2D SPACE',''
  ) );
#9114 = PCURVE('',#3984,#9115);
#9115 = DEFINITIONAL_REPRESENTATION('',(#9116),#9120);
#9116 = LINE('',#9117,#9118);
#9117 = CARTESIAN_POINT('',(-5.116329925422,22.4));
#9118 = VECTOR('',#9119,1.);
#9119 = DIRECTION('',(1.,0.));
#9120 = ( GEOMETRIC_REPRESENTATION_CONTEXT(2) 
PARAMETRIC_REPRESENTATION_CONTEXT() REPRESENTATION_CONTEXT('2D SPACE',''
  ) );
#9121 = FACE_BOUND('',#9122,.T.);
#9122 = EDGE_LOOP('',(#9123,#9149,#9266,#9289,#9406,#9429));
#9123 = ORIENTED_EDGE('',*,*,#9124,.F.);
#9124 = EDGE_CURVE('',#9125,#9127,#9129,.T.);
#9125 = VERTEX_POINT('',#9126);
#9126 = CARTESIAN_POINT('',(-46.98596910016,12.023672804875,22.4));
#9127 = VERTEX_POINT('',#9128);
#9128 = CARTESIAN_POINT('',(-48.15320267025,5.789565838434,22.4));
#9129 = SURFACE_CURVE('',#9130,(#9135,#9142),.PCURVE_S1.);
#9130 = CIRCLE('',#9131,48.5);
#9131 = AXIS2_PLACEMENT_3D('',#9132,#9133,#9134);
#9132 = CARTESIAN_POINT('',(0.,0.,22.4));
#9133 = DIRECTION('',(0.,0.,1.));
#9134 = DIRECTION('',(1.,0.,-0.));
#9135 = PCURVE('',#198,#9136);
#9136 = DEFINITIONAL_REPRESENTATION('',(#9137),#9141);
#9137 = CIRCLE('',#9138,48.5);
#9138 = AXIS2_PLACEMENT_2D('',#9139,#9140);
#9139 = CARTESIAN_POINT('',(1.75032336965E-15,-3.209892110372E-15));
#9140 = DIRECTION('',(1.,0.));
#9141 = ( GEOMETRIC_REPRESENTATION_CONTEXT(2) 
PARAMETRIC_REPRESENTATION_CONTEXT() REPRESENTATION_CONTEXT('2D SPACE',''
  ) );
#9142 = PCURVE('',#4017,#9143);
#9143 = DEFINITIONAL_REPRESENTATION('',(#9144),#9148);
#9144 = LINE('',#9145,#9146);
#9145 = CARTESIAN_POINT('',(-0.,-22.4));
#9146 = VECTOR('',#9147,1.);
#9147 = DIRECTION('',(-1.,0.));
#9148 = ( GEOMETRIC_REPRESENTATION_CONTEXT(2) 
PARAMETRIC_REPRESENTATION_CONTEXT() REPRESENTATION_CONTEXT('2D SPACE',''
  ) );
#9149 = ORIENTED_EDGE('',*,*,#9150,.F.);
#9150 = EDGE_CURVE('',#9151,#9125,#9153,.T.);
#9151 = VERTEX_POINT('',#9152);
#9152 = CARTESIAN_POINT('',(-12.71813131731,2.002495231905,22.4));
#9153 = SURFACE_CURVE('',#9154,(#9205,#9259),.PCURVE_S1.);
#9154 = B_SPLINE_CURVE_WITH_KNOTS('',3,(#9155,#9156,#9157,#9158,#9159,
    #9160,#9161,#9162,#9163,#9164,#9165,#9166,#9167,#9168,#9169,#9170,
    #9171,#9172,#9173,#9174,#9175,#9176,#9177,#9178,#9179,#9180,#9181,
    #9182,#9183,#9184,#9185,#9186,#9187,#9188,#9189,#9190,#9191,#9192,
    #9193,#9194,#9195,#9196,#9197,#9198,#9199,#9200,#9201,#9202,#9203,
    #9204),.UNSPECIFIED.,.F.,.F.,(4,1,1,1,1,1,1,1,1,1,1,1,1,1,1,1,1,1,1,
    1,1,1,1,1,1,1,1,1,1,1,1,1,1,1,1,1,1,1,1,1,1,1,1,1,1,1,1,4),(0.,
    2.766464139392,5.568319295326,8.177275145496,10.425160909405,
    12.698001103747,14.813706991925,16.784063111389,18.483896399813,
    20.207074900357,21.81810245116,23.327840693167,24.640860133639,
    25.985974841284,27.260500260188,28.473662841808,29.546573791048,
    30.665502050481,31.746604132965,32.796723932319,33.744037531687,
    34.751762028128,35.745458780463,36.730106112805,37.635070035337,
    38.615335519513,39.599805338773,40.592877392801,41.521106716853,
    42.54355210237,43.588460947472,44.661307186429,45.681682040739,
    46.825929386569,48.018033969658,49.266638650819,50.477859791669,
    51.863921967174,53.33914083985,54.917675284274,56.480212616324,
    58.303578905337,60.281721918016,62.435877257802,64.600562295301,
    67.15990258556,69.968318443063,73.053194077155),.UNSPECIFIED.);
#9155 = CARTESIAN_POINT('',(-9.977352195207,5.648892920632,22.4));
#9156 = CARTESIAN_POINT('',(-10.51176149547,4.917117721303,22.4));
#9157 = CARTESIAN_POINT('',(-11.59677807704,3.381514033342,22.4));
#9158 = CARTESIAN_POINT('',(-13.30340885684,1.266192554498,22.4));
#9159 = CARTESIAN_POINT('',(-14.99157243147,-0.652937544647,22.4));
#9160 = CARTESIAN_POINT('',(-16.64805536102,-2.357667696025,22.4));
#9161 = CARTESIAN_POINT('',(-18.26692571013,-3.866947772078,22.4));
#9162 = CARTESIAN_POINT('',(-19.89428042686,-5.226739915106,22.4));
#9163 = CARTESIAN_POINT('',(-21.44295017967,-6.37806374135,22.4));
#9164 = CARTESIAN_POINT('',(-22.94571847106,-7.366530659752,22.4));
#9165 = CARTESIAN_POINT('',(-24.4013666115,-8.203570555337,22.4));
#9166 = CARTESIAN_POINT('',(-25.851661036,-8.916145549059,22.4));
#9167 = CARTESIAN_POINT('',(-27.22172479727,-9.473628573521,22.4));
#9168 = CARTESIAN_POINT('',(-28.54033327048,-9.913606364257,22.4));
#9169 = CARTESIAN_POINT('',(-29.80914549246,-10.24785351828,22.4));
#9170 = CARTESIAN_POINT('',(-31.06793361207,-10.47419604374,22.4));
#9171 = CARTESIAN_POINT('',(-32.25034594947,-10.5909565971,22.4));
#9172 = CARTESIAN_POINT('',(-33.38619411434,-10.61323512593,22.4));
#9173 = CARTESIAN_POINT('',(-34.47649577751,-10.54807337968,22.4));
#9174 = CARTESIAN_POINT('',(-35.55009331318,-10.39390345492,22.4));
#9175 = CARTESIAN_POINT('',(-36.55153548998,-10.16466308267,22.4));
#9176 = CARTESIAN_POINT('',(-37.50842968013,-9.865360056896,22.4));
#9177 = CARTESIAN_POINT('',(-38.42234699074,-9.500817961601,22.4));
#9178 = CARTESIAN_POINT('',(-39.31646800072,-9.061296898977,22.4));
#9179 = CARTESIAN_POINT('',(-40.14559781859,-8.573483216962,22.4));
#9180 = CARTESIAN_POINT('',(-40.93487016334,-8.031759024511,22.4));
#9181 = CARTESIAN_POINT('',(-41.68575433835,-7.437884771838,22.4));
#9182 = CARTESIAN_POINT('',(-42.41603396861,-6.774393559789,22.4));
#9183 = CARTESIAN_POINT('',(-43.08841443414,-6.076210809169,22.4));
#9184 = CARTESIAN_POINT('',(-43.7236346677,-5.327567464674,22.4));
#9185 = CARTESIAN_POINT('',(-44.32138742344,-4.526841376256,22.4));
#9186 = CARTESIAN_POINT('',(-44.89261192074,-3.6488585626,22.4));
#9187 = CARTESIAN_POINT('',(-45.40575262067,-2.736476598302,22.4));
#9188 = CARTESIAN_POINT('',(-45.87557055152,-1.764262932581,22.4));
#9189 = CARTESIAN_POINT('',(-46.29865407,-0.727551311337,22.4));
#9190 = CARTESIAN_POINT('',(-46.67707495511,0.406828990312,22.4));
#9191 = CARTESIAN_POINT('',(-46.98587683378,1.585239404088,22.4));
#9192 = CARTESIAN_POINT('',(-47.23234506366,2.8440556554,22.4));
#9193 = CARTESIAN_POINT('',(-47.40924798827,4.19095431662,22.4));
#9194 = CARTESIAN_POINT('',(-47.50755451397,5.668614781671,22.4));
#9195 = CARTESIAN_POINT('',(-47.51336519804,7.208340474022,22.4));
#9196 = CARTESIAN_POINT('',(-47.42331691319,8.86158053805,22.4));
#9197 = CARTESIAN_POINT('',(-47.22570579592,10.639323759191,22.4));
#9198 = CARTESIAN_POINT('',(-46.89615744167,12.599371020966,22.4));
#9199 = CARTESIAN_POINT('',(-46.44186165288,14.64369550493,22.4));
#9200 = CARTESIAN_POINT('',(-45.82928049123,16.877984783365,22.4));
#9201 = CARTESIAN_POINT('',(-45.09841857346,19.169502008325,22.4));
#9202 = CARTESIAN_POINT('',(-43.95045750498,22.245133304455,22.4));
#9203 = CARTESIAN_POINT('',(-43.65541376537,22.877531631162,22.4));
#9204 = CARTESIAN_POINT('',(-42.91882646651,24.649818380147,22.4));
#9205 = PCURVE('',#198,#9206);
#9206 = DEFINITIONAL_REPRESENTATION('',(#9207),#9258);
#9207 = B_SPLINE_CURVE_WITH_KNOTS('',3,(#9208,#9209,#9210,#9211,#9212,
    #9213,#9214,#9215,#9216,#9217,#9218,#9219,#9220,#9221,#9222,#9223,
    #9224,#9225,#9226,#9227,#9228,#9229,#9230,#9231,#9232,#9233,#9234,
    #9235,#9236,#9237,#9238,#9239,#9240,#9241,#9242,#9243,#9244,#9245,
    #9246,#9247,#9248,#9249,#9250,#9251,#9252,#9253,#9254,#9255,#9256,
    #9257),.UNSPECIFIED.,.F.,.F.,(4,1,1,1,1,1,1,1,1,1,1,1,1,1,1,1,1,1,1,
    1,1,1,1,1,1,1,1,1,1,1,1,1,1,1,1,1,1,1,1,1,1,1,1,1,1,1,1,4),(0.,
    2.766464139392,5.568319295326,8.177275145496,10.425160909405,
    12.698001103747,14.813706991925,16.784063111389,18.483896399813,
    20.207074900357,21.81810245116,23.327840693167,24.640860133639,
    25.985974841284,27.260500260188,28.473662841808,29.546573791048,
    30.665502050481,31.746604132965,32.796723932319,33.744037531687,
    34.751762028128,35.745458780463,36.730106112805,37.635070035337,
    38.615335519513,39.599805338773,40.592877392801,41.521106716853,
    42.54355210237,43.588460947472,44.661307186429,45.681682040739,
    46.825929386569,48.018033969658,49.266638650819,50.477859791669,
    51.863921967174,53.33914083985,54.917675284274,56.480212616324,
    58.303578905337,60.281721918016,62.435877257802,64.600562295301,
    67.15990258556,69.968318443063,73.053194077155),.UNSPECIFIED.);
#9208 = CARTESIAN_POINT('',(-9.977352195207,5.648892920632));
#9209 = CARTESIAN_POINT('',(-10.51176149547,4.917117721303));
#9210 = CARTESIAN_POINT('',(-11.59677807704,3.381514033342));
#9211 = CARTESIAN_POINT('',(-13.30340885684,1.266192554498));
#9212 = CARTESIAN_POINT('',(-14.99157243147,-0.652937544647));
#9213 = CARTESIAN_POINT('',(-16.64805536102,-2.357667696025));
#9214 = CARTESIAN_POINT('',(-18.26692571013,-3.866947772078));
#9215 = CARTESIAN_POINT('',(-19.89428042686,-5.226739915106));
#9216 = CARTESIAN_POINT('',(-21.44295017967,-6.37806374135));
#9217 = CARTESIAN_POINT('',(-22.94571847106,-7.366530659752));
#9218 = CARTESIAN_POINT('',(-24.4013666115,-8.203570555337));
#9219 = CARTESIAN_POINT('',(-25.851661036,-8.916145549059));
#9220 = CARTESIAN_POINT('',(-27.22172479727,-9.473628573521));
#9221 = CARTESIAN_POINT('',(-28.54033327048,-9.913606364257));
#9222 = CARTESIAN_POINT('',(-29.80914549246,-10.24785351828));
#9223 = CARTESIAN_POINT('',(-31.06793361207,-10.47419604374));
#9224 = CARTESIAN_POINT('',(-32.25034594947,-10.5909565971));
#9225 = CARTESIAN_POINT('',(-33.38619411434,-10.61323512593));
#9226 = CARTESIAN_POINT('',(-34.47649577751,-10.54807337968));
#9227 = CARTESIAN_POINT('',(-35.55009331318,-10.39390345492));
#9228 = CARTESIAN_POINT('',(-36.55153548998,-10.16466308267));
#9229 = CARTESIAN_POINT('',(-37.50842968013,-9.865360056896));
#9230 = CARTESIAN_POINT('',(-38.42234699074,-9.500817961601));
#9231 = CARTESIAN_POINT('',(-39.31646800072,-9.061296898977));
#9232 = CARTESIAN_POINT('',(-40.14559781859,-8.573483216962));
#9233 = CARTESIAN_POINT('',(-40.93487016334,-8.031759024511));
#9234 = CARTESIAN_POINT('',(-41.68575433835,-7.437884771838));
#9235 = CARTESIAN_POINT('',(-42.41603396861,-6.774393559789));
#9236 = CARTESIAN_POINT('',(-43.08841443414,-6.076210809169));
#9237 = CARTESIAN_POINT('',(-43.7236346677,-5.327567464674));
#9238 = CARTESIAN_POINT('',(-44.32138742344,-4.526841376256));
#9239 = CARTESIAN_POINT('',(-44.89261192074,-3.6488585626));
#9240 = CARTESIAN_POINT('',(-45.40575262067,-2.736476598302));
#9241 = CARTESIAN_POINT('',(-45.87557055152,-1.764262932581));
#9242 = CARTESIAN_POINT('',(-46.29865407,-0.727551311337));
#9243 = CARTESIAN_POINT('',(-46.67707495511,0.406828990312));
#9244 = CARTESIAN_POINT('',(-46.98587683378,1.585239404088));
#9245 = CARTESIAN_POINT('',(-47.23234506366,2.8440556554));
#9246 = CARTESIAN_POINT('',(-47.40924798827,4.19095431662));
#9247 = CARTESIAN_POINT('',(-47.50755451397,5.668614781671));
#9248 = CARTESIAN_POINT('',(-47.51336519804,7.208340474022));
#9249 = CARTESIAN_POINT('',(-47.42331691319,8.86158053805));
#9250 = CARTESIAN_POINT('',(-47.22570579592,10.639323759191));
#9251 = CARTESIAN_POINT('',(-46.89615744167,12.599371020966));
#9252 = CARTESIAN_POINT('',(-46.44186165288,14.64369550493));
#9253 = CARTESIAN_POINT('',(-45.82928049123,16.877984783365));
#9254 = CARTESIAN_POINT('',(-45.09841857346,19.169502008325));
#9255 = CARTESIAN_POINT('',(-43.95045750498,22.245133304455));
#9256 = CARTESIAN_POINT('',(-43.65541376537,22.877531631162));
#9257 = CARTESIAN_POINT('',(-42.91882646651,24.649818380147));
#9258 = ( GEOMETRIC_REPRESENTATION_CONTEXT(2) 
PARAMETRIC_REPRESENTATION_CONTEXT() REPRESENTATION_CONTEXT('2D SPACE',''
  ) );
#9259 = PCURVE('',#4139,#9260);
#9260 = DEFINITIONAL_REPRESENTATION('',(#9261),#9265);
#9261 = LINE('',#9262,#9263);
#9262 = CARTESIAN_POINT('',(0.,-22.4));
#9263 = VECTOR('',#9264,1.);
#9264 = DIRECTION('',(1.,0.));
#9265 = ( GEOMETRIC_REPRESENTATION_CONTEXT(2) 
PARAMETRIC_REPRESENTATION_CONTEXT() REPRESENTATION_CONTEXT('2D SPACE',''
  ) );
#9266 = ORIENTED_EDGE('',*,*,#9267,.F.);
#9267 = EDGE_CURVE('',#9268,#9151,#9270,.T.);
#9268 = VERTEX_POINT('',#9269);
#9269 = CARTESIAN_POINT('',(-13.93491307613,9.659132507772E-02,22.4));
#9270 = SURFACE_CURVE('',#9271,(#9275,#9282),.PCURVE_S1.);
#9271 = LINE('',#9272,#9273);
#9272 = CARTESIAN_POINT('',(-13.93491307613,9.659132507772E-02,22.4));
#9273 = VECTOR('',#9274,1.);
#9274 = DIRECTION('',(0.538113173392,0.842872595724,0.));
#9275 = PCURVE('',#198,#9276);
#9276 = DEFINITIONAL_REPRESENTATION('',(#9277),#9281);
#9277 = LINE('',#9278,#9279);
#9278 = CARTESIAN_POINT('',(-13.93491307613,9.659132507772E-02));
#9279 = VECTOR('',#9280,1.);
#9280 = DIRECTION('',(0.538113173392,0.842872595724));
#9281 = ( GEOMETRIC_REPRESENTATION_CONTEXT(2) 
PARAMETRIC_REPRESENTATION_CONTEXT() REPRESENTATION_CONTEXT('2D SPACE',''
  ) );
#9282 = PCURVE('',#4263,#9283);
#9283 = DEFINITIONAL_REPRESENTATION('',(#9284),#9288);
#9284 = LINE('',#9285,#9286);
#9285 = CARTESIAN_POINT('',(0.,-22.4));
#9286 = VECTOR('',#9287,1.);
#9287 = DIRECTION('',(1.,0.));
#9288 = ( GEOMETRIC_REPRESENTATION_CONTEXT(2) 
PARAMETRIC_REPRESENTATION_CONTEXT() REPRESENTATION_CONTEXT('2D SPACE',''
  ) );
#9289 = ORIENTED_EDGE('',*,*,#9290,.F.);
#9290 = EDGE_CURVE('',#9291,#9268,#9293,.T.);
#9291 = VERTEX_POINT('',#9292);
#9292 = CARTESIAN_POINT('',(-47.50629678931,0.112044317377,22.4));
#9293 = SURFACE_CURVE('',#9294,(#9345,#9399),.PCURVE_S1.);
#9294 = B_SPLINE_CURVE_WITH_KNOTS('',3,(#9295,#9296,#9297,#9298,#9299,
    #9300,#9301,#9302,#9303,#9304,#9305,#9306,#9307,#9308,#9309,#9310,
    #9311,#9312,#9313,#9314,#9315,#9316,#9317,#9318,#9319,#9320,#9321,
    #9322,#9323,#9324,#9325,#9326,#9327,#9328,#9329,#9330,#9331,#9332,
    #9333,#9334,#9335,#9336,#9337,#9338,#9339,#9340,#9341,#9342,#9343,
    #9344),.UNSPECIFIED.,.F.,.F.,(4,1,1,1,1,1,1,1,1,1,1,1,1,1,1,1,1,1,1,
    1,1,1,1,1,1,1,1,1,1,1,1,1,1,1,1,1,1,1,1,1,1,1,1,1,1,1,1,4),(0.,
    3.010134173011,5.734866089906,8.204243200285,10.280216915947,
    12.332164523515,14.201956865391,15.911237845672,17.363900720308,
    18.819208714806,20.167747400886,21.42468716853,22.515414853025,
    23.632925452475,24.694050367351,25.707901186754,26.608581862701,
    27.552388564938,28.468532489134,29.361872223827,30.169943636586,
    31.030962627216,31.880548884696,32.72227944396,33.495545472128,
    34.332992621126,35.174663745336,36.025783427864,36.825011523752,
    37.711824801461,38.627874308414,39.58148948206,40.502911686362,
    41.554574841448,42.671594637474,43.864256147866,45.041219012251,
    46.408073524505,47.880684921353,49.469922617188,51.049935999727,
    52.894334824252,54.887680127977,57.041280206621,59.18142193199,
    61.675679145654,64.364419403117,67.031728548195),.UNSPECIFIED.);
#9295 = CARTESIAN_POINT('',(-47.50629678931,0.112044317377,22.4));
#9296 = CARTESIAN_POINT('',(-47.37860517601,-0.867145985927,22.4));
#9297 = CARTESIAN_POINT('',(-47.1572404713,-2.789167280934,22.4));
#9298 = CARTESIAN_POINT('',(-46.68909350414,-5.476471585653,22.4));
#9299 = CARTESIAN_POINT('',(-46.18073832639,-7.848475237921,22.4));
#9300 = CARTESIAN_POINT('',(-45.62116597504,-9.975558559665,22.4));
#9301 = CARTESIAN_POINT('',(-45.02176722506,-11.88382984293,22.4));
#9302 = CARTESIAN_POINT('',(-44.36537084708,-13.64327436068,22.4));
#9303 = CARTESIAN_POINT('',(-43.69224568326,-15.18054278429,22.4));
#9304 = CARTESIAN_POINT('',(-42.9961258652,-16.5540447889,22.4));
#9305 = CARTESIAN_POINT('',(-42.28178489339,-17.78099451573,22.4));
#9306 = CARTESIAN_POINT('',(-41.52830960151,-18.90657583563,22.4));
#9307 = CARTESIAN_POINT('',(-40.77816037445,-19.88506061512,22.4));
#9308 = CARTESIAN_POINT('',(-40.0188226353,-20.75634719976,22.4));
#9309 = CARTESIAN_POINT('',(-39.25200117752,-21.53181991634,22.4));
#9310 = CARTESIAN_POINT('',(-38.45511862668,-22.23824036849,22.4));
#9311 = CARTESIAN_POINT('',(-37.67084446542,-22.84666151334,22.4));
#9312 = CARTESIAN_POINT('',(-36.88246445925,-23.38266359922,22.4));
#9313 = CARTESIAN_POINT('',(-36.09024093054,-23.85209589851,22.4));
#9314 = CARTESIAN_POINT('',(-35.2716182404,-24.26838895294,22.4));
#9315 = CARTESIAN_POINT('',(-34.4694573333,-24.61321484189,22.4));
#9316 = CARTESIAN_POINT('',(-33.66478137554,-24.90115169002,22.4));
#9317 = CARTESIAN_POINT('',(-32.85748445708,-25.13390222152,22.4));
#9318 = CARTESIAN_POINT('',(-32.02548879627,-25.31471719703,22.4));
#9319 = CARTESIAN_POINT('',(-31.21199708904,-25.43405364616,22.4));
#9320 = CARTESIAN_POINT('',(-30.39642949238,-25.4977897284,22.4));
#9321 = CARTESIAN_POINT('',(-29.57824430904,-25.50457377154,22.4));
#9322 = CARTESIAN_POINT('',(-28.7358986742,-25.44834800186,22.4));
#9323 = CARTESIAN_POINT('',(-27.91296586313,-25.32900449697,22.4));
#9324 = CARTESIAN_POINT('',(-27.08697775678,-25.14390693436,22.4));
#9325 = CARTESIAN_POINT('',(-26.25705411068,-24.88844777048,22.4));
#9326 = CARTESIAN_POINT('',(-25.40317303539,-24.54633610292,22.4));
#9327 = CARTESIAN_POINT('',(-24.57022196161,-24.12945797872,22.4));
#9328 = CARTESIAN_POINT('',(-23.73441880244,-23.62455827449,22.4));
#9329 = CARTESIAN_POINT('',(-22.89634877044,-23.02370237878,22.4));
#9330 = CARTESIAN_POINT('',(-22.04043093658,-22.29895895778,22.4));
#9331 = CARTESIAN_POINT('',(-21.21171850207,-21.4823540246,22.4));
#9332 = CARTESIAN_POINT('',(-20.3965709416,-20.53907837348,22.4));
#9333 = CARTESIAN_POINT('',(-19.59880637533,-19.46246005504,22.4));
#9334 = CARTESIAN_POINT('',(-18.80095935,-18.21914766577,22.4));
#9335 = CARTESIAN_POINT('',(-18.05245637821,-16.86372400721,22.4));
#9336 = CARTESIAN_POINT('',(-17.33290816511,-15.35433410195,22.4));
#9337 = CARTESIAN_POINT('',(-16.65039846963,-13.68154318819,22.4));
#9338 = CARTESIAN_POINT('',(-16.00169197748,-11.7902920039,22.4));
#9339 = CARTESIAN_POINT('',(-15.43018662694,-9.778497430159,22.4));
#9340 = CARTESIAN_POINT('',(-14.91911532609,-7.55174154643,22.4));
#9341 = CARTESIAN_POINT('',(-14.4963157594,-5.242708683599,22.4));
#9342 = CARTESIAN_POINT('',(-14.1111192811,-2.259005341862,22.4));
#9343 = CARTESIAN_POINT('',(-14.06955108912,-1.452824247307,22.4));
#9344 = CARTESIAN_POINT('',(-13.93491307613,9.659132507772E-02,22.4));
#9345 = PCURVE('',#198,#9346);
#9346 = DEFINITIONAL_REPRESENTATION('',(#9347),#9398);
#9347 = B_SPLINE_CURVE_WITH_KNOTS('',3,(#9348,#9349,#9350,#9351,#9352,
    #9353,#9354,#9355,#9356,#9357,#9358,#9359,#9360,#9361,#9362,#9363,
    #9364,#9365,#9366,#9367,#9368,#9369,#9370,#9371,#9372,#9373,#9374,
    #9375,#9376,#9377,#9378,#9379,#9380,#9381,#9382,#9383,#9384,#9385,
    #9386,#9387,#9388,#9389,#9390,#9391,#9392,#9393,#9394,#9395,#9396,
    #9397),.UNSPECIFIED.,.F.,.F.,(4,1,1,1,1,1,1,1,1,1,1,1,1,1,1,1,1,1,1,
    1,1,1,1,1,1,1,1,1,1,1,1,1,1,1,1,1,1,1,1,1,1,1,1,1,1,1,1,4),(0.,
    3.010134173011,5.734866089906,8.204243200285,10.280216915947,
    12.332164523515,14.201956865391,15.911237845672,17.363900720308,
    18.819208714806,20.167747400886,21.42468716853,22.515414853025,
    23.632925452475,24.694050367351,25.707901186754,26.608581862701,
    27.552388564938,28.468532489134,29.361872223827,30.169943636586,
    31.030962627216,31.880548884696,32.72227944396,33.495545472128,
    34.332992621126,35.174663745336,36.025783427864,36.825011523752,
    37.711824801461,38.627874308414,39.58148948206,40.502911686362,
    41.554574841448,42.671594637474,43.864256147866,45.041219012251,
    46.408073524505,47.880684921353,49.469922617188,51.049935999727,
    52.894334824252,54.887680127977,57.041280206621,59.18142193199,
    61.675679145654,64.364419403117,67.031728548195),.UNSPECIFIED.);
#9348 = CARTESIAN_POINT('',(-47.50629678931,0.112044317377));
#9349 = CARTESIAN_POINT('',(-47.37860517601,-0.867145985927));
#9350 = CARTESIAN_POINT('',(-47.1572404713,-2.789167280934));
#9351 = CARTESIAN_POINT('',(-46.68909350414,-5.476471585653));
#9352 = CARTESIAN_POINT('',(-46.18073832639,-7.848475237921));
#9353 = CARTESIAN_POINT('',(-45.62116597504,-9.975558559665));
#9354 = CARTESIAN_POINT('',(-45.02176722506,-11.88382984293));
#9355 = CARTESIAN_POINT('',(-44.36537084708,-13.64327436068));
#9356 = CARTESIAN_POINT('',(-43.69224568326,-15.18054278429));
#9357 = CARTESIAN_POINT('',(-42.9961258652,-16.5540447889));
#9358 = CARTESIAN_POINT('',(-42.28178489339,-17.78099451573));
#9359 = CARTESIAN_POINT('',(-41.52830960151,-18.90657583563));
#9360 = CARTESIAN_POINT('',(-40.77816037445,-19.88506061512));
#9361 = CARTESIAN_POINT('',(-40.0188226353,-20.75634719976));
#9362 = CARTESIAN_POINT('',(-39.25200117752,-21.53181991634));
#9363 = CARTESIAN_POINT('',(-38.45511862668,-22.23824036849));
#9364 = CARTESIAN_POINT('',(-37.67084446542,-22.84666151334));
#9365 = CARTESIAN_POINT('',(-36.88246445925,-23.38266359922));
#9366 = CARTESIAN_POINT('',(-36.09024093054,-23.85209589851));
#9367 = CARTESIAN_POINT('',(-35.2716182404,-24.26838895294));
#9368 = CARTESIAN_POINT('',(-34.4694573333,-24.61321484189));
#9369 = CARTESIAN_POINT('',(-33.66478137554,-24.90115169002));
#9370 = CARTESIAN_POINT('',(-32.85748445708,-25.13390222152));
#9371 = CARTESIAN_POINT('',(-32.02548879627,-25.31471719703));
#9372 = CARTESIAN_POINT('',(-31.21199708904,-25.43405364616));
#9373 = CARTESIAN_POINT('',(-30.39642949238,-25.4977897284));
#9374 = CARTESIAN_POINT('',(-29.57824430904,-25.50457377154));
#9375 = CARTESIAN_POINT('',(-28.7358986742,-25.44834800186));
#9376 = CARTESIAN_POINT('',(-27.91296586313,-25.32900449697));
#9377 = CARTESIAN_POINT('',(-27.08697775678,-25.14390693436));
#9378 = CARTESIAN_POINT('',(-26.25705411068,-24.88844777048));
#9379 = CARTESIAN_POINT('',(-25.40317303539,-24.54633610292));
#9380 = CARTESIAN_POINT('',(-24.57022196161,-24.12945797872));
#9381 = CARTESIAN_POINT('',(-23.73441880244,-23.62455827449));
#9382 = CARTESIAN_POINT('',(-22.89634877044,-23.02370237878));
#9383 = CARTESIAN_POINT('',(-22.04043093658,-22.29895895778));
#9384 = CARTESIAN_POINT('',(-21.21171850207,-21.4823540246));
#9385 = CARTESIAN_POINT('',(-20.3965709416,-20.53907837348));
#9386 = CARTESIAN_POINT('',(-19.59880637533,-19.46246005504));
#9387 = CARTESIAN_POINT('',(-18.80095935,-18.21914766577));
#9388 = CARTESIAN_POINT('',(-18.05245637821,-16.86372400721));
#9389 = CARTESIAN_POINT('',(-17.33290816511,-15.35433410195));
#9390 = CARTESIAN_POINT('',(-16.65039846963,-13.68154318819));
#9391 = CARTESIAN_POINT('',(-16.00169197748,-11.7902920039));
#9392 = CARTESIAN_POINT('',(-15.43018662694,-9.778497430159));
#9393 = CARTESIAN_POINT('',(-14.91911532609,-7.55174154643));
#9394 = CARTESIAN_POINT('',(-14.4963157594,-5.242708683599));
#9395 = CARTESIAN_POINT('',(-14.1111192811,-2.259005341862));
#9396 = CARTESIAN_POINT('',(-14.06955108912,-1.452824247307));
#9397 = CARTESIAN_POINT('',(-13.93491307613,9.659132507772E-02));
#9398 = ( GEOMETRIC_REPRESENTATION_CONTEXT(2) 
PARAMETRIC_REPRESENTATION_CONTEXT() REPRESENTATION_CONTEXT('2D SPACE',''
  ) );
#9399 = PCURVE('',#4385,#9400);
#9400 = DEFINITIONAL_REPRESENTATION('',(#9401),#9405);
#9401 = LINE('',#9402,#9403);
#9402 = CARTESIAN_POINT('',(0.,-22.4));
#9403 = VECTOR('',#9404,1.);
#9404 = DIRECTION('',(1.,0.));
#9405 = ( GEOMETRIC_REPRESENTATION_CONTEXT(2) 
PARAMETRIC_REPRESENTATION_CONTEXT() REPRESENTATION_CONTEXT('2D SPACE',''
  ) );
#9406 = ORIENTED_EDGE('',*,*,#9407,.F.);
#9407 = EDGE_CURVE('',#9408,#9291,#9410,.T.);
#9408 = VERTEX_POINT('',#9409);
#9409 = CARTESIAN_POINT('',(-48.1494603778,5.043469858274,22.4));
#9410 = SURFACE_CURVE('',#9411,(#9415,#9422),.PCURVE_S1.);
#9411 = LINE('',#9412,#9413);
#9412 = CARTESIAN_POINT('',(-48.98546512435,11.453495601611,22.4));
#9413 = VECTOR('',#9414,1.);
#9414 = DIRECTION('',(0.129326168539,-0.991602108777,0.));
#9415 = PCURVE('',#198,#9416);
#9416 = DEFINITIONAL_REPRESENTATION('',(#9417),#9421);
#9417 = LINE('',#9418,#9419);
#9418 = CARTESIAN_POINT('',(-48.98546512435,11.453495601611));
#9419 = VECTOR('',#9420,1.);
#9420 = DIRECTION('',(0.129326168539,-0.991602108777));
#9421 = ( GEOMETRIC_REPRESENTATION_CONTEXT(2) 
PARAMETRIC_REPRESENTATION_CONTEXT() REPRESENTATION_CONTEXT('2D SPACE',''
  ) );
#9422 = PCURVE('',#4509,#9423);
#9423 = DEFINITIONAL_REPRESENTATION('',(#9424),#9428);
#9424 = LINE('',#9425,#9426);
#9425 = CARTESIAN_POINT('',(-6.094433791488,-22.4));
#9426 = VECTOR('',#9427,1.);
#9427 = DIRECTION('',(1.,0.));
#9428 = ( GEOMETRIC_REPRESENTATION_CONTEXT(2) 
PARAMETRIC_REPRESENTATION_CONTEXT() REPRESENTATION_CONTEXT('2D SPACE',''
  ) );
#9429 = ORIENTED_EDGE('',*,*,#9430,.F.);
#9430 = EDGE_CURVE('',#9127,#9408,#9431,.T.);
#9431 = SURFACE_CURVE('',#9432,(#9437,#9444),.PCURVE_S1.);
#9432 = CIRCLE('',#9433,3.);
#9433 = AXIS2_PLACEMENT_3D('',#9434,#9435,#9436);
#9434 = CARTESIAN_POINT('',(-45.17465405147,5.431448363891,22.4));
#9435 = DIRECTION('',(0.,0.,1.));
#9436 = DIRECTION('',(0.,-1.,0.));
#9437 = PCURVE('',#198,#9438);
#9438 = DEFINITIONAL_REPRESENTATION('',(#9439),#9443);
#9439 = CIRCLE('',#9440,3.);
#9440 = AXIS2_PLACEMENT_2D('',#9441,#9442);
#9441 = CARTESIAN_POINT('',(-45.17465405147,5.431448363891));
#9442 = DIRECTION('',(0.,-1.));
#9443 = ( GEOMETRIC_REPRESENTATION_CONTEXT(2) 
PARAMETRIC_REPRESENTATION_CONTEXT() REPRESENTATION_CONTEXT('2D SPACE',''
  ) );
#9444 = PCURVE('',#4536,#9445);
#9445 = DEFINITIONAL_REPRESENTATION('',(#9446),#9450);
#9446 = LINE('',#9447,#9448);
#9447 = CARTESIAN_POINT('',(-4.592731149823,22.4));
#9448 = VECTOR('',#9449,1.);
#9449 = DIRECTION('',(1.,0.));
#9450 = ( GEOMETRIC_REPRESENTATION_CONTEXT(2) 
PARAMETRIC_REPRESENTATION_CONTEXT() REPRESENTATION_CONTEXT('2D SPACE',''
  ) );
#9451 = FACE_BOUND('',#9452,.T.);
#9452 = EDGE_LOOP('',(#9453,#9479,#9596,#9619,#9736,#9759));
#9453 = ORIENTED_EDGE('',*,*,#9454,.F.);
#9454 = EDGE_CURVE('',#9455,#9457,#9459,.T.);
#9455 = VERTEX_POINT('',#9456);
#9456 = CARTESIAN_POINT('',(-34.67920645973,33.905790645895,22.4));
#9457 = VERTEX_POINT('',#9458);
#9458 = CARTESIAN_POINT('',(-38.8071138668,29.090512428093,22.4));
#9459 = SURFACE_CURVE('',#9460,(#9465,#9472),.PCURVE_S1.);
#9460 = CIRCLE('',#9461,48.5);
#9461 = AXIS2_PLACEMENT_3D('',#9462,#9463,#9464);
#9462 = CARTESIAN_POINT('',(0.,0.,22.4));
#9463 = DIRECTION('',(0.,0.,1.));
#9464 = DIRECTION('',(1.,0.,-0.));
#9465 = PCURVE('',#198,#9466);
#9466 = DEFINITIONAL_REPRESENTATION('',(#9467),#9471);
#9467 = CIRCLE('',#9468,48.5);
#9468 = AXIS2_PLACEMENT_2D('',#9469,#9470);
#9469 = CARTESIAN_POINT('',(1.75032336965E-15,-3.209892110372E-15));
#9470 = DIRECTION('',(1.,0.));
#9471 = ( GEOMETRIC_REPRESENTATION_CONTEXT(2) 
PARAMETRIC_REPRESENTATION_CONTEXT() REPRESENTATION_CONTEXT('2D SPACE',''
  ) );
#9472 = PCURVE('',#4569,#9473);
#9473 = DEFINITIONAL_REPRESENTATION('',(#9474),#9478);
#9474 = LINE('',#9475,#9476);
#9475 = CARTESIAN_POINT('',(-0.,-22.4));
#9476 = VECTOR('',#9477,1.);
#9477 = DIRECTION('',(-1.,0.));
#9478 = ( GEOMETRIC_REPRESENTATION_CONTEXT(2) 
PARAMETRIC_REPRESENTATION_CONTEXT() REPRESENTATION_CONTEXT('2D SPACE',''
  ) );
#9479 = ORIENTED_EDGE('',*,*,#9480,.F.);
#9480 = EDGE_CURVE('',#9481,#9455,#9483,.T.);
#9481 = VERTEX_POINT('',#9482);
#9482 = CARTESIAN_POINT('',(-10.0129771935,8.093277400445,22.4));
#9483 = SURFACE_CURVE('',#9484,(#9535,#9589),.PCURVE_S1.);
#9484 = B_SPLINE_CURVE_WITH_KNOTS('',3,(#9485,#9486,#9487,#9488,#9489,
    #9490,#9491,#9492,#9493,#9494,#9495,#9496,#9497,#9498,#9499,#9500,
    #9501,#9502,#9503,#9504,#9505,#9506,#9507,#9508,#9509,#9510,#9511,
    #9512,#9513,#9514,#9515,#9516,#9517,#9518,#9519,#9520,#9521,#9522,
    #9523,#9524,#9525,#9526,#9527,#9528,#9529,#9530,#9531,#9532,#9533,
    #9534),.UNSPECIFIED.,.F.,.F.,(4,1,1,1,1,1,1,1,1,1,1,1,1,1,1,1,1,1,1,
    1,1,1,1,1,1,1,1,1,1,1,1,1,1,1,1,1,1,1,1,1,1,1,1,1,1,1,1,4),(0.,
    2.766464139392,5.568319295326,8.177275145496,10.425160909405,
    12.698001103747,14.813706991925,16.784063111389,18.483896399813,
    20.207074900357,21.81810245116,23.327840693167,24.640860133639,
    25.985974841284,27.260500260188,28.473662841808,29.546573791048,
    30.665502050481,31.746604132965,32.796723932319,33.744037531687,
    34.751762028128,35.745458780463,36.730106112805,37.635070035337,
    38.615335519513,39.599805338773,40.592877392801,41.521106716853,
    42.54355210237,43.588460947472,44.661307186429,45.681682040739,
    46.825929386569,48.018033969658,49.266638650819,50.477859791669,
    51.863921967174,53.33914083985,54.917675284274,56.480212616324,
    58.303578905337,60.281721918016,62.435877257802,64.600562295301,
    67.15990258556,69.968318443063,73.053194077155),.UNSPECIFIED.);
#9485 = CARTESIAN_POINT('',(-5.816194003237,9.880760870129,22.4));
#9486 = CARTESIAN_POINT('',(-6.644893632948,9.514229607782,22.4));
#9487 = CARTESIAN_POINT('',(-8.352347400098,8.726866094648,22.4));
#9488 = CARTESIAN_POINT('',(-10.8879937497,7.7482593467,22.4));
#9489 = CARTESIAN_POINT('',(-13.30955134065,6.930325714986,22.4));
#9490 = CARTESIAN_POINT('',(-15.59647271426,6.282227562072,22.4));
#9491 = CARTESIAN_POINT('',(-17.75309560005,5.784587849339,22.4));
#9492 = CARTESIAN_POINT('',(-19.84232219723,5.420650667977,22.4));
#9493 = CARTESIAN_POINT('',(-21.75917145835,5.197909862873,22.4));
#9494 = CARTESIAN_POINT('',(-23.5548404339,5.09325654643,22.4));
#9495 = CARTESIAN_POINT('',(-25.23398865028,5.096182803092,22.4));
#9496 = CARTESIAN_POINT('',(-26.84626796173,5.204221968676,22.4));
#9497 = CARTESIAN_POINT('',(-28.31151949602,5.40645938795,22.4));
#9498 = CARTESIAN_POINT('',(-29.67345682684,5.684731680676,22.4));
#9499 = CARTESIAN_POINT('',(-30.93940402072,6.029671265133,22.4));
#9500 = CARTESIAN_POINT('',(-32.14271777302,6.463046947933,22.4));
#9501 = CARTESIAN_POINT('',(-33.22509717163,6.953135511264,22.4));
#9502 = CARTESIAN_POINT('',(-34.21990980166,7.501765821777,22.4));
#9503 = CARTESIAN_POINT('',(-35.13155786663,8.103348380965,22.4));
#9504 = CARTESIAN_POINT('',(-35.98423564359,8.773662220142,22.4));
#9505 = CARTESIAN_POINT('',(-36.73688982299,9.472911294482,22.4));
#9506 = CARTESIAN_POINT('',(-37.4159329875,10.210562413316,22.4));
#9507 = CARTESIAN_POINT('',(-38.0251375478,10.983223783895,22.4));
#9508 = CARTESIAN_POINT('',(-38.57970852519,11.810920694616,22.4));
#9509 = CARTESIAN_POINT('',(-39.0538491695,12.647944644491,22.4));
#9510 = CARTESIAN_POINT('',(-39.46651697433,13.511727729372,22.4));
#9511 = CARTESIAN_POINT('',(-39.81986461885,14.401480006344,22.4));
#9512 = CARTESIAN_POINT('',(-40.12055972449,15.341220066294,22.4));
#9513 = CARTESIAN_POINT('',(-40.35376691334,16.282054297583,22.4));
#9514 = CARTESIAN_POINT('',(-40.52956210035,17.248008569068,22.4));
#9515 = CARTESIAN_POINT('',(-40.6468681278,18.24033408098,22.4));
#9516 = CARTESIAN_POINT('',(-40.7025716469,19.286301750346,22.4));
#9517 = CARTESIAN_POINT('',(-40.6907735466,20.333018059347,22.4));
#9518 = CARTESIAN_POINT('',(-40.61154097701,21.40988875719,22.4));
#9519 = CARTESIAN_POINT('',(-40.45958624132,22.51924911683,22.4));
#9520 = CARTESIAN_POINT('',(-40.22011819032,23.690861718162,22.4));
#9521 = CARTESIAN_POINT('',(-39.8983432551,24.865796011915,22.4));
#9522 = CARTESIAN_POINT('',(-39.48238287774,26.079196979185,22.4));
#9523 = CARTESIAN_POINT('',(-38.96213597384,27.334096898428,22.4));
#9524 = CARTESIAN_POINT('',(-38.30844168994,28.662941662182,22.4));
#9525 = CARTESIAN_POINT('',(-37.54361104377,29.999288568651,22.4));
#9526 = CARTESIAN_POINT('',(-36.63900690952,31.386012320233,22.4));
#9527 = CARTESIAN_POINT('',(-35.57899905132,32.82677755251,22.4));
#9528 = CARTESIAN_POINT('',(-34.31357817388,34.359454096698,22.4));
#9529 = CARTESIAN_POINT('',(-32.89798423797,35.902743138997,22.4));
#9530 = CARTESIAN_POINT('',(-31.25032875088,37.531403832696,22.4));
#9531 = CARTESIAN_POINT('',(-29.47162515096,39.150485003839,22.4));
#9532 = CARTESIAN_POINT('',(-26.93964605503,41.240079304722,22.4));
#9533 = CARTESIAN_POINT('',(-26.36793151795,41.640230451155,22.4));
#9534 = CARTESIAN_POINT('',(-24.84388483054,42.806782149136,22.4));
#9535 = PCURVE('',#198,#9536);
#9536 = DEFINITIONAL_REPRESENTATION('',(#9537),#9588);
#9537 = B_SPLINE_CURVE_WITH_KNOTS('',3,(#9538,#9539,#9540,#9541,#9542,
    #9543,#9544,#9545,#9546,#9547,#9548,#9549,#9550,#9551,#9552,#9553,
    #9554,#9555,#9556,#9557,#9558,#9559,#9560,#9561,#9562,#9563,#9564,
    #9565,#9566,#9567,#9568,#9569,#9570,#9571,#9572,#9573,#9574,#9575,
    #9576,#9577,#9578,#9579,#9580,#9581,#9582,#9583,#9584,#9585,#9586,
    #9587),.UNSPECIFIED.,.F.,.F.,(4,1,1,1,1,1,1,1,1,1,1,1,1,1,1,1,1,1,1,
    1,1,1,1,1,1,1,1,1,1,1,1,1,1,1,1,1,1,1,1,1,1,1,1,1,1,1,1,4),(0.,
    2.766464139392,5.568319295326,8.177275145496,10.425160909405,
    12.698001103747,14.813706991925,16.784063111389,18.483896399813,
    20.207074900357,21.81810245116,23.327840693167,24.640860133639,
    25.985974841284,27.260500260188,28.473662841808,29.546573791048,
    30.665502050481,31.746604132965,32.796723932319,33.744037531687,
    34.751762028128,35.745458780463,36.730106112805,37.635070035337,
    38.615335519513,39.599805338773,40.592877392801,41.521106716853,
    42.54355210237,43.588460947472,44.661307186429,45.681682040739,
    46.825929386569,48.018033969658,49.266638650819,50.477859791669,
    51.863921967174,53.33914083985,54.917675284274,56.480212616324,
    58.303578905337,60.281721918016,62.435877257802,64.600562295301,
    67.15990258556,69.968318443063,73.053194077155),.UNSPECIFIED.);
#9538 = CARTESIAN_POINT('',(-5.816194003237,9.880760870129));
#9539 = CARTESIAN_POINT('',(-6.644893632948,9.514229607782));
#9540 = CARTESIAN_POINT('',(-8.352347400098,8.726866094648));
#9541 = CARTESIAN_POINT('',(-10.8879937497,7.7482593467));
#9542 = CARTESIAN_POINT('',(-13.30955134065,6.930325714986));
#9543 = CARTESIAN_POINT('',(-15.59647271426,6.282227562072));
#9544 = CARTESIAN_POINT('',(-17.75309560005,5.784587849339));
#9545 = CARTESIAN_POINT('',(-19.84232219723,5.420650667977));
#9546 = CARTESIAN_POINT('',(-21.75917145835,5.197909862873));
#9547 = CARTESIAN_POINT('',(-23.5548404339,5.09325654643));
#9548 = CARTESIAN_POINT('',(-25.23398865028,5.096182803092));
#9549 = CARTESIAN_POINT('',(-26.84626796173,5.204221968676));
#9550 = CARTESIAN_POINT('',(-28.31151949602,5.40645938795));
#9551 = CARTESIAN_POINT('',(-29.67345682684,5.684731680676));
#9552 = CARTESIAN_POINT('',(-30.93940402072,6.029671265133));
#9553 = CARTESIAN_POINT('',(-32.14271777302,6.463046947933));
#9554 = CARTESIAN_POINT('',(-33.22509717163,6.953135511264));
#9555 = CARTESIAN_POINT('',(-34.21990980166,7.501765821777));
#9556 = CARTESIAN_POINT('',(-35.13155786663,8.103348380965));
#9557 = CARTESIAN_POINT('',(-35.98423564359,8.773662220142));
#9558 = CARTESIAN_POINT('',(-36.73688982299,9.472911294482));
#9559 = CARTESIAN_POINT('',(-37.4159329875,10.210562413316));
#9560 = CARTESIAN_POINT('',(-38.0251375478,10.983223783895));
#9561 = CARTESIAN_POINT('',(-38.57970852519,11.810920694616));
#9562 = CARTESIAN_POINT('',(-39.0538491695,12.647944644491));
#9563 = CARTESIAN_POINT('',(-39.46651697433,13.511727729372));
#9564 = CARTESIAN_POINT('',(-39.81986461885,14.401480006344));
#9565 = CARTESIAN_POINT('',(-40.12055972449,15.341220066294));
#9566 = CARTESIAN_POINT('',(-40.35376691334,16.282054297583));
#9567 = CARTESIAN_POINT('',(-40.52956210035,17.248008569068));
#9568 = CARTESIAN_POINT('',(-40.6468681278,18.24033408098));
#9569 = CARTESIAN_POINT('',(-40.7025716469,19.286301750346));
#9570 = CARTESIAN_POINT('',(-40.6907735466,20.333018059347));
#9571 = CARTESIAN_POINT('',(-40.61154097701,21.40988875719));
#9572 = CARTESIAN_POINT('',(-40.45958624132,22.51924911683));
#9573 = CARTESIAN_POINT('',(-40.22011819032,23.690861718162));
#9574 = CARTESIAN_POINT('',(-39.8983432551,24.865796011915));
#9575 = CARTESIAN_POINT('',(-39.48238287774,26.079196979185));
#9576 = CARTESIAN_POINT('',(-38.96213597384,27.334096898428));
#9577 = CARTESIAN_POINT('',(-38.30844168994,28.662941662182));
#9578 = CARTESIAN_POINT('',(-37.54361104377,29.999288568651));
#9579 = CARTESIAN_POINT('',(-36.63900690952,31.386012320233));
#9580 = CARTESIAN_POINT('',(-35.57899905132,32.82677755251));
#9581 = CARTESIAN_POINT('',(-34.31357817388,34.359454096698));
#9582 = CARTESIAN_POINT('',(-32.89798423797,35.902743138997));
#9583 = CARTESIAN_POINT('',(-31.25032875088,37.531403832696));
#9584 = CARTESIAN_POINT('',(-29.47162515096,39.150485003839));
#9585 = CARTESIAN_POINT('',(-26.93964605503,41.240079304722));
#9586 = CARTESIAN_POINT('',(-26.36793151795,41.640230451155));
#9587 = CARTESIAN_POINT('',(-24.84388483054,42.806782149136));
#9588 = ( GEOMETRIC_REPRESENTATION_CONTEXT(2) 
PARAMETRIC_REPRESENTATION_CONTEXT() REPRESENTATION_CONTEXT('2D SPACE',''
  ) );
#9589 = PCURVE('',#4691,#9590);
#9590 = DEFINITIONAL_REPRESENTATION('',(#9591),#9595);
#9591 = LINE('',#9592,#9593);
#9592 = CARTESIAN_POINT('',(0.,-22.4));
#9593 = VECTOR('',#9594,1.);
#9594 = DIRECTION('',(1.,0.));
#9595 = ( GEOMETRIC_REPRESENTATION_CONTEXT(2) 
PARAMETRIC_REPRESENTATION_CONTEXT() REPRESENTATION_CONTEXT('2D SPACE',''
  ) );
#9596 = ORIENTED_EDGE('',*,*,#9597,.F.);
#9597 = EDGE_CURVE('',#9598,#9481,#9600,.T.);
#9598 = VERTEX_POINT('',#9599);
#9599 = CARTESIAN_POINT('',(-12.01969306091,7.051107079368,22.4));
#9600 = SURFACE_CURVE('',#9601,(#9605,#9612),.PCURVE_S1.);
#9601 = LINE('',#9602,#9603);
#9602 = CARTESIAN_POINT('',(-12.01969306091,7.051107079368,22.4));
#9603 = VECTOR('',#9604,1.);
#9604 = DIRECTION('',(0.88745597613,0.460892493355,0.));
#9605 = PCURVE('',#198,#9606);
#9606 = DEFINITIONAL_REPRESENTATION('',(#9607),#9611);
#9607 = LINE('',#9608,#9609);
#9608 = CARTESIAN_POINT('',(-12.01969306091,7.051107079368));
#9609 = VECTOR('',#9610,1.);
#9610 = DIRECTION('',(0.88745597613,0.460892493355));
#9611 = ( GEOMETRIC_REPRESENTATION_CONTEXT(2) 
PARAMETRIC_REPRESENTATION_CONTEXT() REPRESENTATION_CONTEXT('2D SPACE',''
  ) );
#9612 = PCURVE('',#4815,#9613);
#9613 = DEFINITIONAL_REPRESENTATION('',(#9614),#9618);
#9614 = LINE('',#9615,#9616);
#9615 = CARTESIAN_POINT('',(0.,-22.4));
#9616 = VECTOR('',#9617,1.);
#9617 = DIRECTION('',(1.,0.));
#9618 = ( GEOMETRIC_REPRESENTATION_CONTEXT(2) 
PARAMETRIC_REPRESENTATION_CONTEXT() REPRESENTATION_CONTEXT('2D SPACE',''
  ) );
#9619 = ORIENTED_EDGE('',*,*,#9620,.F.);
#9620 = EDGE_CURVE('',#9621,#9598,#9623,.T.);
#9621 = VERTEX_POINT('',#9622);
#9622 = CARTESIAN_POINT('',(-41.08563770057,23.850181619853,22.4));
#9623 = SURFACE_CURVE('',#9624,(#9675,#9729),.PCURVE_S1.);
#9624 = B_SPLINE_CURVE_WITH_KNOTS('',3,(#9625,#9626,#9627,#9628,#9629,
    #9630,#9631,#9632,#9633,#9634,#9635,#9636,#9637,#9638,#9639,#9640,
    #9641,#9642,#9643,#9644,#9645,#9646,#9647,#9648,#9649,#9650,#9651,
    #9652,#9653,#9654,#9655,#9656,#9657,#9658,#9659,#9660,#9661,#9662,
    #9663,#9664,#9665,#9666,#9667,#9668,#9669,#9670,#9671,#9672,#9673,
    #9674),.UNSPECIFIED.,.F.,.F.,(4,1,1,1,1,1,1,1,1,1,1,1,1,1,1,1,1,1,1,
    1,1,1,1,1,1,1,1,1,1,1,1,1,1,1,1,1,1,1,1,1,1,1,1,1,1,1,1,4),(0.,
    3.010134173011,5.734866089906,8.204243200285,10.280216915947,
    12.332164523515,14.201956865391,15.911237845672,17.363900720308,
    18.819208714806,20.167747400886,21.42468716853,22.515414853025,
    23.632925452475,24.694050367351,25.707901186754,26.608581862701,
    27.552388564938,28.468532489134,29.361872223827,30.169943636586,
    31.030962627216,31.880548884696,32.72227944396,33.495545472128,
    34.332992621126,35.174663745336,36.025783427864,36.825011523752,
    37.711824801461,38.627874308414,39.58148948206,40.502911686362,
    41.554574841448,42.671594637474,43.864256147866,45.041219012251,
    46.408073524505,47.880684921353,49.469922617188,51.049935999727,
    52.894334824252,54.887680127977,57.041280206621,59.18142193199,
    61.675679145654,64.364419403117,67.031728548195),.UNSPECIFIED.);
#9625 = CARTESIAN_POINT('',(-41.08563770057,23.850181619853,22.4));
#9626 = CARTESIAN_POINT('',(-41.46464867126,22.938332135406,22.4));
#9627 = CARTESIAN_POINT('',(-42.23395186098,21.163130514959,22.4));
#9628 = CARTESIAN_POINT('',(-43.17217684708,18.601783235794,22.4));
#9629 = CARTESIAN_POINT('',(-43.91793017513,16.293390226183,22.4));
#9630 = CARTESIAN_POINT('',(-44.49686796448,14.171495857912,22.4));
#9631 = CARTESIAN_POINT('',(-44.93190906164,12.219185074295,22.4));
#9632 = CARTESIAN_POINT('',(-45.24317538223,10.367263236389,22.4));
#9633 = CARTESIAN_POINT('',(-45.42886610224,8.699387147197,22.4));
#9634 = CARTESIAN_POINT('',(-45.51275965803,7.161839610024,22.4));
#9635 = CARTESIAN_POINT('',(-45.50759709289,5.742099491519,22.4));
#9636 = CARTESIAN_POINT('',(-45.41785900895,4.390579828522,22.4));
#9637 = CARTESIAN_POINT('',(-45.25745311143,3.168112538737,22.4));
#9638 = CARTESIAN_POINT('',(-45.0354906316,2.033887352887,22.4));
#9639 = CARTESIAN_POINT('',(-44.75914012728,0.978897551494,22.4));
#9640 = CARTESIAN_POINT('',(-44.4222298205,-3.132178123365E-02,22.4));
#9641 = CARTESIAN_POINT('',(-44.04723904573,-0.950367029506,22.4));
#9642 = CARTESIAN_POINT('',(-43.6324829755,-1.808748455452,22.4));
#9643 = CARTESIAN_POINT('',(-43.18111342381,-2.611400516349,22.4));
#9644 = CARTESIAN_POINT('',(-42.68031190524,-3.381232221976,22.4));
#9645 = CARTESIAN_POINT('',(-42.15803312625,-4.080940655235,22.4));
#9646 = CARTESIAN_POINT('',(-41.60513172908,-4.73263925928,22.4));
#9647 = CARTESIAN_POINT('',(-41.02236735505,-5.337855591533,22.4));
#9648 = CARTESIAN_POINT('',(-40.3922454647,-5.910443784111,22.4));
#9649 = CARTESIAN_POINT('',(-39.74740920504,-6.420538034273,22.4));
#9650 = CARTESIAN_POINT('',(-39.07297498895,-6.883518898962,22.4));
#9651 = CARTESIAN_POINT('',(-38.36779785674,-7.298486644326,22.4));
#9652 = CARTESIAN_POINT('',(-37.61019225336,-7.67096651686,22.4));
#9653 = CARTESIAN_POINT('',(-36.83783978093,-7.979078415385,22.4));
#9654 = CARTESIAN_POINT('',(-36.02996431629,-8.231773277157,22.4));
#9655 = CARTESIAN_POINT('',(-35.18349977364,-8.42550097466,22.4));
#9656 = CARTESIAN_POINT('',(-34.27296123684,-8.556164117265,22.4));
#9657 = CARTESIAN_POINT('',(-33.34316538474,-8.611612608317,22.4));
#9658 = CARTESIAN_POINT('',(-32.36688876422,-8.592258217678,22.4));
#9659 = CARTESIAN_POINT('',(-31.3406708785,-8.490936763974,22.4));
#9660 = CARTESIAN_POINT('',(-30.23705258033,-8.291249467091,22.4));
#9661 = CARTESIAN_POINT('',(-29.11106409302,-7.998405067358,22.4));
#9662 = CARTESIAN_POINT('',(-27.93348777226,-7.589078170952,22.4));
#9663 = CARTESIAN_POINT('',(-26.70429423241,-7.055581640139,22.4));
#9664 = CARTESIAN_POINT('',(-25.39168224551,-6.377765038857,22.4));
#9665 = CARTESIAN_POINT('',(-24.06574782784,-5.578185203553,22.4));
#9666 = CARTESIAN_POINT('',(-22.68790584342,-4.630789307926,22.4));
#9667 = CARTESIAN_POINT('',(-21.26043965193,-3.523364729133,22.4));
#9668 = CARTESIAN_POINT('',(-19.75301775798,-2.209846404675,22.4));
#9669 = CARTESIAN_POINT('',(-18.25218231914,-0.753333871887,22.4));
#9670 = CARTESIAN_POINT('',(-16.69620364759,0.919557641022,22.4));
#9671 = CARTESIAN_POINT('',(-15.17553205072,2.707838975062,22.4));
#9672 = CARTESIAN_POINT('',(-13.35009044419,5.099203627213,22.4));
#9673 = CARTESIAN_POINT('',(-12.91100078668,5.776592839161,22.4));
#9674 = CARTESIAN_POINT('',(-12.01969306091,7.051107079368,22.4));
#9675 = PCURVE('',#198,#9676);
#9676 = DEFINITIONAL_REPRESENTATION('',(#9677),#9728);
#9677 = B_SPLINE_CURVE_WITH_KNOTS('',3,(#9678,#9679,#9680,#9681,#9682,
    #9683,#9684,#9685,#9686,#9687,#9688,#9689,#9690,#9691,#9692,#9693,
    #9694,#9695,#9696,#9697,#9698,#9699,#9700,#9701,#9702,#9703,#9704,
    #9705,#9706,#9707,#9708,#9709,#9710,#9711,#9712,#9713,#9714,#9715,
    #9716,#9717,#9718,#9719,#9720,#9721,#9722,#9723,#9724,#9725,#9726,
    #9727),.UNSPECIFIED.,.F.,.F.,(4,1,1,1,1,1,1,1,1,1,1,1,1,1,1,1,1,1,1,
    1,1,1,1,1,1,1,1,1,1,1,1,1,1,1,1,1,1,1,1,1,1,1,1,1,1,1,1,4),(0.,
    3.010134173011,5.734866089906,8.204243200285,10.280216915947,
    12.332164523515,14.201956865391,15.911237845672,17.363900720308,
    18.819208714806,20.167747400886,21.42468716853,22.515414853025,
    23.632925452475,24.694050367351,25.707901186754,26.608581862701,
    27.552388564938,28.468532489134,29.361872223827,30.169943636586,
    31.030962627216,31.880548884696,32.72227944396,33.495545472128,
    34.332992621126,35.174663745336,36.025783427864,36.825011523752,
    37.711824801461,38.627874308414,39.58148948206,40.502911686362,
    41.554574841448,42.671594637474,43.864256147866,45.041219012251,
    46.408073524505,47.880684921353,49.469922617188,51.049935999727,
    52.894334824252,54.887680127977,57.041280206621,59.18142193199,
    61.675679145654,64.364419403117,67.031728548195),.UNSPECIFIED.);
#9678 = CARTESIAN_POINT('',(-41.08563770057,23.850181619853));
#9679 = CARTESIAN_POINT('',(-41.46464867126,22.938332135406));
#9680 = CARTESIAN_POINT('',(-42.23395186098,21.163130514959));
#9681 = CARTESIAN_POINT('',(-43.17217684708,18.601783235794));
#9682 = CARTESIAN_POINT('',(-43.91793017513,16.293390226183));
#9683 = CARTESIAN_POINT('',(-44.49686796448,14.171495857912));
#9684 = CARTESIAN_POINT('',(-44.93190906164,12.219185074295));
#9685 = CARTESIAN_POINT('',(-45.24317538223,10.367263236389));
#9686 = CARTESIAN_POINT('',(-45.42886610224,8.699387147197));
#9687 = CARTESIAN_POINT('',(-45.51275965803,7.161839610024));
#9688 = CARTESIAN_POINT('',(-45.50759709289,5.742099491519));
#9689 = CARTESIAN_POINT('',(-45.41785900895,4.390579828522));
#9690 = CARTESIAN_POINT('',(-45.25745311143,3.168112538737));
#9691 = CARTESIAN_POINT('',(-45.0354906316,2.033887352887));
#9692 = CARTESIAN_POINT('',(-44.75914012728,0.978897551494));
#9693 = CARTESIAN_POINT('',(-44.4222298205,-3.132178123365E-02));
#9694 = CARTESIAN_POINT('',(-44.04723904573,-0.950367029506));
#9695 = CARTESIAN_POINT('',(-43.6324829755,-1.808748455452));
#9696 = CARTESIAN_POINT('',(-43.18111342381,-2.611400516349));
#9697 = CARTESIAN_POINT('',(-42.68031190524,-3.381232221976));
#9698 = CARTESIAN_POINT('',(-42.15803312625,-4.080940655235));
#9699 = CARTESIAN_POINT('',(-41.60513172908,-4.73263925928));
#9700 = CARTESIAN_POINT('',(-41.02236735505,-5.337855591533));
#9701 = CARTESIAN_POINT('',(-40.3922454647,-5.910443784111));
#9702 = CARTESIAN_POINT('',(-39.74740920504,-6.420538034273));
#9703 = CARTESIAN_POINT('',(-39.07297498895,-6.883518898962));
#9704 = CARTESIAN_POINT('',(-38.36779785674,-7.298486644326));
#9705 = CARTESIAN_POINT('',(-37.61019225336,-7.67096651686));
#9706 = CARTESIAN_POINT('',(-36.83783978093,-7.979078415385));
#9707 = CARTESIAN_POINT('',(-36.02996431629,-8.231773277157));
#9708 = CARTESIAN_POINT('',(-35.18349977364,-8.42550097466));
#9709 = CARTESIAN_POINT('',(-34.27296123684,-8.556164117265));
#9710 = CARTESIAN_POINT('',(-33.34316538474,-8.611612608317));
#9711 = CARTESIAN_POINT('',(-32.36688876422,-8.592258217678));
#9712 = CARTESIAN_POINT('',(-31.3406708785,-8.490936763974));
#9713 = CARTESIAN_POINT('',(-30.23705258033,-8.291249467091));
#9714 = CARTESIAN_POINT('',(-29.11106409302,-7.998405067358));
#9715 = CARTESIAN_POINT('',(-27.93348777226,-7.589078170952));
#9716 = CARTESIAN_POINT('',(-26.70429423241,-7.055581640139));
#9717 = CARTESIAN_POINT('',(-25.39168224551,-6.377765038858));
#9718 = CARTESIAN_POINT('',(-24.06574782784,-5.578185203553));
#9719 = CARTESIAN_POINT('',(-22.68790584342,-4.630789307926));
#9720 = CARTESIAN_POINT('',(-21.26043965193,-3.523364729133));
#9721 = CARTESIAN_POINT('',(-19.75301775798,-2.209846404675));
#9722 = CARTESIAN_POINT('',(-18.25218231914,-0.753333871887));
#9723 = CARTESIAN_POINT('',(-16.69620364759,0.919557641022));
#9724 = CARTESIAN_POINT('',(-15.17553205072,2.707838975062));
#9725 = CARTESIAN_POINT('',(-13.35009044419,5.099203627213));
#9726 = CARTESIAN_POINT('',(-12.91100078668,5.776592839161));
#9727 = CARTESIAN_POINT('',(-12.01969306091,7.051107079368));
#9728 = ( GEOMETRIC_REPRESENTATION_CONTEXT(2) 
PARAMETRIC_REPRESENTATION_CONTEXT() REPRESENTATION_CONTEXT('2D SPACE',''
  ) );
#9729 = PCURVE('',#4937,#9730);
#9730 = DEFINITIONAL_REPRESENTATION('',(#9731),#9735);
#9731 = LINE('',#9732,#9733);
#9732 = CARTESIAN_POINT('',(0.,-22.4));
#9733 = VECTOR('',#9734,1.);
#9734 = DIRECTION('',(1.,0.));
#9735 = ( GEOMETRIC_REPRESENTATION_CONTEXT(2) 
PARAMETRIC_REPRESENTATION_CONTEXT() REPRESENTATION_CONTEXT('2D SPACE',''
  ) );
#9736 = ORIENTED_EDGE('',*,*,#9737,.F.);
#9737 = EDGE_CURVE('',#9738,#9621,#9740,.T.);
#9738 = VERTEX_POINT('',#9739);
#9739 = CARTESIAN_POINT('',(-39.17692093655,28.442503209389,22.4));
#9740 = SURFACE_CURVE('',#9741,(#9745,#9752),.PCURVE_S1.);
#9741 = LINE('',#9742,#9743);
#9742 = CARTESIAN_POINT('',(-36.69590941308,34.411750715304,22.4));
#9743 = VECTOR('',#9744,1.);
#9744 = DIRECTION('',(-0.383801307059,-0.923415700917,0.));
#9745 = PCURVE('',#198,#9746);
#9746 = DEFINITIONAL_REPRESENTATION('',(#9747),#9751);
#9747 = LINE('',#9748,#9749);
#9748 = CARTESIAN_POINT('',(-36.69590941308,34.411750715304));
#9749 = VECTOR('',#9750,1.);
#9750 = DIRECTION('',(-0.383801307059,-0.923415700917));
#9751 = ( GEOMETRIC_REPRESENTATION_CONTEXT(2) 
PARAMETRIC_REPRESENTATION_CONTEXT() REPRESENTATION_CONTEXT('2D SPACE',''
  ) );
#9752 = PCURVE('',#5061,#9753);
#9753 = DEFINITIONAL_REPRESENTATION('',(#9754),#9758);
#9754 = LINE('',#9755,#9756);
#9755 = CARTESIAN_POINT('',(-6.094433791486,-22.4));
#9756 = VECTOR('',#9757,1.);
#9757 = DIRECTION('',(1.,0.));
#9758 = ( GEOMETRIC_REPRESENTATION_CONTEXT(2) 
PARAMETRIC_REPRESENTATION_CONTEXT() REPRESENTATION_CONTEXT('2D SPACE',''
  ) );
#9759 = ORIENTED_EDGE('',*,*,#9760,.F.);
#9760 = EDGE_CURVE('',#9457,#9738,#9761,.T.);
#9761 = SURFACE_CURVE('',#9762,(#9767,#9774),.PCURVE_S1.);
#9762 = CIRCLE('',#9763,3.);
#9763 = AXIS2_PLACEMENT_3D('',#9764,#9765,#9766);
#9764 = CARTESIAN_POINT('',(-36.4066738338,27.291099288211,22.4));
#9765 = DIRECTION('',(0.,0.,1.));
#9766 = DIRECTION('',(0.,-1.,0.));
#9767 = PCURVE('',#198,#9768);
#9768 = DEFINITIONAL_REPRESENTATION('',(#9769),#9773);
#9769 = CIRCLE('',#9770,3.);
#9770 = AXIS2_PLACEMENT_2D('',#9771,#9772);
#9771 = CARTESIAN_POINT('',(-36.4066738338,27.291099288211));
#9772 = DIRECTION('',(0.,-1.));
#9773 = ( GEOMETRIC_REPRESENTATION_CONTEXT(2) 
PARAMETRIC_REPRESENTATION_CONTEXT() REPRESENTATION_CONTEXT('2D SPACE',''
  ) );
#9774 = PCURVE('',#5088,#9775);
#9775 = DEFINITIONAL_REPRESENTATION('',(#9776),#9780);
#9776 = LINE('',#9777,#9778);
#9777 = CARTESIAN_POINT('',(-4.069132374225,22.4));
#9778 = VECTOR('',#9779,1.);
#9779 = DIRECTION('',(1.,0.));
#9780 = ( GEOMETRIC_REPRESENTATION_CONTEXT(2) 
PARAMETRIC_REPRESENTATION_CONTEXT() REPRESENTATION_CONTEXT('2D SPACE',''
  ) );
#9781 = FACE_BOUND('',#9782,.T.);
#9782 = EDGE_LOOP('',(#9783,#9809,#9926,#9949,#10066,#10089));
#9783 = ORIENTED_EDGE('',*,*,#9784,.F.);
#9784 = EDGE_CURVE('',#9785,#9787,#9789,.T.);
#9785 = VERTEX_POINT('',#9786);
#9786 = CARTESIAN_POINT('',(-13.08017845426,46.702879264608,22.4));
#9787 = VERTEX_POINT('',#9788);
#9788 = CARTESIAN_POINT('',(-19.06269024216,44.596679705236,22.4));
#9789 = SURFACE_CURVE('',#9790,(#9795,#9802),.PCURVE_S1.);
#9790 = CIRCLE('',#9791,48.5);
#9791 = AXIS2_PLACEMENT_3D('',#9792,#9793,#9794);
#9792 = CARTESIAN_POINT('',(0.,0.,22.4));
#9793 = DIRECTION('',(0.,0.,1.));
#9794 = DIRECTION('',(1.,0.,-0.));
#9795 = PCURVE('',#198,#9796);
#9796 = DEFINITIONAL_REPRESENTATION('',(#9797),#9801);
#9797 = CIRCLE('',#9798,48.5);
#9798 = AXIS2_PLACEMENT_2D('',#9799,#9800);
#9799 = CARTESIAN_POINT('',(1.75032336965E-15,-3.209892110372E-15));
#9800 = DIRECTION('',(1.,0.));
#9801 = ( GEOMETRIC_REPRESENTATION_CONTEXT(2) 
PARAMETRIC_REPRESENTATION_CONTEXT() REPRESENTATION_CONTEXT('2D SPACE',''
  ) );
#9802 = PCURVE('',#5121,#9803);
#9803 = DEFINITIONAL_REPRESENTATION('',(#9804),#9808);
#9804 = LINE('',#9805,#9806);
#9805 = CARTESIAN_POINT('',(-0.,-22.4));
#9806 = VECTOR('',#9807,1.);
#9807 = DIRECTION('',(-1.,0.));
#9808 = ( GEOMETRIC_REPRESENTATION_CONTEXT(2) 
PARAMETRIC_REPRESENTATION_CONTEXT() REPRESENTATION_CONTEXT('2D SPACE',''
  ) );
#9809 = ORIENTED_EDGE('',*,*,#9810,.F.);
#9810 = EDGE_CURVE('',#9811,#9785,#9813,.T.);
#9811 = VERTEX_POINT('',#9812);
#9812 = CARTESIAN_POINT('',(-4.624853916871,12.015472425414,22.4));
#9813 = SURFACE_CURVE('',#9814,(#9865,#9919),.PCURVE_S1.);
#9814 = B_SPLINE_CURVE_WITH_KNOTS('',3,(#9815,#9816,#9817,#9818,#9819,
    #9820,#9821,#9822,#9823,#9824,#9825,#9826,#9827,#9828,#9829,#9830,
    #9831,#9832,#9833,#9834,#9835,#9836,#9837,#9838,#9839,#9840,#9841,
    #9842,#9843,#9844,#9845,#9846,#9847,#9848,#9849,#9850,#9851,#9852,
    #9853,#9854,#9855,#9856,#9857,#9858,#9859,#9860,#9861,#9862,#9863,
    #9864),.UNSPECIFIED.,.F.,.F.,(4,1,1,1,1,1,1,1,1,1,1,1,1,1,1,1,1,1,1,
    1,1,1,1,1,1,1,1,1,1,1,1,1,1,1,1,1,1,1,1,1,1,1,1,1,1,1,1,4),(0.,
    2.766464139392,5.568319295326,8.177275145496,10.425160909405,
    12.698001103747,14.813706991925,16.784063111389,18.483896399813,
    20.207074900357,21.81810245116,23.327840693167,24.640860133639,
    25.985974841284,27.260500260188,28.473662841808,29.546573791048,
    30.665502050481,31.746604132965,32.796723932319,33.744037531687,
    34.751762028128,35.745458780463,36.730106112805,37.635070035337,
    38.615335519513,39.599805338773,40.592877392801,41.521106716853,
    42.54355210237,43.588460947472,44.661307186429,45.681682040739,
    46.825929386569,48.018033969658,49.266638650819,50.477859791669,
    51.863921967174,53.33914083985,54.917675284274,56.480212616324,
    58.303578905337,60.281721918016,62.435877257802,64.600562295301,
    67.15990258556,69.968318443063,73.053194077155),.UNSPECIFIED.);
#9815 = CARTESIAN_POINT('',(-9.659132507772E-02,11.465086923869,22.4));
#9816 = CARTESIAN_POINT('',(-0.997531887688,11.562011354251,22.4));
#9817 = CARTESIAN_POINT('',(-2.869911982393,11.733861433439,22.4));
#9818 = CARTESIAN_POINT('',(-5.555149510144,12.154186304207,22.4));
#9819 = CARTESIAN_POINT('',(-8.061246716484,12.656613796004,22.4));
#9820 = CARTESIAN_POINT('',(-10.36582779895,13.238805018243,22.4));
#9821 = CARTESIAN_POINT('',(-12.48233786079,13.886147827978,22.4));
#9822 = CARTESIAN_POINT('',(-14.47362975888,14.615582282124,22.4));
#9823 = CARTESIAN_POINT('',(-16.2450403168,15.381107717009,22.4));
#9824 = CARTESIAN_POINT('',(-17.85246192463,16.188309774152,22.4));
#9825 = CARTESIAN_POINT('',(-19.30518380841,17.030418094951,22.4));
#9826 = CARTESIAN_POINT('',(-20.64743906732,17.930122412672,22.4));
#9827 = CARTESIAN_POINT('',(-21.81526540932,18.837890922507,22.4));
#9828 = CARTESIAN_POINT('',(-22.8556015898,19.759850462584,22.4));
#9829 = CARTESIAN_POINT('',(-23.77947422733,20.691550502438,22.4));
#9830 = CARTESIAN_POINT('',(-24.60488666414,21.668521729273,22.4));
#9831 = CARTESIAN_POINT('',(-25.29721043821,22.634140574527,22.4));
#9832 = CARTESIAN_POINT('',(-25.88442829256,23.606674675732,22.4));
#9833 = CARTESIAN_POINT('',(-26.37314739654,24.58348448695,22.4));
#9834 = CARTESIAN_POINT('',(-26.77643109304,25.590332188661,22.4));
#9835 = CARTESIAN_POINT('',(-27.0786241955,26.572226740316,22.4));
#9836 = CARTESIAN_POINT('',(-27.29786726682,27.550572930613,22.4));
#9837 = CARTESIAN_POINT('',(-27.43912320685,28.524319586207,22.4));
#9838 = CARTESIAN_POINT('',(-27.50554730611,29.518411626219,22.4));
#9839 = CARTESIAN_POINT('',(-27.4976531741,30.480365952539,22.4));
#9840 = CARTESIAN_POINT('',(-27.42314243397,31.43475794982,22.4));
#9841 = CARTESIAN_POINT('',(-27.28427433201,32.381979847014,22.4));
#9842 = CARTESIAN_POINT('',(-27.07481390231,33.346166164706,22.4));
#9843 = CARTESIAN_POINT('',(-26.80636013656,34.277556104178,22.4));
#9844 = CARTESIAN_POINT('',(-26.47562609863,35.201994635684,22.4));
#9845 = CARTESIAN_POINT('',(-26.08105334246,36.120026751544,22.4));
#9846 = CARTESIAN_POINT('',(-25.6063101704,37.053713084303,22.4));
#9847 = CARTESIAN_POINT('',(-25.07273456133,37.954296948307,22.4));
#9848 = CARTESIAN_POINT('',(-24.46568179433,38.847278044432,22.4));
#9849 = CARTESIAN_POINT('',(-23.77940495317,39.732034929987,22.4));
#9850 = CARTESIAN_POINT('',(-22.98621323695,40.626947180634,22.4));
#9851 = CARTESIAN_POINT('',(-22.12008082187,41.483582659192,22.4));
#9852 = CARTESIAN_POINT('',(-21.15314808447,42.326438533146,22.4));
#9853 = CARTESIAN_POINT('',(-20.07515108984,43.153090290469,22.4));
#9854 = CARTESIAN_POINT('',(-18.84461285179,43.977056471612,22.4));
#9855 = CARTESIAN_POINT('',(-17.51407662939,44.751951517801,22.4));
#9856 = CARTESIAN_POINT('',(-16.03730459296,45.500587447575,22.4));
#9857 = CARTESIAN_POINT('',(-14.39892824341,46.218322810518,22.4));
#9858 = CARTESIAN_POINT('',(-12.53670334497,46.912949194845,22.4));
#9859 = CARTESIAN_POINT('',(-10.53911851389,47.541679742908,22.4));
#9860 = CARTESIAN_POINT('',(-8.297876658534,48.12831353425,22.4));
#9861 = CARTESIAN_POINT('',(-5.947933569625,48.641127159287,22.4));
#9862 = CARTESIAN_POINT('',(-2.710378200263,49.184779359494,22.4));
#9863 = CARTESIAN_POINT('',(-2.015183314218,49.245463149114,22.4));
#9864 = CARTESIAN_POINT('',(-0.112044317377,49.49370321069,22.4));
#9865 = PCURVE('',#198,#9866);
#9866 = DEFINITIONAL_REPRESENTATION('',(#9867),#9918);
#9867 = B_SPLINE_CURVE_WITH_KNOTS('',3,(#9868,#9869,#9870,#9871,#9872,
    #9873,#9874,#9875,#9876,#9877,#9878,#9879,#9880,#9881,#9882,#9883,
    #9884,#9885,#9886,#9887,#9888,#9889,#9890,#9891,#9892,#9893,#9894,
    #9895,#9896,#9897,#9898,#9899,#9900,#9901,#9902,#9903,#9904,#9905,
    #9906,#9907,#9908,#9909,#9910,#9911,#9912,#9913,#9914,#9915,#9916,
    #9917),.UNSPECIFIED.,.F.,.F.,(4,1,1,1,1,1,1,1,1,1,1,1,1,1,1,1,1,1,1,
    1,1,1,1,1,1,1,1,1,1,1,1,1,1,1,1,1,1,1,1,1,1,1,1,1,1,1,1,4),(0.,
    2.766464139392,5.568319295326,8.177275145496,10.425160909405,
    12.698001103747,14.813706991925,16.784063111389,18.483896399813,
    20.207074900357,21.81810245116,23.327840693167,24.640860133639,
    25.985974841284,27.260500260188,28.473662841808,29.546573791048,
    30.665502050481,31.746604132965,32.796723932319,33.744037531687,
    34.751762028128,35.745458780463,36.730106112805,37.635070035337,
    38.615335519513,39.599805338773,40.592877392801,41.521106716853,
    42.54355210237,43.588460947472,44.661307186429,45.681682040739,
    46.825929386569,48.018033969658,49.266638650819,50.477859791669,
    51.863921967174,53.33914083985,54.917675284274,56.480212616324,
    58.303578905337,60.281721918016,62.435877257802,64.600562295301,
    67.15990258556,69.968318443063,73.053194077155),.UNSPECIFIED.);
#9868 = CARTESIAN_POINT('',(-9.659132507772E-02,11.465086923869));
#9869 = CARTESIAN_POINT('',(-0.997531887688,11.562011354251));
#9870 = CARTESIAN_POINT('',(-2.869911982393,11.733861433439));
#9871 = CARTESIAN_POINT('',(-5.555149510144,12.154186304207));
#9872 = CARTESIAN_POINT('',(-8.061246716484,12.656613796004));
#9873 = CARTESIAN_POINT('',(-10.36582779895,13.238805018243));
#9874 = CARTESIAN_POINT('',(-12.48233786079,13.886147827978));
#9875 = CARTESIAN_POINT('',(-14.47362975888,14.615582282124));
#9876 = CARTESIAN_POINT('',(-16.2450403168,15.381107717009));
#9877 = CARTESIAN_POINT('',(-17.85246192463,16.188309774152));
#9878 = CARTESIAN_POINT('',(-19.30518380841,17.030418094951));
#9879 = CARTESIAN_POINT('',(-20.64743906732,17.930122412672));
#9880 = CARTESIAN_POINT('',(-21.81526540932,18.837890922507));
#9881 = CARTESIAN_POINT('',(-22.8556015898,19.759850462584));
#9882 = CARTESIAN_POINT('',(-23.77947422733,20.691550502438));
#9883 = CARTESIAN_POINT('',(-24.60488666414,21.668521729273));
#9884 = CARTESIAN_POINT('',(-25.29721043821,22.634140574527));
#9885 = CARTESIAN_POINT('',(-25.88442829256,23.606674675732));
#9886 = CARTESIAN_POINT('',(-26.37314739654,24.58348448695));
#9887 = CARTESIAN_POINT('',(-26.77643109304,25.590332188661));
#9888 = CARTESIAN_POINT('',(-27.0786241955,26.572226740316));
#9889 = CARTESIAN_POINT('',(-27.29786726682,27.550572930613));
#9890 = CARTESIAN_POINT('',(-27.43912320685,28.524319586207));
#9891 = CARTESIAN_POINT('',(-27.50554730611,29.518411626219));
#9892 = CARTESIAN_POINT('',(-27.4976531741,30.480365952539));
#9893 = CARTESIAN_POINT('',(-27.42314243397,31.43475794982));
#9894 = CARTESIAN_POINT('',(-27.28427433201,32.381979847014));
#9895 = CARTESIAN_POINT('',(-27.07481390231,33.346166164706));
#9896 = CARTESIAN_POINT('',(-26.80636013656,34.277556104178));
#9897 = CARTESIAN_POINT('',(-26.47562609863,35.201994635684));
#9898 = CARTESIAN_POINT('',(-26.08105334246,36.120026751544));
#9899 = CARTESIAN_POINT('',(-25.6063101704,37.053713084303));
#9900 = CARTESIAN_POINT('',(-25.07273456133,37.954296948307));
#9901 = CARTESIAN_POINT('',(-24.46568179433,38.847278044432));
#9902 = CARTESIAN_POINT('',(-23.77940495317,39.732034929987));
#9903 = CARTESIAN_POINT('',(-22.98621323695,40.626947180634));
#9904 = CARTESIAN_POINT('',(-22.12008082187,41.483582659192));
#9905 = CARTESIAN_POINT('',(-21.15314808447,42.326438533146));
#9906 = CARTESIAN_POINT('',(-20.07515108984,43.153090290469));
#9907 = CARTESIAN_POINT('',(-18.84461285179,43.977056471612));
#9908 = CARTESIAN_POINT('',(-17.51407662939,44.751951517801));
#9909 = CARTESIAN_POINT('',(-16.03730459296,45.500587447575));
#9910 = CARTESIAN_POINT('',(-14.39892824341,46.218322810518));
#9911 = CARTESIAN_POINT('',(-12.53670334497,46.912949194845));
#9912 = CARTESIAN_POINT('',(-10.53911851389,47.541679742908));
#9913 = CARTESIAN_POINT('',(-8.297876658534,48.12831353425));
#9914 = CARTESIAN_POINT('',(-5.947933569625,48.641127159287));
#9915 = CARTESIAN_POINT('',(-2.710378200263,49.184779359494));
#9916 = CARTESIAN_POINT('',(-2.015183314218,49.245463149114));
#9917 = CARTESIAN_POINT('',(-0.112044317377,49.49370321069));
#9918 = ( GEOMETRIC_REPRESENTATION_CONTEXT(2) 
PARAMETRIC_REPRESENTATION_CONTEXT() REPRESENTATION_CONTEXT('2D SPACE',''
  ) );
#9919 = PCURVE('',#5243,#9920);
#9920 = DEFINITIONAL_REPRESENTATION('',(#9921),#9925);
#9921 = LINE('',#9922,#9923);
#9922 = CARTESIAN_POINT('',(0.,-22.4));
#9923 = VECTOR('',#9924,1.);
#9924 = DIRECTION('',(1.,0.));
#9925 = ( GEOMETRIC_REPRESENTATION_CONTEXT(2) 
PARAMETRIC_REPRESENTATION_CONTEXT() REPRESENTATION_CONTEXT('2D SPACE',''
  ) );
#9926 = ORIENTED_EDGE('',*,*,#9927,.F.);
#9927 = EDGE_CURVE('',#9928,#9811,#9930,.T.);
#9928 = VERTEX_POINT('',#9929);
#9929 = CARTESIAN_POINT('',(-6.883805996763,12.116284385996,22.4));
#9930 = SURFACE_CURVE('',#9931,(#9935,#9942),.PCURVE_S1.);
#9931 = LINE('',#9932,#9933);
#9932 = CARTESIAN_POINT('',(-6.883805996763,12.116284385996,22.4));
#9933 = VECTOR('',#9934,1.);
#9934 = DIRECTION('',(0.999005666746,-4.458338040621E-02,0.));
#9935 = PCURVE('',#198,#9936);
#9936 = DEFINITIONAL_REPRESENTATION('',(#9937),#9941);
#9937 = LINE('',#9938,#9939);
#9938 = CARTESIAN_POINT('',(-6.883805996763,12.116284385996));
#9939 = VECTOR('',#9940,1.);
#9940 = DIRECTION('',(0.999005666746,-4.458338040621E-02));
#9941 = ( GEOMETRIC_REPRESENTATION_CONTEXT(2) 
PARAMETRIC_REPRESENTATION_CONTEXT() REPRESENTATION_CONTEXT('2D SPACE',''
  ) );
#9942 = PCURVE('',#5367,#9943);
#9943 = DEFINITIONAL_REPRESENTATION('',(#9944),#9948);
#9944 = LINE('',#9945,#9946);
#9945 = CARTESIAN_POINT('',(0.,-22.4));
#9946 = VECTOR('',#9947,1.);
#9947 = DIRECTION('',(1.,0.));
#9948 = ( GEOMETRIC_REPRESENTATION_CONTEXT(2) 
PARAMETRIC_REPRESENTATION_CONTEXT() REPRESENTATION_CONTEXT('2D SPACE',''
  ) );
#9949 = ORIENTED_EDGE('',*,*,#9950,.F.);
#9950 = EDGE_CURVE('',#9951,#9928,#9953,.T.);
#9951 = VERTEX_POINT('',#9952);
#9952 = CARTESIAN_POINT('',(-23.65611516945,41.197682017954,22.4));
#9953 = SURFACE_CURVE('',#9954,(#10005,#10059),.PCURVE_S1.);
#9954 = B_SPLINE_CURVE_WITH_KNOTS('',3,(#9955,#9956,#9957,#9958,#9959,
    #9960,#9961,#9962,#9963,#9964,#9965,#9966,#9967,#9968,#9969,#9970,
    #9971,#9972,#9973,#9974,#9975,#9976,#9977,#9978,#9979,#9980,#9981,
    #9982,#9983,#9984,#9985,#9986,#9987,#9988,#9989,#9990,#9991,#9992,
    #9993,#9994,#9995,#9996,#9997,#9998,#9999,#10000,#10001,#10002,
    #10003,#10004),.UNSPECIFIED.,.F.,.F.,(4,1,1,1,1,1,1,1,1,1,1,1,1,1,1,
    1,1,1,1,1,1,1,1,1,1,1,1,1,1,1,1,1,1,1,1,1,1,1,1,1,1,1,1,1,1,1,1,4),(
    0.,3.010134173011,5.734866089906,8.204243200285,10.280216915947,
    12.332164523515,14.201956865391,15.911237845672,17.363900720308,
    18.819208714806,20.167747400886,21.42468716853,22.515414853025,
    23.632925452475,24.694050367351,25.707901186754,26.608581862701,
    27.552388564938,28.468532489134,29.361872223827,30.169943636586,
    31.030962627216,31.880548884696,32.72227944396,33.495545472128,
    34.332992621126,35.174663745336,36.025783427864,36.825011523752,
    37.711824801461,38.627874308414,39.58148948206,40.502911686362,
    41.554574841448,42.671594637474,43.864256147866,45.041219012251,
    46.408073524505,47.880684921353,49.469922617188,51.049935999727,
    52.894334824252,54.887680127977,57.041280206621,59.18142193199,
    61.675679145654,64.364419403117,67.031728548195),.UNSPECIFIED.);
#9955 = CARTESIAN_POINT('',(-23.65611516945,41.197682017954,22.4));
#9956 = CARTESIAN_POINT('',(-24.44027304061,40.59750268534,22.4));
#9957 = CARTESIAN_POINT('',(-25.99410995634,39.444784580053,22.4));
#9958 = CARTESIAN_POINT('',(-28.08731026835,37.695705261432,22.4));
#9959 = CARTESIAN_POINT('',(-29.8873481002,36.069454937216,22.4));
#9960 = CARTESIAN_POINT('',(-31.44967011713,34.521309404821,22.4));
#9961 = CARTESIAN_POINT('',(-32.80258215076,33.048079218703,22.4));
#9962 = CARTESIAN_POINT('',(-33.99810761069,31.599901021549,22.4));
#9963 = CARTESIAN_POINT('',(-34.99285853606,30.248323317952,22.4));
#9964 = CARTESIAN_POINT('',(-35.83428625517,28.958714869125,22.4));
#9965 = CARTESIAN_POINT('',(-36.53968540187,27.726602577159,22.4));
#9966 = CARTESIAN_POINT('',(-37.13772977299,26.511283173321,22.4));
#9967 = CARTESIAN_POINT('',(-37.61004783571,25.372392496309,22.4));
#9968 = CARTESIAN_POINT('',(-37.98493528241,24.279143431836,22.4));
#9969 = CARTESIAN_POINT('',(-38.27310362603,23.227320210941,22.4));
#9970 = CARTESIAN_POINT('',(-38.48644040792,22.18398945201,22.4));
#9971 = CARTESIAN_POINT('',(-38.62121149492,21.200577532397,22.4));
#9972 = CARTESIAN_POINT('',(-38.6912129147,20.249819376274,22.4));
#9973 = CARTESIAN_POINT('',(-38.70164144689,19.32901752529,22.4));
#9974 = CARTESIAN_POINT('',(-38.65285046237,18.411922952298,22.4));
#9975 = CARTESIAN_POINT('',(-38.55039798854,17.544818284358,22.4));
#9976 = CARTESIAN_POINT('',(-38.39742063482,16.70398003906,22.4));
#9977 = CARTESIAN_POINT('',(-38.19534004862,15.888465133527,22.4));
#9978 = CARTESIAN_POINT('',(-37.93593258038,15.07752826767,22.4));
#9979 = CARTESIAN_POINT('',(-37.63253512331,14.313355558876,22.4));
#9980 = CARTESIAN_POINT('',(-37.27994839134,13.575185260546,22.4));
#9981 = CARTESIAN_POINT('',(-36.87673095337,12.863224085207,22.4));
#9982 = CARTESIAN_POINT('',(-36.40686519105,12.161844251501,22.4));
#9983 = CARTESIAN_POINT('',(-35.89204427852,11.508835283954,22.4));
#9984 = CARTESIAN_POINT('',(-35.31875103393,10.886057381937,22.4));
#9985 = CARTESIAN_POINT('',(-34.68255508534,10.295052003154,22.4));
#9986 = CARTESIAN_POINT('',(-33.95933715265,9.726625133919,22.4));
#9987 = CARTESIAN_POINT('',(-33.18183456993,9.213707406018,22.4));
#9988 = CARTESIAN_POINT('',(-32.32667702011,8.742330489725,22.4));
#9989 = CARTESIAN_POINT('',(-31.38728553441,8.316968499722,22.4));
#9990 = CARTESIAN_POINT('',(-30.33168040367,7.93809362255,22.4));
#9991 = CARTESIAN_POINT('',(-29.21012356943,7.628710068421,22.4));
#9992 = CARTESIAN_POINT('',(-27.98564911256,7.394409398782,22.4));
#9993 = CARTESIAN_POINT('',(-26.65438801547,7.241834177369,22.4));
#9994 = CARTESIAN_POINT('',(-25.17872438886,7.172534579738,22.4));
#9995 = CARTESIAN_POINT('',(-23.63064158176,7.202023820633,22.4));
#9996 = CARTESIAN_POINT('',(-21.96369747304,7.333571741476,22.4));
#9997 = CARTESIAN_POINT('',(-20.17376319876,7.578896463739,22.4));
#9998 = CARTESIAN_POINT('',(-18.21153838216,7.962725754083,22.4));
#9999 = CARTESIAN_POINT('',(-16.18352049883,8.473684888989,22.4));
#10000 = CARTESIAN_POINT('',(-13.99955768506,9.144462101168,22.4));
#10001 = CARTESIAN_POINT('',(-11.78847678433,9.932823367122,22.4));
#10002 = CARTESIAN_POINT('',(-9.011915653887,11.091085102334,22.4));
#10003 = CARTESIAN_POINT('',(-8.292958249965,11.458176539373,22.4));
#10004 = CARTESIAN_POINT('',(-6.883805996763,12.116284385996,22.4));
#10005 = PCURVE('',#198,#10006);
#10006 = DEFINITIONAL_REPRESENTATION('',(#10007),#10058);
#10007 = B_SPLINE_CURVE_WITH_KNOTS('',3,(#10008,#10009,#10010,#10011,
    #10012,#10013,#10014,#10015,#10016,#10017,#10018,#10019,#10020,
    #10021,#10022,#10023,#10024,#10025,#10026,#10027,#10028,#10029,
    #10030,#10031,#10032,#10033,#10034,#10035,#10036,#10037,#10038,
    #10039,#10040,#10041,#10042,#10043,#10044,#10045,#10046,#10047,
    #10048,#10049,#10050,#10051,#10052,#10053,#10054,#10055,#10056,
    #10057),.UNSPECIFIED.,.F.,.F.,(4,1,1,1,1,1,1,1,1,1,1,1,1,1,1,1,1,1,1
    ,1,1,1,1,1,1,1,1,1,1,1,1,1,1,1,1,1,1,1,1,1,1,1,1,1,1,1,1,4),(0.,
    3.010134173011,5.734866089906,8.204243200285,10.280216915947,
    12.332164523515,14.201956865391,15.911237845672,17.363900720308,
    18.819208714806,20.167747400886,21.42468716853,22.515414853025,
    23.632925452475,24.694050367351,25.707901186754,26.608581862701,
    27.552388564938,28.468532489134,29.361872223827,30.169943636586,
    31.030962627216,31.880548884696,32.72227944396,33.495545472128,
    34.332992621126,35.174663745336,36.025783427864,36.825011523752,
    37.711824801461,38.627874308414,39.58148948206,40.502911686362,
    41.554574841448,42.671594637474,43.864256147866,45.041219012251,
    46.408073524505,47.880684921353,49.469922617188,51.049935999727,
    52.894334824252,54.887680127977,57.041280206621,59.18142193199,
    61.675679145654,64.364419403117,67.031728548195),.UNSPECIFIED.);
#10008 = CARTESIAN_POINT('',(-23.65611516945,41.197682017954));
#10009 = CARTESIAN_POINT('',(-24.44027304061,40.59750268534));
#10010 = CARTESIAN_POINT('',(-25.99410995634,39.444784580053));
#10011 = CARTESIAN_POINT('',(-28.08731026835,37.695705261432));
#10012 = CARTESIAN_POINT('',(-29.8873481002,36.069454937216));
#10013 = CARTESIAN_POINT('',(-31.44967011713,34.521309404821));
#10014 = CARTESIAN_POINT('',(-32.80258215076,33.048079218703));
#10015 = CARTESIAN_POINT('',(-33.99810761069,31.599901021549));
#10016 = CARTESIAN_POINT('',(-34.99285853606,30.248323317952));
#10017 = CARTESIAN_POINT('',(-35.83428625517,28.958714869125));
#10018 = CARTESIAN_POINT('',(-36.53968540187,27.726602577159));
#10019 = CARTESIAN_POINT('',(-37.13772977299,26.511283173321));
#10020 = CARTESIAN_POINT('',(-37.61004783571,25.372392496309));
#10021 = CARTESIAN_POINT('',(-37.98493528241,24.279143431836));
#10022 = CARTESIAN_POINT('',(-38.27310362603,23.227320210941));
#10023 = CARTESIAN_POINT('',(-38.48644040792,22.18398945201));
#10024 = CARTESIAN_POINT('',(-38.62121149492,21.200577532397));
#10025 = CARTESIAN_POINT('',(-38.6912129147,20.249819376274));
#10026 = CARTESIAN_POINT('',(-38.70164144689,19.32901752529));
#10027 = CARTESIAN_POINT('',(-38.65285046237,18.411922952298));
#10028 = CARTESIAN_POINT('',(-38.55039798854,17.544818284358));
#10029 = CARTESIAN_POINT('',(-38.39742063482,16.70398003906));
#10030 = CARTESIAN_POINT('',(-38.19534004862,15.888465133527));
#10031 = CARTESIAN_POINT('',(-37.93593258038,15.07752826767));
#10032 = CARTESIAN_POINT('',(-37.63253512331,14.313355558876));
#10033 = CARTESIAN_POINT('',(-37.27994839134,13.575185260546));
#10034 = CARTESIAN_POINT('',(-36.87673095337,12.863224085207));
#10035 = CARTESIAN_POINT('',(-36.40686519105,12.161844251501));
#10036 = CARTESIAN_POINT('',(-35.89204427852,11.508835283954));
#10037 = CARTESIAN_POINT('',(-35.31875103393,10.886057381937));
#10038 = CARTESIAN_POINT('',(-34.68255508534,10.295052003154));
#10039 = CARTESIAN_POINT('',(-33.95933715265,9.726625133919));
#10040 = CARTESIAN_POINT('',(-33.18183456993,9.213707406018));
#10041 = CARTESIAN_POINT('',(-32.32667702011,8.742330489725));
#10042 = CARTESIAN_POINT('',(-31.38728553441,8.316968499722));
#10043 = CARTESIAN_POINT('',(-30.33168040367,7.93809362255));
#10044 = CARTESIAN_POINT('',(-29.21012356943,7.628710068421));
#10045 = CARTESIAN_POINT('',(-27.98564911256,7.394409398782));
#10046 = CARTESIAN_POINT('',(-26.65438801547,7.241834177369));
#10047 = CARTESIAN_POINT('',(-25.17872438886,7.172534579738));
#10048 = CARTESIAN_POINT('',(-23.63064158176,7.202023820633));
#10049 = CARTESIAN_POINT('',(-21.96369747304,7.333571741476));
#10050 = CARTESIAN_POINT('',(-20.17376319876,7.578896463739));
#10051 = CARTESIAN_POINT('',(-18.21153838216,7.962725754083));
#10052 = CARTESIAN_POINT('',(-16.18352049883,8.473684888989));
#10053 = CARTESIAN_POINT('',(-13.99955768506,9.144462101168));
#10054 = CARTESIAN_POINT('',(-11.78847678433,9.932823367122));
#10055 = CARTESIAN_POINT('',(-9.011915653887,11.091085102334));
#10056 = CARTESIAN_POINT('',(-8.292958249965,11.458176539373));
#10057 = CARTESIAN_POINT('',(-6.883805996763,12.116284385996));
#10058 = ( GEOMETRIC_REPRESENTATION_CONTEXT(2) 
PARAMETRIC_REPRESENTATION_CONTEXT() REPRESENTATION_CONTEXT('2D SPACE',''
  ) );
#10059 = PCURVE('',#5489,#10060);
#10060 = DEFINITIONAL_REPRESENTATION('',(#10061),#10065);
#10061 = LINE('',#10062,#10063);
#10062 = CARTESIAN_POINT('',(0.,-22.4));
#10063 = VECTOR('',#10064,1.);
#10064 = DIRECTION('',(1.,0.));
#10065 = ( GEOMETRIC_REPRESENTATION_CONTEXT(2) 
PARAMETRIC_REPRESENTATION_CONTEXT() REPRESENTATION_CONTEXT('2D SPACE',''
  ) );
#10066 = ORIENTED_EDGE('',*,*,#10067,.F.);
#10067 = EDGE_CURVE('',#10068,#9951,#10070,.T.);
#10068 = VERTEX_POINT('',#10069);
#10069 = CARTESIAN_POINT('',(-19.70695716841,44.220390794829,22.4));
#10070 = SURFACE_CURVE('',#10071,(#10075,#10082),.PCURVE_S1.);
#10071 = LINE('',#10072,#10073);
#10072 = CARTESIAN_POINT('',(-14.57371440904,48.149405014691,22.4));
#10073 = VECTOR('',#10074,1.);
#10074 = DIRECTION('',(-0.794089532378,-0.607800801718,0.));
#10075 = PCURVE('',#198,#10076);
#10076 = DEFINITIONAL_REPRESENTATION('',(#10077),#10081);
#10077 = LINE('',#10078,#10079);
#10078 = CARTESIAN_POINT('',(-14.57371440904,48.149405014691));
#10079 = VECTOR('',#10080,1.);
#10080 = DIRECTION('',(-0.794089532378,-0.607800801718));
#10081 = ( GEOMETRIC_REPRESENTATION_CONTEXT(2) 
PARAMETRIC_REPRESENTATION_CONTEXT() REPRESENTATION_CONTEXT('2D SPACE',''
  ) );
#10082 = PCURVE('',#5613,#10083);
#10083 = DEFINITIONAL_REPRESENTATION('',(#10084),#10088);
#10084 = LINE('',#10085,#10086);
#10085 = CARTESIAN_POINT('',(-6.094433791482,-22.4));
#10086 = VECTOR('',#10087,1.);
#10087 = DIRECTION('',(1.,0.));
#10088 = ( GEOMETRIC_REPRESENTATION_CONTEXT(2) 
PARAMETRIC_REPRESENTATION_CONTEXT() REPRESENTATION_CONTEXT('2D SPACE',''
  ) );
#10089 = ORIENTED_EDGE('',*,*,#10090,.F.);
#10090 = EDGE_CURVE('',#9787,#10068,#10091,.T.);
#10091 = SURFACE_CURVE('',#10092,(#10097,#10104),.PCURVE_S1.);
#10092 = CIRCLE('',#10093,3.);
#10093 = AXIS2_PLACEMENT_3D('',#10094,#10095,#10096);
#10094 = CARTESIAN_POINT('',(-17.88355476326,41.838122197696,22.4));
#10095 = DIRECTION('',(0.,0.,1.));
#10096 = DIRECTION('',(0.,-1.,0.));
#10097 = PCURVE('',#198,#10098);
#10098 = DEFINITIONAL_REPRESENTATION('',(#10099),#10103);
#10099 = CIRCLE('',#10100,3.);
#10100 = AXIS2_PLACEMENT_2D('',#10101,#10102);
#10101 = CARTESIAN_POINT('',(-17.88355476326,41.838122197696));
#10102 = DIRECTION('',(0.,-1.));
#10103 = ( GEOMETRIC_REPRESENTATION_CONTEXT(2) 
PARAMETRIC_REPRESENTATION_CONTEXT() REPRESENTATION_CONTEXT('2D SPACE',''
  ) );
#10104 = PCURVE('',#5640,#10105);
#10105 = DEFINITIONAL_REPRESENTATION('',(#10106),#10110);
#10106 = LINE('',#10107,#10108);
#10107 = CARTESIAN_POINT('',(-3.545533598627,22.4));
#10108 = VECTOR('',#10109,1.);
#10109 = DIRECTION('',(1.,0.));
#10110 = ( GEOMETRIC_REPRESENTATION_CONTEXT(2) 
PARAMETRIC_REPRESENTATION_CONTEXT() REPRESENTATION_CONTEXT('2D SPACE',''
  ) );
#10111 = FACE_BOUND('',#10112,.T.);
#10112 = EDGE_LOOP('',(#10113,#10139,#10256,#10279,#10396,#10419));
#10113 = ORIENTED_EDGE('',*,*,#10114,.F.);
#10114 = EDGE_CURVE('',#10115,#10117,#10119,.T.);
#10115 = VERTEX_POINT('',#10116);
#10116 = CARTESIAN_POINT('',(12.023672804875,46.985969100161,22.4));
#10117 = VERTEX_POINT('',#10118);
#10118 = CARTESIAN_POINT('',(5.789565838434,48.153202670253,22.4));
#10119 = SURFACE_CURVE('',#10120,(#10125,#10132),.PCURVE_S1.);
#10120 = CIRCLE('',#10121,48.5);
#10121 = AXIS2_PLACEMENT_3D('',#10122,#10123,#10124);
#10122 = CARTESIAN_POINT('',(0.,0.,22.4));
#10123 = DIRECTION('',(0.,0.,1.));
#10124 = DIRECTION('',(1.,0.,-0.));
#10125 = PCURVE('',#198,#10126);
#10126 = DEFINITIONAL_REPRESENTATION('',(#10127),#10131);
#10127 = CIRCLE('',#10128,48.5);
#10128 = AXIS2_PLACEMENT_2D('',#10129,#10130);
#10129 = CARTESIAN_POINT('',(1.75032336965E-15,-3.209892110372E-15));
#10130 = DIRECTION('',(1.,0.));
#10131 = ( GEOMETRIC_REPRESENTATION_CONTEXT(2) 
PARAMETRIC_REPRESENTATION_CONTEXT() REPRESENTATION_CONTEXT('2D SPACE',''
  ) );
#10132 = PCURVE('',#5673,#10133);
#10133 = DEFINITIONAL_REPRESENTATION('',(#10134),#10138);
#10134 = LINE('',#10135,#10136);
#10135 = CARTESIAN_POINT('',(-0.,-22.4));
#10136 = VECTOR('',#10137,1.);
#10137 = DIRECTION('',(-1.,0.));
#10138 = ( GEOMETRIC_REPRESENTATION_CONTEXT(2) 
PARAMETRIC_REPRESENTATION_CONTEXT() REPRESENTATION_CONTEXT('2D SPACE',''
  ) );
#10139 = ORIENTED_EDGE('',*,*,#10140,.F.);
#10140 = EDGE_CURVE('',#10141,#10115,#10143,.T.);
#10141 = VERTEX_POINT('',#10142);
#10142 = CARTESIAN_POINT('',(2.002495231905,12.718131317315,22.4));
#10143 = SURFACE_CURVE('',#10144,(#10195,#10249),.PCURVE_S1.);
#10144 = B_SPLINE_CURVE_WITH_KNOTS('',3,(#10145,#10146,#10147,#10148,
    #10149,#10150,#10151,#10152,#10153,#10154,#10155,#10156,#10157,
    #10158,#10159,#10160,#10161,#10162,#10163,#10164,#10165,#10166,
    #10167,#10168,#10169,#10170,#10171,#10172,#10173,#10174,#10175,
    #10176,#10177,#10178,#10179,#10180,#10181,#10182,#10183,#10184,
    #10185,#10186,#10187,#10188,#10189,#10190,#10191,#10192,#10193,
    #10194),.UNSPECIFIED.,.F.,.F.,(4,1,1,1,1,1,1,1,1,1,1,1,1,1,1,1,1,1,1
    ,1,1,1,1,1,1,1,1,1,1,1,1,1,1,1,1,1,1,1,1,1,1,1,1,1,1,1,1,4),(0.,
    2.766464139392,5.568319295326,8.177275145496,10.425160909405,
    12.698001103747,14.813706991925,16.784063111389,18.483896399813,
    20.207074900357,21.81810245116,23.327840693167,24.640860133639,
    25.985974841284,27.260500260188,28.473662841808,29.546573791048,
    30.665502050481,31.746604132965,32.796723932319,33.744037531687,
    34.751762028128,35.745458780463,36.730106112805,37.635070035337,
    38.615335519513,39.599805338773,40.592877392801,41.521106716853,
    42.54355210237,43.588460947472,44.661307186429,45.681682040739,
    46.825929386569,48.018033969658,49.266638650819,50.477859791669,
    51.863921967174,53.33914083985,54.917675284274,56.480212616324,
    58.303578905337,60.281721918016,62.435877257802,64.600562295301,
    67.15990258556,69.968318443063,73.053194077155),.UNSPECIFIED.);
#10145 = CARTESIAN_POINT('',(5.648892920632,9.977352195207,22.4));
#10146 = CARTESIAN_POINT('',(4.917117721303,10.51176149547,22.4));
#10147 = CARTESIAN_POINT('',(3.381514033342,11.596778077042,22.4));
#10148 = CARTESIAN_POINT('',(1.266192554498,13.303408856845,22.4));
#10149 = CARTESIAN_POINT('',(-0.652937544647,14.99157243147,22.4));
#10150 = CARTESIAN_POINT('',(-2.357667696025,16.648055361023,22.4));
#10151 = CARTESIAN_POINT('',(-3.866947772078,18.266925710132,22.4));
#10152 = CARTESIAN_POINT('',(-5.226739915106,19.894280426866,22.4));
#10153 = CARTESIAN_POINT('',(-6.37806374135,21.442950179676,22.4));
#10154 = CARTESIAN_POINT('',(-7.366530659752,22.945718471064,22.4));
#10155 = CARTESIAN_POINT('',(-8.203570555337,24.401366611504,22.4));
#10156 = CARTESIAN_POINT('',(-8.916145549059,25.851661036001,22.4));
#10157 = CARTESIAN_POINT('',(-9.473628573521,27.221724797273,22.4));
#10158 = CARTESIAN_POINT('',(-9.913606364257,28.540333270482,22.4));
#10159 = CARTESIAN_POINT('',(-10.24785351828,29.809145492467,22.4));
#10160 = CARTESIAN_POINT('',(-10.47419604374,31.067933612077,22.4));
#10161 = CARTESIAN_POINT('',(-10.5909565971,32.250345949474,22.4));
#10162 = CARTESIAN_POINT('',(-10.61323512593,33.386194114341,22.4));
#10163 = CARTESIAN_POINT('',(-10.54807337968,34.476495777513,22.4));
#10164 = CARTESIAN_POINT('',(-10.39390345492,35.550093313185,22.4));
#10165 = CARTESIAN_POINT('',(-10.16466308267,36.551535489985,22.4));
#10166 = CARTESIAN_POINT('',(-9.865360056896,37.508429680137,22.4));
#10167 = CARTESIAN_POINT('',(-9.500817961601,38.422346990747,22.4));
#10168 = CARTESIAN_POINT('',(-9.061296898977,39.316468000727,22.4));
#10169 = CARTESIAN_POINT('',(-8.573483216962,40.145597818599,22.4));
#10170 = CARTESIAN_POINT('',(-8.031759024511,40.934870163346,22.4));
#10171 = CARTESIAN_POINT('',(-7.437884771838,41.685754338355,22.4));
#10172 = CARTESIAN_POINT('',(-6.774393559789,42.41603396861,22.4));
#10173 = CARTESIAN_POINT('',(-6.076210809169,43.088414434146,22.4));
#10174 = CARTESIAN_POINT('',(-5.327567464674,43.723634667703,22.4));
#10175 = CARTESIAN_POINT('',(-4.526841376256,44.321387423441,22.4));
#10176 = CARTESIAN_POINT('',(-3.6488585626,44.892611920748,22.4));
#10177 = CARTESIAN_POINT('',(-2.736476598302,45.405752620677,22.4));
#10178 = CARTESIAN_POINT('',(-1.764262932581,45.875570551521,22.4));
#10179 = CARTESIAN_POINT('',(-0.727551311337,46.298654070009,22.4));
#10180 = CARTESIAN_POINT('',(0.406828990312,46.677074955113,22.4));
#10181 = CARTESIAN_POINT('',(1.585239404088,46.985876833789,22.4));
#10182 = CARTESIAN_POINT('',(2.8440556554,47.232345063664,22.4));
#10183 = CARTESIAN_POINT('',(4.19095431662,47.409247988271,22.4));
#10184 = CARTESIAN_POINT('',(5.668614781671,47.507554513975,22.4));
#10185 = CARTESIAN_POINT('',(7.208340474022,47.51336519804,22.4));
#10186 = CARTESIAN_POINT('',(8.86158053805,47.423316913199,22.4));
#10187 = CARTESIAN_POINT('',(10.639323759191,47.225705795927,22.4));
#10188 = CARTESIAN_POINT('',(12.599371020966,46.896157441672,22.4));
#10189 = CARTESIAN_POINT('',(14.64369550493,46.441861652888,22.4));
#10190 = CARTESIAN_POINT('',(16.877984783365,45.82928049123,22.4));
#10191 = CARTESIAN_POINT('',(19.169502008325,45.098418573464,22.4));
#10192 = CARTESIAN_POINT('',(22.245133304455,43.950457504985,22.4));
#10193 = CARTESIAN_POINT('',(22.877531631162,43.655413765372,22.4));
#10194 = CARTESIAN_POINT('',(24.649818380147,42.918826466513,22.4));
#10195 = PCURVE('',#198,#10196);
#10196 = DEFINITIONAL_REPRESENTATION('',(#10197),#10248);
#10197 = B_SPLINE_CURVE_WITH_KNOTS('',3,(#10198,#10199,#10200,#10201,
    #10202,#10203,#10204,#10205,#10206,#10207,#10208,#10209,#10210,
    #10211,#10212,#10213,#10214,#10215,#10216,#10217,#10218,#10219,
    #10220,#10221,#10222,#10223,#10224,#10225,#10226,#10227,#10228,
    #10229,#10230,#10231,#10232,#10233,#10234,#10235,#10236,#10237,
    #10238,#10239,#10240,#10241,#10242,#10243,#10244,#10245,#10246,
    #10247),.UNSPECIFIED.,.F.,.F.,(4,1,1,1,1,1,1,1,1,1,1,1,1,1,1,1,1,1,1
    ,1,1,1,1,1,1,1,1,1,1,1,1,1,1,1,1,1,1,1,1,1,1,1,1,1,1,1,1,4),(0.,
    2.766464139392,5.568319295326,8.177275145496,10.425160909405,
    12.698001103747,14.813706991925,16.784063111389,18.483896399813,
    20.207074900357,21.81810245116,23.327840693167,24.640860133639,
    25.985974841284,27.260500260188,28.473662841808,29.546573791048,
    30.665502050481,31.746604132965,32.796723932319,33.744037531687,
    34.751762028128,35.745458780463,36.730106112805,37.635070035337,
    38.615335519513,39.599805338773,40.592877392801,41.521106716853,
    42.54355210237,43.588460947472,44.661307186429,45.681682040739,
    46.825929386569,48.018033969658,49.266638650819,50.477859791669,
    51.863921967174,53.33914083985,54.917675284274,56.480212616324,
    58.303578905337,60.281721918016,62.435877257802,64.600562295301,
    67.15990258556,69.968318443063,73.053194077155),.UNSPECIFIED.);
#10198 = CARTESIAN_POINT('',(5.648892920632,9.977352195207));
#10199 = CARTESIAN_POINT('',(4.917117721303,10.51176149547));
#10200 = CARTESIAN_POINT('',(3.381514033342,11.596778077042));
#10201 = CARTESIAN_POINT('',(1.266192554498,13.303408856845));
#10202 = CARTESIAN_POINT('',(-0.652937544647,14.99157243147));
#10203 = CARTESIAN_POINT('',(-2.357667696025,16.648055361023));
#10204 = CARTESIAN_POINT('',(-3.866947772078,18.266925710132));
#10205 = CARTESIAN_POINT('',(-5.226739915106,19.894280426866));
#10206 = CARTESIAN_POINT('',(-6.37806374135,21.442950179676));
#10207 = CARTESIAN_POINT('',(-7.366530659752,22.945718471064));
#10208 = CARTESIAN_POINT('',(-8.203570555337,24.401366611504));
#10209 = CARTESIAN_POINT('',(-8.916145549059,25.851661036001));
#10210 = CARTESIAN_POINT('',(-9.473628573521,27.221724797273));
#10211 = CARTESIAN_POINT('',(-9.913606364257,28.540333270482));
#10212 = CARTESIAN_POINT('',(-10.24785351828,29.809145492467));
#10213 = CARTESIAN_POINT('',(-10.47419604374,31.067933612077));
#10214 = CARTESIAN_POINT('',(-10.5909565971,32.250345949474));
#10215 = CARTESIAN_POINT('',(-10.61323512593,33.386194114341));
#10216 = CARTESIAN_POINT('',(-10.54807337968,34.476495777513));
#10217 = CARTESIAN_POINT('',(-10.39390345492,35.550093313185));
#10218 = CARTESIAN_POINT('',(-10.16466308267,36.551535489985));
#10219 = CARTESIAN_POINT('',(-9.865360056896,37.508429680137));
#10220 = CARTESIAN_POINT('',(-9.500817961601,38.422346990747));
#10221 = CARTESIAN_POINT('',(-9.061296898977,39.316468000727));
#10222 = CARTESIAN_POINT('',(-8.573483216962,40.145597818599));
#10223 = CARTESIAN_POINT('',(-8.031759024511,40.934870163346));
#10224 = CARTESIAN_POINT('',(-7.437884771838,41.685754338355));
#10225 = CARTESIAN_POINT('',(-6.774393559789,42.41603396861));
#10226 = CARTESIAN_POINT('',(-6.076210809169,43.088414434146));
#10227 = CARTESIAN_POINT('',(-5.327567464674,43.723634667703));
#10228 = CARTESIAN_POINT('',(-4.526841376256,44.321387423441));
#10229 = CARTESIAN_POINT('',(-3.6488585626,44.892611920748));
#10230 = CARTESIAN_POINT('',(-2.736476598302,45.405752620677));
#10231 = CARTESIAN_POINT('',(-1.764262932581,45.875570551521));
#10232 = CARTESIAN_POINT('',(-0.727551311337,46.298654070009));
#10233 = CARTESIAN_POINT('',(0.406828990312,46.677074955113));
#10234 = CARTESIAN_POINT('',(1.585239404088,46.985876833789));
#10235 = CARTESIAN_POINT('',(2.8440556554,47.232345063664));
#10236 = CARTESIAN_POINT('',(4.19095431662,47.409247988271));
#10237 = CARTESIAN_POINT('',(5.668614781671,47.507554513975));
#10238 = CARTESIAN_POINT('',(7.208340474022,47.51336519804));
#10239 = CARTESIAN_POINT('',(8.86158053805,47.423316913199));
#10240 = CARTESIAN_POINT('',(10.639323759191,47.225705795927));
#10241 = CARTESIAN_POINT('',(12.599371020966,46.896157441672));
#10242 = CARTESIAN_POINT('',(14.64369550493,46.441861652888));
#10243 = CARTESIAN_POINT('',(16.877984783365,45.82928049123));
#10244 = CARTESIAN_POINT('',(19.169502008325,45.098418573464));
#10245 = CARTESIAN_POINT('',(22.245133304455,43.950457504985));
#10246 = CARTESIAN_POINT('',(22.877531631162,43.655413765372));
#10247 = CARTESIAN_POINT('',(24.649818380147,42.918826466513));
#10248 = ( GEOMETRIC_REPRESENTATION_CONTEXT(2) 
PARAMETRIC_REPRESENTATION_CONTEXT() REPRESENTATION_CONTEXT('2D SPACE',''
  ) );
#10249 = PCURVE('',#5795,#10250);
#10250 = DEFINITIONAL_REPRESENTATION('',(#10251),#10255);
#10251 = LINE('',#10252,#10253);
#10252 = CARTESIAN_POINT('',(0.,-22.4));
#10253 = VECTOR('',#10254,1.);
#10254 = DIRECTION('',(1.,0.));
#10255 = ( GEOMETRIC_REPRESENTATION_CONTEXT(2) 
PARAMETRIC_REPRESENTATION_CONTEXT() REPRESENTATION_CONTEXT('2D SPACE',''
  ) );
#10256 = ORIENTED_EDGE('',*,*,#10257,.F.);
#10257 = EDGE_CURVE('',#10258,#10141,#10260,.T.);
#10258 = VERTEX_POINT('',#10259);
#10259 = CARTESIAN_POINT('',(9.659132507772E-02,13.934913076131,22.4));
#10260 = SURFACE_CURVE('',#10261,(#10265,#10272),.PCURVE_S1.);
#10261 = LINE('',#10262,#10263);
#10262 = CARTESIAN_POINT('',(9.659132507772E-02,13.934913076131,22.4));
#10263 = VECTOR('',#10264,1.);
#10264 = DIRECTION('',(0.842872595724,-0.538113173392,0.));
#10265 = PCURVE('',#198,#10266);
#10266 = DEFINITIONAL_REPRESENTATION('',(#10267),#10271);
#10267 = LINE('',#10268,#10269);
#10268 = CARTESIAN_POINT('',(9.659132507773E-02,13.934913076131));
#10269 = VECTOR('',#10270,1.);
#10270 = DIRECTION('',(0.842872595724,-0.538113173392));
#10271 = ( GEOMETRIC_REPRESENTATION_CONTEXT(2) 
PARAMETRIC_REPRESENTATION_CONTEXT() REPRESENTATION_CONTEXT('2D SPACE',''
  ) );
#10272 = PCURVE('',#5919,#10273);
#10273 = DEFINITIONAL_REPRESENTATION('',(#10274),#10278);
#10274 = LINE('',#10275,#10276);
#10275 = CARTESIAN_POINT('',(0.,-22.4));
#10276 = VECTOR('',#10277,1.);
#10277 = DIRECTION('',(1.,0.));
#10278 = ( GEOMETRIC_REPRESENTATION_CONTEXT(2) 
PARAMETRIC_REPRESENTATION_CONTEXT() REPRESENTATION_CONTEXT('2D SPACE',''
  ) );
#10279 = ORIENTED_EDGE('',*,*,#10280,.F.);
#10280 = EDGE_CURVE('',#10281,#10258,#10283,.T.);
#10281 = VERTEX_POINT('',#10282);
#10282 = CARTESIAN_POINT('',(0.112044317377,47.50629678931,22.4));
#10283 = SURFACE_CURVE('',#10284,(#10335,#10389),.PCURVE_S1.);
#10284 = B_SPLINE_CURVE_WITH_KNOTS('',3,(#10285,#10286,#10287,#10288,
    #10289,#10290,#10291,#10292,#10293,#10294,#10295,#10296,#10297,
    #10298,#10299,#10300,#10301,#10302,#10303,#10304,#10305,#10306,
    #10307,#10308,#10309,#10310,#10311,#10312,#10313,#10314,#10315,
    #10316,#10317,#10318,#10319,#10320,#10321,#10322,#10323,#10324,
    #10325,#10326,#10327,#10328,#10329,#10330,#10331,#10332,#10333,
    #10334),.UNSPECIFIED.,.F.,.F.,(4,1,1,1,1,1,1,1,1,1,1,1,1,1,1,1,1,1,1
    ,1,1,1,1,1,1,1,1,1,1,1,1,1,1,1,1,1,1,1,1,1,1,1,1,1,1,1,1,4),(0.,
    3.010134173011,5.734866089906,8.204243200285,10.280216915947,
    12.332164523515,14.201956865391,15.911237845672,17.363900720308,
    18.819208714806,20.167747400886,21.42468716853,22.515414853025,
    23.632925452475,24.694050367351,25.707901186754,26.608581862701,
    27.552388564938,28.468532489134,29.361872223827,30.169943636586,
    31.030962627216,31.880548884696,32.72227944396,33.495545472128,
    34.332992621126,35.174663745336,36.025783427864,36.825011523752,
    37.711824801461,38.627874308414,39.58148948206,40.502911686362,
    41.554574841448,42.671594637474,43.864256147866,45.041219012251,
    46.408073524505,47.880684921353,49.469922617188,51.049935999727,
    52.894334824252,54.887680127977,57.041280206621,59.18142193199,
    61.675679145654,64.364419403117,67.031728548195),.UNSPECIFIED.);
#10285 = CARTESIAN_POINT('',(0.112044317377,47.50629678931,22.4));
#10286 = CARTESIAN_POINT('',(-0.867145985927,47.378605176017,22.4));
#10287 = CARTESIAN_POINT('',(-2.789167280934,47.157240471303,22.4));
#10288 = CARTESIAN_POINT('',(-5.476471585653,46.689093504147,22.4));
#10289 = CARTESIAN_POINT('',(-7.848475237921,46.180738326391,22.4));
#10290 = CARTESIAN_POINT('',(-9.975558559665,45.621165975043,22.4));
#10291 = CARTESIAN_POINT('',(-11.88382984293,45.021767225061,22.4));
#10292 = CARTESIAN_POINT('',(-13.64327436068,44.365370847082,22.4));
#10293 = CARTESIAN_POINT('',(-15.18054278429,43.692245683265,22.4));
#10294 = CARTESIAN_POINT('',(-16.5540447889,42.996125865202,22.4));
#10295 = CARTESIAN_POINT('',(-17.78099451573,42.28178489339,22.4));
#10296 = CARTESIAN_POINT('',(-18.90657583563,41.528309601515,22.4));
#10297 = CARTESIAN_POINT('',(-19.88506061512,40.77816037445,22.4));
#10298 = CARTESIAN_POINT('',(-20.75634719976,40.018822635305,22.4));
#10299 = CARTESIAN_POINT('',(-21.53181991634,39.252001177527,22.4));
#10300 = CARTESIAN_POINT('',(-22.23824036849,38.455118626687,22.4));
#10301 = CARTESIAN_POINT('',(-22.84666151334,37.670844465421,22.4));
#10302 = CARTESIAN_POINT('',(-23.38266359922,36.882464459251,22.4));
#10303 = CARTESIAN_POINT('',(-23.85209589851,36.090240930542,22.4));
#10304 = CARTESIAN_POINT('',(-24.26838895294,35.2716182404,22.4));
#10305 = CARTESIAN_POINT('',(-24.61321484189,34.469457333306,22.4));
#10306 = CARTESIAN_POINT('',(-24.90115169002,33.664781375549,22.4));
#10307 = CARTESIAN_POINT('',(-25.13390222152,32.857484457088,22.4));
#10308 = CARTESIAN_POINT('',(-25.31471719703,32.025488796271,22.4));
#10309 = CARTESIAN_POINT('',(-25.43405364616,31.211997089044,22.4));
#10310 = CARTESIAN_POINT('',(-25.4977897284,30.396429492387,22.4));
#10311 = CARTESIAN_POINT('',(-25.50457377154,29.578244309047,22.4));
#10312 = CARTESIAN_POINT('',(-25.44834800186,28.7358986742,22.4));
#10313 = CARTESIAN_POINT('',(-25.32900449697,27.912965863135,22.4));
#10314 = CARTESIAN_POINT('',(-25.14390693436,27.086977756782,22.4));
#10315 = CARTESIAN_POINT('',(-24.88844777048,26.257054110686,22.4));
#10316 = CARTESIAN_POINT('',(-24.54633610292,25.40317303539,22.4));
#10317 = CARTESIAN_POINT('',(-24.12945797872,24.570221961615,22.4));
#10318 = CARTESIAN_POINT('',(-23.62455827449,23.73441880244,22.4));
#10319 = CARTESIAN_POINT('',(-23.02370237878,22.896348770442,22.4));
#10320 = CARTESIAN_POINT('',(-22.29895895778,22.040430936586,22.4));
#10321 = CARTESIAN_POINT('',(-21.4823540246,21.211718502075,22.4));
#10322 = CARTESIAN_POINT('',(-20.53907837348,20.396570941608,22.4));
#10323 = CARTESIAN_POINT('',(-19.46246005504,19.598806375332,22.4));
#10324 = CARTESIAN_POINT('',(-18.21914766577,18.800959350008,22.4));
#10325 = CARTESIAN_POINT('',(-16.86372400721,18.052456378211,22.4));
#10326 = CARTESIAN_POINT('',(-15.35433410195,17.332908165115,22.4));
#10327 = CARTESIAN_POINT('',(-13.68154318819,16.650398469633,22.4));
#10328 = CARTESIAN_POINT('',(-11.7902920039,16.001691977485,22.4));
#10329 = CARTESIAN_POINT('',(-9.778497430159,15.430186626944,22.4));
#10330 = CARTESIAN_POINT('',(-7.55174154643,14.91911532609,22.4));
#10331 = CARTESIAN_POINT('',(-5.242708683599,14.4963157594,22.4));
#10332 = CARTESIAN_POINT('',(-2.259005341862,14.1111192811,22.4));
#10333 = CARTESIAN_POINT('',(-1.452824247307,14.069551089127,22.4));
#10334 = CARTESIAN_POINT('',(9.659132507772E-02,13.934913076131,22.4));
#10335 = PCURVE('',#198,#10336);
#10336 = DEFINITIONAL_REPRESENTATION('',(#10337),#10388);
#10337 = B_SPLINE_CURVE_WITH_KNOTS('',3,(#10338,#10339,#10340,#10341,
    #10342,#10343,#10344,#10345,#10346,#10347,#10348,#10349,#10350,
    #10351,#10352,#10353,#10354,#10355,#10356,#10357,#10358,#10359,
    #10360,#10361,#10362,#10363,#10364,#10365,#10366,#10367,#10368,
    #10369,#10370,#10371,#10372,#10373,#10374,#10375,#10376,#10377,
    #10378,#10379,#10380,#10381,#10382,#10383,#10384,#10385,#10386,
    #10387),.UNSPECIFIED.,.F.,.F.,(4,1,1,1,1,1,1,1,1,1,1,1,1,1,1,1,1,1,1
    ,1,1,1,1,1,1,1,1,1,1,1,1,1,1,1,1,1,1,1,1,1,1,1,1,1,1,1,1,4),(0.,
    3.010134173011,5.734866089906,8.204243200285,10.280216915947,
    12.332164523515,14.201956865391,15.911237845672,17.363900720308,
    18.819208714806,20.167747400886,21.42468716853,22.515414853025,
    23.632925452475,24.694050367351,25.707901186754,26.608581862701,
    27.552388564938,28.468532489134,29.361872223827,30.169943636586,
    31.030962627216,31.880548884696,32.72227944396,33.495545472128,
    34.332992621126,35.174663745336,36.025783427864,36.825011523752,
    37.711824801461,38.627874308414,39.58148948206,40.502911686362,
    41.554574841448,42.671594637474,43.864256147866,45.041219012251,
    46.408073524505,47.880684921353,49.469922617188,51.049935999727,
    52.894334824252,54.887680127977,57.041280206621,59.18142193199,
    61.675679145654,64.364419403117,67.031728548195),.UNSPECIFIED.);
#10338 = CARTESIAN_POINT('',(0.112044317377,47.50629678931));
#10339 = CARTESIAN_POINT('',(-0.867145985927,47.378605176017));
#10340 = CARTESIAN_POINT('',(-2.789167280934,47.157240471303));
#10341 = CARTESIAN_POINT('',(-5.476471585653,46.689093504147));
#10342 = CARTESIAN_POINT('',(-7.848475237921,46.180738326391));
#10343 = CARTESIAN_POINT('',(-9.975558559665,45.621165975043));
#10344 = CARTESIAN_POINT('',(-11.88382984293,45.021767225061));
#10345 = CARTESIAN_POINT('',(-13.64327436068,44.365370847082));
#10346 = CARTESIAN_POINT('',(-15.18054278429,43.692245683265));
#10347 = CARTESIAN_POINT('',(-16.5540447889,42.996125865202));
#10348 = CARTESIAN_POINT('',(-17.78099451573,42.28178489339));
#10349 = CARTESIAN_POINT('',(-18.90657583563,41.528309601515));
#10350 = CARTESIAN_POINT('',(-19.88506061512,40.77816037445));
#10351 = CARTESIAN_POINT('',(-20.75634719976,40.018822635305));
#10352 = CARTESIAN_POINT('',(-21.53181991634,39.252001177527));
#10353 = CARTESIAN_POINT('',(-22.23824036849,38.455118626687));
#10354 = CARTESIAN_POINT('',(-22.84666151334,37.670844465421));
#10355 = CARTESIAN_POINT('',(-23.38266359922,36.882464459251));
#10356 = CARTESIAN_POINT('',(-23.85209589851,36.090240930542));
#10357 = CARTESIAN_POINT('',(-24.26838895294,35.2716182404));
#10358 = CARTESIAN_POINT('',(-24.61321484189,34.469457333306));
#10359 = CARTESIAN_POINT('',(-24.90115169002,33.664781375549));
#10360 = CARTESIAN_POINT('',(-25.13390222152,32.857484457088));
#10361 = CARTESIAN_POINT('',(-25.31471719703,32.025488796271));
#10362 = CARTESIAN_POINT('',(-25.43405364616,31.211997089044));
#10363 = CARTESIAN_POINT('',(-25.4977897284,30.396429492387));
#10364 = CARTESIAN_POINT('',(-25.50457377154,29.578244309047));
#10365 = CARTESIAN_POINT('',(-25.44834800186,28.735898674199));
#10366 = CARTESIAN_POINT('',(-25.32900449697,27.912965863135));
#10367 = CARTESIAN_POINT('',(-25.14390693436,27.086977756782));
#10368 = CARTESIAN_POINT('',(-24.88844777048,26.257054110686));
#10369 = CARTESIAN_POINT('',(-24.54633610292,25.40317303539));
#10370 = CARTESIAN_POINT('',(-24.12945797872,24.570221961615));
#10371 = CARTESIAN_POINT('',(-23.62455827449,23.73441880244));
#10372 = CARTESIAN_POINT('',(-23.02370237878,22.896348770442));
#10373 = CARTESIAN_POINT('',(-22.29895895778,22.040430936586));
#10374 = CARTESIAN_POINT('',(-21.4823540246,21.211718502075));
#10375 = CARTESIAN_POINT('',(-20.53907837348,20.396570941608));
#10376 = CARTESIAN_POINT('',(-19.46246005504,19.598806375332));
#10377 = CARTESIAN_POINT('',(-18.21914766577,18.800959350008));
#10378 = CARTESIAN_POINT('',(-16.86372400721,18.052456378211));
#10379 = CARTESIAN_POINT('',(-15.35433410195,17.332908165115));
#10380 = CARTESIAN_POINT('',(-13.68154318819,16.650398469633));
#10381 = CARTESIAN_POINT('',(-11.7902920039,16.001691977485));
#10382 = CARTESIAN_POINT('',(-9.778497430159,15.430186626944));
#10383 = CARTESIAN_POINT('',(-7.55174154643,14.91911532609));
#10384 = CARTESIAN_POINT('',(-5.242708683599,14.4963157594));
#10385 = CARTESIAN_POINT('',(-2.259005341862,14.1111192811));
#10386 = CARTESIAN_POINT('',(-1.452824247307,14.069551089127));
#10387 = CARTESIAN_POINT('',(9.659132507773E-02,13.934913076131));
#10388 = ( GEOMETRIC_REPRESENTATION_CONTEXT(2) 
PARAMETRIC_REPRESENTATION_CONTEXT() REPRESENTATION_CONTEXT('2D SPACE',''
  ) );
#10389 = PCURVE('',#6041,#10390);
#10390 = DEFINITIONAL_REPRESENTATION('',(#10391),#10395);
#10391 = LINE('',#10392,#10393);
#10392 = CARTESIAN_POINT('',(0.,-22.4));
#10393 = VECTOR('',#10394,1.);
#10394 = DIRECTION('',(1.,0.));
#10395 = ( GEOMETRIC_REPRESENTATION_CONTEXT(2) 
PARAMETRIC_REPRESENTATION_CONTEXT() REPRESENTATION_CONTEXT('2D SPACE',''
  ) );
#10396 = ORIENTED_EDGE('',*,*,#10397,.F.);
#10397 = EDGE_CURVE('',#10398,#10281,#10400,.T.);
#10398 = VERTEX_POINT('',#10399);
#10399 = CARTESIAN_POINT('',(5.043469858274,48.149460377805,22.4));
#10400 = SURFACE_CURVE('',#10401,(#10405,#10412),.PCURVE_S1.);
#10401 = LINE('',#10402,#10403);
#10402 = CARTESIAN_POINT('',(11.453495601611,48.985465124352,22.4));
#10403 = VECTOR('',#10404,1.);
#10404 = DIRECTION('',(-0.991602108777,-0.129326168539,0.));
#10405 = PCURVE('',#198,#10406);
#10406 = DEFINITIONAL_REPRESENTATION('',(#10407),#10411);
#10407 = LINE('',#10408,#10409);
#10408 = CARTESIAN_POINT('',(11.453495601611,48.985465124352));
#10409 = VECTOR('',#10410,1.);
#10410 = DIRECTION('',(-0.991602108777,-0.129326168539));
#10411 = ( GEOMETRIC_REPRESENTATION_CONTEXT(2) 
PARAMETRIC_REPRESENTATION_CONTEXT() REPRESENTATION_CONTEXT('2D SPACE',''
  ) );
#10412 = PCURVE('',#6165,#10413);
#10413 = DEFINITIONAL_REPRESENTATION('',(#10414),#10418);
#10414 = LINE('',#10415,#10416);
#10415 = CARTESIAN_POINT('',(-6.094433791488,-22.4));
#10416 = VECTOR('',#10417,1.);
#10417 = DIRECTION('',(1.,0.));
#10418 = ( GEOMETRIC_REPRESENTATION_CONTEXT(2) 
PARAMETRIC_REPRESENTATION_CONTEXT() REPRESENTATION_CONTEXT('2D SPACE',''
  ) );
#10419 = ORIENTED_EDGE('',*,*,#10420,.F.);
#10420 = EDGE_CURVE('',#10117,#10398,#10421,.T.);
#10421 = SURFACE_CURVE('',#10422,(#10427,#10434),.PCURVE_S1.);
#10422 = CIRCLE('',#10423,3.);
#10423 = AXIS2_PLACEMENT_3D('',#10424,#10425,#10426);
#10424 = CARTESIAN_POINT('',(5.431448363891,45.174654051474,22.4));
#10425 = DIRECTION('',(0.,0.,1.));
#10426 = DIRECTION('',(0.,-1.,0.));
#10427 = PCURVE('',#198,#10428);
#10428 = DEFINITIONAL_REPRESENTATION('',(#10429),#10433);
#10429 = CIRCLE('',#10430,3.);
#10430 = AXIS2_PLACEMENT_2D('',#10431,#10432);
#10431 = CARTESIAN_POINT('',(5.431448363891,45.174654051474));
#10432 = DIRECTION('',(0.,-1.));
#10433 = ( GEOMETRIC_REPRESENTATION_CONTEXT(2) 
PARAMETRIC_REPRESENTATION_CONTEXT() REPRESENTATION_CONTEXT('2D SPACE',''
  ) );
#10434 = PCURVE('',#6192,#10435);
#10435 = DEFINITIONAL_REPRESENTATION('',(#10436),#10440);
#10436 = LINE('',#10437,#10438);
#10437 = CARTESIAN_POINT('',(-3.021934823028,22.4));
#10438 = VECTOR('',#10439,1.);
#10439 = DIRECTION('',(1.,0.));
#10440 = ( GEOMETRIC_REPRESENTATION_CONTEXT(2) 
PARAMETRIC_REPRESENTATION_CONTEXT() REPRESENTATION_CONTEXT('2D SPACE',''
  ) );
#10441 = FACE_BOUND('',#10442,.T.);
#10442 = EDGE_LOOP('',(#10443,#10469,#10586,#10609,#10726,#10749));
#10443 = ORIENTED_EDGE('',*,*,#10444,.F.);
#10444 = EDGE_CURVE('',#10445,#10447,#10449,.T.);
#10445 = VERTEX_POINT('',#10446);
#10446 = CARTESIAN_POINT('',(33.905790645895,34.679206459732,22.4));
#10447 = VERTEX_POINT('',#10448);
#10448 = CARTESIAN_POINT('',(29.090512428093,38.807113866803,22.4));
#10449 = SURFACE_CURVE('',#10450,(#10455,#10462),.PCURVE_S1.);
#10450 = CIRCLE('',#10451,48.5);
#10451 = AXIS2_PLACEMENT_3D('',#10452,#10453,#10454);
#10452 = CARTESIAN_POINT('',(0.,0.,22.4));
#10453 = DIRECTION('',(0.,0.,1.));
#10454 = DIRECTION('',(1.,0.,-0.));
#10455 = PCURVE('',#198,#10456);
#10456 = DEFINITIONAL_REPRESENTATION('',(#10457),#10461);
#10457 = CIRCLE('',#10458,48.5);
#10458 = AXIS2_PLACEMENT_2D('',#10459,#10460);
#10459 = CARTESIAN_POINT('',(1.75032336965E-15,-3.209892110372E-15));
#10460 = DIRECTION('',(1.,0.));
#10461 = ( GEOMETRIC_REPRESENTATION_CONTEXT(2) 
PARAMETRIC_REPRESENTATION_CONTEXT() REPRESENTATION_CONTEXT('2D SPACE',''
  ) );
#10462 = PCURVE('',#6225,#10463);
#10463 = DEFINITIONAL_REPRESENTATION('',(#10464),#10468);
#10464 = LINE('',#10465,#10466);
#10465 = CARTESIAN_POINT('',(-0.,-22.4));
#10466 = VECTOR('',#10467,1.);
#10467 = DIRECTION('',(-1.,0.));
#10468 = ( GEOMETRIC_REPRESENTATION_CONTEXT(2) 
PARAMETRIC_REPRESENTATION_CONTEXT() REPRESENTATION_CONTEXT('2D SPACE',''
  ) );
#10469 = ORIENTED_EDGE('',*,*,#10470,.F.);
#10470 = EDGE_CURVE('',#10471,#10445,#10473,.T.);
#10471 = VERTEX_POINT('',#10472);
#10472 = CARTESIAN_POINT('',(8.093277400445,10.012977193509,22.4));
#10473 = SURFACE_CURVE('',#10474,(#10525,#10579),.PCURVE_S1.);
#10474 = B_SPLINE_CURVE_WITH_KNOTS('',3,(#10475,#10476,#10477,#10478,
    #10479,#10480,#10481,#10482,#10483,#10484,#10485,#10486,#10487,
    #10488,#10489,#10490,#10491,#10492,#10493,#10494,#10495,#10496,
    #10497,#10498,#10499,#10500,#10501,#10502,#10503,#10504,#10505,
    #10506,#10507,#10508,#10509,#10510,#10511,#10512,#10513,#10514,
    #10515,#10516,#10517,#10518,#10519,#10520,#10521,#10522,#10523,
    #10524),.UNSPECIFIED.,.F.,.F.,(4,1,1,1,1,1,1,1,1,1,1,1,1,1,1,1,1,1,1
    ,1,1,1,1,1,1,1,1,1,1,1,1,1,1,1,1,1,1,1,1,1,1,1,1,1,1,1,1,4),(0.,
    2.766464139392,5.568319295326,8.177275145496,10.425160909405,
    12.698001103747,14.813706991925,16.784063111389,18.483896399813,
    20.207074900357,21.81810245116,23.327840693167,24.640860133639,
    25.985974841284,27.260500260188,28.473662841808,29.546573791048,
    30.665502050481,31.746604132965,32.796723932319,33.744037531687,
    34.751762028128,35.745458780463,36.730106112805,37.635070035337,
    38.615335519513,39.599805338773,40.592877392801,41.521106716853,
    42.54355210237,43.588460947472,44.661307186429,45.681682040739,
    46.825929386569,48.018033969658,49.266638650819,50.477859791669,
    51.863921967174,53.33914083985,54.917675284274,56.480212616324,
    58.303578905337,60.281721918016,62.435877257802,64.600562295301,
    67.15990258556,69.968318443063,73.053194077155),.UNSPECIFIED.);
#10475 = CARTESIAN_POINT('',(9.880760870129,5.816194003237,22.4));
#10476 = CARTESIAN_POINT('',(9.514229607782,6.644893632948,22.4));
#10477 = CARTESIAN_POINT('',(8.726866094648,8.352347400098,22.4));
#10478 = CARTESIAN_POINT('',(7.7482593467,10.887993749709,22.4));
#10479 = CARTESIAN_POINT('',(6.930325714986,13.309551340651,22.4));
#10480 = CARTESIAN_POINT('',(6.282227562072,15.596472714268,22.4));
#10481 = CARTESIAN_POINT('',(5.784587849339,17.753095600056,22.4));
#10482 = CARTESIAN_POINT('',(5.420650667977,19.842322197231,22.4));
#10483 = CARTESIAN_POINT('',(5.197909862873,21.759171458359,22.4));
#10484 = CARTESIAN_POINT('',(5.09325654643,23.554840433903,22.4));
#10485 = CARTESIAN_POINT('',(5.096182803092,25.233988650288,22.4));
#10486 = CARTESIAN_POINT('',(5.204221968676,26.84626796173,22.4));
#10487 = CARTESIAN_POINT('',(5.40645938795,28.311519496028,22.4));
#10488 = CARTESIAN_POINT('',(5.684731680676,29.67345682684,22.4));
#10489 = CARTESIAN_POINT('',(6.029671265133,30.939404020728,22.4));
#10490 = CARTESIAN_POINT('',(6.463046947933,32.142717773021,22.4));
#10491 = CARTESIAN_POINT('',(6.953135511264,33.225097171634,22.4));
#10492 = CARTESIAN_POINT('',(7.501765821777,34.219909801662,22.4));
#10493 = CARTESIAN_POINT('',(8.103348380965,35.131557866637,22.4));
#10494 = CARTESIAN_POINT('',(8.773662220142,35.98423564359,22.4));
#10495 = CARTESIAN_POINT('',(9.472911294482,36.736889822995,22.4));
#10496 = CARTESIAN_POINT('',(10.210562413316,37.415932987509,22.4));
#10497 = CARTESIAN_POINT('',(10.983223783895,38.025137547808,22.4));
#10498 = CARTESIAN_POINT('',(11.810920694616,38.579708525196,22.4));
#10499 = CARTESIAN_POINT('',(12.647944644491,39.053849169501,22.4));
#10500 = CARTESIAN_POINT('',(13.511727729372,39.466516974331,22.4));
#10501 = CARTESIAN_POINT('',(14.401480006344,39.819864618852,22.4));
#10502 = CARTESIAN_POINT('',(15.341220066294,40.120559724494,22.4));
#10503 = CARTESIAN_POINT('',(16.282054297583,40.353766913347,22.4));
#10504 = CARTESIAN_POINT('',(17.248008569068,40.529562100358,22.4));
#10505 = CARTESIAN_POINT('',(18.24033408098,40.6468681278,22.4));
#10506 = CARTESIAN_POINT('',(19.286301750346,40.702571646904,22.4));
#10507 = CARTESIAN_POINT('',(20.333018059347,40.690773546609,22.4));
#10508 = CARTESIAN_POINT('',(21.40988875719,40.611540977013,22.4));
#10509 = CARTESIAN_POINT('',(22.51924911683,40.459586241324,22.4));
#10510 = CARTESIAN_POINT('',(23.690861718162,40.220118190322,22.4));
#10511 = CARTESIAN_POINT('',(24.865796011915,39.898343255104,22.4));
#10512 = CARTESIAN_POINT('',(26.079196979185,39.482382877746,22.4));
#10513 = CARTESIAN_POINT('',(27.334096898428,38.962135973849,22.4));
#10514 = CARTESIAN_POINT('',(28.662941662182,38.308441689941,22.4));
#10515 = CARTESIAN_POINT('',(29.999288568651,37.543611043779,22.4));
#10516 = CARTESIAN_POINT('',(31.386012320233,36.639006909525,22.4));
#10517 = CARTESIAN_POINT('',(32.82677755251,35.578999051327,22.4));
#10518 = CARTESIAN_POINT('',(34.359454096698,34.31357817388,22.4));
#10519 = CARTESIAN_POINT('',(35.902743138997,32.897984237978,22.4));
#10520 = CARTESIAN_POINT('',(37.531403832696,31.250328750885,22.4));
#10521 = CARTESIAN_POINT('',(39.150485003839,29.471625150961,22.4));
#10522 = CARTESIAN_POINT('',(41.240079304722,26.939646055038,22.4));
#10523 = CARTESIAN_POINT('',(41.640230451155,26.367931517952,22.4));
#10524 = CARTESIAN_POINT('',(42.806782149136,24.843884830543,22.4));
#10525 = PCURVE('',#198,#10526);
#10526 = DEFINITIONAL_REPRESENTATION('',(#10527),#10578);
#10527 = B_SPLINE_CURVE_WITH_KNOTS('',3,(#10528,#10529,#10530,#10531,
    #10532,#10533,#10534,#10535,#10536,#10537,#10538,#10539,#10540,
    #10541,#10542,#10543,#10544,#10545,#10546,#10547,#10548,#10549,
    #10550,#10551,#10552,#10553,#10554,#10555,#10556,#10557,#10558,
    #10559,#10560,#10561,#10562,#10563,#10564,#10565,#10566,#10567,
    #10568,#10569,#10570,#10571,#10572,#10573,#10574,#10575,#10576,
    #10577),.UNSPECIFIED.,.F.,.F.,(4,1,1,1,1,1,1,1,1,1,1,1,1,1,1,1,1,1,1
    ,1,1,1,1,1,1,1,1,1,1,1,1,1,1,1,1,1,1,1,1,1,1,1,1,1,1,1,1,4),(0.,
    2.766464139392,5.568319295326,8.177275145496,10.425160909405,
    12.698001103747,14.813706991925,16.784063111389,18.483896399813,
    20.207074900357,21.81810245116,23.327840693167,24.640860133639,
    25.985974841284,27.260500260188,28.473662841808,29.546573791048,
    30.665502050481,31.746604132965,32.796723932319,33.744037531687,
    34.751762028128,35.745458780463,36.730106112805,37.635070035337,
    38.615335519513,39.599805338773,40.592877392801,41.521106716853,
    42.54355210237,43.588460947472,44.661307186429,45.681682040739,
    46.825929386569,48.018033969658,49.266638650819,50.477859791669,
    51.863921967174,53.33914083985,54.917675284274,56.480212616324,
    58.303578905337,60.281721918016,62.435877257802,64.600562295301,
    67.15990258556,69.968318443063,73.053194077155),.UNSPECIFIED.);
#10528 = CARTESIAN_POINT('',(9.880760870129,5.816194003237));
#10529 = CARTESIAN_POINT('',(9.514229607782,6.644893632948));
#10530 = CARTESIAN_POINT('',(8.726866094648,8.352347400098));
#10531 = CARTESIAN_POINT('',(7.7482593467,10.887993749709));
#10532 = CARTESIAN_POINT('',(6.930325714986,13.309551340651));
#10533 = CARTESIAN_POINT('',(6.282227562072,15.596472714268));
#10534 = CARTESIAN_POINT('',(5.784587849339,17.753095600056));
#10535 = CARTESIAN_POINT('',(5.420650667977,19.842322197231));
#10536 = CARTESIAN_POINT('',(5.197909862873,21.759171458359));
#10537 = CARTESIAN_POINT('',(5.09325654643,23.554840433903));
#10538 = CARTESIAN_POINT('',(5.096182803092,25.233988650288));
#10539 = CARTESIAN_POINT('',(5.204221968676,26.84626796173));
#10540 = CARTESIAN_POINT('',(5.40645938795,28.311519496028));
#10541 = CARTESIAN_POINT('',(5.684731680676,29.67345682684));
#10542 = CARTESIAN_POINT('',(6.029671265133,30.939404020728));
#10543 = CARTESIAN_POINT('',(6.463046947933,32.142717773021));
#10544 = CARTESIAN_POINT('',(6.953135511264,33.225097171634));
#10545 = CARTESIAN_POINT('',(7.501765821777,34.219909801662));
#10546 = CARTESIAN_POINT('',(8.103348380965,35.131557866637));
#10547 = CARTESIAN_POINT('',(8.773662220142,35.98423564359));
#10548 = CARTESIAN_POINT('',(9.472911294482,36.736889822995));
#10549 = CARTESIAN_POINT('',(10.210562413316,37.415932987509));
#10550 = CARTESIAN_POINT('',(10.983223783895,38.025137547808));
#10551 = CARTESIAN_POINT('',(11.810920694616,38.579708525196));
#10552 = CARTESIAN_POINT('',(12.647944644491,39.053849169501));
#10553 = CARTESIAN_POINT('',(13.511727729372,39.466516974331));
#10554 = CARTESIAN_POINT('',(14.401480006344,39.819864618852));
#10555 = CARTESIAN_POINT('',(15.341220066294,40.120559724494));
#10556 = CARTESIAN_POINT('',(16.282054297583,40.353766913347));
#10557 = CARTESIAN_POINT('',(17.248008569068,40.529562100358));
#10558 = CARTESIAN_POINT('',(18.24033408098,40.6468681278));
#10559 = CARTESIAN_POINT('',(19.286301750346,40.702571646904));
#10560 = CARTESIAN_POINT('',(20.333018059347,40.690773546609));
#10561 = CARTESIAN_POINT('',(21.40988875719,40.611540977013));
#10562 = CARTESIAN_POINT('',(22.51924911683,40.459586241324));
#10563 = CARTESIAN_POINT('',(23.690861718162,40.220118190322));
#10564 = CARTESIAN_POINT('',(24.865796011915,39.898343255104));
#10565 = CARTESIAN_POINT('',(26.079196979185,39.482382877746));
#10566 = CARTESIAN_POINT('',(27.334096898428,38.962135973849));
#10567 = CARTESIAN_POINT('',(28.662941662182,38.308441689941));
#10568 = CARTESIAN_POINT('',(29.999288568651,37.543611043779));
#10569 = CARTESIAN_POINT('',(31.386012320233,36.639006909525));
#10570 = CARTESIAN_POINT('',(32.82677755251,35.578999051327));
#10571 = CARTESIAN_POINT('',(34.359454096698,34.31357817388));
#10572 = CARTESIAN_POINT('',(35.902743138997,32.897984237978));
#10573 = CARTESIAN_POINT('',(37.531403832696,31.250328750885));
#10574 = CARTESIAN_POINT('',(39.150485003839,29.471625150961));
#10575 = CARTESIAN_POINT('',(41.240079304722,26.939646055038));
#10576 = CARTESIAN_POINT('',(41.640230451155,26.367931517952));
#10577 = CARTESIAN_POINT('',(42.806782149136,24.843884830543));
#10578 = ( GEOMETRIC_REPRESENTATION_CONTEXT(2) 
PARAMETRIC_REPRESENTATION_CONTEXT() REPRESENTATION_CONTEXT('2D SPACE',''
  ) );
#10579 = PCURVE('',#6347,#10580);
#10580 = DEFINITIONAL_REPRESENTATION('',(#10581),#10585);
#10581 = LINE('',#10582,#10583);
#10582 = CARTESIAN_POINT('',(0.,-22.4));
#10583 = VECTOR('',#10584,1.);
#10584 = DIRECTION('',(1.,0.));
#10585 = ( GEOMETRIC_REPRESENTATION_CONTEXT(2) 
PARAMETRIC_REPRESENTATION_CONTEXT() REPRESENTATION_CONTEXT('2D SPACE',''
  ) );
#10586 = ORIENTED_EDGE('',*,*,#10587,.F.);
#10587 = EDGE_CURVE('',#10588,#10471,#10590,.T.);
#10588 = VERTEX_POINT('',#10589);
#10589 = CARTESIAN_POINT('',(7.051107079368,12.019693060918,22.4));
#10590 = SURFACE_CURVE('',#10591,(#10595,#10602),.PCURVE_S1.);
#10591 = LINE('',#10592,#10593);
#10592 = CARTESIAN_POINT('',(7.051107079368,12.019693060918,22.4));
#10593 = VECTOR('',#10594,1.);
#10594 = DIRECTION('',(0.460892493355,-0.88745597613,0.));
#10595 = PCURVE('',#198,#10596);
#10596 = DEFINITIONAL_REPRESENTATION('',(#10597),#10601);
#10597 = LINE('',#10598,#10599);
#10598 = CARTESIAN_POINT('',(7.051107079368,12.019693060918));
#10599 = VECTOR('',#10600,1.);
#10600 = DIRECTION('',(0.460892493355,-0.88745597613));
#10601 = ( GEOMETRIC_REPRESENTATION_CONTEXT(2) 
PARAMETRIC_REPRESENTATION_CONTEXT() REPRESENTATION_CONTEXT('2D SPACE',''
  ) );
#10602 = PCURVE('',#6471,#10603);
#10603 = DEFINITIONAL_REPRESENTATION('',(#10604),#10608);
#10604 = LINE('',#10605,#10606);
#10605 = CARTESIAN_POINT('',(0.,-22.4));
#10606 = VECTOR('',#10607,1.);
#10607 = DIRECTION('',(1.,0.));
#10608 = ( GEOMETRIC_REPRESENTATION_CONTEXT(2) 
PARAMETRIC_REPRESENTATION_CONTEXT() REPRESENTATION_CONTEXT('2D SPACE',''
  ) );
#10609 = ORIENTED_EDGE('',*,*,#10610,.F.);
#10610 = EDGE_CURVE('',#10611,#10588,#10613,.T.);
#10611 = VERTEX_POINT('',#10612);
#10612 = CARTESIAN_POINT('',(23.850181619853,41.085637700577,22.4));
#10613 = SURFACE_CURVE('',#10614,(#10665,#10719),.PCURVE_S1.);
#10614 = B_SPLINE_CURVE_WITH_KNOTS('',3,(#10615,#10616,#10617,#10618,
    #10619,#10620,#10621,#10622,#10623,#10624,#10625,#10626,#10627,
    #10628,#10629,#10630,#10631,#10632,#10633,#10634,#10635,#10636,
    #10637,#10638,#10639,#10640,#10641,#10642,#10643,#10644,#10645,
    #10646,#10647,#10648,#10649,#10650,#10651,#10652,#10653,#10654,
    #10655,#10656,#10657,#10658,#10659,#10660,#10661,#10662,#10663,
    #10664),.UNSPECIFIED.,.F.,.F.,(4,1,1,1,1,1,1,1,1,1,1,1,1,1,1,1,1,1,1
    ,1,1,1,1,1,1,1,1,1,1,1,1,1,1,1,1,1,1,1,1,1,1,1,1,1,1,1,1,4),(0.,
    3.010134173011,5.734866089906,8.204243200285,10.280216915947,
    12.332164523515,14.201956865391,15.911237845672,17.363900720308,
    18.819208714806,20.167747400886,21.42468716853,22.515414853025,
    23.632925452475,24.694050367351,25.707901186754,26.608581862701,
    27.552388564938,28.468532489134,29.361872223827,30.169943636586,
    31.030962627216,31.880548884696,32.72227944396,33.495545472128,
    34.332992621126,35.174663745336,36.025783427864,36.825011523752,
    37.711824801461,38.627874308414,39.58148948206,40.502911686362,
    41.554574841448,42.671594637474,43.864256147866,45.041219012251,
    46.408073524505,47.880684921353,49.469922617188,51.049935999727,
    52.894334824252,54.887680127977,57.041280206621,59.18142193199,
    61.675679145654,64.364419403117,67.031728548195),.UNSPECIFIED.);
#10615 = CARTESIAN_POINT('',(23.850181619853,41.085637700577,22.4));
#10616 = CARTESIAN_POINT('',(22.938332135406,41.464648671267,22.4));
#10617 = CARTESIAN_POINT('',(21.163130514959,42.233951860987,22.4));
#10618 = CARTESIAN_POINT('',(18.601783235794,43.172176847085,22.4));
#10619 = CARTESIAN_POINT('',(16.293390226183,43.917930175137,22.4));
#10620 = CARTESIAN_POINT('',(14.171495857912,44.496867964486,22.4));
#10621 = CARTESIAN_POINT('',(12.219185074295,44.931909061641,22.4));
#10622 = CARTESIAN_POINT('',(10.367263236389,45.243175382232,22.4));
#10623 = CARTESIAN_POINT('',(8.699387147197,45.428866102245,22.4));
#10624 = CARTESIAN_POINT('',(7.161839610024,45.51275965803,22.4));
#10625 = CARTESIAN_POINT('',(5.74209949152,45.50759709289,22.4));
#10626 = CARTESIAN_POINT('',(4.390579828522,45.417859008954,22.4));
#10627 = CARTESIAN_POINT('',(3.168112538737,45.25745311143,22.4));
#10628 = CARTESIAN_POINT('',(2.033887352887,45.0354906316,22.4));
#10629 = CARTESIAN_POINT('',(0.978897551494,44.759140127289,22.4));
#10630 = CARTESIAN_POINT('',(-3.132178123363E-02,44.4222298205,22.4));
#10631 = CARTESIAN_POINT('',(-0.950367029506,44.047239045737,22.4));
#10632 = CARTESIAN_POINT('',(-1.808748455452,43.632482975503,22.4));
#10633 = CARTESIAN_POINT('',(-2.611400516349,43.18111342381,22.4));
#10634 = CARTESIAN_POINT('',(-3.381232221976,42.680311905247,22.4));
#10635 = CARTESIAN_POINT('',(-4.080940655235,42.158033126256,22.4));
#10636 = CARTESIAN_POINT('',(-4.73263925928,41.605131729088,22.4));
#10637 = CARTESIAN_POINT('',(-5.337855591533,41.022367355054,22.4));
#10638 = CARTESIAN_POINT('',(-5.910443784111,40.3922454647,22.4));
#10639 = CARTESIAN_POINT('',(-6.420538034273,39.747409205041,22.4));
#10640 = CARTESIAN_POINT('',(-6.883518898962,39.072974988954,22.4));
#10641 = CARTESIAN_POINT('',(-7.298486644326,38.367797856748,22.4));
#10642 = CARTESIAN_POINT('',(-7.67096651686,37.610192253363,22.4));
#10643 = CARTESIAN_POINT('',(-7.979078415385,36.837839780931,22.4));
#10644 = CARTESIAN_POINT('',(-8.231773277157,36.029964316298,22.4));
#10645 = CARTESIAN_POINT('',(-8.42550097466,35.18349977364,22.4));
#10646 = CARTESIAN_POINT('',(-8.556164117265,34.27296123684,22.4));
#10647 = CARTESIAN_POINT('',(-8.611612608317,33.343165384743,22.4));
#10648 = CARTESIAN_POINT('',(-8.592258217678,32.36688876422,22.4));
#10649 = CARTESIAN_POINT('',(-8.490936763974,31.340670878501,22.4));
#10650 = CARTESIAN_POINT('',(-8.291249467091,30.23705258033,22.4));
#10651 = CARTESIAN_POINT('',(-7.998405067358,29.111064093022,22.4));
#10652 = CARTESIAN_POINT('',(-7.589078170952,27.933487772265,22.4));
#10653 = CARTESIAN_POINT('',(-7.055581640139,26.70429423241,22.4));
#10654 = CARTESIAN_POINT('',(-6.377765038857,25.391682245513,22.4));
#10655 = CARTESIAN_POINT('',(-5.578185203553,24.065747827849,22.4));
#10656 = CARTESIAN_POINT('',(-4.630789307926,22.687905843428,22.4));
#10657 = CARTESIAN_POINT('',(-3.523364729133,21.260439651933,22.4));
#10658 = CARTESIAN_POINT('',(-2.209846404675,19.753017757988,22.4));
#10659 = CARTESIAN_POINT('',(-0.753333871887,18.252182319148,22.4));
#10660 = CARTESIAN_POINT('',(0.919557641022,16.696203647599,22.4));
#10661 = CARTESIAN_POINT('',(2.707838975062,15.175532050721,22.4));
#10662 = CARTESIAN_POINT('',(5.099203627213,13.350090444196,22.4));
#10663 = CARTESIAN_POINT('',(5.776592839161,12.91100078668,22.4));
#10664 = CARTESIAN_POINT('',(7.051107079368,12.019693060918,22.4));
#10665 = PCURVE('',#198,#10666);
#10666 = DEFINITIONAL_REPRESENTATION('',(#10667),#10718);
#10667 = B_SPLINE_CURVE_WITH_KNOTS('',3,(#10668,#10669,#10670,#10671,
    #10672,#10673,#10674,#10675,#10676,#10677,#10678,#10679,#10680,
    #10681,#10682,#10683,#10684,#10685,#10686,#10687,#10688,#10689,
    #10690,#10691,#10692,#10693,#10694,#10695,#10696,#10697,#10698,
    #10699,#10700,#10701,#10702,#10703,#10704,#10705,#10706,#10707,
    #10708,#10709,#10710,#10711,#10712,#10713,#10714,#10715,#10716,
    #10717),.UNSPECIFIED.,.F.,.F.,(4,1,1,1,1,1,1,1,1,1,1,1,1,1,1,1,1,1,1
    ,1,1,1,1,1,1,1,1,1,1,1,1,1,1,1,1,1,1,1,1,1,1,1,1,1,1,1,1,4),(0.,
    3.010134173011,5.734866089906,8.204243200285,10.280216915947,
    12.332164523515,14.201956865391,15.911237845672,17.363900720308,
    18.819208714806,20.167747400886,21.42468716853,22.515414853025,
    23.632925452475,24.694050367351,25.707901186754,26.608581862701,
    27.552388564938,28.468532489134,29.361872223827,30.169943636586,
    31.030962627216,31.880548884696,32.72227944396,33.495545472128,
    34.332992621126,35.174663745336,36.025783427864,36.825011523752,
    37.711824801461,38.627874308414,39.58148948206,40.502911686362,
    41.554574841448,42.671594637474,43.864256147866,45.041219012251,
    46.408073524505,47.880684921353,49.469922617188,51.049935999727,
    52.894334824252,54.887680127977,57.041280206621,59.18142193199,
    61.675679145654,64.364419403117,67.031728548195),.UNSPECIFIED.);
#10668 = CARTESIAN_POINT('',(23.850181619853,41.085637700577));
#10669 = CARTESIAN_POINT('',(22.938332135406,41.464648671267));
#10670 = CARTESIAN_POINT('',(21.163130514959,42.233951860987));
#10671 = CARTESIAN_POINT('',(18.601783235794,43.172176847085));
#10672 = CARTESIAN_POINT('',(16.293390226183,43.917930175137));
#10673 = CARTESIAN_POINT('',(14.171495857912,44.496867964486));
#10674 = CARTESIAN_POINT('',(12.219185074295,44.931909061641));
#10675 = CARTESIAN_POINT('',(10.367263236389,45.243175382232));
#10676 = CARTESIAN_POINT('',(8.699387147197,45.428866102245));
#10677 = CARTESIAN_POINT('',(7.161839610024,45.51275965803));
#10678 = CARTESIAN_POINT('',(5.74209949152,45.50759709289));
#10679 = CARTESIAN_POINT('',(4.390579828522,45.417859008954));
#10680 = CARTESIAN_POINT('',(3.168112538737,45.25745311143));
#10681 = CARTESIAN_POINT('',(2.033887352887,45.0354906316));
#10682 = CARTESIAN_POINT('',(0.978897551494,44.759140127289));
#10683 = CARTESIAN_POINT('',(-3.132178123363E-02,44.4222298205));
#10684 = CARTESIAN_POINT('',(-0.950367029506,44.047239045737));
#10685 = CARTESIAN_POINT('',(-1.808748455452,43.632482975503));
#10686 = CARTESIAN_POINT('',(-2.611400516349,43.18111342381));
#10687 = CARTESIAN_POINT('',(-3.381232221976,42.680311905247));
#10688 = CARTESIAN_POINT('',(-4.080940655235,42.158033126256));
#10689 = CARTESIAN_POINT('',(-4.73263925928,41.605131729088));
#10690 = CARTESIAN_POINT('',(-5.337855591533,41.022367355054));
#10691 = CARTESIAN_POINT('',(-5.910443784111,40.3922454647));
#10692 = CARTESIAN_POINT('',(-6.420538034273,39.747409205041));
#10693 = CARTESIAN_POINT('',(-6.883518898962,39.072974988954));
#10694 = CARTESIAN_POINT('',(-7.298486644326,38.367797856748));
#10695 = CARTESIAN_POINT('',(-7.67096651686,37.610192253363));
#10696 = CARTESIAN_POINT('',(-7.979078415385,36.837839780931));
#10697 = CARTESIAN_POINT('',(-8.231773277157,36.029964316298));
#10698 = CARTESIAN_POINT('',(-8.42550097466,35.18349977364));
#10699 = CARTESIAN_POINT('',(-8.556164117265,34.27296123684));
#10700 = CARTESIAN_POINT('',(-8.611612608317,33.343165384743));
#10701 = CARTESIAN_POINT('',(-8.592258217678,32.36688876422));
#10702 = CARTESIAN_POINT('',(-8.490936763974,31.340670878501));
#10703 = CARTESIAN_POINT('',(-8.291249467091,30.23705258033));
#10704 = CARTESIAN_POINT('',(-7.998405067358,29.111064093022));
#10705 = CARTESIAN_POINT('',(-7.589078170952,27.933487772265));
#10706 = CARTESIAN_POINT('',(-7.055581640139,26.70429423241));
#10707 = CARTESIAN_POINT('',(-6.377765038857,25.391682245513));
#10708 = CARTESIAN_POINT('',(-5.578185203553,24.065747827849));
#10709 = CARTESIAN_POINT('',(-4.630789307926,22.687905843428));
#10710 = CARTESIAN_POINT('',(-3.523364729133,21.260439651933));
#10711 = CARTESIAN_POINT('',(-2.209846404675,19.753017757988));
#10712 = CARTESIAN_POINT('',(-0.753333871887,18.252182319148));
#10713 = CARTESIAN_POINT('',(0.919557641022,16.696203647599));
#10714 = CARTESIAN_POINT('',(2.707838975062,15.175532050721));
#10715 = CARTESIAN_POINT('',(5.099203627213,13.350090444196));
#10716 = CARTESIAN_POINT('',(5.776592839161,12.91100078668));
#10717 = CARTESIAN_POINT('',(7.051107079368,12.019693060918));
#10718 = ( GEOMETRIC_REPRESENTATION_CONTEXT(2) 
PARAMETRIC_REPRESENTATION_CONTEXT() REPRESENTATION_CONTEXT('2D SPACE',''
  ) );
#10719 = PCURVE('',#6593,#10720);
#10720 = DEFINITIONAL_REPRESENTATION('',(#10721),#10725);
#10721 = LINE('',#10722,#10723);
#10722 = CARTESIAN_POINT('',(0.,-22.4));
#10723 = VECTOR('',#10724,1.);
#10724 = DIRECTION('',(1.,0.));
#10725 = ( GEOMETRIC_REPRESENTATION_CONTEXT(2) 
PARAMETRIC_REPRESENTATION_CONTEXT() REPRESENTATION_CONTEXT('2D SPACE',''
  ) );
#10726 = ORIENTED_EDGE('',*,*,#10727,.F.);
#10727 = EDGE_CURVE('',#10728,#10611,#10730,.T.);
#10728 = VERTEX_POINT('',#10729);
#10729 = CARTESIAN_POINT('',(28.442503209389,39.176920936555,22.4));
#10730 = SURFACE_CURVE('',#10731,(#10735,#10742),.PCURVE_S1.);
#10731 = LINE('',#10732,#10733);
#10732 = CARTESIAN_POINT('',(34.411750715304,36.69590941308,22.4));
#10733 = VECTOR('',#10734,1.);
#10734 = DIRECTION('',(-0.923415700917,0.383801307059,0.));
#10735 = PCURVE('',#198,#10736);
#10736 = DEFINITIONAL_REPRESENTATION('',(#10737),#10741);
#10737 = LINE('',#10738,#10739);
#10738 = CARTESIAN_POINT('',(34.411750715304,36.69590941308));
#10739 = VECTOR('',#10740,1.);
#10740 = DIRECTION('',(-0.923415700917,0.383801307059));
#10741 = ( GEOMETRIC_REPRESENTATION_CONTEXT(2) 
PARAMETRIC_REPRESENTATION_CONTEXT() REPRESENTATION_CONTEXT('2D SPACE',''
  ) );
#10742 = PCURVE('',#6717,#10743);
#10743 = DEFINITIONAL_REPRESENTATION('',(#10744),#10748);
#10744 = LINE('',#10745,#10746);
#10745 = CARTESIAN_POINT('',(-6.094433791486,-22.4));
#10746 = VECTOR('',#10747,1.);
#10747 = DIRECTION('',(1.,0.));
#10748 = ( GEOMETRIC_REPRESENTATION_CONTEXT(2) 
PARAMETRIC_REPRESENTATION_CONTEXT() REPRESENTATION_CONTEXT('2D SPACE',''
  ) );
#10749 = ORIENTED_EDGE('',*,*,#10750,.F.);
#10750 = EDGE_CURVE('',#10447,#10728,#10751,.T.);
#10751 = SURFACE_CURVE('',#10752,(#10757,#10764),.PCURVE_S1.);
#10752 = CIRCLE('',#10753,3.);
#10753 = AXIS2_PLACEMENT_3D('',#10754,#10755,#10756);
#10754 = CARTESIAN_POINT('',(27.291099288211,36.406673833805,22.4));
#10755 = DIRECTION('',(0.,0.,1.));
#10756 = DIRECTION('',(0.,-1.,0.));
#10757 = PCURVE('',#198,#10758);
#10758 = DEFINITIONAL_REPRESENTATION('',(#10759),#10763);
#10759 = CIRCLE('',#10760,3.);
#10760 = AXIS2_PLACEMENT_2D('',#10761,#10762);
#10761 = CARTESIAN_POINT('',(27.291099288211,36.406673833805));
#10762 = DIRECTION('',(0.,-1.));
#10763 = ( GEOMETRIC_REPRESENTATION_CONTEXT(2) 
PARAMETRIC_REPRESENTATION_CONTEXT() REPRESENTATION_CONTEXT('2D SPACE',''
  ) );
#10764 = PCURVE('',#6744,#10765);
#10765 = DEFINITIONAL_REPRESENTATION('',(#10766),#10770);
#10766 = LINE('',#10767,#10768);
#10767 = CARTESIAN_POINT('',(-2.49833604743,22.4));
#10768 = VECTOR('',#10769,1.);
#10769 = DIRECTION('',(1.,0.));
#10770 = ( GEOMETRIC_REPRESENTATION_CONTEXT(2) 
PARAMETRIC_REPRESENTATION_CONTEXT() REPRESENTATION_CONTEXT('2D SPACE',''
  ) );
#10771 = ADVANCED_FACE('',(#10772),#619,.T.);
#10772 = FACE_BOUND('',#10773,.T.);
#10773 = EDGE_LOOP('',(#10774,#10775,#10776,#10777));
#10774 = ORIENTED_EDGE('',*,*,#603,.F.);
#10775 = ORIENTED_EDGE('',*,*,#6760,.T.);
#10776 = ORIENTED_EDGE('',*,*,#7094,.T.);
#10777 = ORIENTED_EDGE('',*,*,#10778,.F.);
#10778 = EDGE_CURVE('',#386,#6978,#10779,.T.);
#10779 = SURFACE_CURVE('',#10780,(#10784,#10791),.PCURVE_S1.);
#10780 = LINE('',#10781,#10782);
#10781 = CARTESIAN_POINT('',(41.197682017954,23.656115169457,0.));
#10782 = VECTOR('',#10783,1.);
#10783 = DIRECTION('',(0.,0.,1.));
#10784 = PCURVE('',#619,#10785);
#10785 = DEFINITIONAL_REPRESENTATION('',(#10786),#10790);
#10786 = LINE('',#10787,#10788);
#10787 = CARTESIAN_POINT('',(5.343068391951,0.));
#10788 = VECTOR('',#10789,1.);
#10789 = DIRECTION('',(0.,-1.));
#10790 = ( GEOMETRIC_REPRESENTATION_CONTEXT(2) 
PARAMETRIC_REPRESENTATION_CONTEXT() REPRESENTATION_CONTEXT('2D SPACE',''
  ) );
#10791 = PCURVE('',#495,#10792);
#10792 = DEFINITIONAL_REPRESENTATION('',(#10793),#10797);
#10793 = LINE('',#10794,#10795);
#10794 = CARTESIAN_POINT('',(0.,0.));
#10795 = VECTOR('',#10796,1.);
#10796 = DIRECTION('',(0.,-1.));
#10797 = ( GEOMETRIC_REPRESENTATION_CONTEXT(2) 
PARAMETRIC_REPRESENTATION_CONTEXT() REPRESENTATION_CONTEXT('2D SPACE',''
  ) );
#10798 = ADVANCED_FACE('',(#10799),#373,.T.);
#10799 = FACE_BOUND('',#10800,.T.);
#10800 = EDGE_LOOP('',(#10801,#10822,#10823,#10824));
#10801 = ORIENTED_EDGE('',*,*,#10802,.T.);
#10802 = EDGE_CURVE('',#358,#6955,#10803,.T.);
#10803 = SURFACE_CURVE('',#10804,(#10808,#10815),.PCURVE_S1.);
#10804 = LINE('',#10805,#10806);
#10805 = CARTESIAN_POINT('',(12.116284385996,6.883805996763,0.));
#10806 = VECTOR('',#10807,1.);
#10807 = DIRECTION('',(0.,0.,1.));
#10808 = PCURVE('',#373,#10809);
#10809 = DEFINITIONAL_REPRESENTATION('',(#10810),#10814);
#10810 = LINE('',#10811,#10812);
#10811 = CARTESIAN_POINT('',(0.,0.));
#10812 = VECTOR('',#10813,1.);
#10813 = DIRECTION('',(0.,-1.));
#10814 = ( GEOMETRIC_REPRESENTATION_CONTEXT(2) 
PARAMETRIC_REPRESENTATION_CONTEXT() REPRESENTATION_CONTEXT('2D SPACE',''
  ) );
#10815 = PCURVE('',#495,#10816);
#10816 = DEFINITIONAL_REPRESENTATION('',(#10817),#10821);
#10817 = LINE('',#10818,#10819);
#10818 = CARTESIAN_POINT('',(67.031728548195,0.));
#10819 = VECTOR('',#10820,1.);
#10820 = DIRECTION('',(0.,-1.));
#10821 = ( GEOMETRIC_REPRESENTATION_CONTEXT(2) 
PARAMETRIC_REPRESENTATION_CONTEXT() REPRESENTATION_CONTEXT('2D SPACE',''
  ) );
#10822 = ORIENTED_EDGE('',*,*,#6954,.T.);
#10823 = ORIENTED_EDGE('',*,*,#6809,.F.);
#10824 = ORIENTED_EDGE('',*,*,#357,.F.);
#10825 = ADVANCED_FACE('',(#10826),#495,.T.);
#10826 = FACE_BOUND('',#10827,.T.);
#10827 = EDGE_LOOP('',(#10828,#10829,#10830,#10831));
#10828 = ORIENTED_EDGE('',*,*,#10778,.T.);
#10829 = ORIENTED_EDGE('',*,*,#6977,.T.);
#10830 = ORIENTED_EDGE('',*,*,#10802,.F.);
#10831 = ORIENTED_EDGE('',*,*,#385,.F.);
#10832 = ADVANCED_FACE('',(#10833),#672,.T.);
#10833 = FACE_BOUND('',#10834,.F.);
#10834 = EDGE_LOOP('',(#10835,#10856,#10857,#10858));
#10835 = ORIENTED_EDGE('',*,*,#10836,.T.);
#10836 = EDGE_CURVE('',#656,#7119,#10837,.T.);
#10837 = SEAM_CURVE('',#10838,(#10842,#10849),.PCURVE_S1.);
#10838 = LINE('',#10839,#10840);
#10839 = CARTESIAN_POINT('',(50.,0.,0.));
#10840 = VECTOR('',#10841,1.);
#10841 = DIRECTION('',(0.,0.,1.));
#10842 = PCURVE('',#672,#10843);
#10843 = DEFINITIONAL_REPRESENTATION('',(#10844),#10848);
#10844 = LINE('',#10845,#10846);
#10845 = CARTESIAN_POINT('',(-0.,0.));
#10846 = VECTOR('',#10847,1.);
#10847 = DIRECTION('',(-0.,-1.));
#10848 = ( GEOMETRIC_REPRESENTATION_CONTEXT(2) 
PARAMETRIC_REPRESENTATION_CONTEXT() REPRESENTATION_CONTEXT('2D SPACE',''
  ) );
#10849 = PCURVE('',#672,#10850);
#10850 = DEFINITIONAL_REPRESENTATION('',(#10851),#10855);
#10851 = LINE('',#10852,#10853);
#10852 = CARTESIAN_POINT('',(-6.28318530718,0.));
#10853 = VECTOR('',#10854,1.);
#10854 = DIRECTION('',(-0.,-1.));
#10855 = ( GEOMETRIC_REPRESENTATION_CONTEXT(2) 
PARAMETRIC_REPRESENTATION_CONTEXT() REPRESENTATION_CONTEXT('2D SPACE',''
  ) );
#10856 = ORIENTED_EDGE('',*,*,#7118,.T.);
#10857 = ORIENTED_EDGE('',*,*,#10836,.F.);
#10858 = ORIENTED_EDGE('',*,*,#655,.F.);
#10859 = ADVANCED_FACE('',(#10860),#705,.F.);
#10860 = FACE_BOUND('',#10861,.T.);
#10861 = EDGE_LOOP('',(#10862,#10863,#10884,#10885));
#10862 = ORIENTED_EDGE('',*,*,#686,.F.);
#10863 = ORIENTED_EDGE('',*,*,#10864,.T.);
#10864 = EDGE_CURVE('',#687,#7145,#10865,.T.);
#10865 = SURFACE_CURVE('',#10866,(#10870,#10877),.PCURVE_S1.);
#10866 = LINE('',#10867,#10868);
#10867 = CARTESIAN_POINT('',(46.985969100161,-12.02367280487,0.));
#10868 = VECTOR('',#10869,1.);
#10869 = DIRECTION('',(0.,0.,1.));
#10870 = PCURVE('',#705,#10871);
#10871 = DEFINITIONAL_REPRESENTATION('',(#10872),#10876);
#10872 = LINE('',#10873,#10874);
#10873 = CARTESIAN_POINT('',(-6.032662190652,0.));
#10874 = VECTOR('',#10875,1.);
#10875 = DIRECTION('',(-0.,-1.));
#10876 = ( GEOMETRIC_REPRESENTATION_CONTEXT(2) 
PARAMETRIC_REPRESENTATION_CONTEXT() REPRESENTATION_CONTEXT('2D SPACE',''
  ) );
#10877 = PCURVE('',#827,#10878);
#10878 = DEFINITIONAL_REPRESENTATION('',(#10879),#10883);
#10879 = LINE('',#10880,#10881);
#10880 = CARTESIAN_POINT('',(59.759046788485,0.));
#10881 = VECTOR('',#10882,1.);
#10882 = DIRECTION('',(0.,-1.));
#10883 = ( GEOMETRIC_REPRESENTATION_CONTEXT(2) 
PARAMETRIC_REPRESENTATION_CONTEXT() REPRESENTATION_CONTEXT('2D SPACE',''
  ) );
#10884 = ORIENTED_EDGE('',*,*,#7144,.T.);
#10885 = ORIENTED_EDGE('',*,*,#10886,.F.);
#10886 = EDGE_CURVE('',#689,#7147,#10887,.T.);
#10887 = SURFACE_CURVE('',#10888,(#10892,#10899),.PCURVE_S1.);
#10888 = LINE('',#10889,#10890);
#10889 = CARTESIAN_POINT('',(48.153202670253,-5.789565838434,0.));
#10890 = VECTOR('',#10891,1.);
#10891 = DIRECTION('',(0.,0.,1.));
#10892 = PCURVE('',#705,#10893);
#10893 = DEFINITIONAL_REPRESENTATION('',(#10894),#10898);
#10894 = LINE('',#10895,#10896);
#10895 = CARTESIAN_POINT('',(-6.163527476618,0.));
#10896 = VECTOR('',#10897,1.);
#10897 = DIRECTION('',(-0.,-1.));
#10898 = ( GEOMETRIC_REPRESENTATION_CONTEXT(2) 
PARAMETRIC_REPRESENTATION_CONTEXT() REPRESENTATION_CONTEXT('2D SPACE',''
  ) );
#10899 = PCURVE('',#1224,#10900);
#10900 = DEFINITIONAL_REPRESENTATION('',(#10901),#10905);
#10901 = LINE('',#10902,#10903);
#10902 = CARTESIAN_POINT('',(0.,0.));
#10903 = VECTOR('',#10904,1.);
#10904 = DIRECTION('',(0.,1.));
#10905 = ( GEOMETRIC_REPRESENTATION_CONTEXT(2) 
PARAMETRIC_REPRESENTATION_CONTEXT() REPRESENTATION_CONTEXT('2D SPACE',''
  ) );
#10906 = ADVANCED_FACE('',(#10907),#1224,.F.);
#10907 = FACE_BOUND('',#10908,.F.);
#10908 = EDGE_LOOP('',(#10909,#10910,#10931,#10932));
#10909 = ORIENTED_EDGE('',*,*,#1209,.T.);
#10910 = ORIENTED_EDGE('',*,*,#10911,.T.);
#10911 = EDGE_CURVE('',#1182,#7428,#10912,.T.);
#10912 = SURFACE_CURVE('',#10913,(#10917,#10924),.PCURVE_S1.);
#10913 = LINE('',#10914,#10915);
#10914 = CARTESIAN_POINT('',(48.149460377805,-5.043469858274,0.));
#10915 = VECTOR('',#10916,1.);
#10916 = DIRECTION('',(0.,0.,1.));
#10917 = PCURVE('',#1224,#10918);
#10918 = DEFINITIONAL_REPRESENTATION('',(#10919),#10923);
#10919 = LINE('',#10920,#10921);
#10920 = CARTESIAN_POINT('',(0.249347241949,0.));
#10921 = VECTOR('',#10922,1.);
#10922 = DIRECTION('',(0.,1.));
#10923 = ( GEOMETRIC_REPRESENTATION_CONTEXT(2) 
PARAMETRIC_REPRESENTATION_CONTEXT() REPRESENTATION_CONTEXT('2D SPACE',''
  ) );
#10924 = PCURVE('',#1197,#10925);
#10925 = DEFINITIONAL_REPRESENTATION('',(#10926),#10930);
#10926 = LINE('',#10927,#10928);
#10927 = CARTESIAN_POINT('',(0.369878543671,0.));
#10928 = VECTOR('',#10929,1.);
#10929 = DIRECTION('',(0.,-1.));
#10930 = ( GEOMETRIC_REPRESENTATION_CONTEXT(2) 
PARAMETRIC_REPRESENTATION_CONTEXT() REPRESENTATION_CONTEXT('2D SPACE',''
  ) );
#10931 = ORIENTED_EDGE('',*,*,#7450,.F.);
#10932 = ORIENTED_EDGE('',*,*,#10886,.F.);
#10933 = ADVANCED_FACE('',(#10934),#827,.T.);
#10934 = FACE_BOUND('',#10935,.T.);
#10935 = EDGE_LOOP('',(#10936,#10957,#10958,#10959));
#10936 = ORIENTED_EDGE('',*,*,#10937,.T.);
#10937 = EDGE_CURVE('',#718,#7171,#10938,.T.);
#10938 = SURFACE_CURVE('',#10939,(#10943,#10950),.PCURVE_S1.);
#10939 = LINE('',#10940,#10941);
#10940 = CARTESIAN_POINT('',(12.718131317315,-2.002495231905,0.));
#10941 = VECTOR('',#10942,1.);
#10942 = DIRECTION('',(0.,0.,1.));
#10943 = PCURVE('',#827,#10944);
#10944 = DEFINITIONAL_REPRESENTATION('',(#10945),#10949);
#10945 = LINE('',#10946,#10947);
#10946 = CARTESIAN_POINT('',(4.560656898555,0.));
#10947 = VECTOR('',#10948,1.);
#10948 = DIRECTION('',(0.,-1.));
#10949 = ( GEOMETRIC_REPRESENTATION_CONTEXT(2) 
PARAMETRIC_REPRESENTATION_CONTEXT() REPRESENTATION_CONTEXT('2D SPACE',''
  ) );
#10950 = PCURVE('',#951,#10951);
#10951 = DEFINITIONAL_REPRESENTATION('',(#10952),#10956);
#10952 = LINE('',#10953,#10954);
#10953 = CARTESIAN_POINT('',(2.261200466709,0.));
#10954 = VECTOR('',#10955,1.);
#10955 = DIRECTION('',(0.,-1.));
#10956 = ( GEOMETRIC_REPRESENTATION_CONTEXT(2) 
PARAMETRIC_REPRESENTATION_CONTEXT() REPRESENTATION_CONTEXT('2D SPACE',''
  ) );
#10957 = ORIENTED_EDGE('',*,*,#7170,.T.);
#10958 = ORIENTED_EDGE('',*,*,#10864,.F.);
#10959 = ORIENTED_EDGE('',*,*,#717,.F.);
#10960 = ADVANCED_FACE('',(#10961),#1197,.T.);
#10961 = FACE_BOUND('',#10962,.T.);
#10962 = EDGE_LOOP('',(#10963,#10964,#10965,#10966));
#10963 = ORIENTED_EDGE('',*,*,#1181,.F.);
#10964 = ORIENTED_EDGE('',*,*,#10911,.T.);
#10965 = ORIENTED_EDGE('',*,*,#7427,.T.);
#10966 = ORIENTED_EDGE('',*,*,#10967,.F.);
#10967 = EDGE_CURVE('',#964,#7311,#10968,.T.);
#10968 = SURFACE_CURVE('',#10969,(#10973,#10980),.PCURVE_S1.);
#10969 = LINE('',#10970,#10971);
#10970 = CARTESIAN_POINT('',(47.50629678931,-0.112044317377,0.));
#10971 = VECTOR('',#10972,1.);
#10972 = DIRECTION('',(0.,0.,1.));
#10973 = PCURVE('',#1197,#10974);
#10974 = DEFINITIONAL_REPRESENTATION('',(#10975),#10979);
#10975 = LINE('',#10976,#10977);
#10976 = CARTESIAN_POINT('',(5.343068391945,0.));
#10977 = VECTOR('',#10978,1.);
#10978 = DIRECTION('',(0.,-1.));
#10979 = ( GEOMETRIC_REPRESENTATION_CONTEXT(2) 
PARAMETRIC_REPRESENTATION_CONTEXT() REPRESENTATION_CONTEXT('2D SPACE',''
  ) );
#10980 = PCURVE('',#1073,#10981);
#10981 = DEFINITIONAL_REPRESENTATION('',(#10982),#10986);
#10982 = LINE('',#10983,#10984);
#10983 = CARTESIAN_POINT('',(0.,0.));
#10984 = VECTOR('',#10985,1.);
#10985 = DIRECTION('',(0.,-1.));
#10986 = ( GEOMETRIC_REPRESENTATION_CONTEXT(2) 
PARAMETRIC_REPRESENTATION_CONTEXT() REPRESENTATION_CONTEXT('2D SPACE',''
  ) );
#10987 = ADVANCED_FACE('',(#10988),#951,.T.);
#10988 = FACE_BOUND('',#10989,.T.);
#10989 = EDGE_LOOP('',(#10990,#11011,#11012,#11013));
#10990 = ORIENTED_EDGE('',*,*,#10991,.T.);
#10991 = EDGE_CURVE('',#936,#7288,#10992,.T.);
#10992 = SURFACE_CURVE('',#10993,(#10997,#11004),.PCURVE_S1.);
#10993 = LINE('',#10994,#10995);
#10994 = CARTESIAN_POINT('',(13.934913076131,-9.659132507772E-02,0.));
#10995 = VECTOR('',#10996,1.);
#10996 = DIRECTION('',(0.,0.,1.));
#10997 = PCURVE('',#951,#10998);
#10998 = DEFINITIONAL_REPRESENTATION('',(#10999),#11003);
#10999 = LINE('',#11000,#11001);
#11000 = CARTESIAN_POINT('',(0.,0.));
#11001 = VECTOR('',#11002,1.);
#11002 = DIRECTION('',(0.,-1.));
#11003 = ( GEOMETRIC_REPRESENTATION_CONTEXT(2) 
PARAMETRIC_REPRESENTATION_CONTEXT() REPRESENTATION_CONTEXT('2D SPACE',''
  ) );
#11004 = PCURVE('',#1073,#11005);
#11005 = DEFINITIONAL_REPRESENTATION('',(#11006),#11010);
#11006 = LINE('',#11007,#11008);
#11007 = CARTESIAN_POINT('',(67.031728548195,0.));
#11008 = VECTOR('',#11009,1.);
#11009 = DIRECTION('',(0.,-1.));
#11010 = ( GEOMETRIC_REPRESENTATION_CONTEXT(2) 
PARAMETRIC_REPRESENTATION_CONTEXT() REPRESENTATION_CONTEXT('2D SPACE',''
  ) );
#11011 = ORIENTED_EDGE('',*,*,#7287,.T.);
#11012 = ORIENTED_EDGE('',*,*,#10937,.F.);
#11013 = ORIENTED_EDGE('',*,*,#935,.F.);
#11014 = ADVANCED_FACE('',(#11015),#1073,.T.);
#11015 = FACE_BOUND('',#11016,.T.);
#11016 = EDGE_LOOP('',(#11017,#11018,#11019,#11020));
#11017 = ORIENTED_EDGE('',*,*,#10967,.T.);
#11018 = ORIENTED_EDGE('',*,*,#7310,.T.);
#11019 = ORIENTED_EDGE('',*,*,#10991,.F.);
#11020 = ORIENTED_EDGE('',*,*,#963,.F.);
#11021 = ADVANCED_FACE('',(#11022),#1257,.F.);
#11022 = FACE_BOUND('',#11023,.T.);
#11023 = EDGE_LOOP('',(#11024,#11025,#11046,#11047));
#11024 = ORIENTED_EDGE('',*,*,#1238,.F.);
#11025 = ORIENTED_EDGE('',*,*,#11026,.T.);
#11026 = EDGE_CURVE('',#1239,#7475,#11027,.T.);
#11027 = SURFACE_CURVE('',#11028,(#11032,#11039),.PCURVE_S1.);
#11028 = LINE('',#11029,#11030);
#11029 = CARTESIAN_POINT('',(34.679206459732,-33.90579064589,0.));
#11030 = VECTOR('',#11031,1.);
#11031 = DIRECTION('',(0.,0.,1.));
#11032 = PCURVE('',#1257,#11033);
#11033 = DEFINITIONAL_REPRESENTATION('',(#11034),#11038);
#11034 = LINE('',#11035,#11036);
#11035 = CARTESIAN_POINT('',(-5.509063415054,0.));
#11036 = VECTOR('',#11037,1.);
#11037 = DIRECTION('',(-0.,-1.));
#11038 = ( GEOMETRIC_REPRESENTATION_CONTEXT(2) 
PARAMETRIC_REPRESENTATION_CONTEXT() REPRESENTATION_CONTEXT('2D SPACE',''
  ) );
#11039 = PCURVE('',#1379,#11040);
#11040 = DEFINITIONAL_REPRESENTATION('',(#11041),#11045);
#11041 = LINE('',#11042,#11043);
#11042 = CARTESIAN_POINT('',(59.759046788486,0.));
#11043 = VECTOR('',#11044,1.);
#11044 = DIRECTION('',(0.,-1.));
#11045 = ( GEOMETRIC_REPRESENTATION_CONTEXT(2) 
PARAMETRIC_REPRESENTATION_CONTEXT() REPRESENTATION_CONTEXT('2D SPACE',''
  ) );
#11046 = ORIENTED_EDGE('',*,*,#7474,.T.);
#11047 = ORIENTED_EDGE('',*,*,#11048,.F.);
#11048 = EDGE_CURVE('',#1241,#7477,#11049,.T.);
#11049 = SURFACE_CURVE('',#11050,(#11054,#11061),.PCURVE_S1.);
#11050 = LINE('',#11051,#11052);
#11051 = CARTESIAN_POINT('',(38.807113866803,-29.09051242809,0.));
#11052 = VECTOR('',#11053,1.);
#11053 = DIRECTION('',(0.,0.,1.));
#11054 = PCURVE('',#1257,#11055);
#11055 = DEFINITIONAL_REPRESENTATION('',(#11056),#11060);
#11056 = LINE('',#11057,#11058);
#11057 = CARTESIAN_POINT('',(-5.63992870102,0.));
#11058 = VECTOR('',#11059,1.);
#11059 = DIRECTION('',(-0.,-1.));
#11060 = ( GEOMETRIC_REPRESENTATION_CONTEXT(2) 
PARAMETRIC_REPRESENTATION_CONTEXT() REPRESENTATION_CONTEXT('2D SPACE',''
  ) );
#11061 = PCURVE('',#1776,#11062);
#11062 = DEFINITIONAL_REPRESENTATION('',(#11063),#11067);
#11063 = LINE('',#11064,#11065);
#11064 = CARTESIAN_POINT('',(0.,0.));
#11065 = VECTOR('',#11066,1.);
#11066 = DIRECTION('',(0.,1.));
#11067 = ( GEOMETRIC_REPRESENTATION_CONTEXT(2) 
PARAMETRIC_REPRESENTATION_CONTEXT() REPRESENTATION_CONTEXT('2D SPACE',''
  ) );
#11068 = ADVANCED_FACE('',(#11069),#1776,.F.);
#11069 = FACE_BOUND('',#11070,.F.);
#11070 = EDGE_LOOP('',(#11071,#11072,#11093,#11094));
#11071 = ORIENTED_EDGE('',*,*,#1761,.T.);
#11072 = ORIENTED_EDGE('',*,*,#11073,.T.);
#11073 = EDGE_CURVE('',#1734,#7758,#11074,.T.);
#11074 = SURFACE_CURVE('',#11075,(#11079,#11086),.PCURVE_S1.);
#11075 = LINE('',#11076,#11077);
#11076 = CARTESIAN_POINT('',(39.176920936555,-28.44250320938,0.));
#11077 = VECTOR('',#11078,1.);
#11078 = DIRECTION('',(0.,0.,1.));
#11079 = PCURVE('',#1776,#11080);
#11080 = DEFINITIONAL_REPRESENTATION('',(#11081),#11085);
#11081 = LINE('',#11082,#11083);
#11082 = CARTESIAN_POINT('',(0.249347241949,0.));
#11083 = VECTOR('',#11084,1.);
#11084 = DIRECTION('',(0.,1.));
#11085 = ( GEOMETRIC_REPRESENTATION_CONTEXT(2) 
PARAMETRIC_REPRESENTATION_CONTEXT() REPRESENTATION_CONTEXT('2D SPACE',''
  ) );
#11086 = PCURVE('',#1749,#11087);
#11087 = DEFINITIONAL_REPRESENTATION('',(#11088),#11092);
#11088 = LINE('',#11089,#11090);
#11089 = CARTESIAN_POINT('',(0.369878543673,0.));
#11090 = VECTOR('',#11091,1.);
#11091 = DIRECTION('',(0.,-1.));
#11092 = ( GEOMETRIC_REPRESENTATION_CONTEXT(2) 
PARAMETRIC_REPRESENTATION_CONTEXT() REPRESENTATION_CONTEXT('2D SPACE',''
  ) );
#11093 = ORIENTED_EDGE('',*,*,#7780,.F.);
#11094 = ORIENTED_EDGE('',*,*,#11048,.F.);
#11095 = ADVANCED_FACE('',(#11096),#1379,.T.);
#11096 = FACE_BOUND('',#11097,.T.);
#11097 = EDGE_LOOP('',(#11098,#11119,#11120,#11121));
#11098 = ORIENTED_EDGE('',*,*,#11099,.T.);
#11099 = EDGE_CURVE('',#1270,#7501,#11100,.T.);
#11100 = SURFACE_CURVE('',#11101,(#11105,#11112),.PCURVE_S1.);
#11101 = LINE('',#11102,#11103);
#11102 = CARTESIAN_POINT('',(10.012977193509,-8.093277400445,0.));
#11103 = VECTOR('',#11104,1.);
#11104 = DIRECTION('',(0.,0.,1.));
#11105 = PCURVE('',#1379,#11106);
#11106 = DEFINITIONAL_REPRESENTATION('',(#11107),#11111);
#11107 = LINE('',#11108,#11109);
#11108 = CARTESIAN_POINT('',(4.560656898555,0.));
#11109 = VECTOR('',#11110,1.);
#11110 = DIRECTION('',(0.,-1.));
#11111 = ( GEOMETRIC_REPRESENTATION_CONTEXT(2) 
PARAMETRIC_REPRESENTATION_CONTEXT() REPRESENTATION_CONTEXT('2D SPACE',''
  ) );
#11112 = PCURVE('',#1503,#11113);
#11113 = DEFINITIONAL_REPRESENTATION('',(#11114),#11118);
#11114 = LINE('',#11115,#11116);
#11115 = CARTESIAN_POINT('',(2.261200466709,0.));
#11116 = VECTOR('',#11117,1.);
#11117 = DIRECTION('',(0.,-1.));
#11118 = ( GEOMETRIC_REPRESENTATION_CONTEXT(2) 
PARAMETRIC_REPRESENTATION_CONTEXT() REPRESENTATION_CONTEXT('2D SPACE',''
  ) );
#11119 = ORIENTED_EDGE('',*,*,#7500,.T.);
#11120 = ORIENTED_EDGE('',*,*,#11026,.F.);
#11121 = ORIENTED_EDGE('',*,*,#1269,.F.);
#11122 = ADVANCED_FACE('',(#11123),#1749,.T.);
#11123 = FACE_BOUND('',#11124,.T.);
#11124 = EDGE_LOOP('',(#11125,#11126,#11127,#11128));
#11125 = ORIENTED_EDGE('',*,*,#1733,.F.);
#11126 = ORIENTED_EDGE('',*,*,#11073,.T.);
#11127 = ORIENTED_EDGE('',*,*,#7757,.T.);
#11128 = ORIENTED_EDGE('',*,*,#11129,.F.);
#11129 = EDGE_CURVE('',#1516,#7641,#11130,.T.);
#11130 = SURFACE_CURVE('',#11131,(#11135,#11142),.PCURVE_S1.);
#11131 = LINE('',#11132,#11133);
#11132 = CARTESIAN_POINT('',(41.085637700577,-23.85018161985,0.));
#11133 = VECTOR('',#11134,1.);
#11134 = DIRECTION('',(0.,0.,1.));
#11135 = PCURVE('',#1749,#11136);
#11136 = DEFINITIONAL_REPRESENTATION('',(#11137),#11141);
#11137 = LINE('',#11138,#11139);
#11138 = CARTESIAN_POINT('',(5.343068391947,0.));
#11139 = VECTOR('',#11140,1.);
#11140 = DIRECTION('',(0.,-1.));
#11141 = ( GEOMETRIC_REPRESENTATION_CONTEXT(2) 
PARAMETRIC_REPRESENTATION_CONTEXT() REPRESENTATION_CONTEXT('2D SPACE',''
  ) );
#11142 = PCURVE('',#1625,#11143);
#11143 = DEFINITIONAL_REPRESENTATION('',(#11144),#11148);
#11144 = LINE('',#11145,#11146);
#11145 = CARTESIAN_POINT('',(0.,0.));
#11146 = VECTOR('',#11147,1.);
#11147 = DIRECTION('',(0.,-1.));
#11148 = ( GEOMETRIC_REPRESENTATION_CONTEXT(2) 
PARAMETRIC_REPRESENTATION_CONTEXT() REPRESENTATION_CONTEXT('2D SPACE',''
  ) );
#11149 = ADVANCED_FACE('',(#11150),#1503,.T.);
#11150 = FACE_BOUND('',#11151,.T.);
#11151 = EDGE_LOOP('',(#11152,#11173,#11174,#11175));
#11152 = ORIENTED_EDGE('',*,*,#11153,.T.);
#11153 = EDGE_CURVE('',#1488,#7618,#11154,.T.);
#11154 = SURFACE_CURVE('',#11155,(#11159,#11166),.PCURVE_S1.);
#11155 = LINE('',#11156,#11157);
#11156 = CARTESIAN_POINT('',(12.019693060918,-7.051107079368,0.));
#11157 = VECTOR('',#11158,1.);
#11158 = DIRECTION('',(0.,0.,1.));
#11159 = PCURVE('',#1503,#11160);
#11160 = DEFINITIONAL_REPRESENTATION('',(#11161),#11165);
#11161 = LINE('',#11162,#11163);
#11162 = CARTESIAN_POINT('',(0.,0.));
#11163 = VECTOR('',#11164,1.);
#11164 = DIRECTION('',(0.,-1.));
#11165 = ( GEOMETRIC_REPRESENTATION_CONTEXT(2) 
PARAMETRIC_REPRESENTATION_CONTEXT() REPRESENTATION_CONTEXT('2D SPACE',''
  ) );
#11166 = PCURVE('',#1625,#11167);
#11167 = DEFINITIONAL_REPRESENTATION('',(#11168),#11172);
#11168 = LINE('',#11169,#11170);
#11169 = CARTESIAN_POINT('',(67.031728548195,0.));
#11170 = VECTOR('',#11171,1.);
#11171 = DIRECTION('',(0.,-1.));
#11172 = ( GEOMETRIC_REPRESENTATION_CONTEXT(2) 
PARAMETRIC_REPRESENTATION_CONTEXT() REPRESENTATION_CONTEXT('2D SPACE',''
  ) );
#11173 = ORIENTED_EDGE('',*,*,#7617,.T.);
#11174 = ORIENTED_EDGE('',*,*,#11099,.F.);
#11175 = ORIENTED_EDGE('',*,*,#1487,.F.);
#11176 = ADVANCED_FACE('',(#11177),#1625,.T.);
#11177 = FACE_BOUND('',#11178,.T.);
#11178 = EDGE_LOOP('',(#11179,#11180,#11181,#11182));
#11179 = ORIENTED_EDGE('',*,*,#11129,.T.);
#11180 = ORIENTED_EDGE('',*,*,#7640,.T.);
#11181 = ORIENTED_EDGE('',*,*,#11153,.F.);
#11182 = ORIENTED_EDGE('',*,*,#1515,.F.);
#11183 = ADVANCED_FACE('',(#11184),#1809,.F.);
#11184 = FACE_BOUND('',#11185,.T.);
#11185 = EDGE_LOOP('',(#11186,#11187,#11208,#11209));
#11186 = ORIENTED_EDGE('',*,*,#1790,.F.);
#11187 = ORIENTED_EDGE('',*,*,#11188,.T.);
#11188 = EDGE_CURVE('',#1791,#7805,#11189,.T.);
#11189 = SURFACE_CURVE('',#11190,(#11194,#11201),.PCURVE_S1.);
#11190 = LINE('',#11191,#11192);
#11191 = CARTESIAN_POINT('',(13.080178454266,-46.7028792646,0.));
#11192 = VECTOR('',#11193,1.);
#11193 = DIRECTION('',(0.,0.,1.));
#11194 = PCURVE('',#1809,#11195);
#11195 = DEFINITIONAL_REPRESENTATION('',(#11196),#11200);
#11196 = LINE('',#11197,#11198);
#11197 = CARTESIAN_POINT('',(-4.985464639455,0.));
#11198 = VECTOR('',#11199,1.);
#11199 = DIRECTION('',(-0.,-1.));
#11200 = ( GEOMETRIC_REPRESENTATION_CONTEXT(2) 
PARAMETRIC_REPRESENTATION_CONTEXT() REPRESENTATION_CONTEXT('2D SPACE',''
  ) );
#11201 = PCURVE('',#1931,#11202);
#11202 = DEFINITIONAL_REPRESENTATION('',(#11203),#11207);
#11203 = LINE('',#11204,#11205);
#11204 = CARTESIAN_POINT('',(59.759046788485,0.));
#11205 = VECTOR('',#11206,1.);
#11206 = DIRECTION('',(0.,-1.));
#11207 = ( GEOMETRIC_REPRESENTATION_CONTEXT(2) 
PARAMETRIC_REPRESENTATION_CONTEXT() REPRESENTATION_CONTEXT('2D SPACE',''
  ) );
#11208 = ORIENTED_EDGE('',*,*,#7804,.T.);
#11209 = ORIENTED_EDGE('',*,*,#11210,.F.);
#11210 = EDGE_CURVE('',#1793,#7807,#11211,.T.);
#11211 = SURFACE_CURVE('',#11212,(#11216,#11223),.PCURVE_S1.);
#11212 = LINE('',#11213,#11214);
#11213 = CARTESIAN_POINT('',(19.06269024216,-44.59667970523,0.));
#11214 = VECTOR('',#11215,1.);
#11215 = DIRECTION('',(0.,0.,1.));
#11216 = PCURVE('',#1809,#11217);
#11217 = DEFINITIONAL_REPRESENTATION('',(#11218),#11222);
#11218 = LINE('',#11219,#11220);
#11219 = CARTESIAN_POINT('',(-5.116329925422,0.));
#11220 = VECTOR('',#11221,1.);
#11221 = DIRECTION('',(-0.,-1.));
#11222 = ( GEOMETRIC_REPRESENTATION_CONTEXT(2) 
PARAMETRIC_REPRESENTATION_CONTEXT() REPRESENTATION_CONTEXT('2D SPACE',''
  ) );
#11223 = PCURVE('',#2328,#11224);
#11224 = DEFINITIONAL_REPRESENTATION('',(#11225),#11229);
#11225 = LINE('',#11226,#11227);
#11226 = CARTESIAN_POINT('',(1.184237892934E-15,0.));
#11227 = VECTOR('',#11228,1.);
#11228 = DIRECTION('',(0.,1.));
#11229 = ( GEOMETRIC_REPRESENTATION_CONTEXT(2) 
PARAMETRIC_REPRESENTATION_CONTEXT() REPRESENTATION_CONTEXT('2D SPACE',''
  ) );
#11230 = ADVANCED_FACE('',(#11231),#2328,.F.);
#11231 = FACE_BOUND('',#11232,.F.);
#11232 = EDGE_LOOP('',(#11233,#11234,#11255,#11256));
#11233 = ORIENTED_EDGE('',*,*,#2313,.T.);
#11234 = ORIENTED_EDGE('',*,*,#11235,.T.);
#11235 = EDGE_CURVE('',#2286,#8088,#11236,.T.);
#11236 = SURFACE_CURVE('',#11237,(#11241,#11248),.PCURVE_S1.);
#11237 = LINE('',#11238,#11239);
#11238 = CARTESIAN_POINT('',(19.706957168416,-44.22039079482,0.));
#11239 = VECTOR('',#11240,1.);
#11240 = DIRECTION('',(0.,0.,1.));
#11241 = PCURVE('',#2328,#11242);
#11242 = DEFINITIONAL_REPRESENTATION('',(#11243),#11247);
#11243 = LINE('',#11244,#11245);
#11244 = CARTESIAN_POINT('',(0.249347241949,0.));
#11245 = VECTOR('',#11246,1.);
#11246 = DIRECTION('',(0.,1.));
#11247 = ( GEOMETRIC_REPRESENTATION_CONTEXT(2) 
PARAMETRIC_REPRESENTATION_CONTEXT() REPRESENTATION_CONTEXT('2D SPACE',''
  ) );
#11248 = PCURVE('',#2301,#11249);
#11249 = DEFINITIONAL_REPRESENTATION('',(#11250),#11254);
#11250 = LINE('',#11251,#11252);
#11251 = CARTESIAN_POINT('',(0.369878543677,0.));
#11252 = VECTOR('',#11253,1.);
#11253 = DIRECTION('',(0.,-1.));
#11254 = ( GEOMETRIC_REPRESENTATION_CONTEXT(2) 
PARAMETRIC_REPRESENTATION_CONTEXT() REPRESENTATION_CONTEXT('2D SPACE',''
  ) );
#11255 = ORIENTED_EDGE('',*,*,#8110,.F.);
#11256 = ORIENTED_EDGE('',*,*,#11210,.F.);
#11257 = ADVANCED_FACE('',(#11258),#1931,.T.);
#11258 = FACE_BOUND('',#11259,.T.);
#11259 = EDGE_LOOP('',(#11260,#11281,#11282,#11283));
#11260 = ORIENTED_EDGE('',*,*,#11261,.T.);
#11261 = EDGE_CURVE('',#1822,#7831,#11262,.T.);
#11262 = SURFACE_CURVE('',#11263,(#11267,#11274),.PCURVE_S1.);
#11263 = LINE('',#11264,#11265);
#11264 = CARTESIAN_POINT('',(4.624853916871,-12.01547242541,0.));
#11265 = VECTOR('',#11266,1.);
#11266 = DIRECTION('',(0.,0.,1.));
#11267 = PCURVE('',#1931,#11268);
#11268 = DEFINITIONAL_REPRESENTATION('',(#11269),#11273);
#11269 = LINE('',#11270,#11271);
#11270 = CARTESIAN_POINT('',(4.560656898555,0.));
#11271 = VECTOR('',#11272,1.);
#11272 = DIRECTION('',(0.,-1.));
#11273 = ( GEOMETRIC_REPRESENTATION_CONTEXT(2) 
PARAMETRIC_REPRESENTATION_CONTEXT() REPRESENTATION_CONTEXT('2D SPACE',''
  ) );
#11274 = PCURVE('',#2055,#11275);
#11275 = DEFINITIONAL_REPRESENTATION('',(#11276),#11280);
#11276 = LINE('',#11277,#11278);
#11277 = CARTESIAN_POINT('',(2.261200466709,0.));
#11278 = VECTOR('',#11279,1.);
#11279 = DIRECTION('',(0.,-1.));
#11280 = ( GEOMETRIC_REPRESENTATION_CONTEXT(2) 
PARAMETRIC_REPRESENTATION_CONTEXT() REPRESENTATION_CONTEXT('2D SPACE',''
  ) );
#11281 = ORIENTED_EDGE('',*,*,#7830,.T.);
#11282 = ORIENTED_EDGE('',*,*,#11188,.F.);
#11283 = ORIENTED_EDGE('',*,*,#1821,.F.);
#11284 = ADVANCED_FACE('',(#11285),#2301,.T.);
#11285 = FACE_BOUND('',#11286,.T.);
#11286 = EDGE_LOOP('',(#11287,#11288,#11289,#11290));
#11287 = ORIENTED_EDGE('',*,*,#2285,.F.);
#11288 = ORIENTED_EDGE('',*,*,#11235,.T.);
#11289 = ORIENTED_EDGE('',*,*,#8087,.T.);
#11290 = ORIENTED_EDGE('',*,*,#11291,.F.);
#11291 = EDGE_CURVE('',#2068,#7971,#11292,.T.);
#11292 = SURFACE_CURVE('',#11293,(#11297,#11304),.PCURVE_S1.);
#11293 = LINE('',#11294,#11295);
#11294 = CARTESIAN_POINT('',(23.656115169457,-41.19768201795,0.));
#11295 = VECTOR('',#11296,1.);
#11296 = DIRECTION('',(0.,0.,1.));
#11297 = PCURVE('',#2301,#11298);
#11298 = DEFINITIONAL_REPRESENTATION('',(#11299),#11303);
#11299 = LINE('',#11300,#11301);
#11300 = CARTESIAN_POINT('',(5.343068391951,0.));
#11301 = VECTOR('',#11302,1.);
#11302 = DIRECTION('',(0.,-1.));
#11303 = ( GEOMETRIC_REPRESENTATION_CONTEXT(2) 
PARAMETRIC_REPRESENTATION_CONTEXT() REPRESENTATION_CONTEXT('2D SPACE',''
  ) );
#11304 = PCURVE('',#2177,#11305);
#11305 = DEFINITIONAL_REPRESENTATION('',(#11306),#11310);
#11306 = LINE('',#11307,#11308);
#11307 = CARTESIAN_POINT('',(0.,0.));
#11308 = VECTOR('',#11309,1.);
#11309 = DIRECTION('',(0.,-1.));
#11310 = ( GEOMETRIC_REPRESENTATION_CONTEXT(2) 
PARAMETRIC_REPRESENTATION_CONTEXT() REPRESENTATION_CONTEXT('2D SPACE',''
  ) );
#11311 = ADVANCED_FACE('',(#11312),#2055,.T.);
#11312 = FACE_BOUND('',#11313,.T.);
#11313 = EDGE_LOOP('',(#11314,#11335,#11336,#11337));
#11314 = ORIENTED_EDGE('',*,*,#11315,.T.);
#11315 = EDGE_CURVE('',#2040,#7948,#11316,.T.);
#11316 = SURFACE_CURVE('',#11317,(#11321,#11328),.PCURVE_S1.);
#11317 = LINE('',#11318,#11319);
#11318 = CARTESIAN_POINT('',(6.883805996763,-12.11628438599,0.));
#11319 = VECTOR('',#11320,1.);
#11320 = DIRECTION('',(0.,0.,1.));
#11321 = PCURVE('',#2055,#11322);
#11322 = DEFINITIONAL_REPRESENTATION('',(#11323),#11327);
#11323 = LINE('',#11324,#11325);
#11324 = CARTESIAN_POINT('',(0.,0.));
#11325 = VECTOR('',#11326,1.);
#11326 = DIRECTION('',(0.,-1.));
#11327 = ( GEOMETRIC_REPRESENTATION_CONTEXT(2) 
PARAMETRIC_REPRESENTATION_CONTEXT() REPRESENTATION_CONTEXT('2D SPACE',''
  ) );
#11328 = PCURVE('',#2177,#11329);
#11329 = DEFINITIONAL_REPRESENTATION('',(#11330),#11334);
#11330 = LINE('',#11331,#11332);
#11331 = CARTESIAN_POINT('',(67.031728548195,0.));
#11332 = VECTOR('',#11333,1.);
#11333 = DIRECTION('',(0.,-1.));
#11334 = ( GEOMETRIC_REPRESENTATION_CONTEXT(2) 
PARAMETRIC_REPRESENTATION_CONTEXT() REPRESENTATION_CONTEXT('2D SPACE',''
  ) );
#11335 = ORIENTED_EDGE('',*,*,#7947,.T.);
#11336 = ORIENTED_EDGE('',*,*,#11261,.F.);
#11337 = ORIENTED_EDGE('',*,*,#2039,.F.);
#11338 = ADVANCED_FACE('',(#11339),#2177,.T.);
#11339 = FACE_BOUND('',#11340,.T.);
#11340 = EDGE_LOOP('',(#11341,#11342,#11343,#11344));
#11341 = ORIENTED_EDGE('',*,*,#11291,.T.);
#11342 = ORIENTED_EDGE('',*,*,#7970,.T.);
#11343 = ORIENTED_EDGE('',*,*,#11315,.F.);
#11344 = ORIENTED_EDGE('',*,*,#2067,.F.);
#11345 = ADVANCED_FACE('',(#11346),#2361,.F.);
#11346 = FACE_BOUND('',#11347,.T.);
#11347 = EDGE_LOOP('',(#11348,#11349,#11370,#11371));
#11348 = ORIENTED_EDGE('',*,*,#2342,.F.);
#11349 = ORIENTED_EDGE('',*,*,#11350,.T.);
#11350 = EDGE_CURVE('',#2343,#8135,#11351,.T.);
#11351 = SURFACE_CURVE('',#11352,(#11356,#11363),.PCURVE_S1.);
#11352 = LINE('',#11353,#11354);
#11353 = CARTESIAN_POINT('',(-12.02367280487,-46.98596910016,0.));
#11354 = VECTOR('',#11355,1.);
#11355 = DIRECTION('',(0.,0.,1.));
#11356 = PCURVE('',#2361,#11357);
#11357 = DEFINITIONAL_REPRESENTATION('',(#11358),#11362);
#11358 = LINE('',#11359,#11360);
#11359 = CARTESIAN_POINT('',(-4.461865863857,0.));
#11360 = VECTOR('',#11361,1.);
#11361 = DIRECTION('',(-0.,-1.));
#11362 = ( GEOMETRIC_REPRESENTATION_CONTEXT(2) 
PARAMETRIC_REPRESENTATION_CONTEXT() REPRESENTATION_CONTEXT('2D SPACE',''
  ) );
#11363 = PCURVE('',#2483,#11364);
#11364 = DEFINITIONAL_REPRESENTATION('',(#11365),#11369);
#11365 = LINE('',#11366,#11367);
#11366 = CARTESIAN_POINT('',(59.759046788485,0.));
#11367 = VECTOR('',#11368,1.);
#11368 = DIRECTION('',(0.,-1.));
#11369 = ( GEOMETRIC_REPRESENTATION_CONTEXT(2) 
PARAMETRIC_REPRESENTATION_CONTEXT() REPRESENTATION_CONTEXT('2D SPACE',''
  ) );
#11370 = ORIENTED_EDGE('',*,*,#8134,.T.);
#11371 = ORIENTED_EDGE('',*,*,#11372,.F.);
#11372 = EDGE_CURVE('',#2345,#8137,#11373,.T.);
#11373 = SURFACE_CURVE('',#11374,(#11378,#11385),.PCURVE_S1.);
#11374 = LINE('',#11375,#11376);
#11375 = CARTESIAN_POINT('',(-5.789565838434,-48.15320267025,0.));
#11376 = VECTOR('',#11377,1.);
#11377 = DIRECTION('',(0.,0.,1.));
#11378 = PCURVE('',#2361,#11379);
#11379 = DEFINITIONAL_REPRESENTATION('',(#11380),#11384);
#11380 = LINE('',#11381,#11382);
#11381 = CARTESIAN_POINT('',(-4.592731149823,0.));
#11382 = VECTOR('',#11383,1.);
#11383 = DIRECTION('',(-0.,-1.));
#11384 = ( GEOMETRIC_REPRESENTATION_CONTEXT(2) 
PARAMETRIC_REPRESENTATION_CONTEXT() REPRESENTATION_CONTEXT('2D SPACE',''
  ) );
#11385 = PCURVE('',#2880,#11386);
#11386 = DEFINITIONAL_REPRESENTATION('',(#11387),#11391);
#11387 = LINE('',#11388,#11389);
#11388 = CARTESIAN_POINT('',(0.,0.));
#11389 = VECTOR('',#11390,1.);
#11390 = DIRECTION('',(0.,1.));
#11391 = ( GEOMETRIC_REPRESENTATION_CONTEXT(2) 
PARAMETRIC_REPRESENTATION_CONTEXT() REPRESENTATION_CONTEXT('2D SPACE',''
  ) );
#11392 = ADVANCED_FACE('',(#11393),#2880,.F.);
#11393 = FACE_BOUND('',#11394,.F.);
#11394 = EDGE_LOOP('',(#11395,#11396,#11417,#11418));
#11395 = ORIENTED_EDGE('',*,*,#2865,.T.);
#11396 = ORIENTED_EDGE('',*,*,#11397,.T.);
#11397 = EDGE_CURVE('',#2838,#8418,#11398,.T.);
#11398 = SURFACE_CURVE('',#11399,(#11403,#11410),.PCURVE_S1.);
#11399 = LINE('',#11400,#11401);
#11400 = CARTESIAN_POINT('',(-5.043469858274,-48.1494603778,0.));
#11401 = VECTOR('',#11402,1.);
#11402 = DIRECTION('',(0.,0.,1.));
#11403 = PCURVE('',#2880,#11404);
#11404 = DEFINITIONAL_REPRESENTATION('',(#11405),#11409);
#11405 = LINE('',#11406,#11407);
#11406 = CARTESIAN_POINT('',(0.249347241949,0.));
#11407 = VECTOR('',#11408,1.);
#11408 = DIRECTION('',(0.,1.));
#11409 = ( GEOMETRIC_REPRESENTATION_CONTEXT(2) 
PARAMETRIC_REPRESENTATION_CONTEXT() REPRESENTATION_CONTEXT('2D SPACE',''
  ) );
#11410 = PCURVE('',#2853,#11411);
#11411 = DEFINITIONAL_REPRESENTATION('',(#11412),#11416);
#11412 = LINE('',#11413,#11414);
#11413 = CARTESIAN_POINT('',(0.369878543671,0.));
#11414 = VECTOR('',#11415,1.);
#11415 = DIRECTION('',(0.,-1.));
#11416 = ( GEOMETRIC_REPRESENTATION_CONTEXT(2) 
PARAMETRIC_REPRESENTATION_CONTEXT() REPRESENTATION_CONTEXT('2D SPACE',''
  ) );
#11417 = ORIENTED_EDGE('',*,*,#8440,.F.);
#11418 = ORIENTED_EDGE('',*,*,#11372,.F.);
#11419 = ADVANCED_FACE('',(#11420),#2483,.T.);
#11420 = FACE_BOUND('',#11421,.T.);
#11421 = EDGE_LOOP('',(#11422,#11443,#11444,#11445));
#11422 = ORIENTED_EDGE('',*,*,#11423,.T.);
#11423 = EDGE_CURVE('',#2374,#8161,#11424,.T.);
#11424 = SURFACE_CURVE('',#11425,(#11429,#11436),.PCURVE_S1.);
#11425 = LINE('',#11426,#11427);
#11426 = CARTESIAN_POINT('',(-2.002495231905,-12.71813131731,0.));
#11427 = VECTOR('',#11428,1.);
#11428 = DIRECTION('',(0.,0.,1.));
#11429 = PCURVE('',#2483,#11430);
#11430 = DEFINITIONAL_REPRESENTATION('',(#11431),#11435);
#11431 = LINE('',#11432,#11433);
#11432 = CARTESIAN_POINT('',(4.560656898555,0.));
#11433 = VECTOR('',#11434,1.);
#11434 = DIRECTION('',(0.,-1.));
#11435 = ( GEOMETRIC_REPRESENTATION_CONTEXT(2) 
PARAMETRIC_REPRESENTATION_CONTEXT() REPRESENTATION_CONTEXT('2D SPACE',''
  ) );
#11436 = PCURVE('',#2607,#11437);
#11437 = DEFINITIONAL_REPRESENTATION('',(#11438),#11442);
#11438 = LINE('',#11439,#11440);
#11439 = CARTESIAN_POINT('',(2.261200466709,0.));
#11440 = VECTOR('',#11441,1.);
#11441 = DIRECTION('',(0.,-1.));
#11442 = ( GEOMETRIC_REPRESENTATION_CONTEXT(2) 
PARAMETRIC_REPRESENTATION_CONTEXT() REPRESENTATION_CONTEXT('2D SPACE',''
  ) );
#11443 = ORIENTED_EDGE('',*,*,#8160,.T.);
#11444 = ORIENTED_EDGE('',*,*,#11350,.F.);
#11445 = ORIENTED_EDGE('',*,*,#2373,.F.);
#11446 = ADVANCED_FACE('',(#11447),#2853,.T.);
#11447 = FACE_BOUND('',#11448,.T.);
#11448 = EDGE_LOOP('',(#11449,#11450,#11451,#11452));
#11449 = ORIENTED_EDGE('',*,*,#2837,.F.);
#11450 = ORIENTED_EDGE('',*,*,#11397,.T.);
#11451 = ORIENTED_EDGE('',*,*,#8417,.T.);
#11452 = ORIENTED_EDGE('',*,*,#11453,.F.);
#11453 = EDGE_CURVE('',#2620,#8301,#11454,.T.);
#11454 = SURFACE_CURVE('',#11455,(#11459,#11466),.PCURVE_S1.);
#11455 = LINE('',#11456,#11457);
#11456 = CARTESIAN_POINT('',(-0.112044317377,-47.50629678931,0.));
#11457 = VECTOR('',#11458,1.);
#11458 = DIRECTION('',(0.,0.,1.));
#11459 = PCURVE('',#2853,#11460);
#11460 = DEFINITIONAL_REPRESENTATION('',(#11461),#11465);
#11461 = LINE('',#11462,#11463);
#11462 = CARTESIAN_POINT('',(5.343068391945,0.));
#11463 = VECTOR('',#11464,1.);
#11464 = DIRECTION('',(0.,-1.));
#11465 = ( GEOMETRIC_REPRESENTATION_CONTEXT(2) 
PARAMETRIC_REPRESENTATION_CONTEXT() REPRESENTATION_CONTEXT('2D SPACE',''
  ) );
#11466 = PCURVE('',#2729,#11467);
#11467 = DEFINITIONAL_REPRESENTATION('',(#11468),#11472);
#11468 = LINE('',#11469,#11470);
#11469 = CARTESIAN_POINT('',(0.,0.));
#11470 = VECTOR('',#11471,1.);
#11471 = DIRECTION('',(0.,-1.));
#11472 = ( GEOMETRIC_REPRESENTATION_CONTEXT(2) 
PARAMETRIC_REPRESENTATION_CONTEXT() REPRESENTATION_CONTEXT('2D SPACE',''
  ) );
#11473 = ADVANCED_FACE('',(#11474),#2607,.T.);
#11474 = FACE_BOUND('',#11475,.T.);
#11475 = EDGE_LOOP('',(#11476,#11497,#11498,#11499));
#11476 = ORIENTED_EDGE('',*,*,#11477,.T.);
#11477 = EDGE_CURVE('',#2592,#8278,#11478,.T.);
#11478 = SURFACE_CURVE('',#11479,(#11483,#11490),.PCURVE_S1.);
#11479 = LINE('',#11480,#11481);
#11480 = CARTESIAN_POINT('',(-9.659132507773E-02,-13.93491307613,0.));
#11481 = VECTOR('',#11482,1.);
#11482 = DIRECTION('',(0.,0.,1.));
#11483 = PCURVE('',#2607,#11484);
#11484 = DEFINITIONAL_REPRESENTATION('',(#11485),#11489);
#11485 = LINE('',#11486,#11487);
#11486 = CARTESIAN_POINT('',(0.,0.));
#11487 = VECTOR('',#11488,1.);
#11488 = DIRECTION('',(0.,-1.));
#11489 = ( GEOMETRIC_REPRESENTATION_CONTEXT(2) 
PARAMETRIC_REPRESENTATION_CONTEXT() REPRESENTATION_CONTEXT('2D SPACE',''
  ) );
#11490 = PCURVE('',#2729,#11491);
#11491 = DEFINITIONAL_REPRESENTATION('',(#11492),#11496);
#11492 = LINE('',#11493,#11494);
#11493 = CARTESIAN_POINT('',(67.031728548195,0.));
#11494 = VECTOR('',#11495,1.);
#11495 = DIRECTION('',(0.,-1.));
#11496 = ( GEOMETRIC_REPRESENTATION_CONTEXT(2) 
PARAMETRIC_REPRESENTATION_CONTEXT() REPRESENTATION_CONTEXT('2D SPACE',''
  ) );
#11497 = ORIENTED_EDGE('',*,*,#8277,.T.);
#11498 = ORIENTED_EDGE('',*,*,#11423,.F.);
#11499 = ORIENTED_EDGE('',*,*,#2591,.F.);
#11500 = ADVANCED_FACE('',(#11501),#2729,.T.);
#11501 = FACE_BOUND('',#11502,.T.);
#11502 = EDGE_LOOP('',(#11503,#11504,#11505,#11506));
#11503 = ORIENTED_EDGE('',*,*,#11453,.T.);
#11504 = ORIENTED_EDGE('',*,*,#8300,.T.);
#11505 = ORIENTED_EDGE('',*,*,#11477,.F.);
#11506 = ORIENTED_EDGE('',*,*,#2619,.F.);
#11507 = ADVANCED_FACE('',(#11508),#2913,.F.);
#11508 = FACE_BOUND('',#11509,.T.);
#11509 = EDGE_LOOP('',(#11510,#11511,#11532,#11533));
#11510 = ORIENTED_EDGE('',*,*,#2894,.F.);
#11511 = ORIENTED_EDGE('',*,*,#11512,.T.);
#11512 = EDGE_CURVE('',#2895,#8465,#11513,.T.);
#11513 = SURFACE_CURVE('',#11514,(#11518,#11525),.PCURVE_S1.);
#11514 = LINE('',#11515,#11516);
#11515 = CARTESIAN_POINT('',(-33.90579064589,-34.67920645973,0.));
#11516 = VECTOR('',#11517,1.);
#11517 = DIRECTION('',(0.,0.,1.));
#11518 = PCURVE('',#2913,#11519);
#11519 = DEFINITIONAL_REPRESENTATION('',(#11520),#11524);
#11520 = LINE('',#11521,#11522);
#11521 = CARTESIAN_POINT('',(-3.938267088259,0.));
#11522 = VECTOR('',#11523,1.);
#11523 = DIRECTION('',(-0.,-1.));
#11524 = ( GEOMETRIC_REPRESENTATION_CONTEXT(2) 
PARAMETRIC_REPRESENTATION_CONTEXT() REPRESENTATION_CONTEXT('2D SPACE',''
  ) );
#11525 = PCURVE('',#3035,#11526);
#11526 = DEFINITIONAL_REPRESENTATION('',(#11527),#11531);
#11527 = LINE('',#11528,#11529);
#11528 = CARTESIAN_POINT('',(59.759046788485,0.));
#11529 = VECTOR('',#11530,1.);
#11530 = DIRECTION('',(0.,-1.));
#11531 = ( GEOMETRIC_REPRESENTATION_CONTEXT(2) 
PARAMETRIC_REPRESENTATION_CONTEXT() REPRESENTATION_CONTEXT('2D SPACE',''
  ) );
#11532 = ORIENTED_EDGE('',*,*,#8464,.T.);
#11533 = ORIENTED_EDGE('',*,*,#11534,.F.);
#11534 = EDGE_CURVE('',#2897,#8467,#11535,.T.);
#11535 = SURFACE_CURVE('',#11536,(#11540,#11547),.PCURVE_S1.);
#11536 = LINE('',#11537,#11538);
#11537 = CARTESIAN_POINT('',(-29.09051242809,-38.8071138668,0.));
#11538 = VECTOR('',#11539,1.);
#11539 = DIRECTION('',(0.,0.,1.));
#11540 = PCURVE('',#2913,#11541);
#11541 = DEFINITIONAL_REPRESENTATION('',(#11542),#11546);
#11542 = LINE('',#11543,#11544);
#11543 = CARTESIAN_POINT('',(-4.069132374225,0.));
#11544 = VECTOR('',#11545,1.);
#11545 = DIRECTION('',(-0.,-1.));
#11546 = ( GEOMETRIC_REPRESENTATION_CONTEXT(2) 
PARAMETRIC_REPRESENTATION_CONTEXT() REPRESENTATION_CONTEXT('2D SPACE',''
  ) );
#11547 = PCURVE('',#3432,#11548);
#11548 = DEFINITIONAL_REPRESENTATION('',(#11549),#11553);
#11549 = LINE('',#11550,#11551);
#11550 = CARTESIAN_POINT('',(0.,0.));
#11551 = VECTOR('',#11552,1.);
#11552 = DIRECTION('',(0.,1.));
#11553 = ( GEOMETRIC_REPRESENTATION_CONTEXT(2) 
PARAMETRIC_REPRESENTATION_CONTEXT() REPRESENTATION_CONTEXT('2D SPACE',''
  ) );
#11554 = ADVANCED_FACE('',(#11555),#3432,.F.);
#11555 = FACE_BOUND('',#11556,.F.);
#11556 = EDGE_LOOP('',(#11557,#11558,#11579,#11580));
#11557 = ORIENTED_EDGE('',*,*,#3417,.T.);
#11558 = ORIENTED_EDGE('',*,*,#11559,.T.);
#11559 = EDGE_CURVE('',#3390,#8748,#11560,.T.);
#11560 = SURFACE_CURVE('',#11561,(#11565,#11572),.PCURVE_S1.);
#11561 = LINE('',#11562,#11563);
#11562 = CARTESIAN_POINT('',(-28.44250320938,-39.17692093655,0.));
#11563 = VECTOR('',#11564,1.);
#11564 = DIRECTION('',(0.,0.,1.));
#11565 = PCURVE('',#3432,#11566);
#11566 = DEFINITIONAL_REPRESENTATION('',(#11567),#11571);
#11567 = LINE('',#11568,#11569);
#11568 = CARTESIAN_POINT('',(0.249347241949,0.));
#11569 = VECTOR('',#11570,1.);
#11570 = DIRECTION('',(0.,1.));
#11571 = ( GEOMETRIC_REPRESENTATION_CONTEXT(2) 
PARAMETRIC_REPRESENTATION_CONTEXT() REPRESENTATION_CONTEXT('2D SPACE',''
  ) );
#11572 = PCURVE('',#3405,#11573);
#11573 = DEFINITIONAL_REPRESENTATION('',(#11574),#11578);
#11574 = LINE('',#11575,#11576);
#11575 = CARTESIAN_POINT('',(0.369878543673,0.));
#11576 = VECTOR('',#11577,1.);
#11577 = DIRECTION('',(0.,-1.));
#11578 = ( GEOMETRIC_REPRESENTATION_CONTEXT(2) 
PARAMETRIC_REPRESENTATION_CONTEXT() REPRESENTATION_CONTEXT('2D SPACE',''
  ) );
#11579 = ORIENTED_EDGE('',*,*,#8770,.F.);
#11580 = ORIENTED_EDGE('',*,*,#11534,.F.);
#11581 = ADVANCED_FACE('',(#11582),#3035,.T.);
#11582 = FACE_BOUND('',#11583,.T.);
#11583 = EDGE_LOOP('',(#11584,#11605,#11606,#11607));
#11584 = ORIENTED_EDGE('',*,*,#11585,.T.);
#11585 = EDGE_CURVE('',#2926,#8491,#11586,.T.);
#11586 = SURFACE_CURVE('',#11587,(#11591,#11598),.PCURVE_S1.);
#11587 = LINE('',#11588,#11589);
#11588 = CARTESIAN_POINT('',(-8.093277400445,-10.0129771935,0.));
#11589 = VECTOR('',#11590,1.);
#11590 = DIRECTION('',(0.,0.,1.));
#11591 = PCURVE('',#3035,#11592);
#11592 = DEFINITIONAL_REPRESENTATION('',(#11593),#11597);
#11593 = LINE('',#11594,#11595);
#11594 = CARTESIAN_POINT('',(4.560656898555,0.));
#11595 = VECTOR('',#11596,1.);
#11596 = DIRECTION('',(0.,-1.));
#11597 = ( GEOMETRIC_REPRESENTATION_CONTEXT(2) 
PARAMETRIC_REPRESENTATION_CONTEXT() REPRESENTATION_CONTEXT('2D SPACE',''
  ) );
#11598 = PCURVE('',#3159,#11599);
#11599 = DEFINITIONAL_REPRESENTATION('',(#11600),#11604);
#11600 = LINE('',#11601,#11602);
#11601 = CARTESIAN_POINT('',(2.261200466709,0.));
#11602 = VECTOR('',#11603,1.);
#11603 = DIRECTION('',(0.,-1.));
#11604 = ( GEOMETRIC_REPRESENTATION_CONTEXT(2) 
PARAMETRIC_REPRESENTATION_CONTEXT() REPRESENTATION_CONTEXT('2D SPACE',''
  ) );
#11605 = ORIENTED_EDGE('',*,*,#8490,.T.);
#11606 = ORIENTED_EDGE('',*,*,#11512,.F.);
#11607 = ORIENTED_EDGE('',*,*,#2925,.F.);
#11608 = ADVANCED_FACE('',(#11609),#3405,.T.);
#11609 = FACE_BOUND('',#11610,.T.);
#11610 = EDGE_LOOP('',(#11611,#11612,#11613,#11614));
#11611 = ORIENTED_EDGE('',*,*,#3389,.F.);
#11612 = ORIENTED_EDGE('',*,*,#11559,.T.);
#11613 = ORIENTED_EDGE('',*,*,#8747,.T.);
#11614 = ORIENTED_EDGE('',*,*,#11615,.F.);
#11615 = EDGE_CURVE('',#3172,#8631,#11616,.T.);
#11616 = SURFACE_CURVE('',#11617,(#11621,#11628),.PCURVE_S1.);
#11617 = LINE('',#11618,#11619);
#11618 = CARTESIAN_POINT('',(-23.85018161985,-41.08563770057,0.));
#11619 = VECTOR('',#11620,1.);
#11620 = DIRECTION('',(0.,0.,1.));
#11621 = PCURVE('',#3405,#11622);
#11622 = DEFINITIONAL_REPRESENTATION('',(#11623),#11627);
#11623 = LINE('',#11624,#11625);
#11624 = CARTESIAN_POINT('',(5.343068391947,0.));
#11625 = VECTOR('',#11626,1.);
#11626 = DIRECTION('',(0.,-1.));
#11627 = ( GEOMETRIC_REPRESENTATION_CONTEXT(2) 
PARAMETRIC_REPRESENTATION_CONTEXT() REPRESENTATION_CONTEXT('2D SPACE',''
  ) );
#11628 = PCURVE('',#3281,#11629);
#11629 = DEFINITIONAL_REPRESENTATION('',(#11630),#11634);
#11630 = LINE('',#11631,#11632);
#11631 = CARTESIAN_POINT('',(0.,0.));
#11632 = VECTOR('',#11633,1.);
#11633 = DIRECTION('',(0.,-1.));
#11634 = ( GEOMETRIC_REPRESENTATION_CONTEXT(2) 
PARAMETRIC_REPRESENTATION_CONTEXT() REPRESENTATION_CONTEXT('2D SPACE',''
  ) );
#11635 = ADVANCED_FACE('',(#11636),#3159,.T.);
#11636 = FACE_BOUND('',#11637,.T.);
#11637 = EDGE_LOOP('',(#11638,#11659,#11660,#11661));
#11638 = ORIENTED_EDGE('',*,*,#11639,.T.);
#11639 = EDGE_CURVE('',#3144,#8608,#11640,.T.);
#11640 = SURFACE_CURVE('',#11641,(#11645,#11652),.PCURVE_S1.);
#11641 = LINE('',#11642,#11643);
#11642 = CARTESIAN_POINT('',(-7.051107079368,-12.01969306091,0.));
#11643 = VECTOR('',#11644,1.);
#11644 = DIRECTION('',(0.,0.,1.));
#11645 = PCURVE('',#3159,#11646);
#11646 = DEFINITIONAL_REPRESENTATION('',(#11647),#11651);
#11647 = LINE('',#11648,#11649);
#11648 = CARTESIAN_POINT('',(0.,0.));
#11649 = VECTOR('',#11650,1.);
#11650 = DIRECTION('',(0.,-1.));
#11651 = ( GEOMETRIC_REPRESENTATION_CONTEXT(2) 
PARAMETRIC_REPRESENTATION_CONTEXT() REPRESENTATION_CONTEXT('2D SPACE',''
  ) );
#11652 = PCURVE('',#3281,#11653);
#11653 = DEFINITIONAL_REPRESENTATION('',(#11654),#11658);
#11654 = LINE('',#11655,#11656);
#11655 = CARTESIAN_POINT('',(67.031728548195,0.));
#11656 = VECTOR('',#11657,1.);
#11657 = DIRECTION('',(0.,-1.));
#11658 = ( GEOMETRIC_REPRESENTATION_CONTEXT(2) 
PARAMETRIC_REPRESENTATION_CONTEXT() REPRESENTATION_CONTEXT('2D SPACE',''
  ) );
#11659 = ORIENTED_EDGE('',*,*,#8607,.T.);
#11660 = ORIENTED_EDGE('',*,*,#11585,.F.);
#11661 = ORIENTED_EDGE('',*,*,#3143,.F.);
#11662 = ADVANCED_FACE('',(#11663),#3281,.T.);
#11663 = FACE_BOUND('',#11664,.T.);
#11664 = EDGE_LOOP('',(#11665,#11666,#11667,#11668));
#11665 = ORIENTED_EDGE('',*,*,#11615,.T.);
#11666 = ORIENTED_EDGE('',*,*,#8630,.T.);
#11667 = ORIENTED_EDGE('',*,*,#11639,.F.);
#11668 = ORIENTED_EDGE('',*,*,#3171,.F.);
#11669 = ADVANCED_FACE('',(#11670),#3465,.F.);
#11670 = FACE_BOUND('',#11671,.T.);
#11671 = EDGE_LOOP('',(#11672,#11673,#11694,#11695));
#11672 = ORIENTED_EDGE('',*,*,#3446,.F.);
#11673 = ORIENTED_EDGE('',*,*,#11674,.T.);
#11674 = EDGE_CURVE('',#3447,#8795,#11675,.T.);
#11675 = SURFACE_CURVE('',#11676,(#11680,#11687),.PCURVE_S1.);
#11676 = LINE('',#11677,#11678);
#11677 = CARTESIAN_POINT('',(-46.7028792646,-13.08017845426,0.));
#11678 = VECTOR('',#11679,1.);
#11679 = DIRECTION('',(0.,0.,1.));
#11680 = PCURVE('',#3465,#11681);
#11681 = DEFINITIONAL_REPRESENTATION('',(#11682),#11686);
#11682 = LINE('',#11683,#11684);
#11683 = CARTESIAN_POINT('',(-3.41466831266,0.));
#11684 = VECTOR('',#11685,1.);
#11685 = DIRECTION('',(-0.,-1.));
#11686 = ( GEOMETRIC_REPRESENTATION_CONTEXT(2) 
PARAMETRIC_REPRESENTATION_CONTEXT() REPRESENTATION_CONTEXT('2D SPACE',''
  ) );
#11687 = PCURVE('',#3587,#11688);
#11688 = DEFINITIONAL_REPRESENTATION('',(#11689),#11693);
#11689 = LINE('',#11690,#11691);
#11690 = CARTESIAN_POINT('',(59.759046788485,0.));
#11691 = VECTOR('',#11692,1.);
#11692 = DIRECTION('',(0.,-1.));
#11693 = ( GEOMETRIC_REPRESENTATION_CONTEXT(2) 
PARAMETRIC_REPRESENTATION_CONTEXT() REPRESENTATION_CONTEXT('2D SPACE',''
  ) );
#11694 = ORIENTED_EDGE('',*,*,#8794,.T.);
#11695 = ORIENTED_EDGE('',*,*,#11696,.F.);
#11696 = EDGE_CURVE('',#3449,#8797,#11697,.T.);
#11697 = SURFACE_CURVE('',#11698,(#11702,#11709),.PCURVE_S1.);
#11698 = LINE('',#11699,#11700);
#11699 = CARTESIAN_POINT('',(-44.59667970523,-19.06269024216,0.));
#11700 = VECTOR('',#11701,1.);
#11701 = DIRECTION('',(0.,0.,1.));
#11702 = PCURVE('',#3465,#11703);
#11703 = DEFINITIONAL_REPRESENTATION('',(#11704),#11708);
#11704 = LINE('',#11705,#11706);
#11705 = CARTESIAN_POINT('',(-3.545533598627,0.));
#11706 = VECTOR('',#11707,1.);
#11707 = DIRECTION('',(-0.,-1.));
#11708 = ( GEOMETRIC_REPRESENTATION_CONTEXT(2) 
PARAMETRIC_REPRESENTATION_CONTEXT() REPRESENTATION_CONTEXT('2D SPACE',''
  ) );
#11709 = PCURVE('',#3984,#11710);
#11710 = DEFINITIONAL_REPRESENTATION('',(#11711),#11715);
#11711 = LINE('',#11712,#11713);
#11712 = CARTESIAN_POINT('',(0.,0.));
#11713 = VECTOR('',#11714,1.);
#11714 = DIRECTION('',(0.,1.));
#11715 = ( GEOMETRIC_REPRESENTATION_CONTEXT(2) 
PARAMETRIC_REPRESENTATION_CONTEXT() REPRESENTATION_CONTEXT('2D SPACE',''
  ) );
#11716 = ADVANCED_FACE('',(#11717),#3984,.F.);
#11717 = FACE_BOUND('',#11718,.F.);
#11718 = EDGE_LOOP('',(#11719,#11720,#11741,#11742));
#11719 = ORIENTED_EDGE('',*,*,#3969,.T.);
#11720 = ORIENTED_EDGE('',*,*,#11721,.T.);
#11721 = EDGE_CURVE('',#3942,#9078,#11722,.T.);
#11722 = SURFACE_CURVE('',#11723,(#11727,#11734),.PCURVE_S1.);
#11723 = LINE('',#11724,#11725);
#11724 = CARTESIAN_POINT('',(-44.22039079482,-19.70695716841,0.));
#11725 = VECTOR('',#11726,1.);
#11726 = DIRECTION('',(0.,0.,1.));
#11727 = PCURVE('',#3984,#11728);
#11728 = DEFINITIONAL_REPRESENTATION('',(#11729),#11733);
#11729 = LINE('',#11730,#11731);
#11730 = CARTESIAN_POINT('',(0.249347241949,0.));
#11731 = VECTOR('',#11732,1.);
#11732 = DIRECTION('',(0.,1.));
#11733 = ( GEOMETRIC_REPRESENTATION_CONTEXT(2) 
PARAMETRIC_REPRESENTATION_CONTEXT() REPRESENTATION_CONTEXT('2D SPACE',''
  ) );
#11734 = PCURVE('',#3957,#11735);
#11735 = DEFINITIONAL_REPRESENTATION('',(#11736),#11740);
#11736 = LINE('',#11737,#11738);
#11737 = CARTESIAN_POINT('',(0.369878543677,0.));
#11738 = VECTOR('',#11739,1.);
#11739 = DIRECTION('',(0.,-1.));
#11740 = ( GEOMETRIC_REPRESENTATION_CONTEXT(2) 
PARAMETRIC_REPRESENTATION_CONTEXT() REPRESENTATION_CONTEXT('2D SPACE',''
  ) );
#11741 = ORIENTED_EDGE('',*,*,#9100,.F.);
#11742 = ORIENTED_EDGE('',*,*,#11696,.F.);
#11743 = ADVANCED_FACE('',(#11744),#3587,.T.);
#11744 = FACE_BOUND('',#11745,.T.);
#11745 = EDGE_LOOP('',(#11746,#11767,#11768,#11769));
#11746 = ORIENTED_EDGE('',*,*,#11747,.T.);
#11747 = EDGE_CURVE('',#3478,#8821,#11748,.T.);
#11748 = SURFACE_CURVE('',#11749,(#11753,#11760),.PCURVE_S1.);
#11749 = LINE('',#11750,#11751);
#11750 = CARTESIAN_POINT('',(-12.01547242541,-4.624853916871,0.));
#11751 = VECTOR('',#11752,1.);
#11752 = DIRECTION('',(0.,0.,1.));
#11753 = PCURVE('',#3587,#11754);
#11754 = DEFINITIONAL_REPRESENTATION('',(#11755),#11759);
#11755 = LINE('',#11756,#11757);
#11756 = CARTESIAN_POINT('',(4.560656898555,0.));
#11757 = VECTOR('',#11758,1.);
#11758 = DIRECTION('',(0.,-1.));
#11759 = ( GEOMETRIC_REPRESENTATION_CONTEXT(2) 
PARAMETRIC_REPRESENTATION_CONTEXT() REPRESENTATION_CONTEXT('2D SPACE',''
  ) );
#11760 = PCURVE('',#3711,#11761);
#11761 = DEFINITIONAL_REPRESENTATION('',(#11762),#11766);
#11762 = LINE('',#11763,#11764);
#11763 = CARTESIAN_POINT('',(2.261200466709,0.));
#11764 = VECTOR('',#11765,1.);
#11765 = DIRECTION('',(0.,-1.));
#11766 = ( GEOMETRIC_REPRESENTATION_CONTEXT(2) 
PARAMETRIC_REPRESENTATION_CONTEXT() REPRESENTATION_CONTEXT('2D SPACE',''
  ) );
#11767 = ORIENTED_EDGE('',*,*,#8820,.T.);
#11768 = ORIENTED_EDGE('',*,*,#11674,.F.);
#11769 = ORIENTED_EDGE('',*,*,#3477,.F.);
#11770 = ADVANCED_FACE('',(#11771),#3957,.T.);
#11771 = FACE_BOUND('',#11772,.T.);
#11772 = EDGE_LOOP('',(#11773,#11774,#11775,#11776));
#11773 = ORIENTED_EDGE('',*,*,#3941,.F.);
#11774 = ORIENTED_EDGE('',*,*,#11721,.T.);
#11775 = ORIENTED_EDGE('',*,*,#9077,.T.);
#11776 = ORIENTED_EDGE('',*,*,#11777,.F.);
#11777 = EDGE_CURVE('',#3724,#8961,#11778,.T.);
#11778 = SURFACE_CURVE('',#11779,(#11783,#11790),.PCURVE_S1.);
#11779 = LINE('',#11780,#11781);
#11780 = CARTESIAN_POINT('',(-41.19768201795,-23.65611516945,0.));
#11781 = VECTOR('',#11782,1.);
#11782 = DIRECTION('',(0.,0.,1.));
#11783 = PCURVE('',#3957,#11784);
#11784 = DEFINITIONAL_REPRESENTATION('',(#11785),#11789);
#11785 = LINE('',#11786,#11787);
#11786 = CARTESIAN_POINT('',(5.343068391951,0.));
#11787 = VECTOR('',#11788,1.);
#11788 = DIRECTION('',(0.,-1.));
#11789 = ( GEOMETRIC_REPRESENTATION_CONTEXT(2) 
PARAMETRIC_REPRESENTATION_CONTEXT() REPRESENTATION_CONTEXT('2D SPACE',''
  ) );
#11790 = PCURVE('',#3833,#11791);
#11791 = DEFINITIONAL_REPRESENTATION('',(#11792),#11796);
#11792 = LINE('',#11793,#11794);
#11793 = CARTESIAN_POINT('',(0.,0.));
#11794 = VECTOR('',#11795,1.);
#11795 = DIRECTION('',(0.,-1.));
#11796 = ( GEOMETRIC_REPRESENTATION_CONTEXT(2) 
PARAMETRIC_REPRESENTATION_CONTEXT() REPRESENTATION_CONTEXT('2D SPACE',''
  ) );
#11797 = ADVANCED_FACE('',(#11798),#3711,.T.);
#11798 = FACE_BOUND('',#11799,.T.);
#11799 = EDGE_LOOP('',(#11800,#11821,#11822,#11823));
#11800 = ORIENTED_EDGE('',*,*,#11801,.T.);
#11801 = EDGE_CURVE('',#3696,#8938,#11802,.T.);
#11802 = SURFACE_CURVE('',#11803,(#11807,#11814),.PCURVE_S1.);
#11803 = LINE('',#11804,#11805);
#11804 = CARTESIAN_POINT('',(-12.11628438599,-6.883805996763,0.));
#11805 = VECTOR('',#11806,1.);
#11806 = DIRECTION('',(0.,0.,1.));
#11807 = PCURVE('',#3711,#11808);
#11808 = DEFINITIONAL_REPRESENTATION('',(#11809),#11813);
#11809 = LINE('',#11810,#11811);
#11810 = CARTESIAN_POINT('',(0.,0.));
#11811 = VECTOR('',#11812,1.);
#11812 = DIRECTION('',(0.,-1.));
#11813 = ( GEOMETRIC_REPRESENTATION_CONTEXT(2) 
PARAMETRIC_REPRESENTATION_CONTEXT() REPRESENTATION_CONTEXT('2D SPACE',''
  ) );
#11814 = PCURVE('',#3833,#11815);
#11815 = DEFINITIONAL_REPRESENTATION('',(#11816),#11820);
#11816 = LINE('',#11817,#11818);
#11817 = CARTESIAN_POINT('',(67.031728548195,0.));
#11818 = VECTOR('',#11819,1.);
#11819 = DIRECTION('',(0.,-1.));
#11820 = ( GEOMETRIC_REPRESENTATION_CONTEXT(2) 
PARAMETRIC_REPRESENTATION_CONTEXT() REPRESENTATION_CONTEXT('2D SPACE',''
  ) );
#11821 = ORIENTED_EDGE('',*,*,#8937,.T.);
#11822 = ORIENTED_EDGE('',*,*,#11747,.F.);
#11823 = ORIENTED_EDGE('',*,*,#3695,.F.);
#11824 = ADVANCED_FACE('',(#11825),#3833,.T.);
#11825 = FACE_BOUND('',#11826,.T.);
#11826 = EDGE_LOOP('',(#11827,#11828,#11829,#11830));
#11827 = ORIENTED_EDGE('',*,*,#11777,.T.);
#11828 = ORIENTED_EDGE('',*,*,#8960,.T.);
#11829 = ORIENTED_EDGE('',*,*,#11801,.F.);
#11830 = ORIENTED_EDGE('',*,*,#3723,.F.);
#11831 = ADVANCED_FACE('',(#11832),#4017,.F.);
#11832 = FACE_BOUND('',#11833,.T.);
#11833 = EDGE_LOOP('',(#11834,#11835,#11856,#11857));
#11834 = ORIENTED_EDGE('',*,*,#3998,.F.);
#11835 = ORIENTED_EDGE('',*,*,#11836,.T.);
#11836 = EDGE_CURVE('',#3999,#9125,#11837,.T.);
#11837 = SURFACE_CURVE('',#11838,(#11842,#11849),.PCURVE_S1.);
#11838 = LINE('',#11839,#11840);
#11839 = CARTESIAN_POINT('',(-46.98596910016,12.023672804875,0.));
#11840 = VECTOR('',#11841,1.);
#11841 = DIRECTION('',(0.,0.,1.));
#11842 = PCURVE('',#4017,#11843);
#11843 = DEFINITIONAL_REPRESENTATION('',(#11844),#11848);
#11844 = LINE('',#11845,#11846);
#11845 = CARTESIAN_POINT('',(-2.891069537062,0.));
#11846 = VECTOR('',#11847,1.);
#11847 = DIRECTION('',(-0.,-1.));
#11848 = ( GEOMETRIC_REPRESENTATION_CONTEXT(2) 
PARAMETRIC_REPRESENTATION_CONTEXT() REPRESENTATION_CONTEXT('2D SPACE',''
  ) );
#11849 = PCURVE('',#4139,#11850);
#11850 = DEFINITIONAL_REPRESENTATION('',(#11851),#11855);
#11851 = LINE('',#11852,#11853);
#11852 = CARTESIAN_POINT('',(59.759046788485,0.));
#11853 = VECTOR('',#11854,1.);
#11854 = DIRECTION('',(0.,-1.));
#11855 = ( GEOMETRIC_REPRESENTATION_CONTEXT(2) 
PARAMETRIC_REPRESENTATION_CONTEXT() REPRESENTATION_CONTEXT('2D SPACE',''
  ) );
#11856 = ORIENTED_EDGE('',*,*,#9124,.T.);
#11857 = ORIENTED_EDGE('',*,*,#11858,.F.);
#11858 = EDGE_CURVE('',#4001,#9127,#11859,.T.);
#11859 = SURFACE_CURVE('',#11860,(#11864,#11871),.PCURVE_S1.);
#11860 = LINE('',#11861,#11862);
#11861 = CARTESIAN_POINT('',(-48.15320267025,5.789565838434,0.));
#11862 = VECTOR('',#11863,1.);
#11863 = DIRECTION('',(0.,0.,1.));
#11864 = PCURVE('',#4017,#11865);
#11865 = DEFINITIONAL_REPRESENTATION('',(#11866),#11870);
#11866 = LINE('',#11867,#11868);
#11867 = CARTESIAN_POINT('',(-3.021934823028,0.));
#11868 = VECTOR('',#11869,1.);
#11869 = DIRECTION('',(-0.,-1.));
#11870 = ( GEOMETRIC_REPRESENTATION_CONTEXT(2) 
PARAMETRIC_REPRESENTATION_CONTEXT() REPRESENTATION_CONTEXT('2D SPACE',''
  ) );
#11871 = PCURVE('',#4536,#11872);
#11872 = DEFINITIONAL_REPRESENTATION('',(#11873),#11877);
#11873 = LINE('',#11874,#11875);
#11874 = CARTESIAN_POINT('',(0.,0.));
#11875 = VECTOR('',#11876,1.);
#11876 = DIRECTION('',(0.,1.));
#11877 = ( GEOMETRIC_REPRESENTATION_CONTEXT(2) 
PARAMETRIC_REPRESENTATION_CONTEXT() REPRESENTATION_CONTEXT('2D SPACE',''
  ) );
#11878 = ADVANCED_FACE('',(#11879),#4536,.F.);
#11879 = FACE_BOUND('',#11880,.F.);
#11880 = EDGE_LOOP('',(#11881,#11882,#11903,#11904));
#11881 = ORIENTED_EDGE('',*,*,#4521,.T.);
#11882 = ORIENTED_EDGE('',*,*,#11883,.T.);
#11883 = EDGE_CURVE('',#4494,#9408,#11884,.T.);
#11884 = SURFACE_CURVE('',#11885,(#11889,#11896),.PCURVE_S1.);
#11885 = LINE('',#11886,#11887);
#11886 = CARTESIAN_POINT('',(-48.1494603778,5.043469858274,0.));
#11887 = VECTOR('',#11888,1.);
#11888 = DIRECTION('',(0.,0.,1.));
#11889 = PCURVE('',#4536,#11890);
#11890 = DEFINITIONAL_REPRESENTATION('',(#11891),#11895);
#11891 = LINE('',#11892,#11893);
#11892 = CARTESIAN_POINT('',(0.249347241949,0.));
#11893 = VECTOR('',#11894,1.);
#11894 = DIRECTION('',(0.,1.));
#11895 = ( GEOMETRIC_REPRESENTATION_CONTEXT(2) 
PARAMETRIC_REPRESENTATION_CONTEXT() REPRESENTATION_CONTEXT('2D SPACE',''
  ) );
#11896 = PCURVE('',#4509,#11897);
#11897 = DEFINITIONAL_REPRESENTATION('',(#11898),#11902);
#11898 = LINE('',#11899,#11900);
#11899 = CARTESIAN_POINT('',(0.369878543671,0.));
#11900 = VECTOR('',#11901,1.);
#11901 = DIRECTION('',(0.,-1.));
#11902 = ( GEOMETRIC_REPRESENTATION_CONTEXT(2) 
PARAMETRIC_REPRESENTATION_CONTEXT() REPRESENTATION_CONTEXT('2D SPACE',''
  ) );
#11903 = ORIENTED_EDGE('',*,*,#9430,.F.);
#11904 = ORIENTED_EDGE('',*,*,#11858,.F.);
#11905 = ADVANCED_FACE('',(#11906),#4139,.T.);
#11906 = FACE_BOUND('',#11907,.T.);
#11907 = EDGE_LOOP('',(#11908,#11929,#11930,#11931));
#11908 = ORIENTED_EDGE('',*,*,#11909,.T.);
#11909 = EDGE_CURVE('',#4030,#9151,#11910,.T.);
#11910 = SURFACE_CURVE('',#11911,(#11915,#11922),.PCURVE_S1.);
#11911 = LINE('',#11912,#11913);
#11912 = CARTESIAN_POINT('',(-12.71813131731,2.002495231905,0.));
#11913 = VECTOR('',#11914,1.);
#11914 = DIRECTION('',(0.,0.,1.));
#11915 = PCURVE('',#4139,#11916);
#11916 = DEFINITIONAL_REPRESENTATION('',(#11917),#11921);
#11917 = LINE('',#11918,#11919);
#11918 = CARTESIAN_POINT('',(4.560656898555,0.));
#11919 = VECTOR('',#11920,1.);
#11920 = DIRECTION('',(0.,-1.));
#11921 = ( GEOMETRIC_REPRESENTATION_CONTEXT(2) 
PARAMETRIC_REPRESENTATION_CONTEXT() REPRESENTATION_CONTEXT('2D SPACE',''
  ) );
#11922 = PCURVE('',#4263,#11923);
#11923 = DEFINITIONAL_REPRESENTATION('',(#11924),#11928);
#11924 = LINE('',#11925,#11926);
#11925 = CARTESIAN_POINT('',(2.261200466709,0.));
#11926 = VECTOR('',#11927,1.);
#11927 = DIRECTION('',(0.,-1.));
#11928 = ( GEOMETRIC_REPRESENTATION_CONTEXT(2) 
PARAMETRIC_REPRESENTATION_CONTEXT() REPRESENTATION_CONTEXT('2D SPACE',''
  ) );
#11929 = ORIENTED_EDGE('',*,*,#9150,.T.);
#11930 = ORIENTED_EDGE('',*,*,#11836,.F.);
#11931 = ORIENTED_EDGE('',*,*,#4029,.F.);
#11932 = ADVANCED_FACE('',(#11933),#4509,.T.);
#11933 = FACE_BOUND('',#11934,.T.);
#11934 = EDGE_LOOP('',(#11935,#11936,#11937,#11938));
#11935 = ORIENTED_EDGE('',*,*,#4493,.F.);
#11936 = ORIENTED_EDGE('',*,*,#11883,.T.);
#11937 = ORIENTED_EDGE('',*,*,#9407,.T.);
#11938 = ORIENTED_EDGE('',*,*,#11939,.F.);
#11939 = EDGE_CURVE('',#4276,#9291,#11940,.T.);
#11940 = SURFACE_CURVE('',#11941,(#11945,#11952),.PCURVE_S1.);
#11941 = LINE('',#11942,#11943);
#11942 = CARTESIAN_POINT('',(-47.50629678931,0.112044317377,0.));
#11943 = VECTOR('',#11944,1.);
#11944 = DIRECTION('',(0.,0.,1.));
#11945 = PCURVE('',#4509,#11946);
#11946 = DEFINITIONAL_REPRESENTATION('',(#11947),#11951);
#11947 = LINE('',#11948,#11949);
#11948 = CARTESIAN_POINT('',(5.343068391945,0.));
#11949 = VECTOR('',#11950,1.);
#11950 = DIRECTION('',(0.,-1.));
#11951 = ( GEOMETRIC_REPRESENTATION_CONTEXT(2) 
PARAMETRIC_REPRESENTATION_CONTEXT() REPRESENTATION_CONTEXT('2D SPACE',''
  ) );
#11952 = PCURVE('',#4385,#11953);
#11953 = DEFINITIONAL_REPRESENTATION('',(#11954),#11958);
#11954 = LINE('',#11955,#11956);
#11955 = CARTESIAN_POINT('',(0.,0.));
#11956 = VECTOR('',#11957,1.);
#11957 = DIRECTION('',(0.,-1.));
#11958 = ( GEOMETRIC_REPRESENTATION_CONTEXT(2) 
PARAMETRIC_REPRESENTATION_CONTEXT() REPRESENTATION_CONTEXT('2D SPACE',''
  ) );
#11959 = ADVANCED_FACE('',(#11960),#4263,.T.);
#11960 = FACE_BOUND('',#11961,.T.);
#11961 = EDGE_LOOP('',(#11962,#11983,#11984,#11985));
#11962 = ORIENTED_EDGE('',*,*,#11963,.T.);
#11963 = EDGE_CURVE('',#4248,#9268,#11964,.T.);
#11964 = SURFACE_CURVE('',#11965,(#11969,#11976),.PCURVE_S1.);
#11965 = LINE('',#11966,#11967);
#11966 = CARTESIAN_POINT('',(-13.93491307613,9.659132507772E-02,0.));
#11967 = VECTOR('',#11968,1.);
#11968 = DIRECTION('',(0.,0.,1.));
#11969 = PCURVE('',#4263,#11970);
#11970 = DEFINITIONAL_REPRESENTATION('',(#11971),#11975);
#11971 = LINE('',#11972,#11973);
#11972 = CARTESIAN_POINT('',(0.,0.));
#11973 = VECTOR('',#11974,1.);
#11974 = DIRECTION('',(0.,-1.));
#11975 = ( GEOMETRIC_REPRESENTATION_CONTEXT(2) 
PARAMETRIC_REPRESENTATION_CONTEXT() REPRESENTATION_CONTEXT('2D SPACE',''
  ) );
#11976 = PCURVE('',#4385,#11977);
#11977 = DEFINITIONAL_REPRESENTATION('',(#11978),#11982);
#11978 = LINE('',#11979,#11980);
#11979 = CARTESIAN_POINT('',(67.031728548195,0.));
#11980 = VECTOR('',#11981,1.);
#11981 = DIRECTION('',(0.,-1.));
#11982 = ( GEOMETRIC_REPRESENTATION_CONTEXT(2) 
PARAMETRIC_REPRESENTATION_CONTEXT() REPRESENTATION_CONTEXT('2D SPACE',''
  ) );
#11983 = ORIENTED_EDGE('',*,*,#9267,.T.);
#11984 = ORIENTED_EDGE('',*,*,#11909,.F.);
#11985 = ORIENTED_EDGE('',*,*,#4247,.F.);
#11986 = ADVANCED_FACE('',(#11987),#4385,.T.);
#11987 = FACE_BOUND('',#11988,.T.);
#11988 = EDGE_LOOP('',(#11989,#11990,#11991,#11992));
#11989 = ORIENTED_EDGE('',*,*,#11939,.T.);
#11990 = ORIENTED_EDGE('',*,*,#9290,.T.);
#11991 = ORIENTED_EDGE('',*,*,#11963,.F.);
#11992 = ORIENTED_EDGE('',*,*,#4275,.F.);
#11993 = ADVANCED_FACE('',(#11994),#4569,.F.);
#11994 = FACE_BOUND('',#11995,.T.);
#11995 = EDGE_LOOP('',(#11996,#11997,#12018,#12019));
#11996 = ORIENTED_EDGE('',*,*,#4550,.F.);
#11997 = ORIENTED_EDGE('',*,*,#11998,.T.);
#11998 = EDGE_CURVE('',#4551,#9455,#11999,.T.);
#11999 = SURFACE_CURVE('',#12000,(#12004,#12011),.PCURVE_S1.);
#12000 = LINE('',#12001,#12002);
#12001 = CARTESIAN_POINT('',(-34.67920645973,33.905790645895,0.));
#12002 = VECTOR('',#12003,1.);
#12003 = DIRECTION('',(0.,0.,1.));
#12004 = PCURVE('',#4569,#12005);
#12005 = DEFINITIONAL_REPRESENTATION('',(#12006),#12010);
#12006 = LINE('',#12007,#12008);
#12007 = CARTESIAN_POINT('',(-2.367470761464,0.));
#12008 = VECTOR('',#12009,1.);
#12009 = DIRECTION('',(-0.,-1.));
#12010 = ( GEOMETRIC_REPRESENTATION_CONTEXT(2) 
PARAMETRIC_REPRESENTATION_CONTEXT() REPRESENTATION_CONTEXT('2D SPACE',''
  ) );
#12011 = PCURVE('',#4691,#12012);
#12012 = DEFINITIONAL_REPRESENTATION('',(#12013),#12017);
#12013 = LINE('',#12014,#12015);
#12014 = CARTESIAN_POINT('',(59.759046788485,0.));
#12015 = VECTOR('',#12016,1.);
#12016 = DIRECTION('',(0.,-1.));
#12017 = ( GEOMETRIC_REPRESENTATION_CONTEXT(2) 
PARAMETRIC_REPRESENTATION_CONTEXT() REPRESENTATION_CONTEXT('2D SPACE',''
  ) );
#12018 = ORIENTED_EDGE('',*,*,#9454,.T.);
#12019 = ORIENTED_EDGE('',*,*,#12020,.F.);
#12020 = EDGE_CURVE('',#4553,#9457,#12021,.T.);
#12021 = SURFACE_CURVE('',#12022,(#12026,#12033),.PCURVE_S1.);
#12022 = LINE('',#12023,#12024);
#12023 = CARTESIAN_POINT('',(-38.8071138668,29.090512428093,0.));
#12024 = VECTOR('',#12025,1.);
#12025 = DIRECTION('',(0.,0.,1.));
#12026 = PCURVE('',#4569,#12027);
#12027 = DEFINITIONAL_REPRESENTATION('',(#12028),#12032);
#12028 = LINE('',#12029,#12030);
#12029 = CARTESIAN_POINT('',(-2.49833604743,0.));
#12030 = VECTOR('',#12031,1.);
#12031 = DIRECTION('',(-0.,-1.));
#12032 = ( GEOMETRIC_REPRESENTATION_CONTEXT(2) 
PARAMETRIC_REPRESENTATION_CONTEXT() REPRESENTATION_CONTEXT('2D SPACE',''
  ) );
#12033 = PCURVE('',#5088,#12034);
#12034 = DEFINITIONAL_REPRESENTATION('',(#12035),#12039);
#12035 = LINE('',#12036,#12037);
#12036 = CARTESIAN_POINT('',(0.,0.));
#12037 = VECTOR('',#12038,1.);
#12038 = DIRECTION('',(0.,1.));
#12039 = ( GEOMETRIC_REPRESENTATION_CONTEXT(2) 
PARAMETRIC_REPRESENTATION_CONTEXT() REPRESENTATION_CONTEXT('2D SPACE',''
  ) );
#12040 = ADVANCED_FACE('',(#12041),#5088,.F.);
#12041 = FACE_BOUND('',#12042,.F.);
#12042 = EDGE_LOOP('',(#12043,#12044,#12065,#12066));
#12043 = ORIENTED_EDGE('',*,*,#5073,.T.);
#12044 = ORIENTED_EDGE('',*,*,#12045,.T.);
#12045 = EDGE_CURVE('',#5046,#9738,#12046,.T.);
#12046 = SURFACE_CURVE('',#12047,(#12051,#12058),.PCURVE_S1.);
#12047 = LINE('',#12048,#12049);
#12048 = CARTESIAN_POINT('',(-39.17692093655,28.442503209389,0.));
#12049 = VECTOR('',#12050,1.);
#12050 = DIRECTION('',(0.,0.,1.));
#12051 = PCURVE('',#5088,#12052);
#12052 = DEFINITIONAL_REPRESENTATION('',(#12053),#12057);
#12053 = LINE('',#12054,#12055);
#12054 = CARTESIAN_POINT('',(0.249347241949,0.));
#12055 = VECTOR('',#12056,1.);
#12056 = DIRECTION('',(0.,1.));
#12057 = ( GEOMETRIC_REPRESENTATION_CONTEXT(2) 
PARAMETRIC_REPRESENTATION_CONTEXT() REPRESENTATION_CONTEXT('2D SPACE',''
  ) );
#12058 = PCURVE('',#5061,#12059);
#12059 = DEFINITIONAL_REPRESENTATION('',(#12060),#12064);
#12060 = LINE('',#12061,#12062);
#12061 = CARTESIAN_POINT('',(0.369878543673,0.));
#12062 = VECTOR('',#12063,1.);
#12063 = DIRECTION('',(0.,-1.));
#12064 = ( GEOMETRIC_REPRESENTATION_CONTEXT(2) 
PARAMETRIC_REPRESENTATION_CONTEXT() REPRESENTATION_CONTEXT('2D SPACE',''
  ) );
#12065 = ORIENTED_EDGE('',*,*,#9760,.F.);
#12066 = ORIENTED_EDGE('',*,*,#12020,.F.);
#12067 = ADVANCED_FACE('',(#12068),#4691,.T.);
#12068 = FACE_BOUND('',#12069,.T.);
#12069 = EDGE_LOOP('',(#12070,#12091,#12092,#12093));
#12070 = ORIENTED_EDGE('',*,*,#12071,.T.);
#12071 = EDGE_CURVE('',#4582,#9481,#12072,.T.);
#12072 = SURFACE_CURVE('',#12073,(#12077,#12084),.PCURVE_S1.);
#12073 = LINE('',#12074,#12075);
#12074 = CARTESIAN_POINT('',(-10.0129771935,8.093277400445,0.));
#12075 = VECTOR('',#12076,1.);
#12076 = DIRECTION('',(0.,0.,1.));
#12077 = PCURVE('',#4691,#12078);
#12078 = DEFINITIONAL_REPRESENTATION('',(#12079),#12083);
#12079 = LINE('',#12080,#12081);
#12080 = CARTESIAN_POINT('',(4.560656898555,0.));
#12081 = VECTOR('',#12082,1.);
#12082 = DIRECTION('',(0.,-1.));
#12083 = ( GEOMETRIC_REPRESENTATION_CONTEXT(2) 
PARAMETRIC_REPRESENTATION_CONTEXT() REPRESENTATION_CONTEXT('2D SPACE',''
  ) );
#12084 = PCURVE('',#4815,#12085);
#12085 = DEFINITIONAL_REPRESENTATION('',(#12086),#12090);
#12086 = LINE('',#12087,#12088);
#12087 = CARTESIAN_POINT('',(2.261200466709,0.));
#12088 = VECTOR('',#12089,1.);
#12089 = DIRECTION('',(0.,-1.));
#12090 = ( GEOMETRIC_REPRESENTATION_CONTEXT(2) 
PARAMETRIC_REPRESENTATION_CONTEXT() REPRESENTATION_CONTEXT('2D SPACE',''
  ) );
#12091 = ORIENTED_EDGE('',*,*,#9480,.T.);
#12092 = ORIENTED_EDGE('',*,*,#11998,.F.);
#12093 = ORIENTED_EDGE('',*,*,#4581,.F.);
#12094 = ADVANCED_FACE('',(#12095),#5061,.T.);
#12095 = FACE_BOUND('',#12096,.T.);
#12096 = EDGE_LOOP('',(#12097,#12098,#12099,#12100));
#12097 = ORIENTED_EDGE('',*,*,#5045,.F.);
#12098 = ORIENTED_EDGE('',*,*,#12045,.T.);
#12099 = ORIENTED_EDGE('',*,*,#9737,.T.);
#12100 = ORIENTED_EDGE('',*,*,#12101,.F.);
#12101 = EDGE_CURVE('',#4828,#9621,#12102,.T.);
#12102 = SURFACE_CURVE('',#12103,(#12107,#12114),.PCURVE_S1.);
#12103 = LINE('',#12104,#12105);
#12104 = CARTESIAN_POINT('',(-41.08563770057,23.850181619853,0.));
#12105 = VECTOR('',#12106,1.);
#12106 = DIRECTION('',(0.,0.,1.));
#12107 = PCURVE('',#5061,#12108);
#12108 = DEFINITIONAL_REPRESENTATION('',(#12109),#12113);
#12109 = LINE('',#12110,#12111);
#12110 = CARTESIAN_POINT('',(5.343068391947,0.));
#12111 = VECTOR('',#12112,1.);
#12112 = DIRECTION('',(0.,-1.));
#12113 = ( GEOMETRIC_REPRESENTATION_CONTEXT(2) 
PARAMETRIC_REPRESENTATION_CONTEXT() REPRESENTATION_CONTEXT('2D SPACE',''
  ) );
#12114 = PCURVE('',#4937,#12115);
#12115 = DEFINITIONAL_REPRESENTATION('',(#12116),#12120);
#12116 = LINE('',#12117,#12118);
#12117 = CARTESIAN_POINT('',(0.,0.));
#12118 = VECTOR('',#12119,1.);
#12119 = DIRECTION('',(0.,-1.));
#12120 = ( GEOMETRIC_REPRESENTATION_CONTEXT(2) 
PARAMETRIC_REPRESENTATION_CONTEXT() REPRESENTATION_CONTEXT('2D SPACE',''
  ) );
#12121 = ADVANCED_FACE('',(#12122),#4815,.T.);
#12122 = FACE_BOUND('',#12123,.T.);
#12123 = EDGE_LOOP('',(#12124,#12145,#12146,#12147));
#12124 = ORIENTED_EDGE('',*,*,#12125,.T.);
#12125 = EDGE_CURVE('',#4800,#9598,#12126,.T.);
#12126 = SURFACE_CURVE('',#12127,(#12131,#12138),.PCURVE_S1.);
#12127 = LINE('',#12128,#12129);
#12128 = CARTESIAN_POINT('',(-12.01969306091,7.051107079368,0.));
#12129 = VECTOR('',#12130,1.);
#12130 = DIRECTION('',(0.,0.,1.));
#12131 = PCURVE('',#4815,#12132);
#12132 = DEFINITIONAL_REPRESENTATION('',(#12133),#12137);
#12133 = LINE('',#12134,#12135);
#12134 = CARTESIAN_POINT('',(0.,0.));
#12135 = VECTOR('',#12136,1.);
#12136 = DIRECTION('',(0.,-1.));
#12137 = ( GEOMETRIC_REPRESENTATION_CONTEXT(2) 
PARAMETRIC_REPRESENTATION_CONTEXT() REPRESENTATION_CONTEXT('2D SPACE',''
  ) );
#12138 = PCURVE('',#4937,#12139);
#12139 = DEFINITIONAL_REPRESENTATION('',(#12140),#12144);
#12140 = LINE('',#12141,#12142);
#12141 = CARTESIAN_POINT('',(67.031728548195,0.));
#12142 = VECTOR('',#12143,1.);
#12143 = DIRECTION('',(0.,-1.));
#12144 = ( GEOMETRIC_REPRESENTATION_CONTEXT(2) 
PARAMETRIC_REPRESENTATION_CONTEXT() REPRESENTATION_CONTEXT('2D SPACE',''
  ) );
#12145 = ORIENTED_EDGE('',*,*,#9597,.T.);
#12146 = ORIENTED_EDGE('',*,*,#12071,.F.);
#12147 = ORIENTED_EDGE('',*,*,#4799,.F.);
#12148 = ADVANCED_FACE('',(#12149),#4937,.T.);
#12149 = FACE_BOUND('',#12150,.T.);
#12150 = EDGE_LOOP('',(#12151,#12152,#12153,#12154));
#12151 = ORIENTED_EDGE('',*,*,#12101,.T.);
#12152 = ORIENTED_EDGE('',*,*,#9620,.T.);
#12153 = ORIENTED_EDGE('',*,*,#12125,.F.);
#12154 = ORIENTED_EDGE('',*,*,#4827,.F.);
#12155 = ADVANCED_FACE('',(#12156),#5121,.F.);
#12156 = FACE_BOUND('',#12157,.T.);
#12157 = EDGE_LOOP('',(#12158,#12159,#12180,#12181));
#12158 = ORIENTED_EDGE('',*,*,#5102,.F.);
#12159 = ORIENTED_EDGE('',*,*,#12160,.T.);
#12160 = EDGE_CURVE('',#5103,#9785,#12161,.T.);
#12161 = SURFACE_CURVE('',#12162,(#12166,#12173),.PCURVE_S1.);
#12162 = LINE('',#12163,#12164);
#12163 = CARTESIAN_POINT('',(-13.08017845426,46.702879264608,0.));
#12164 = VECTOR('',#12165,1.);
#12165 = DIRECTION('',(0.,0.,1.));
#12166 = PCURVE('',#5121,#12167);
#12167 = DEFINITIONAL_REPRESENTATION('',(#12168),#12172);
#12168 = LINE('',#12169,#12170);
#12169 = CARTESIAN_POINT('',(-1.843871985865,0.));
#12170 = VECTOR('',#12171,1.);
#12171 = DIRECTION('',(-0.,-1.));
#12172 = ( GEOMETRIC_REPRESENTATION_CONTEXT(2) 
PARAMETRIC_REPRESENTATION_CONTEXT() REPRESENTATION_CONTEXT('2D SPACE',''
  ) );
#12173 = PCURVE('',#5243,#12174);
#12174 = DEFINITIONAL_REPRESENTATION('',(#12175),#12179);
#12175 = LINE('',#12176,#12177);
#12176 = CARTESIAN_POINT('',(59.759046788485,0.));
#12177 = VECTOR('',#12178,1.);
#12178 = DIRECTION('',(0.,-1.));
#12179 = ( GEOMETRIC_REPRESENTATION_CONTEXT(2) 
PARAMETRIC_REPRESENTATION_CONTEXT() REPRESENTATION_CONTEXT('2D SPACE',''
  ) );
#12180 = ORIENTED_EDGE('',*,*,#9784,.T.);
#12181 = ORIENTED_EDGE('',*,*,#12182,.F.);
#12182 = EDGE_CURVE('',#5105,#9787,#12183,.T.);
#12183 = SURFACE_CURVE('',#12184,(#12188,#12195),.PCURVE_S1.);
#12184 = LINE('',#12185,#12186);
#12185 = CARTESIAN_POINT('',(-19.06269024216,44.596679705236,0.));
#12186 = VECTOR('',#12187,1.);
#12187 = DIRECTION('',(0.,0.,1.));
#12188 = PCURVE('',#5121,#12189);
#12189 = DEFINITIONAL_REPRESENTATION('',(#12190),#12194);
#12190 = LINE('',#12191,#12192);
#12191 = CARTESIAN_POINT('',(-1.974737271832,0.));
#12192 = VECTOR('',#12193,1.);
#12193 = DIRECTION('',(-0.,-1.));
#12194 = ( GEOMETRIC_REPRESENTATION_CONTEXT(2) 
PARAMETRIC_REPRESENTATION_CONTEXT() REPRESENTATION_CONTEXT('2D SPACE',''
  ) );
#12195 = PCURVE('',#5640,#12196);
#12196 = DEFINITIONAL_REPRESENTATION('',(#12197),#12201);
#12197 = LINE('',#12198,#12199);
#12198 = CARTESIAN_POINT('',(0.,0.));
#12199 = VECTOR('',#12200,1.);
#12200 = DIRECTION('',(0.,1.));
#12201 = ( GEOMETRIC_REPRESENTATION_CONTEXT(2) 
PARAMETRIC_REPRESENTATION_CONTEXT() REPRESENTATION_CONTEXT('2D SPACE',''
  ) );
#12202 = ADVANCED_FACE('',(#12203),#5640,.F.);
#12203 = FACE_BOUND('',#12204,.F.);
#12204 = EDGE_LOOP('',(#12205,#12206,#12227,#12228));
#12205 = ORIENTED_EDGE('',*,*,#5625,.T.);
#12206 = ORIENTED_EDGE('',*,*,#12207,.T.);
#12207 = EDGE_CURVE('',#5598,#10068,#12208,.T.);
#12208 = SURFACE_CURVE('',#12209,(#12213,#12220),.PCURVE_S1.);
#12209 = LINE('',#12210,#12211);
#12210 = CARTESIAN_POINT('',(-19.70695716841,44.220390794829,0.));
#12211 = VECTOR('',#12212,1.);
#12212 = DIRECTION('',(0.,0.,1.));
#12213 = PCURVE('',#5640,#12214);
#12214 = DEFINITIONAL_REPRESENTATION('',(#12215),#12219);
#12215 = LINE('',#12216,#12217);
#12216 = CARTESIAN_POINT('',(0.249347241949,0.));
#12217 = VECTOR('',#12218,1.);
#12218 = DIRECTION('',(0.,1.));
#12219 = ( GEOMETRIC_REPRESENTATION_CONTEXT(2) 
PARAMETRIC_REPRESENTATION_CONTEXT() REPRESENTATION_CONTEXT('2D SPACE',''
  ) );
#12220 = PCURVE('',#5613,#12221);
#12221 = DEFINITIONAL_REPRESENTATION('',(#12222),#12226);
#12222 = LINE('',#12223,#12224);
#12223 = CARTESIAN_POINT('',(0.369878543677,0.));
#12224 = VECTOR('',#12225,1.);
#12225 = DIRECTION('',(0.,-1.));
#12226 = ( GEOMETRIC_REPRESENTATION_CONTEXT(2) 
PARAMETRIC_REPRESENTATION_CONTEXT() REPRESENTATION_CONTEXT('2D SPACE',''
  ) );
#12227 = ORIENTED_EDGE('',*,*,#10090,.F.);
#12228 = ORIENTED_EDGE('',*,*,#12182,.F.);
#12229 = ADVANCED_FACE('',(#12230),#5243,.T.);
#12230 = FACE_BOUND('',#12231,.T.);
#12231 = EDGE_LOOP('',(#12232,#12253,#12254,#12255));
#12232 = ORIENTED_EDGE('',*,*,#12233,.T.);
#12233 = EDGE_CURVE('',#5134,#9811,#12234,.T.);
#12234 = SURFACE_CURVE('',#12235,(#12239,#12246),.PCURVE_S1.);
#12235 = LINE('',#12236,#12237);
#12236 = CARTESIAN_POINT('',(-4.624853916871,12.015472425414,0.));
#12237 = VECTOR('',#12238,1.);
#12238 = DIRECTION('',(0.,0.,1.));
#12239 = PCURVE('',#5243,#12240);
#12240 = DEFINITIONAL_REPRESENTATION('',(#12241),#12245);
#12241 = LINE('',#12242,#12243);
#12242 = CARTESIAN_POINT('',(4.560656898555,0.));
#12243 = VECTOR('',#12244,1.);
#12244 = DIRECTION('',(0.,-1.));
#12245 = ( GEOMETRIC_REPRESENTATION_CONTEXT(2) 
PARAMETRIC_REPRESENTATION_CONTEXT() REPRESENTATION_CONTEXT('2D SPACE',''
  ) );
#12246 = PCURVE('',#5367,#12247);
#12247 = DEFINITIONAL_REPRESENTATION('',(#12248),#12252);
#12248 = LINE('',#12249,#12250);
#12249 = CARTESIAN_POINT('',(2.261200466709,0.));
#12250 = VECTOR('',#12251,1.);
#12251 = DIRECTION('',(0.,-1.));
#12252 = ( GEOMETRIC_REPRESENTATION_CONTEXT(2) 
PARAMETRIC_REPRESENTATION_CONTEXT() REPRESENTATION_CONTEXT('2D SPACE',''
  ) );
#12253 = ORIENTED_EDGE('',*,*,#9810,.T.);
#12254 = ORIENTED_EDGE('',*,*,#12160,.F.);
#12255 = ORIENTED_EDGE('',*,*,#5133,.F.);
#12256 = ADVANCED_FACE('',(#12257),#5613,.T.);
#12257 = FACE_BOUND('',#12258,.T.);
#12258 = EDGE_LOOP('',(#12259,#12260,#12261,#12262));
#12259 = ORIENTED_EDGE('',*,*,#5597,.F.);
#12260 = ORIENTED_EDGE('',*,*,#12207,.T.);
#12261 = ORIENTED_EDGE('',*,*,#10067,.T.);
#12262 = ORIENTED_EDGE('',*,*,#12263,.F.);
#12263 = EDGE_CURVE('',#5380,#9951,#12264,.T.);
#12264 = SURFACE_CURVE('',#12265,(#12269,#12276),.PCURVE_S1.);
#12265 = LINE('',#12266,#12267);
#12266 = CARTESIAN_POINT('',(-23.65611516945,41.197682017954,0.));
#12267 = VECTOR('',#12268,1.);
#12268 = DIRECTION('',(0.,0.,1.));
#12269 = PCURVE('',#5613,#12270);
#12270 = DEFINITIONAL_REPRESENTATION('',(#12271),#12275);
#12271 = LINE('',#12272,#12273);
#12272 = CARTESIAN_POINT('',(5.343068391951,0.));
#12273 = VECTOR('',#12274,1.);
#12274 = DIRECTION('',(0.,-1.));
#12275 = ( GEOMETRIC_REPRESENTATION_CONTEXT(2) 
PARAMETRIC_REPRESENTATION_CONTEXT() REPRESENTATION_CONTEXT('2D SPACE',''
  ) );
#12276 = PCURVE('',#5489,#12277);
#12277 = DEFINITIONAL_REPRESENTATION('',(#12278),#12282);
#12278 = LINE('',#12279,#12280);
#12279 = CARTESIAN_POINT('',(0.,0.));
#12280 = VECTOR('',#12281,1.);
#12281 = DIRECTION('',(0.,-1.));
#12282 = ( GEOMETRIC_REPRESENTATION_CONTEXT(2) 
PARAMETRIC_REPRESENTATION_CONTEXT() REPRESENTATION_CONTEXT('2D SPACE',''
  ) );
#12283 = ADVANCED_FACE('',(#12284),#5367,.T.);
#12284 = FACE_BOUND('',#12285,.T.);
#12285 = EDGE_LOOP('',(#12286,#12307,#12308,#12309));
#12286 = ORIENTED_EDGE('',*,*,#12287,.T.);
#12287 = EDGE_CURVE('',#5352,#9928,#12288,.T.);
#12288 = SURFACE_CURVE('',#12289,(#12293,#12300),.PCURVE_S1.);
#12289 = LINE('',#12290,#12291);
#12290 = CARTESIAN_POINT('',(-6.883805996763,12.116284385996,0.));
#12291 = VECTOR('',#12292,1.);
#12292 = DIRECTION('',(0.,0.,1.));
#12293 = PCURVE('',#5367,#12294);
#12294 = DEFINITIONAL_REPRESENTATION('',(#12295),#12299);
#12295 = LINE('',#12296,#12297);
#12296 = CARTESIAN_POINT('',(0.,0.));
#12297 = VECTOR('',#12298,1.);
#12298 = DIRECTION('',(0.,-1.));
#12299 = ( GEOMETRIC_REPRESENTATION_CONTEXT(2) 
PARAMETRIC_REPRESENTATION_CONTEXT() REPRESENTATION_CONTEXT('2D SPACE',''
  ) );
#12300 = PCURVE('',#5489,#12301);
#12301 = DEFINITIONAL_REPRESENTATION('',(#12302),#12306);
#12302 = LINE('',#12303,#12304);
#12303 = CARTESIAN_POINT('',(67.031728548195,0.));
#12304 = VECTOR('',#12305,1.);
#12305 = DIRECTION('',(0.,-1.));
#12306 = ( GEOMETRIC_REPRESENTATION_CONTEXT(2) 
PARAMETRIC_REPRESENTATION_CONTEXT() REPRESENTATION_CONTEXT('2D SPACE',''
  ) );
#12307 = ORIENTED_EDGE('',*,*,#9927,.T.);
#12308 = ORIENTED_EDGE('',*,*,#12233,.F.);
#12309 = ORIENTED_EDGE('',*,*,#5351,.F.);
#12310 = ADVANCED_FACE('',(#12311),#5489,.T.);
#12311 = FACE_BOUND('',#12312,.T.);
#12312 = EDGE_LOOP('',(#12313,#12314,#12315,#12316));
#12313 = ORIENTED_EDGE('',*,*,#12263,.T.);
#12314 = ORIENTED_EDGE('',*,*,#9950,.T.);
#12315 = ORIENTED_EDGE('',*,*,#12287,.F.);
#12316 = ORIENTED_EDGE('',*,*,#5379,.F.);
#12317 = ADVANCED_FACE('',(#12318),#5673,.F.);
#12318 = FACE_BOUND('',#12319,.T.);
#12319 = EDGE_LOOP('',(#12320,#12321,#12342,#12343));
#12320 = ORIENTED_EDGE('',*,*,#5654,.F.);
#12321 = ORIENTED_EDGE('',*,*,#12322,.T.);
#12322 = EDGE_CURVE('',#5655,#10115,#12323,.T.);
#12323 = SURFACE_CURVE('',#12324,(#12328,#12335),.PCURVE_S1.);
#12324 = LINE('',#12325,#12326);
#12325 = CARTESIAN_POINT('',(12.023672804875,46.985969100161,0.));
#12326 = VECTOR('',#12327,1.);
#12327 = DIRECTION('',(0.,0.,1.));
#12328 = PCURVE('',#5673,#12329);
#12329 = DEFINITIONAL_REPRESENTATION('',(#12330),#12334);
#12330 = LINE('',#12331,#12332);
#12331 = CARTESIAN_POINT('',(-1.320273210267,0.));
#12332 = VECTOR('',#12333,1.);
#12333 = DIRECTION('',(-0.,-1.));
#12334 = ( GEOMETRIC_REPRESENTATION_CONTEXT(2) 
PARAMETRIC_REPRESENTATION_CONTEXT() REPRESENTATION_CONTEXT('2D SPACE',''
  ) );
#12335 = PCURVE('',#5795,#12336);
#12336 = DEFINITIONAL_REPRESENTATION('',(#12337),#12341);
#12337 = LINE('',#12338,#12339);
#12338 = CARTESIAN_POINT('',(59.759046788485,0.));
#12339 = VECTOR('',#12340,1.);
#12340 = DIRECTION('',(0.,-1.));
#12341 = ( GEOMETRIC_REPRESENTATION_CONTEXT(2) 
PARAMETRIC_REPRESENTATION_CONTEXT() REPRESENTATION_CONTEXT('2D SPACE',''
  ) );
#12342 = ORIENTED_EDGE('',*,*,#10114,.T.);
#12343 = ORIENTED_EDGE('',*,*,#12344,.F.);
#12344 = EDGE_CURVE('',#5657,#10117,#12345,.T.);
#12345 = SURFACE_CURVE('',#12346,(#12350,#12357),.PCURVE_S1.);
#12346 = LINE('',#12347,#12348);
#12347 = CARTESIAN_POINT('',(5.789565838434,48.153202670253,0.));
#12348 = VECTOR('',#12349,1.);
#12349 = DIRECTION('',(0.,0.,1.));
#12350 = PCURVE('',#5673,#12351);
#12351 = DEFINITIONAL_REPRESENTATION('',(#12352),#12356);
#12352 = LINE('',#12353,#12354);
#12353 = CARTESIAN_POINT('',(-1.451138496233,0.));
#12354 = VECTOR('',#12355,1.);
#12355 = DIRECTION('',(-0.,-1.));
#12356 = ( GEOMETRIC_REPRESENTATION_CONTEXT(2) 
PARAMETRIC_REPRESENTATION_CONTEXT() REPRESENTATION_CONTEXT('2D SPACE',''
  ) );
#12357 = PCURVE('',#6192,#12358);
#12358 = DEFINITIONAL_REPRESENTATION('',(#12359),#12363);
#12359 = LINE('',#12360,#12361);
#12360 = CARTESIAN_POINT('',(0.,0.));
#12361 = VECTOR('',#12362,1.);
#12362 = DIRECTION('',(0.,1.));
#12363 = ( GEOMETRIC_REPRESENTATION_CONTEXT(2) 
PARAMETRIC_REPRESENTATION_CONTEXT() REPRESENTATION_CONTEXT('2D SPACE',''
  ) );
#12364 = ADVANCED_FACE('',(#12365),#6192,.F.);
#12365 = FACE_BOUND('',#12366,.F.);
#12366 = EDGE_LOOP('',(#12367,#12368,#12389,#12390));
#12367 = ORIENTED_EDGE('',*,*,#6177,.T.);
#12368 = ORIENTED_EDGE('',*,*,#12369,.T.);
#12369 = EDGE_CURVE('',#6150,#10398,#12370,.T.);
#12370 = SURFACE_CURVE('',#12371,(#12375,#12382),.PCURVE_S1.);
#12371 = LINE('',#12372,#12373);
#12372 = CARTESIAN_POINT('',(5.043469858274,48.149460377805,0.));
#12373 = VECTOR('',#12374,1.);
#12374 = DIRECTION('',(0.,0.,1.));
#12375 = PCURVE('',#6192,#12376);
#12376 = DEFINITIONAL_REPRESENTATION('',(#12377),#12381);
#12377 = LINE('',#12378,#12379);
#12378 = CARTESIAN_POINT('',(0.249347241949,0.));
#12379 = VECTOR('',#12380,1.);
#12380 = DIRECTION('',(0.,1.));
#12381 = ( GEOMETRIC_REPRESENTATION_CONTEXT(2) 
PARAMETRIC_REPRESENTATION_CONTEXT() REPRESENTATION_CONTEXT('2D SPACE',''
  ) );
#12382 = PCURVE('',#6165,#12383);
#12383 = DEFINITIONAL_REPRESENTATION('',(#12384),#12388);
#12384 = LINE('',#12385,#12386);
#12385 = CARTESIAN_POINT('',(0.369878543671,0.));
#12386 = VECTOR('',#12387,1.);
#12387 = DIRECTION('',(0.,-1.));
#12388 = ( GEOMETRIC_REPRESENTATION_CONTEXT(2) 
PARAMETRIC_REPRESENTATION_CONTEXT() REPRESENTATION_CONTEXT('2D SPACE',''
  ) );
#12389 = ORIENTED_EDGE('',*,*,#10420,.F.);
#12390 = ORIENTED_EDGE('',*,*,#12344,.F.);
#12391 = ADVANCED_FACE('',(#12392),#5795,.T.);
#12392 = FACE_BOUND('',#12393,.T.);
#12393 = EDGE_LOOP('',(#12394,#12415,#12416,#12417));
#12394 = ORIENTED_EDGE('',*,*,#12395,.T.);
#12395 = EDGE_CURVE('',#5686,#10141,#12396,.T.);
#12396 = SURFACE_CURVE('',#12397,(#12401,#12408),.PCURVE_S1.);
#12397 = LINE('',#12398,#12399);
#12398 = CARTESIAN_POINT('',(2.002495231905,12.718131317315,0.));
#12399 = VECTOR('',#12400,1.);
#12400 = DIRECTION('',(0.,0.,1.));
#12401 = PCURVE('',#5795,#12402);
#12402 = DEFINITIONAL_REPRESENTATION('',(#12403),#12407);
#12403 = LINE('',#12404,#12405);
#12404 = CARTESIAN_POINT('',(4.560656898555,0.));
#12405 = VECTOR('',#12406,1.);
#12406 = DIRECTION('',(0.,-1.));
#12407 = ( GEOMETRIC_REPRESENTATION_CONTEXT(2) 
PARAMETRIC_REPRESENTATION_CONTEXT() REPRESENTATION_CONTEXT('2D SPACE',''
  ) );
#12408 = PCURVE('',#5919,#12409);
#12409 = DEFINITIONAL_REPRESENTATION('',(#12410),#12414);
#12410 = LINE('',#12411,#12412);
#12411 = CARTESIAN_POINT('',(2.261200466709,0.));
#12412 = VECTOR('',#12413,1.);
#12413 = DIRECTION('',(0.,-1.));
#12414 = ( GEOMETRIC_REPRESENTATION_CONTEXT(2) 
PARAMETRIC_REPRESENTATION_CONTEXT() REPRESENTATION_CONTEXT('2D SPACE',''
  ) );
#12415 = ORIENTED_EDGE('',*,*,#10140,.T.);
#12416 = ORIENTED_EDGE('',*,*,#12322,.F.);
#12417 = ORIENTED_EDGE('',*,*,#5685,.F.);
#12418 = ADVANCED_FACE('',(#12419),#6165,.T.);
#12419 = FACE_BOUND('',#12420,.T.);
#12420 = EDGE_LOOP('',(#12421,#12422,#12423,#12424));
#12421 = ORIENTED_EDGE('',*,*,#6149,.F.);
#12422 = ORIENTED_EDGE('',*,*,#12369,.T.);
#12423 = ORIENTED_EDGE('',*,*,#10397,.T.);
#12424 = ORIENTED_EDGE('',*,*,#12425,.F.);
#12425 = EDGE_CURVE('',#5932,#10281,#12426,.T.);
#12426 = SURFACE_CURVE('',#12427,(#12431,#12438),.PCURVE_S1.);
#12427 = LINE('',#12428,#12429);
#12428 = CARTESIAN_POINT('',(0.112044317377,47.50629678931,0.));
#12429 = VECTOR('',#12430,1.);
#12430 = DIRECTION('',(0.,0.,1.));
#12431 = PCURVE('',#6165,#12432);
#12432 = DEFINITIONAL_REPRESENTATION('',(#12433),#12437);
#12433 = LINE('',#12434,#12435);
#12434 = CARTESIAN_POINT('',(5.343068391945,0.));
#12435 = VECTOR('',#12436,1.);
#12436 = DIRECTION('',(0.,-1.));
#12437 = ( GEOMETRIC_REPRESENTATION_CONTEXT(2) 
PARAMETRIC_REPRESENTATION_CONTEXT() REPRESENTATION_CONTEXT('2D SPACE',''
  ) );
#12438 = PCURVE('',#6041,#12439);
#12439 = DEFINITIONAL_REPRESENTATION('',(#12440),#12444);
#12440 = LINE('',#12441,#12442);
#12441 = CARTESIAN_POINT('',(0.,0.));
#12442 = VECTOR('',#12443,1.);
#12443 = DIRECTION('',(0.,-1.));
#12444 = ( GEOMETRIC_REPRESENTATION_CONTEXT(2) 
PARAMETRIC_REPRESENTATION_CONTEXT() REPRESENTATION_CONTEXT('2D SPACE',''
  ) );
#12445 = ADVANCED_FACE('',(#12446),#5919,.T.);
#12446 = FACE_BOUND('',#12447,.T.);
#12447 = EDGE_LOOP('',(#12448,#12469,#12470,#12471));
#12448 = ORIENTED_EDGE('',*,*,#12449,.T.);
#12449 = EDGE_CURVE('',#5904,#10258,#12450,.T.);
#12450 = SURFACE_CURVE('',#12451,(#12455,#12462),.PCURVE_S1.);
#12451 = LINE('',#12452,#12453);
#12452 = CARTESIAN_POINT('',(9.659132507772E-02,13.934913076131,0.));
#12453 = VECTOR('',#12454,1.);
#12454 = DIRECTION('',(0.,0.,1.));
#12455 = PCURVE('',#5919,#12456);
#12456 = DEFINITIONAL_REPRESENTATION('',(#12457),#12461);
#12457 = LINE('',#12458,#12459);
#12458 = CARTESIAN_POINT('',(0.,0.));
#12459 = VECTOR('',#12460,1.);
#12460 = DIRECTION('',(0.,-1.));
#12461 = ( GEOMETRIC_REPRESENTATION_CONTEXT(2) 
PARAMETRIC_REPRESENTATION_CONTEXT() REPRESENTATION_CONTEXT('2D SPACE',''
  ) );
#12462 = PCURVE('',#6041,#12463);
#12463 = DEFINITIONAL_REPRESENTATION('',(#12464),#12468);
#12464 = LINE('',#12465,#12466);
#12465 = CARTESIAN_POINT('',(67.031728548195,0.));
#12466 = VECTOR('',#12467,1.);
#12467 = DIRECTION('',(0.,-1.));
#12468 = ( GEOMETRIC_REPRESENTATION_CONTEXT(2) 
PARAMETRIC_REPRESENTATION_CONTEXT() REPRESENTATION_CONTEXT('2D SPACE',''
  ) );
#12469 = ORIENTED_EDGE('',*,*,#10257,.T.);
#12470 = ORIENTED_EDGE('',*,*,#12395,.F.);
#12471 = ORIENTED_EDGE('',*,*,#5903,.F.);
#12472 = ADVANCED_FACE('',(#12473),#6041,.T.);
#12473 = FACE_BOUND('',#12474,.T.);
#12474 = EDGE_LOOP('',(#12475,#12476,#12477,#12478));
#12475 = ORIENTED_EDGE('',*,*,#12425,.T.);
#12476 = ORIENTED_EDGE('',*,*,#10280,.T.);
#12477 = ORIENTED_EDGE('',*,*,#12449,.F.);
#12478 = ORIENTED_EDGE('',*,*,#5931,.F.);
#12479 = ADVANCED_FACE('',(#12480),#6225,.F.);
#12480 = FACE_BOUND('',#12481,.T.);
#12481 = EDGE_LOOP('',(#12482,#12483,#12504,#12505));
#12482 = ORIENTED_EDGE('',*,*,#6206,.F.);
#12483 = ORIENTED_EDGE('',*,*,#12484,.T.);
#12484 = EDGE_CURVE('',#6207,#10445,#12485,.T.);
#12485 = SURFACE_CURVE('',#12486,(#12490,#12497),.PCURVE_S1.);
#12486 = LINE('',#12487,#12488);
#12487 = CARTESIAN_POINT('',(33.905790645895,34.679206459732,0.));
#12488 = VECTOR('',#12489,1.);
#12489 = DIRECTION('',(0.,0.,1.));
#12490 = PCURVE('',#6225,#12491);
#12491 = DEFINITIONAL_REPRESENTATION('',(#12492),#12496);
#12492 = LINE('',#12493,#12494);
#12493 = CARTESIAN_POINT('',(-0.796674434669,0.));
#12494 = VECTOR('',#12495,1.);
#12495 = DIRECTION('',(-0.,-1.));
#12496 = ( GEOMETRIC_REPRESENTATION_CONTEXT(2) 
PARAMETRIC_REPRESENTATION_CONTEXT() REPRESENTATION_CONTEXT('2D SPACE',''
  ) );
#12497 = PCURVE('',#6347,#12498);
#12498 = DEFINITIONAL_REPRESENTATION('',(#12499),#12503);
#12499 = LINE('',#12500,#12501);
#12500 = CARTESIAN_POINT('',(59.759046788485,0.));
#12501 = VECTOR('',#12502,1.);
#12502 = DIRECTION('',(0.,-1.));
#12503 = ( GEOMETRIC_REPRESENTATION_CONTEXT(2) 
PARAMETRIC_REPRESENTATION_CONTEXT() REPRESENTATION_CONTEXT('2D SPACE',''
  ) );
#12504 = ORIENTED_EDGE('',*,*,#10444,.T.);
#12505 = ORIENTED_EDGE('',*,*,#12506,.F.);
#12506 = EDGE_CURVE('',#6209,#10447,#12507,.T.);
#12507 = SURFACE_CURVE('',#12508,(#12512,#12519),.PCURVE_S1.);
#12508 = LINE('',#12509,#12510);
#12509 = CARTESIAN_POINT('',(29.090512428093,38.807113866803,0.));
#12510 = VECTOR('',#12511,1.);
#12511 = DIRECTION('',(0.,0.,1.));
#12512 = PCURVE('',#6225,#12513);
#12513 = DEFINITIONAL_REPRESENTATION('',(#12514),#12518);
#12514 = LINE('',#12515,#12516);
#12515 = CARTESIAN_POINT('',(-0.927539720635,0.));
#12516 = VECTOR('',#12517,1.);
#12517 = DIRECTION('',(-0.,-1.));
#12518 = ( GEOMETRIC_REPRESENTATION_CONTEXT(2) 
PARAMETRIC_REPRESENTATION_CONTEXT() REPRESENTATION_CONTEXT('2D SPACE',''
  ) );
#12519 = PCURVE('',#6744,#12520);
#12520 = DEFINITIONAL_REPRESENTATION('',(#12521),#12525);
#12521 = LINE('',#12522,#12523);
#12522 = CARTESIAN_POINT('',(0.,0.));
#12523 = VECTOR('',#12524,1.);
#12524 = DIRECTION('',(0.,1.));
#12525 = ( GEOMETRIC_REPRESENTATION_CONTEXT(2) 
PARAMETRIC_REPRESENTATION_CONTEXT() REPRESENTATION_CONTEXT('2D SPACE',''
  ) );
#12526 = ADVANCED_FACE('',(#12527),#6744,.F.);
#12527 = FACE_BOUND('',#12528,.F.);
#12528 = EDGE_LOOP('',(#12529,#12530,#12551,#12552));
#12529 = ORIENTED_EDGE('',*,*,#6729,.T.);
#12530 = ORIENTED_EDGE('',*,*,#12531,.T.);
#12531 = EDGE_CURVE('',#6702,#10728,#12532,.T.);
#12532 = SURFACE_CURVE('',#12533,(#12537,#12544),.PCURVE_S1.);
#12533 = LINE('',#12534,#12535);
#12534 = CARTESIAN_POINT('',(28.442503209389,39.176920936555,0.));
#12535 = VECTOR('',#12536,1.);
#12536 = DIRECTION('',(0.,0.,1.));
#12537 = PCURVE('',#6744,#12538);
#12538 = DEFINITIONAL_REPRESENTATION('',(#12539),#12543);
#12539 = LINE('',#12540,#12541);
#12540 = CARTESIAN_POINT('',(0.249347241949,0.));
#12541 = VECTOR('',#12542,1.);
#12542 = DIRECTION('',(0.,1.));
#12543 = ( GEOMETRIC_REPRESENTATION_CONTEXT(2) 
PARAMETRIC_REPRESENTATION_CONTEXT() REPRESENTATION_CONTEXT('2D SPACE',''
  ) );
#12544 = PCURVE('',#6717,#12545);
#12545 = DEFINITIONAL_REPRESENTATION('',(#12546),#12550);
#12546 = LINE('',#12547,#12548);
#12547 = CARTESIAN_POINT('',(0.369878543673,0.));
#12548 = VECTOR('',#12549,1.);
#12549 = DIRECTION('',(0.,-1.));
#12550 = ( GEOMETRIC_REPRESENTATION_CONTEXT(2) 
PARAMETRIC_REPRESENTATION_CONTEXT() REPRESENTATION_CONTEXT('2D SPACE',''
  ) );
#12551 = ORIENTED_EDGE('',*,*,#10750,.F.);
#12552 = ORIENTED_EDGE('',*,*,#12506,.F.);
#12553 = ADVANCED_FACE('',(#12554),#6347,.T.);
#12554 = FACE_BOUND('',#12555,.T.);
#12555 = EDGE_LOOP('',(#12556,#12577,#12578,#12579));
#12556 = ORIENTED_EDGE('',*,*,#12557,.T.);
#12557 = EDGE_CURVE('',#6238,#10471,#12558,.T.);
#12558 = SURFACE_CURVE('',#12559,(#12563,#12570),.PCURVE_S1.);
#12559 = LINE('',#12560,#12561);
#12560 = CARTESIAN_POINT('',(8.093277400445,10.012977193509,0.));
#12561 = VECTOR('',#12562,1.);
#12562 = DIRECTION('',(0.,0.,1.));
#12563 = PCURVE('',#6347,#12564);
#12564 = DEFINITIONAL_REPRESENTATION('',(#12565),#12569);
#12565 = LINE('',#12566,#12567);
#12566 = CARTESIAN_POINT('',(4.560656898555,0.));
#12567 = VECTOR('',#12568,1.);
#12568 = DIRECTION('',(0.,-1.));
#12569 = ( GEOMETRIC_REPRESENTATION_CONTEXT(2) 
PARAMETRIC_REPRESENTATION_CONTEXT() REPRESENTATION_CONTEXT('2D SPACE',''
  ) );
#12570 = PCURVE('',#6471,#12571);
#12571 = DEFINITIONAL_REPRESENTATION('',(#12572),#12576);
#12572 = LINE('',#12573,#12574);
#12573 = CARTESIAN_POINT('',(2.261200466709,0.));
#12574 = VECTOR('',#12575,1.);
#12575 = DIRECTION('',(0.,-1.));
#12576 = ( GEOMETRIC_REPRESENTATION_CONTEXT(2) 
PARAMETRIC_REPRESENTATION_CONTEXT() REPRESENTATION_CONTEXT('2D SPACE',''
  ) );
#12577 = ORIENTED_EDGE('',*,*,#10470,.T.);
#12578 = ORIENTED_EDGE('',*,*,#12484,.F.);
#12579 = ORIENTED_EDGE('',*,*,#6237,.F.);
#12580 = ADVANCED_FACE('',(#12581),#6717,.T.);
#12581 = FACE_BOUND('',#12582,.T.);
#12582 = EDGE_LOOP('',(#12583,#12584,#12585,#12586));
#12583 = ORIENTED_EDGE('',*,*,#6701,.F.);
#12584 = ORIENTED_EDGE('',*,*,#12531,.T.);
#12585 = ORIENTED_EDGE('',*,*,#10727,.T.);
#12586 = ORIENTED_EDGE('',*,*,#12587,.F.);
#12587 = EDGE_CURVE('',#6484,#10611,#12588,.T.);
#12588 = SURFACE_CURVE('',#12589,(#12593,#12600),.PCURVE_S1.);
#12589 = LINE('',#12590,#12591);
#12590 = CARTESIAN_POINT('',(23.850181619853,41.085637700577,0.));
#12591 = VECTOR('',#12592,1.);
#12592 = DIRECTION('',(0.,0.,1.));
#12593 = PCURVE('',#6717,#12594);
#12594 = DEFINITIONAL_REPRESENTATION('',(#12595),#12599);
#12595 = LINE('',#12596,#12597);
#12596 = CARTESIAN_POINT('',(5.343068391947,0.));
#12597 = VECTOR('',#12598,1.);
#12598 = DIRECTION('',(0.,-1.));
#12599 = ( GEOMETRIC_REPRESENTATION_CONTEXT(2) 
PARAMETRIC_REPRESENTATION_CONTEXT() REPRESENTATION_CONTEXT('2D SPACE',''
  ) );
#12600 = PCURVE('',#6593,#12601);
#12601 = DEFINITIONAL_REPRESENTATION('',(#12602),#12606);
#12602 = LINE('',#12603,#12604);
#12603 = CARTESIAN_POINT('',(0.,0.));
#12604 = VECTOR('',#12605,1.);
#12605 = DIRECTION('',(0.,-1.));
#12606 = ( GEOMETRIC_REPRESENTATION_CONTEXT(2) 
PARAMETRIC_REPRESENTATION_CONTEXT() REPRESENTATION_CONTEXT('2D SPACE',''
  ) );
#12607 = ADVANCED_FACE('',(#12608),#6471,.T.);
#12608 = FACE_BOUND('',#12609,.T.);
#12609 = EDGE_LOOP('',(#12610,#12631,#12632,#12633));
#12610 = ORIENTED_EDGE('',*,*,#12611,.T.);
#12611 = EDGE_CURVE('',#6456,#10588,#12612,.T.);
#12612 = SURFACE_CURVE('',#12613,(#12617,#12624),.PCURVE_S1.);
#12613 = LINE('',#12614,#12615);
#12614 = CARTESIAN_POINT('',(7.051107079368,12.019693060918,0.));
#12615 = VECTOR('',#12616,1.);
#12616 = DIRECTION('',(0.,0.,1.));
#12617 = PCURVE('',#6471,#12618);
#12618 = DEFINITIONAL_REPRESENTATION('',(#12619),#12623);
#12619 = LINE('',#12620,#12621);
#12620 = CARTESIAN_POINT('',(0.,0.));
#12621 = VECTOR('',#12622,1.);
#12622 = DIRECTION('',(0.,-1.));
#12623 = ( GEOMETRIC_REPRESENTATION_CONTEXT(2) 
PARAMETRIC_REPRESENTATION_CONTEXT() REPRESENTATION_CONTEXT('2D SPACE',''
  ) );
#12624 = PCURVE('',#6593,#12625);
#12625 = DEFINITIONAL_REPRESENTATION('',(#12626),#12630);
#12626 = LINE('',#12627,#12628);
#12627 = CARTESIAN_POINT('',(67.031728548195,0.));
#12628 = VECTOR('',#12629,1.);
#12629 = DIRECTION('',(0.,-1.));
#12630 = ( GEOMETRIC_REPRESENTATION_CONTEXT(2) 
PARAMETRIC_REPRESENTATION_CONTEXT() REPRESENTATION_CONTEXT('2D SPACE',''
  ) );
#12631 = ORIENTED_EDGE('',*,*,#10587,.T.);
#12632 = ORIENTED_EDGE('',*,*,#12557,.F.);
#12633 = ORIENTED_EDGE('',*,*,#6455,.F.);
#12634 = ADVANCED_FACE('',(#12635),#6593,.T.);
#12635 = FACE_BOUND('',#12636,.T.);
#12636 = EDGE_LOOP('',(#12637,#12638,#12639,#12640));
#12637 = ORIENTED_EDGE('',*,*,#12587,.T.);
#12638 = ORIENTED_EDGE('',*,*,#10610,.T.);
#12639 = ORIENTED_EDGE('',*,*,#12611,.F.);
#12640 = ORIENTED_EDGE('',*,*,#6483,.F.);
#12641 = ( GEOMETRIC_REPRESENTATION_CONTEXT(3) 
GLOBAL_UNCERTAINTY_ASSIGNED_CONTEXT((#12645)) 
GLOBAL_UNIT_ASSIGNED_CONTEXT((#12642,#12643,#12644)) 
REPRESENTATION_CONTEXT('Context #1',
  '3D Context with UNIT and UNCERTAINTY') );
#12642 = ( LENGTH_UNIT() NAMED_UNIT(*) SI_UNIT(.MILLI.,.METRE.) );
#12643 = ( NAMED_UNIT(*) PLANE_ANGLE_UNIT() SI_UNIT($,.RADIAN.) );
#12644 = ( NAMED_UNIT(*) SI_UNIT($,.STERADIAN.) SOLID_ANGLE_UNIT() );
#12645 = UNCERTAINTY_MEASURE_WITH_UNIT(LENGTH_MEASURE(1.E-07),#12642,
  'distance_accuracy_value','confusion accuracy');
#12646 = PRODUCT_RELATED_PRODUCT_CATEGORY('part',$,(#7));
ENDSEC;
END-ISO-10303-21;
