ISO-10303-21;
HEADER;
FILE_DESCRIPTION(('Open CASCADE Model'),'2;1');
FILE_NAME('Open CASCADE Shape Model','2026-07-25T13:38:59',('Author'),(
    'Open CASCADE'),'Open CASCADE STEP processor 7.9','Open CASCADE 7.9'
  ,'Unknown');
FILE_SCHEMA(('AUTOMOTIVE_DESIGN { 1 0 10303 214 1 1 1 1 }'));
ENDSEC;
DATA;
#1 = APPLICATION_PROTOCOL_DEFINITION('international standard',
  'automotive_design',2000,#2);
#2 = APPLICATION_CONTEXT(
  'core data for automotive mechanical design processes');
#3 = SHAPE_DEFINITION_REPRESENTATION(#4,#10);
#4 = PRODUCT_DEFINITION_SHAPE('','',#5);
#5 = PRODUCT_DEFINITION('design','',#6,#9);
#6 = PRODUCT_DEFINITION_FORMATION('','',#7);
#7 = PRODUCT('Open CASCADE STEP translator 7.9 1',
  'Open CASCADE STEP translator 7.9 1','',(#8));
#8 = PRODUCT_CONTEXT('',#2,'mechanical');
#9 = PRODUCT_DEFINITION_CONTEXT('part definition',#2,'design');
#10 = ADVANCED_BREP_SHAPE_REPRESENTATION('',(#11,#15),#11681);
#11 = AXIS2_PLACEMENT_3D('',#12,#13,#14);
#12 = CARTESIAN_POINT('',(0.,0.,0.));
#13 = DIRECTION('',(0.,0.,1.));
#14 = DIRECTION('',(1.,0.,-0.));
#15 = MANIFOLD_SOLID_BREP('',#16);
#16 = CLOSED_SHELL('',(#17,#105,#313,#577,#749,#1008,#1055,#1263,#1527,
    #1699,#1958,#2005,#2213,#2477,#2649,#2908,#2955,#3163,#3427,#3599,
    #3858,#3905,#4113,#4377,#4549,#4808,#4855,#5063,#5327,#5499,#5758,
    #5805,#6013,#6277,#6449,#6708,#6755,#6963,#7227,#7399,#7658,#7705,
    #7913,#8177,#8349,#8608,#8655,#8863,#9127,#9299,#9558,#9605,#9813,
    #10077,#10249,#10508,#10555,#10763,#11027,#11199,#11458,#11505,
    #11593));
#17 = ADVANCED_FACE('',(#18),#32,.T.);
#18 = FACE_BOUND('',#19,.F.);
#19 = EDGE_LOOP('',(#20,#50,#77,#78));
#20 = ORIENTED_EDGE('',*,*,#21,.T.);
#21 = EDGE_CURVE('',#22,#24,#26,.T.);
#22 = VERTEX_POINT('',#23);
#23 = CARTESIAN_POINT('',(50.,0.,0.));
#24 = VERTEX_POINT('',#25);
#25 = CARTESIAN_POINT('',(50.,0.,22.4));
#26 = SEAM_CURVE('',#27,(#31,#43),.PCURVE_S1.);
#27 = LINE('',#28,#29);
#28 = CARTESIAN_POINT('',(50.,0.,0.));
#29 = VECTOR('',#30,1.);
#30 = DIRECTION('',(0.,0.,1.));
#31 = PCURVE('',#32,#37);
#32 = CYLINDRICAL_SURFACE('',#33,50.);
#33 = AXIS2_PLACEMENT_3D('',#34,#35,#36);
#34 = CARTESIAN_POINT('',(-3.055333763768E-13,-4.707345624411E-14,0.));
#35 = DIRECTION('',(-0.,-0.,-1.));
#36 = DIRECTION('',(1.,9.503509090791E-16,-0.));
#37 = DEFINITIONAL_REPRESENTATION('',(#38),#42);
#38 = LINE('',#39,#40);
#39 = CARTESIAN_POINT('',(-0.,0.));
#40 = VECTOR('',#41,1.);
#41 = DIRECTION('',(-0.,-1.));
#42 = ( GEOMETRIC_REPRESENTATION_CONTEXT(2) 
PARAMETRIC_REPRESENTATION_CONTEXT() REPRESENTATION_CONTEXT('2D SPACE',''
  ) );
#43 = PCURVE('',#32,#44);
#44 = DEFINITIONAL_REPRESENTATION('',(#45),#49);
#45 = LINE('',#46,#47);
#46 = CARTESIAN_POINT('',(-6.28318530718,0.));
#47 = VECTOR('',#48,1.);
#48 = DIRECTION('',(-0.,-1.));
#49 = ( GEOMETRIC_REPRESENTATION_CONTEXT(2) 
PARAMETRIC_REPRESENTATION_CONTEXT() REPRESENTATION_CONTEXT('2D SPACE',''
  ) );
#50 = ORIENTED_EDGE('',*,*,#51,.T.);
#51 = EDGE_CURVE('',#24,#24,#52,.T.);
#52 = SURFACE_CURVE('',#53,(#58,#65),.PCURVE_S1.);
#53 = CIRCLE('',#54,50.);
#54 = AXIS2_PLACEMENT_3D('',#55,#56,#57);
#55 = CARTESIAN_POINT('',(-3.055333763768E-13,-4.707345624411E-14,22.4)
  );
#56 = DIRECTION('',(0.,0.,1.));
#57 = DIRECTION('',(1.,9.503509090791E-16,-0.));
#58 = PCURVE('',#32,#59);
#59 = DEFINITIONAL_REPRESENTATION('',(#60),#64);
#60 = LINE('',#61,#62);
#61 = CARTESIAN_POINT('',(-0.,-22.4));
#62 = VECTOR('',#63,1.);
#63 = DIRECTION('',(-1.,0.));
#64 = ( GEOMETRIC_REPRESENTATION_CONTEXT(2) 
PARAMETRIC_REPRESENTATION_CONTEXT() REPRESENTATION_CONTEXT('2D SPACE',''
  ) );
#65 = PCURVE('',#66,#71);
#66 = PLANE('',#67);
#67 = AXIS2_PLACEMENT_3D('',#68,#69,#70);
#68 = CARTESIAN_POINT('',(-1.75032336965E-15,3.209892110372E-15,22.4));
#69 = DIRECTION('',(0.,0.,1.));
#70 = DIRECTION('',(1.,0.,-0.));
#71 = DEFINITIONAL_REPRESENTATION('',(#72),#76);
#72 = CIRCLE('',#73,50.);
#73 = AXIS2_PLACEMENT_2D('',#74,#75);
#74 = CARTESIAN_POINT('',(-3.037830530072E-13,-5.028334835448E-14));
#75 = DIRECTION('',(1.,9.503509090791E-16));
#76 = ( GEOMETRIC_REPRESENTATION_CONTEXT(2) 
PARAMETRIC_REPRESENTATION_CONTEXT() REPRESENTATION_CONTEXT('2D SPACE',''
  ) );
#77 = ORIENTED_EDGE('',*,*,#21,.F.);
#78 = ORIENTED_EDGE('',*,*,#79,.F.);
#79 = EDGE_CURVE('',#22,#22,#80,.T.);
#80 = SURFACE_CURVE('',#81,(#86,#93),.PCURVE_S1.);
#81 = CIRCLE('',#82,50.);
#82 = AXIS2_PLACEMENT_3D('',#83,#84,#85);
#83 = CARTESIAN_POINT('',(-3.055333763768E-13,-4.707345624411E-14,0.));
#84 = DIRECTION('',(0.,0.,1.));
#85 = DIRECTION('',(1.,9.503509090791E-16,-0.));
#86 = PCURVE('',#32,#87);
#87 = DEFINITIONAL_REPRESENTATION('',(#88),#92);
#88 = LINE('',#89,#90);
#89 = CARTESIAN_POINT('',(-0.,0.));
#90 = VECTOR('',#91,1.);
#91 = DIRECTION('',(-1.,0.));
#92 = ( GEOMETRIC_REPRESENTATION_CONTEXT(2) 
PARAMETRIC_REPRESENTATION_CONTEXT() REPRESENTATION_CONTEXT('2D SPACE',''
  ) );
#93 = PCURVE('',#94,#99);
#94 = PLANE('',#95);
#95 = AXIS2_PLACEMENT_3D('',#96,#97,#98);
#96 = CARTESIAN_POINT('',(-1.75032336965E-15,3.209892110372E-15,0.));
#97 = DIRECTION('',(0.,0.,1.));
#98 = DIRECTION('',(1.,0.,-0.));
#99 = DEFINITIONAL_REPRESENTATION('',(#100),#104);
#100 = CIRCLE('',#101,50.);
#101 = AXIS2_PLACEMENT_2D('',#102,#103);
#102 = CARTESIAN_POINT('',(-3.037830530072E-13,-5.028334835448E-14));
#103 = DIRECTION('',(1.,9.503509090791E-16));
#104 = ( GEOMETRIC_REPRESENTATION_CONTEXT(2) 
PARAMETRIC_REPRESENTATION_CONTEXT() REPRESENTATION_CONTEXT('2D SPACE',''
  ) );
#105 = ADVANCED_FACE('',(#106),#120,.F.);
#106 = FACE_BOUND('',#107,.T.);
#107 = EDGE_LOOP('',(#108,#239,#263,#291));
#108 = ORIENTED_EDGE('',*,*,#109,.T.);
#109 = EDGE_CURVE('',#110,#112,#114,.T.);
#110 = VERTEX_POINT('',#111);
#111 = CARTESIAN_POINT('',(46.702879264608,13.080178454266,0.));
#112 = VERTEX_POINT('',#113);
#113 = CARTESIAN_POINT('',(46.702879264608,13.080178454266,22.4));
#114 = SURFACE_CURVE('',#115,(#119,#131),.PCURVE_S1.);
#115 = LINE('',#116,#117);
#116 = CARTESIAN_POINT('',(46.702879264608,13.080178454266,0.));
#117 = VECTOR('',#118,1.);
#118 = DIRECTION('',(0.,0.,1.));
#119 = PCURVE('',#120,#125);
#120 = CYLINDRICAL_SURFACE('',#121,48.5);
#121 = AXIS2_PLACEMENT_3D('',#122,#123,#124);
#122 = CARTESIAN_POINT('',(0.,0.,0.));
#123 = DIRECTION('',(-0.,-0.,-1.));
#124 = DIRECTION('',(1.,0.,-0.));
#125 = DEFINITIONAL_REPRESENTATION('',(#126),#130);
#126 = LINE('',#127,#128);
#127 = CARTESIAN_POINT('',(-0.273075659071,0.));
#128 = VECTOR('',#129,1.);
#129 = DIRECTION('',(-0.,-1.));
#130 = ( GEOMETRIC_REPRESENTATION_CONTEXT(2) 
PARAMETRIC_REPRESENTATION_CONTEXT() REPRESENTATION_CONTEXT('2D SPACE',''
  ) );
#131 = PCURVE('',#132,#233);
#132 = B_SPLINE_SURFACE_WITH_KNOTS('',3,1,(
    (#133,#134)
    ,(#135,#136)
    ,(#137,#138)
    ,(#139,#140)
    ,(#141,#142)
    ,(#143,#144)
    ,(#145,#146)
    ,(#147,#148)
    ,(#149,#150)
    ,(#151,#152)
    ,(#153,#154)
    ,(#155,#156)
    ,(#157,#158)
    ,(#159,#160)
    ,(#161,#162)
    ,(#163,#164)
    ,(#165,#166)
    ,(#167,#168)
    ,(#169,#170)
    ,(#171,#172)
    ,(#173,#174)
    ,(#175,#176)
    ,(#177,#178)
    ,(#179,#180)
    ,(#181,#182)
    ,(#183,#184)
    ,(#185,#186)
    ,(#187,#188)
    ,(#189,#190)
    ,(#191,#192)
    ,(#193,#194)
    ,(#195,#196)
    ,(#197,#198)
    ,(#199,#200)
    ,(#201,#202)
    ,(#203,#204)
    ,(#205,#206)
    ,(#207,#208)
    ,(#209,#210)
    ,(#211,#212)
    ,(#213,#214)
    ,(#215,#216)
    ,(#217,#218)
    ,(#219,#220)
    ,(#221,#222)
    ,(#223,#224)
    ,(#225,#226)
    ,(#227,#228)
    ,(#229,#230)
    ,(#231,#232
    )),.UNSPECIFIED.,.F.,.F.,.F.,(4,1,1,1,1,1,1,1,1,1,1,1,1,1,1,1,1,1,1,
    1,1,1,1,1,1,1,1,1,1,1,1,1,1,1,1,1,1,1,1,1,1,1,1,1,1,1,1,4),(2,2),(0.
    ,2.766464139392,5.568319295326,8.177275145496,10.425160909405,
    12.698001103747,14.813706991925,16.784063111389,18.483896399813,
    20.207074900357,21.81810245116,23.327840693167,24.640860133639,
    25.985974841284,27.260500260188,28.473662841808,29.546573791048,
    30.665502050481,31.746604132965,32.796723932319,33.744037531687,
    34.751762028128,35.745458780463,36.730106112805,37.635070035337,
    38.615335519513,39.599805338773,40.592877392801,41.521106716853,
    42.54355210237,43.588460947472,44.661307186429,45.681682040739,
    46.825929386569,48.018033969658,49.266638650819,50.477859791669,
    51.863921967174,53.33914083985,54.917675284274,56.480212616324,
    58.303578905337,60.281721918016,62.435877257802,64.600562295301,
    67.15990258556,69.968318443063,73.053194077155),(-22.4,0.),
  .UNSPECIFIED.);
#133 = CARTESIAN_POINT('',(11.465086923869,9.659132507772E-02,22.4));
#134 = CARTESIAN_POINT('',(11.465086923869,9.659132507772E-02,0.));
#135 = CARTESIAN_POINT('',(11.562011354251,0.997531887688,22.4));
#136 = CARTESIAN_POINT('',(11.562011354251,0.997531887688,0.));
#137 = CARTESIAN_POINT('',(11.733861433439,2.869911982393,22.4));
#138 = CARTESIAN_POINT('',(11.733861433439,2.869911982393,0.));
#139 = CARTESIAN_POINT('',(12.154186304207,5.555149510144,22.4));
#140 = CARTESIAN_POINT('',(12.154186304207,5.555149510144,0.));
#141 = CARTESIAN_POINT('',(12.656613796004,8.061246716484,22.4));
#142 = CARTESIAN_POINT('',(12.656613796004,8.061246716484,0.));
#143 = CARTESIAN_POINT('',(13.238805018243,10.365827798951,22.4));
#144 = CARTESIAN_POINT('',(13.238805018243,10.365827798951,0.));
#145 = CARTESIAN_POINT('',(13.886147827978,12.482337860793,22.4));
#146 = CARTESIAN_POINT('',(13.886147827978,12.482337860793,0.));
#147 = CARTESIAN_POINT('',(14.615582282124,14.473629758889,22.4));
#148 = CARTESIAN_POINT('',(14.615582282124,14.473629758889,0.));
#149 = CARTESIAN_POINT('',(15.381107717009,16.245040316804,22.4));
#150 = CARTESIAN_POINT('',(15.381107717009,16.245040316804,0.));
#151 = CARTESIAN_POINT('',(16.188309774152,17.852461924634,22.4));
#152 = CARTESIAN_POINT('',(16.188309774152,17.852461924634,0.));
#153 = CARTESIAN_POINT('',(17.030418094951,19.305183808412,22.4));
#154 = CARTESIAN_POINT('',(17.030418094951,19.305183808412,0.));
#155 = CARTESIAN_POINT('',(17.930122412672,20.647439067325,22.4));
#156 = CARTESIAN_POINT('',(17.930122412672,20.647439067325,0.));
#157 = CARTESIAN_POINT('',(18.837890922507,21.815265409324,22.4));
#158 = CARTESIAN_POINT('',(18.837890922507,21.815265409324,0.));
#159 = CARTESIAN_POINT('',(19.759850462584,22.855601589807,22.4));
#160 = CARTESIAN_POINT('',(19.759850462584,22.855601589807,0.));
#161 = CARTESIAN_POINT('',(20.691550502438,23.779474227334,22.4));
#162 = CARTESIAN_POINT('',(20.691550502438,23.779474227334,0.));
#163 = CARTESIAN_POINT('',(21.668521729273,24.604886664143,22.4));
#164 = CARTESIAN_POINT('',(21.668521729273,24.604886664143,0.));
#165 = CARTESIAN_POINT('',(22.634140574527,25.29721043821,22.4));
#166 = CARTESIAN_POINT('',(22.634140574527,25.29721043821,0.));
#167 = CARTESIAN_POINT('',(23.606674675732,25.884428292563,22.4));
#168 = CARTESIAN_POINT('',(23.606674675732,25.884428292563,0.));
#169 = CARTESIAN_POINT('',(24.58348448695,26.373147396548,22.4));
#170 = CARTESIAN_POINT('',(24.58348448695,26.373147396548,0.));
#171 = CARTESIAN_POINT('',(25.590332188661,26.776431093043,22.4));
#172 = CARTESIAN_POINT('',(25.590332188661,26.776431093043,0.));
#173 = CARTESIAN_POINT('',(26.572226740316,27.078624195503,22.4));
#174 = CARTESIAN_POINT('',(26.572226740316,27.078624195503,0.));
#175 = CARTESIAN_POINT('',(27.550572930613,27.297867266821,22.4));
#176 = CARTESIAN_POINT('',(27.550572930613,27.297867266821,0.));
#177 = CARTESIAN_POINT('',(28.524319586207,27.439123206851,22.4));
#178 = CARTESIAN_POINT('',(28.524319586207,27.439123206851,0.));
#179 = CARTESIAN_POINT('',(29.518411626219,27.505547306111,22.4));
#180 = CARTESIAN_POINT('',(29.518411626219,27.505547306111,0.));
#181 = CARTESIAN_POINT('',(30.480365952539,27.497653174108,22.4));
#182 = CARTESIAN_POINT('',(30.480365952539,27.497653174108,0.));
#183 = CARTESIAN_POINT('',(31.43475794982,27.423142433975,22.4));
#184 = CARTESIAN_POINT('',(31.43475794982,27.423142433975,0.));
#185 = CARTESIAN_POINT('',(32.381979847014,27.284274332011,22.4));
#186 = CARTESIAN_POINT('',(32.381979847014,27.284274332011,0.));
#187 = CARTESIAN_POINT('',(33.346166164706,27.074813902316,22.4));
#188 = CARTESIAN_POINT('',(33.346166164706,27.074813902316,0.));
#189 = CARTESIAN_POINT('',(34.277556104178,26.806360136563,22.4));
#190 = CARTESIAN_POINT('',(34.277556104178,26.806360136563,0.));
#191 = CARTESIAN_POINT('',(35.201994635684,26.475626098635,22.4));
#192 = CARTESIAN_POINT('',(35.201994635684,26.475626098635,0.));
#193 = CARTESIAN_POINT('',(36.120026751544,26.081053342461,22.4));
#194 = CARTESIAN_POINT('',(36.120026751544,26.081053342461,0.));
#195 = CARTESIAN_POINT('',(37.053713084303,25.606310170402,22.4));
#196 = CARTESIAN_POINT('',(37.053713084303,25.606310170402,0.));
#197 = CARTESIAN_POINT('',(37.954296948307,25.07273456133,22.4));
#198 = CARTESIAN_POINT('',(37.954296948307,25.07273456133,0.));
#199 = CARTESIAN_POINT('',(38.847278044432,24.465681794331,22.4));
#200 = CARTESIAN_POINT('',(38.847278044432,24.465681794331,0.));
#201 = CARTESIAN_POINT('',(39.732034929987,23.779404953179,22.4));
#202 = CARTESIAN_POINT('',(39.732034929987,23.779404953179,0.));
#203 = CARTESIAN_POINT('',(40.626947180634,22.98621323695,22.4));
#204 = CARTESIAN_POINT('',(40.626947180634,22.98621323695,0.));
#205 = CARTESIAN_POINT('',(41.483582659192,22.120080821874,22.4));
#206 = CARTESIAN_POINT('',(41.483582659192,22.120080821874,0.));
#207 = CARTESIAN_POINT('',(42.326438533146,21.153148084479,22.4));
#208 = CARTESIAN_POINT('',(42.326438533146,21.153148084479,0.));
#209 = CARTESIAN_POINT('',(43.153090290469,20.075151089843,22.4));
#210 = CARTESIAN_POINT('',(43.153090290469,20.075151089843,0.));
#211 = CARTESIAN_POINT('',(43.977056471612,18.844612851793,22.4));
#212 = CARTESIAN_POINT('',(43.977056471612,18.844612851793,0.));
#213 = CARTESIAN_POINT('',(44.751951517801,17.51407662939,22.4));
#214 = CARTESIAN_POINT('',(44.751951517801,17.51407662939,0.));
#215 = CARTESIAN_POINT('',(45.500587447575,16.037304592966,22.4));
#216 = CARTESIAN_POINT('',(45.500587447575,16.037304592966,0.));
#217 = CARTESIAN_POINT('',(46.218322810518,14.398928243417,22.4));
#218 = CARTESIAN_POINT('',(46.218322810518,14.398928243417,0.));
#219 = CARTESIAN_POINT('',(46.912949194845,12.536703344974,22.4));
#220 = CARTESIAN_POINT('',(46.912949194845,12.536703344974,0.));
#221 = CARTESIAN_POINT('',(47.541679742908,10.539118513891,22.4));
#222 = CARTESIAN_POINT('',(47.541679742908,10.539118513891,0.));
#223 = CARTESIAN_POINT('',(48.12831353425,8.297876658534,22.4));
#224 = CARTESIAN_POINT('',(48.12831353425,8.297876658534,0.));
#225 = CARTESIAN_POINT('',(48.641127159287,5.947933569625,22.4));
#226 = CARTESIAN_POINT('',(48.641127159287,5.947933569625,0.));
#227 = CARTESIAN_POINT('',(49.184779359494,2.710378200263,22.4));
#228 = CARTESIAN_POINT('',(49.184779359494,2.710378200263,0.));
#229 = CARTESIAN_POINT('',(49.245463149114,2.015183314218,22.4));
#230 = CARTESIAN_POINT('',(49.245463149114,2.015183314218,0.));
#231 = CARTESIAN_POINT('',(49.49370321069,0.112044317377,22.4));
#232 = CARTESIAN_POINT('',(49.49370321069,0.112044317377,0.));
#233 = DEFINITIONAL_REPRESENTATION('',(#234),#238);
#234 = LINE('',#235,#236);
#235 = CARTESIAN_POINT('',(59.759046788485,0.));
#236 = VECTOR('',#237,1.);
#237 = DIRECTION('',(0.,-1.));
#238 = ( GEOMETRIC_REPRESENTATION_CONTEXT(2) 
PARAMETRIC_REPRESENTATION_CONTEXT() REPRESENTATION_CONTEXT('2D SPACE',''
  ) );
#239 = ORIENTED_EDGE('',*,*,#240,.T.);
#240 = EDGE_CURVE('',#112,#241,#243,.T.);
#241 = VERTEX_POINT('',#242);
#242 = CARTESIAN_POINT('',(44.445203270214,19.413240488631,22.4));
#243 = SURFACE_CURVE('',#244,(#249,#256),.PCURVE_S1.);
#244 = CIRCLE('',#245,48.5);
#245 = AXIS2_PLACEMENT_3D('',#246,#247,#248);
#246 = CARTESIAN_POINT('',(0.,0.,22.4));
#247 = DIRECTION('',(0.,0.,1.));
#248 = DIRECTION('',(1.,0.,-0.));
#249 = PCURVE('',#120,#250);
#250 = DEFINITIONAL_REPRESENTATION('',(#251),#255);
#251 = LINE('',#252,#253);
#252 = CARTESIAN_POINT('',(-0.,-22.4));
#253 = VECTOR('',#254,1.);
#254 = DIRECTION('',(-1.,0.));
#255 = ( GEOMETRIC_REPRESENTATION_CONTEXT(2) 
PARAMETRIC_REPRESENTATION_CONTEXT() REPRESENTATION_CONTEXT('2D SPACE',''
  ) );
#256 = PCURVE('',#66,#257);
#257 = DEFINITIONAL_REPRESENTATION('',(#258),#262);
#258 = CIRCLE('',#259,48.5);
#259 = AXIS2_PLACEMENT_2D('',#260,#261);
#260 = CARTESIAN_POINT('',(1.75032336965E-15,-3.209892110372E-15));
#261 = DIRECTION('',(1.,0.));
#262 = ( GEOMETRIC_REPRESENTATION_CONTEXT(2) 
PARAMETRIC_REPRESENTATION_CONTEXT() REPRESENTATION_CONTEXT('2D SPACE',''
  ) );
#263 = ORIENTED_EDGE('',*,*,#264,.F.);
#264 = EDGE_CURVE('',#265,#241,#267,.T.);
#265 = VERTEX_POINT('',#266);
#266 = CARTESIAN_POINT('',(44.445203270214,19.413240488631,0.));
#267 = SURFACE_CURVE('',#268,(#272,#279),.PCURVE_S1.);
#268 = LINE('',#269,#270);
#269 = CARTESIAN_POINT('',(44.445203270214,19.413240488631,0.));
#270 = VECTOR('',#271,1.);
#271 = DIRECTION('',(0.,0.,1.));
#272 = PCURVE('',#120,#273);
#273 = DEFINITIONAL_REPRESENTATION('',(#274),#278);
#274 = LINE('',#275,#276);
#275 = CARTESIAN_POINT('',(-0.4118147326,0.));
#276 = VECTOR('',#277,1.);
#277 = DIRECTION('',(-0.,-1.));
#278 = ( GEOMETRIC_REPRESENTATION_CONTEXT(2) 
PARAMETRIC_REPRESENTATION_CONTEXT() REPRESENTATION_CONTEXT('2D SPACE',''
  ) );
#279 = PCURVE('',#280,#285);
#280 = PLANE('',#281);
#281 = AXIS2_PLACEMENT_3D('',#282,#283,#284);
#282 = CARTESIAN_POINT('',(44.445203270214,19.413240488631,0.));
#283 = DIRECTION('',(-0.794089532378,-0.607800801718,0.));
#284 = DIRECTION('',(-0.607800801718,0.794089532378,0.));
#285 = DEFINITIONAL_REPRESENTATION('',(#286),#290);
#286 = LINE('',#287,#288);
#287 = CARTESIAN_POINT('',(0.,0.));
#288 = VECTOR('',#289,1.);
#289 = DIRECTION('',(0.,-1.));
#290 = ( GEOMETRIC_REPRESENTATION_CONTEXT(2) 
PARAMETRIC_REPRESENTATION_CONTEXT() REPRESENTATION_CONTEXT('2D SPACE',''
  ) );
#291 = ORIENTED_EDGE('',*,*,#292,.F.);
#292 = EDGE_CURVE('',#110,#265,#293,.T.);
#293 = SURFACE_CURVE('',#294,(#299,#306),.PCURVE_S1.);
#294 = CIRCLE('',#295,48.5);
#295 = AXIS2_PLACEMENT_3D('',#296,#297,#298);
#296 = CARTESIAN_POINT('',(0.,0.,0.));
#297 = DIRECTION('',(0.,0.,1.));
#298 = DIRECTION('',(1.,0.,-0.));
#299 = PCURVE('',#120,#300);
#300 = DEFINITIONAL_REPRESENTATION('',(#301),#305);
#301 = LINE('',#302,#303);
#302 = CARTESIAN_POINT('',(-0.,0.));
#303 = VECTOR('',#304,1.);
#304 = DIRECTION('',(-1.,0.));
#305 = ( GEOMETRIC_REPRESENTATION_CONTEXT(2) 
PARAMETRIC_REPRESENTATION_CONTEXT() REPRESENTATION_CONTEXT('2D SPACE',''
  ) );
#306 = PCURVE('',#94,#307);
#307 = DEFINITIONAL_REPRESENTATION('',(#308),#312);
#308 = CIRCLE('',#309,48.5);
#309 = AXIS2_PLACEMENT_2D('',#310,#311);
#310 = CARTESIAN_POINT('',(1.75032336965E-15,-3.209892110372E-15));
#311 = DIRECTION('',(1.,0.));
#312 = ( GEOMETRIC_REPRESENTATION_CONTEXT(2) 
PARAMETRIC_REPRESENTATION_CONTEXT() REPRESENTATION_CONTEXT('2D SPACE',''
  ) );
#313 = ADVANCED_FACE('',(#314),#132,.T.);
#314 = FACE_BOUND('',#315,.T.);
#315 = EDGE_LOOP('',(#316,#346,#461,#462));
#316 = ORIENTED_EDGE('',*,*,#317,.T.);
#317 = EDGE_CURVE('',#318,#320,#322,.T.);
#318 = VERTEX_POINT('',#319);
#319 = CARTESIAN_POINT('',(12.015472425414,4.624853916871,0.));
#320 = VERTEX_POINT('',#321);
#321 = CARTESIAN_POINT('',(12.015472425414,4.624853916871,22.4));
#322 = SURFACE_CURVE('',#323,(#327,#334),.PCURVE_S1.);
#323 = LINE('',#324,#325);
#324 = CARTESIAN_POINT('',(12.015472425414,4.624853916871,0.));
#325 = VECTOR('',#326,1.);
#326 = DIRECTION('',(0.,0.,1.));
#327 = PCURVE('',#132,#328);
#328 = DEFINITIONAL_REPRESENTATION('',(#329),#333);
#329 = LINE('',#330,#331);
#330 = CARTESIAN_POINT('',(4.560656898555,0.));
#331 = VECTOR('',#332,1.);
#332 = DIRECTION('',(0.,-1.));
#333 = ( GEOMETRIC_REPRESENTATION_CONTEXT(2) 
PARAMETRIC_REPRESENTATION_CONTEXT() REPRESENTATION_CONTEXT('2D SPACE',''
  ) );
#334 = PCURVE('',#335,#340);
#335 = PLANE('',#336);
#336 = AXIS2_PLACEMENT_3D('',#337,#338,#339);
#337 = CARTESIAN_POINT('',(12.116284385996,6.883805996763,0.));
#338 = DIRECTION('',(0.999005666746,-4.458338040621E-02,0.));
#339 = DIRECTION('',(-4.458338040621E-02,-0.999005666746,0.));
#340 = DEFINITIONAL_REPRESENTATION('',(#341),#345);
#341 = LINE('',#342,#343);
#342 = CARTESIAN_POINT('',(2.261200466709,0.));
#343 = VECTOR('',#344,1.);
#344 = DIRECTION('',(0.,-1.));
#345 = ( GEOMETRIC_REPRESENTATION_CONTEXT(2) 
PARAMETRIC_REPRESENTATION_CONTEXT() REPRESENTATION_CONTEXT('2D SPACE',''
  ) );
#346 = ORIENTED_EDGE('',*,*,#347,.T.);
#347 = EDGE_CURVE('',#320,#112,#348,.T.);
#348 = SURFACE_CURVE('',#349,(#400,#407),.PCURVE_S1.);
#349 = B_SPLINE_CURVE_WITH_KNOTS('',3,(#350,#351,#352,#353,#354,#355,
    #356,#357,#358,#359,#360,#361,#362,#363,#364,#365,#366,#367,#368,
    #369,#370,#371,#372,#373,#374,#375,#376,#377,#378,#379,#380,#381,
    #382,#383,#384,#385,#386,#387,#388,#389,#390,#391,#392,#393,#394,
    #395,#396,#397,#398,#399),.UNSPECIFIED.,.F.,.F.,(4,1,1,1,1,1,1,1,1,1
    ,1,1,1,1,1,1,1,1,1,1,1,1,1,1,1,1,1,1,1,1,1,1,1,1,1,1,1,1,1,1,1,1,1,1
    ,1,1,1,4),(0.,2.766464139392,5.568319295326,8.177275145496,
    10.425160909405,12.698001103747,14.813706991925,16.784063111389,
    18.483896399813,20.207074900357,21.81810245116,23.327840693167,
    24.640860133639,25.985974841284,27.260500260188,28.473662841808,
    29.546573791048,30.665502050481,31.746604132965,32.796723932319,
    33.744037531687,34.751762028128,35.745458780463,36.730106112805,
    37.635070035337,38.615335519513,39.599805338773,40.592877392801,
    41.521106716853,42.54355210237,43.588460947472,44.661307186429,
    45.681682040739,46.825929386569,48.018033969658,49.266638650819,
    50.477859791669,51.863921967174,53.33914083985,54.917675284274,
    56.480212616324,58.303578905337,60.281721918016,62.435877257802,
    64.600562295301,67.15990258556,69.968318443063,73.053194077155),
  .UNSPECIFIED.);
#350 = CARTESIAN_POINT('',(11.465086923869,9.659132507772E-02,22.4));
#351 = CARTESIAN_POINT('',(11.562011354251,0.997531887688,22.4));
#352 = CARTESIAN_POINT('',(11.733861433439,2.869911982393,22.4));
#353 = CARTESIAN_POINT('',(12.154186304207,5.555149510144,22.4));
#354 = CARTESIAN_POINT('',(12.656613796004,8.061246716484,22.4));
#355 = CARTESIAN_POINT('',(13.238805018243,10.365827798951,22.4));
#356 = CARTESIAN_POINT('',(13.886147827978,12.482337860793,22.4));
#357 = CARTESIAN_POINT('',(14.615582282124,14.473629758889,22.4));
#358 = CARTESIAN_POINT('',(15.381107717009,16.245040316804,22.4));
#359 = CARTESIAN_POINT('',(16.188309774152,17.852461924634,22.4));
#360 = CARTESIAN_POINT('',(17.030418094951,19.305183808412,22.4));
#361 = CARTESIAN_POINT('',(17.930122412672,20.647439067325,22.4));
#362 = CARTESIAN_POINT('',(18.837890922507,21.815265409324,22.4));
#363 = CARTESIAN_POINT('',(19.759850462584,22.855601589807,22.4));
#364 = CARTESIAN_POINT('',(20.691550502438,23.779474227334,22.4));
#365 = CARTESIAN_POINT('',(21.668521729273,24.604886664143,22.4));
#366 = CARTESIAN_POINT('',(22.634140574527,25.29721043821,22.4));
#367 = CARTESIAN_POINT('',(23.606674675732,25.884428292563,22.4));
#368 = CARTESIAN_POINT('',(24.58348448695,26.373147396548,22.4));
#369 = CARTESIAN_POINT('',(25.590332188661,26.776431093043,22.4));
#370 = CARTESIAN_POINT('',(26.572226740316,27.078624195503,22.4));
#371 = CARTESIAN_POINT('',(27.550572930613,27.297867266821,22.4));
#372 = CARTESIAN_POINT('',(28.524319586207,27.439123206851,22.4));
#373 = CARTESIAN_POINT('',(29.518411626219,27.505547306111,22.4));
#374 = CARTESIAN_POINT('',(30.480365952539,27.497653174108,22.4));
#375 = CARTESIAN_POINT('',(31.43475794982,27.423142433975,22.4));
#376 = CARTESIAN_POINT('',(32.381979847014,27.284274332011,22.4));
#377 = CARTESIAN_POINT('',(33.346166164706,27.074813902316,22.4));
#378 = CARTESIAN_POINT('',(34.277556104178,26.806360136563,22.4));
#379 = CARTESIAN_POINT('',(35.201994635684,26.475626098635,22.4));
#380 = CARTESIAN_POINT('',(36.120026751544,26.081053342461,22.4));
#381 = CARTESIAN_POINT('',(37.053713084303,25.606310170402,22.4));
#382 = CARTESIAN_POINT('',(37.954296948307,25.07273456133,22.4));
#383 = CARTESIAN_POINT('',(38.847278044432,24.465681794331,22.4));
#384 = CARTESIAN_POINT('',(39.732034929987,23.779404953179,22.4));
#385 = CARTESIAN_POINT('',(40.626947180634,22.98621323695,22.4));
#386 = CARTESIAN_POINT('',(41.483582659192,22.120080821874,22.4));
#387 = CARTESIAN_POINT('',(42.326438533146,21.153148084479,22.4));
#388 = CARTESIAN_POINT('',(43.153090290469,20.075151089843,22.4));
#389 = CARTESIAN_POINT('',(43.977056471612,18.844612851793,22.4));
#390 = CARTESIAN_POINT('',(44.751951517801,17.51407662939,22.4));
#391 = CARTESIAN_POINT('',(45.500587447575,16.037304592966,22.4));
#392 = CARTESIAN_POINT('',(46.218322810518,14.398928243417,22.4));
#393 = CARTESIAN_POINT('',(46.912949194845,12.536703344974,22.4));
#394 = CARTESIAN_POINT('',(47.541679742908,10.539118513891,22.4));
#395 = CARTESIAN_POINT('',(48.12831353425,8.297876658534,22.4));
#396 = CARTESIAN_POINT('',(48.641127159287,5.947933569625,22.4));
#397 = CARTESIAN_POINT('',(49.184779359494,2.710378200263,22.4));
#398 = CARTESIAN_POINT('',(49.245463149114,2.015183314218,22.4));
#399 = CARTESIAN_POINT('',(49.49370321069,0.112044317377,22.4));
#400 = PCURVE('',#132,#401);
#401 = DEFINITIONAL_REPRESENTATION('',(#402),#406);
#402 = LINE('',#403,#404);
#403 = CARTESIAN_POINT('',(0.,-22.4));
#404 = VECTOR('',#405,1.);
#405 = DIRECTION('',(1.,0.));
#406 = ( GEOMETRIC_REPRESENTATION_CONTEXT(2) 
PARAMETRIC_REPRESENTATION_CONTEXT() REPRESENTATION_CONTEXT('2D SPACE',''
  ) );
#407 = PCURVE('',#66,#408);
#408 = DEFINITIONAL_REPRESENTATION('',(#409),#460);
#409 = B_SPLINE_CURVE_WITH_KNOTS('',3,(#410,#411,#412,#413,#414,#415,
    #416,#417,#418,#419,#420,#421,#422,#423,#424,#425,#426,#427,#428,
    #429,#430,#431,#432,#433,#434,#435,#436,#437,#438,#439,#440,#441,
    #442,#443,#444,#445,#446,#447,#448,#449,#450,#451,#452,#453,#454,
    #455,#456,#457,#458,#459),.UNSPECIFIED.,.F.,.F.,(4,1,1,1,1,1,1,1,1,1
    ,1,1,1,1,1,1,1,1,1,1,1,1,1,1,1,1,1,1,1,1,1,1,1,1,1,1,1,1,1,1,1,1,1,1
    ,1,1,1,4),(0.,2.766464139392,5.568319295326,8.177275145496,
    10.425160909405,12.698001103747,14.813706991925,16.784063111389,
    18.483896399813,20.207074900357,21.81810245116,23.327840693167,
    24.640860133639,25.985974841284,27.260500260188,28.473662841808,
    29.546573791048,30.665502050481,31.746604132965,32.796723932319,
    33.744037531687,34.751762028128,35.745458780463,36.730106112805,
    37.635070035337,38.615335519513,39.599805338773,40.592877392801,
    41.521106716853,42.54355210237,43.588460947472,44.661307186429,
    45.681682040739,46.825929386569,48.018033969658,49.266638650819,
    50.477859791669,51.863921967174,53.33914083985,54.917675284274,
    56.480212616324,58.303578905337,60.281721918016,62.435877257802,
    64.600562295301,67.15990258556,69.968318443063,73.053194077155),
  .UNSPECIFIED.);
#410 = CARTESIAN_POINT('',(11.465086923869,9.659132507772E-02));
#411 = CARTESIAN_POINT('',(11.562011354251,0.997531887688));
#412 = CARTESIAN_POINT('',(11.733861433439,2.869911982393));
#413 = CARTESIAN_POINT('',(12.154186304207,5.555149510144));
#414 = CARTESIAN_POINT('',(12.656613796004,8.061246716484));
#415 = CARTESIAN_POINT('',(13.238805018243,10.365827798951));
#416 = CARTESIAN_POINT('',(13.886147827978,12.482337860793));
#417 = CARTESIAN_POINT('',(14.615582282124,14.473629758889));
#418 = CARTESIAN_POINT('',(15.381107717009,16.245040316804));
#419 = CARTESIAN_POINT('',(16.188309774152,17.852461924634));
#420 = CARTESIAN_POINT('',(17.030418094951,19.305183808412));
#421 = CARTESIAN_POINT('',(17.930122412672,20.647439067325));
#422 = CARTESIAN_POINT('',(18.837890922507,21.815265409324));
#423 = CARTESIAN_POINT('',(19.759850462584,22.855601589807));
#424 = CARTESIAN_POINT('',(20.691550502438,23.779474227334));
#425 = CARTESIAN_POINT('',(21.668521729273,24.604886664143));
#426 = CARTESIAN_POINT('',(22.634140574527,25.29721043821));
#427 = CARTESIAN_POINT('',(23.606674675732,25.884428292563));
#428 = CARTESIAN_POINT('',(24.58348448695,26.373147396548));
#429 = CARTESIAN_POINT('',(25.590332188661,26.776431093043));
#430 = CARTESIAN_POINT('',(26.572226740316,27.078624195503));
#431 = CARTESIAN_POINT('',(27.550572930613,27.297867266821));
#432 = CARTESIAN_POINT('',(28.524319586207,27.439123206851));
#433 = CARTESIAN_POINT('',(29.518411626219,27.505547306111));
#434 = CARTESIAN_POINT('',(30.480365952539,27.497653174108));
#435 = CARTESIAN_POINT('',(31.43475794982,27.423142433975));
#436 = CARTESIAN_POINT('',(32.381979847014,27.284274332011));
#437 = CARTESIAN_POINT('',(33.346166164706,27.074813902316));
#438 = CARTESIAN_POINT('',(34.277556104178,26.806360136563));
#439 = CARTESIAN_POINT('',(35.201994635684,26.475626098635));
#440 = CARTESIAN_POINT('',(36.120026751544,26.081053342461));
#441 = CARTESIAN_POINT('',(37.053713084303,25.606310170402));
#442 = CARTESIAN_POINT('',(37.954296948307,25.07273456133));
#443 = CARTESIAN_POINT('',(38.847278044432,24.465681794331));
#444 = CARTESIAN_POINT('',(39.732034929987,23.779404953179));
#445 = CARTESIAN_POINT('',(40.626947180634,22.98621323695));
#446 = CARTESIAN_POINT('',(41.483582659192,22.120080821874));
#447 = CARTESIAN_POINT('',(42.326438533146,21.153148084479));
#448 = CARTESIAN_POINT('',(43.153090290469,20.075151089843));
#449 = CARTESIAN_POINT('',(43.977056471612,18.844612851793));
#450 = CARTESIAN_POINT('',(44.751951517801,17.51407662939));
#451 = CARTESIAN_POINT('',(45.500587447575,16.037304592966));
#452 = CARTESIAN_POINT('',(46.218322810518,14.398928243417));
#453 = CARTESIAN_POINT('',(46.912949194845,12.536703344974));
#454 = CARTESIAN_POINT('',(47.541679742908,10.539118513891));
#455 = CARTESIAN_POINT('',(48.12831353425,8.297876658534));
#456 = CARTESIAN_POINT('',(48.641127159287,5.947933569625));
#457 = CARTESIAN_POINT('',(49.184779359494,2.710378200263));
#458 = CARTESIAN_POINT('',(49.245463149114,2.015183314218));
#459 = CARTESIAN_POINT('',(49.49370321069,0.112044317377));
#460 = ( GEOMETRIC_REPRESENTATION_CONTEXT(2) 
PARAMETRIC_REPRESENTATION_CONTEXT() REPRESENTATION_CONTEXT('2D SPACE',''
  ) );
#461 = ORIENTED_EDGE('',*,*,#109,.F.);
#462 = ORIENTED_EDGE('',*,*,#463,.F.);
#463 = EDGE_CURVE('',#318,#110,#464,.T.);
#464 = SURFACE_CURVE('',#465,(#516,#523),.PCURVE_S1.);
#465 = B_SPLINE_CURVE_WITH_KNOTS('',3,(#466,#467,#468,#469,#470,#471,
    #472,#473,#474,#475,#476,#477,#478,#479,#480,#481,#482,#483,#484,
    #485,#486,#487,#488,#489,#490,#491,#492,#493,#494,#495,#496,#497,
    #498,#499,#500,#501,#502,#503,#504,#505,#506,#507,#508,#509,#510,
    #511,#512,#513,#514,#515),.UNSPECIFIED.,.F.,.F.,(4,1,1,1,1,1,1,1,1,1
    ,1,1,1,1,1,1,1,1,1,1,1,1,1,1,1,1,1,1,1,1,1,1,1,1,1,1,1,1,1,1,1,1,1,1
    ,1,1,1,4),(0.,2.766464139392,5.568319295326,8.177275145496,
    10.425160909405,12.698001103747,14.813706991925,16.784063111389,
    18.483896399813,20.207074900357,21.81810245116,23.327840693167,
    24.640860133639,25.985974841284,27.260500260188,28.473662841808,
    29.546573791048,30.665502050481,31.746604132965,32.796723932319,
    33.744037531687,34.751762028128,35.745458780463,36.730106112805,
    37.635070035337,38.615335519513,39.599805338773,40.592877392801,
    41.521106716853,42.54355210237,43.588460947472,44.661307186429,
    45.681682040739,46.825929386569,48.018033969658,49.266638650819,
    50.477859791669,51.863921967174,53.33914083985,54.917675284274,
    56.480212616324,58.303578905337,60.281721918016,62.435877257802,
    64.600562295301,67.15990258556,69.968318443063,73.053194077155),
  .UNSPECIFIED.);
#466 = CARTESIAN_POINT('',(11.465086923869,9.659132507772E-02,0.));
#467 = CARTESIAN_POINT('',(11.562011354251,0.997531887688,0.));
#468 = CARTESIAN_POINT('',(11.733861433439,2.869911982393,0.));
#469 = CARTESIAN_POINT('',(12.154186304207,5.555149510144,0.));
#470 = CARTESIAN_POINT('',(12.656613796004,8.061246716484,0.));
#471 = CARTESIAN_POINT('',(13.238805018243,10.365827798951,0.));
#472 = CARTESIAN_POINT('',(13.886147827978,12.482337860793,0.));
#473 = CARTESIAN_POINT('',(14.615582282124,14.473629758889,0.));
#474 = CARTESIAN_POINT('',(15.381107717009,16.245040316804,0.));
#475 = CARTESIAN_POINT('',(16.188309774152,17.852461924634,0.));
#476 = CARTESIAN_POINT('',(17.030418094951,19.305183808412,0.));
#477 = CARTESIAN_POINT('',(17.930122412672,20.647439067325,0.));
#478 = CARTESIAN_POINT('',(18.837890922507,21.815265409324,0.));
#479 = CARTESIAN_POINT('',(19.759850462584,22.855601589807,0.));
#480 = CARTESIAN_POINT('',(20.691550502438,23.779474227334,0.));
#481 = CARTESIAN_POINT('',(21.668521729273,24.604886664143,0.));
#482 = CARTESIAN_POINT('',(22.634140574527,25.29721043821,0.));
#483 = CARTESIAN_POINT('',(23.606674675732,25.884428292563,0.));
#484 = CARTESIAN_POINT('',(24.58348448695,26.373147396548,0.));
#485 = CARTESIAN_POINT('',(25.590332188661,26.776431093043,0.));
#486 = CARTESIAN_POINT('',(26.572226740316,27.078624195503,0.));
#487 = CARTESIAN_POINT('',(27.550572930613,27.297867266821,0.));
#488 = CARTESIAN_POINT('',(28.524319586207,27.439123206851,0.));
#489 = CARTESIAN_POINT('',(29.518411626219,27.505547306111,0.));
#490 = CARTESIAN_POINT('',(30.480365952539,27.497653174108,0.));
#491 = CARTESIAN_POINT('',(31.43475794982,27.423142433975,0.));
#492 = CARTESIAN_POINT('',(32.381979847014,27.284274332011,0.));
#493 = CARTESIAN_POINT('',(33.346166164706,27.074813902316,0.));
#494 = CARTESIAN_POINT('',(34.277556104178,26.806360136563,0.));
#495 = CARTESIAN_POINT('',(35.201994635684,26.475626098635,0.));
#496 = CARTESIAN_POINT('',(36.120026751544,26.081053342461,0.));
#497 = CARTESIAN_POINT('',(37.053713084303,25.606310170402,0.));
#498 = CARTESIAN_POINT('',(37.954296948307,25.07273456133,0.));
#499 = CARTESIAN_POINT('',(38.847278044432,24.465681794331,0.));
#500 = CARTESIAN_POINT('',(39.732034929987,23.779404953179,0.));
#501 = CARTESIAN_POINT('',(40.626947180634,22.98621323695,0.));
#502 = CARTESIAN_POINT('',(41.483582659192,22.120080821874,0.));
#503 = CARTESIAN_POINT('',(42.326438533146,21.153148084479,0.));
#504 = CARTESIAN_POINT('',(43.153090290469,20.075151089843,0.));
#505 = CARTESIAN_POINT('',(43.977056471612,18.844612851793,0.));
#506 = CARTESIAN_POINT('',(44.751951517801,17.51407662939,0.));
#507 = CARTESIAN_POINT('',(45.500587447575,16.037304592966,0.));
#508 = CARTESIAN_POINT('',(46.218322810518,14.398928243417,0.));
#509 = CARTESIAN_POINT('',(46.912949194845,12.536703344974,0.));
#510 = CARTESIAN_POINT('',(47.541679742908,10.539118513891,0.));
#511 = CARTESIAN_POINT('',(48.12831353425,8.297876658534,0.));
#512 = CARTESIAN_POINT('',(48.641127159287,5.947933569625,0.));
#513 = CARTESIAN_POINT('',(49.184779359494,2.710378200263,0.));
#514 = CARTESIAN_POINT('',(49.245463149114,2.015183314218,0.));
#515 = CARTESIAN_POINT('',(49.49370321069,0.112044317377,0.));
#516 = PCURVE('',#132,#517);
#517 = DEFINITIONAL_REPRESENTATION('',(#518),#522);
#518 = LINE('',#519,#520);
#519 = CARTESIAN_POINT('',(0.,0.));
#520 = VECTOR('',#521,1.);
#521 = DIRECTION('',(1.,0.));
#522 = ( GEOMETRIC_REPRESENTATION_CONTEXT(2) 
PARAMETRIC_REPRESENTATION_CONTEXT() REPRESENTATION_CONTEXT('2D SPACE',''
  ) );
#523 = PCURVE('',#94,#524);
#524 = DEFINITIONAL_REPRESENTATION('',(#525),#576);
#525 = B_SPLINE_CURVE_WITH_KNOTS('',3,(#526,#527,#528,#529,#530,#531,
    #532,#533,#534,#535,#536,#537,#538,#539,#540,#541,#542,#543,#544,
    #545,#546,#547,#548,#549,#550,#551,#552,#553,#554,#555,#556,#557,
    #558,#559,#560,#561,#562,#563,#564,#565,#566,#567,#568,#569,#570,
    #571,#572,#573,#574,#575),.UNSPECIFIED.,.F.,.F.,(4,1,1,1,1,1,1,1,1,1
    ,1,1,1,1,1,1,1,1,1,1,1,1,1,1,1,1,1,1,1,1,1,1,1,1,1,1,1,1,1,1,1,1,1,1
    ,1,1,1,4),(0.,2.766464139392,5.568319295326,8.177275145496,
    10.425160909405,12.698001103747,14.813706991925,16.784063111389,
    18.483896399813,20.207074900357,21.81810245116,23.327840693167,
    24.640860133639,25.985974841284,27.260500260188,28.473662841808,
    29.546573791048,30.665502050481,31.746604132965,32.796723932319,
    33.744037531687,34.751762028128,35.745458780463,36.730106112805,
    37.635070035337,38.615335519513,39.599805338773,40.592877392801,
    41.521106716853,42.54355210237,43.588460947472,44.661307186429,
    45.681682040739,46.825929386569,48.018033969658,49.266638650819,
    50.477859791669,51.863921967174,53.33914083985,54.917675284274,
    56.480212616324,58.303578905337,60.281721918016,62.435877257802,
    64.600562295301,67.15990258556,69.968318443063,73.053194077155),
  .UNSPECIFIED.);
#526 = CARTESIAN_POINT('',(11.465086923869,9.659132507772E-02));
#527 = CARTESIAN_POINT('',(11.562011354251,0.997531887688));
#528 = CARTESIAN_POINT('',(11.733861433439,2.869911982393));
#529 = CARTESIAN_POINT('',(12.154186304207,5.555149510144));
#530 = CARTESIAN_POINT('',(12.656613796004,8.061246716484));
#531 = CARTESIAN_POINT('',(13.238805018243,10.365827798951));
#532 = CARTESIAN_POINT('',(13.886147827978,12.482337860793));
#533 = CARTESIAN_POINT('',(14.615582282124,14.473629758889));
#534 = CARTESIAN_POINT('',(15.381107717009,16.245040316804));
#535 = CARTESIAN_POINT('',(16.188309774152,17.852461924634));
#536 = CARTESIAN_POINT('',(17.030418094951,19.305183808412));
#537 = CARTESIAN_POINT('',(17.930122412672,20.647439067325));
#538 = CARTESIAN_POINT('',(18.837890922507,21.815265409324));
#539 = CARTESIAN_POINT('',(19.759850462584,22.855601589807));
#540 = CARTESIAN_POINT('',(20.691550502438,23.779474227334));
#541 = CARTESIAN_POINT('',(21.668521729273,24.604886664143));
#542 = CARTESIAN_POINT('',(22.634140574527,25.29721043821));
#543 = CARTESIAN_POINT('',(23.606674675732,25.884428292563));
#544 = CARTESIAN_POINT('',(24.58348448695,26.373147396548));
#545 = CARTESIAN_POINT('',(25.590332188661,26.776431093043));
#546 = CARTESIAN_POINT('',(26.572226740316,27.078624195503));
#547 = CARTESIAN_POINT('',(27.550572930613,27.297867266821));
#548 = CARTESIAN_POINT('',(28.524319586207,27.439123206851));
#549 = CARTESIAN_POINT('',(29.518411626219,27.505547306111));
#550 = CARTESIAN_POINT('',(30.480365952539,27.497653174108));
#551 = CARTESIAN_POINT('',(31.43475794982,27.423142433975));
#552 = CARTESIAN_POINT('',(32.381979847014,27.284274332011));
#553 = CARTESIAN_POINT('',(33.346166164706,27.074813902316));
#554 = CARTESIAN_POINT('',(34.277556104178,26.806360136563));
#555 = CARTESIAN_POINT('',(35.201994635684,26.475626098635));
#556 = CARTESIAN_POINT('',(36.120026751544,26.081053342461));
#557 = CARTESIAN_POINT('',(37.053713084303,25.606310170402));
#558 = CARTESIAN_POINT('',(37.954296948307,25.07273456133));
#559 = CARTESIAN_POINT('',(38.847278044432,24.465681794331));
#560 = CARTESIAN_POINT('',(39.732034929987,23.779404953179));
#561 = CARTESIAN_POINT('',(40.626947180634,22.98621323695));
#562 = CARTESIAN_POINT('',(41.483582659192,22.120080821874));
#563 = CARTESIAN_POINT('',(42.326438533146,21.153148084479));
#564 = CARTESIAN_POINT('',(43.153090290469,20.075151089843));
#565 = CARTESIAN_POINT('',(43.977056471612,18.844612851793));
#566 = CARTESIAN_POINT('',(44.751951517801,17.51407662939));
#567 = CARTESIAN_POINT('',(45.500587447575,16.037304592966));
#568 = CARTESIAN_POINT('',(46.218322810518,14.398928243417));
#569 = CARTESIAN_POINT('',(46.912949194845,12.536703344974));
#570 = CARTESIAN_POINT('',(47.541679742908,10.539118513891));
#571 = CARTESIAN_POINT('',(48.12831353425,8.297876658534));
#572 = CARTESIAN_POINT('',(48.641127159287,5.947933569625));
#573 = CARTESIAN_POINT('',(49.184779359494,2.710378200263));
#574 = CARTESIAN_POINT('',(49.245463149114,2.015183314218));
#575 = CARTESIAN_POINT('',(49.49370321069,0.112044317377));
#576 = ( GEOMETRIC_REPRESENTATION_CONTEXT(2) 
PARAMETRIC_REPRESENTATION_CONTEXT() REPRESENTATION_CONTEXT('2D SPACE',''
  ) );
#577 = ADVANCED_FACE('',(#578),#335,.T.);
#578 = FACE_BOUND('',#579,.T.);
#579 = EDGE_LOOP('',(#580,#706,#727,#728));
#580 = ORIENTED_EDGE('',*,*,#581,.T.);
#581 = EDGE_CURVE('',#582,#584,#586,.T.);
#582 = VERTEX_POINT('',#583);
#583 = CARTESIAN_POINT('',(12.116284385996,6.883805996763,0.));
#584 = VERTEX_POINT('',#585);
#585 = CARTESIAN_POINT('',(12.116284385996,6.883805996763,22.4));
#586 = SURFACE_CURVE('',#587,(#591,#598),.PCURVE_S1.);
#587 = LINE('',#588,#589);
#588 = CARTESIAN_POINT('',(12.116284385996,6.883805996763,0.));
#589 = VECTOR('',#590,1.);
#590 = DIRECTION('',(0.,0.,1.));
#591 = PCURVE('',#335,#592);
#592 = DEFINITIONAL_REPRESENTATION('',(#593),#597);
#593 = LINE('',#594,#595);
#594 = CARTESIAN_POINT('',(0.,0.));
#595 = VECTOR('',#596,1.);
#596 = DIRECTION('',(0.,-1.));
#597 = ( GEOMETRIC_REPRESENTATION_CONTEXT(2) 
PARAMETRIC_REPRESENTATION_CONTEXT() REPRESENTATION_CONTEXT('2D SPACE',''
  ) );
#598 = PCURVE('',#599,#700);
#599 = B_SPLINE_SURFACE_WITH_KNOTS('',3,1,(
    (#600,#601)
    ,(#602,#603)
    ,(#604,#605)
    ,(#606,#607)
    ,(#608,#609)
    ,(#610,#611)
    ,(#612,#613)
    ,(#614,#615)
    ,(#616,#617)
    ,(#618,#619)
    ,(#620,#621)
    ,(#622,#623)
    ,(#624,#625)
    ,(#626,#627)
    ,(#628,#629)
    ,(#630,#631)
    ,(#632,#633)
    ,(#634,#635)
    ,(#636,#637)
    ,(#638,#639)
    ,(#640,#641)
    ,(#642,#643)
    ,(#644,#645)
    ,(#646,#647)
    ,(#648,#649)
    ,(#650,#651)
    ,(#652,#653)
    ,(#654,#655)
    ,(#656,#657)
    ,(#658,#659)
    ,(#660,#661)
    ,(#662,#663)
    ,(#664,#665)
    ,(#666,#667)
    ,(#668,#669)
    ,(#670,#671)
    ,(#672,#673)
    ,(#674,#675)
    ,(#676,#677)
    ,(#678,#679)
    ,(#680,#681)
    ,(#682,#683)
    ,(#684,#685)
    ,(#686,#687)
    ,(#688,#689)
    ,(#690,#691)
    ,(#692,#693)
    ,(#694,#695)
    ,(#696,#697)
    ,(#698,#699
    )),.UNSPECIFIED.,.F.,.F.,.F.,(4,1,1,1,1,1,1,1,1,1,1,1,1,1,1,1,1,1,1,
    1,1,1,1,1,1,1,1,1,1,1,1,1,1,1,1,1,1,1,1,1,1,1,1,1,1,1,1,4),(2,2),(0.
    ,3.010134173011,5.734866089906,8.204243200285,10.280216915947,
    12.332164523515,14.201956865391,15.911237845672,17.363900720308,
    18.819208714806,20.167747400886,21.42468716853,22.515414853025,
    23.632925452475,24.694050367351,25.707901186754,26.608581862701,
    27.552388564938,28.468532489134,29.361872223827,30.169943636586,
    31.030962627216,31.880548884696,32.72227944396,33.495545472128,
    34.332992621126,35.174663745336,36.025783427864,36.825011523752,
    37.711824801461,38.627874308414,39.58148948206,40.502911686362,
    41.554574841448,42.671594637474,43.864256147866,45.041219012251,
    46.408073524505,47.880684921353,49.469922617188,51.049935999727,
    52.894334824252,54.887680127977,57.041280206621,59.18142193199,
    61.675679145654,64.364419403117,67.031728548195),(-22.4,0.),
  .UNSPECIFIED.);
#600 = CARTESIAN_POINT('',(41.197682017954,23.656115169457,22.4));
#601 = CARTESIAN_POINT('',(41.197682017954,23.656115169457,0.));
#602 = CARTESIAN_POINT('',(40.59750268534,24.440273040611,22.4));
#603 = CARTESIAN_POINT('',(40.59750268534,24.440273040611,0.));
#604 = CARTESIAN_POINT('',(39.444784580053,25.994109956344,22.4));
#605 = CARTESIAN_POINT('',(39.444784580053,25.994109956344,0.));
#606 = CARTESIAN_POINT('',(37.695705261432,28.087310268353,22.4));
#607 = CARTESIAN_POINT('',(37.695705261432,28.087310268353,0.));
#608 = CARTESIAN_POINT('',(36.069454937216,29.887348100209,22.4));
#609 = CARTESIAN_POINT('',(36.069454937216,29.887348100209,0.));
#610 = CARTESIAN_POINT('',(34.521309404821,31.449670117131,22.4));
#611 = CARTESIAN_POINT('',(34.521309404821,31.449670117131,0.));
#612 = CARTESIAN_POINT('',(33.048079218703,32.802582150766,22.4));
#613 = CARTESIAN_POINT('',(33.048079218703,32.802582150766,0.));
#614 = CARTESIAN_POINT('',(31.599901021549,33.998107610693,22.4));
#615 = CARTESIAN_POINT('',(31.599901021549,33.998107610693,0.));
#616 = CARTESIAN_POINT('',(30.248323317952,34.992858536067,22.4));
#617 = CARTESIAN_POINT('',(30.248323317952,34.992858536067,0.));
#618 = CARTESIAN_POINT('',(28.958714869125,35.834286255178,22.4));
#619 = CARTESIAN_POINT('',(28.958714869125,35.834286255178,0.));
#620 = CARTESIAN_POINT('',(27.726602577159,36.53968540187,22.4));
#621 = CARTESIAN_POINT('',(27.726602577159,36.53968540187,0.));
#622 = CARTESIAN_POINT('',(26.511283173321,37.137729772993,22.4));
#623 = CARTESIAN_POINT('',(26.511283173321,37.137729772993,0.));
#624 = CARTESIAN_POINT('',(25.372392496309,37.610047835712,22.4));
#625 = CARTESIAN_POINT('',(25.372392496309,37.610047835712,0.));
#626 = CARTESIAN_POINT('',(24.279143431836,37.984935282419,22.4));
#627 = CARTESIAN_POINT('',(24.279143431836,37.984935282419,0.));
#628 = CARTESIAN_POINT('',(23.227320210941,38.273103626033,22.4));
#629 = CARTESIAN_POINT('',(23.227320210941,38.273103626033,0.));
#630 = CARTESIAN_POINT('',(22.18398945201,38.486440407921,22.4));
#631 = CARTESIAN_POINT('',(22.18398945201,38.486440407921,0.));
#632 = CARTESIAN_POINT('',(21.200577532397,38.621211494927,22.4));
#633 = CARTESIAN_POINT('',(21.200577532397,38.621211494927,0.));
#634 = CARTESIAN_POINT('',(20.249819376274,38.691212914704,22.4));
#635 = CARTESIAN_POINT('',(20.249819376274,38.691212914704,0.));
#636 = CARTESIAN_POINT('',(19.32901752529,38.701641446891,22.4));
#637 = CARTESIAN_POINT('',(19.32901752529,38.701641446891,0.));
#638 = CARTESIAN_POINT('',(18.411922952298,38.652850462375,22.4));
#639 = CARTESIAN_POINT('',(18.411922952298,38.652850462375,0.));
#640 = CARTESIAN_POINT('',(17.544818284358,38.550397988541,22.4));
#641 = CARTESIAN_POINT('',(17.544818284358,38.550397988541,0.));
#642 = CARTESIAN_POINT('',(16.70398003906,38.397420634829,22.4));
#643 = CARTESIAN_POINT('',(16.70398003906,38.397420634829,0.));
#644 = CARTESIAN_POINT('',(15.888465133527,38.195340048621,22.4));
#645 = CARTESIAN_POINT('',(15.888465133527,38.195340048621,0.));
#646 = CARTESIAN_POINT('',(15.07752826767,37.935932580382,22.4));
#647 = CARTESIAN_POINT('',(15.07752826767,37.935932580382,0.));
#648 = CARTESIAN_POINT('',(14.313355558876,37.632535123317,22.4));
#649 = CARTESIAN_POINT('',(14.313355558876,37.632535123317,0.));
#650 = CARTESIAN_POINT('',(13.575185260546,37.279948391349,22.4));
#651 = CARTESIAN_POINT('',(13.575185260546,37.279948391349,0.));
#652 = CARTESIAN_POINT('',(12.863224085207,36.876730953373,22.4));
#653 = CARTESIAN_POINT('',(12.863224085207,36.876730953373,0.));
#654 = CARTESIAN_POINT('',(12.161844251501,36.406865191059,22.4));
#655 = CARTESIAN_POINT('',(12.161844251501,36.406865191059,0.));
#656 = CARTESIAN_POINT('',(11.508835283954,35.89204427852,22.4));
#657 = CARTESIAN_POINT('',(11.508835283954,35.89204427852,0.));
#658 = CARTESIAN_POINT('',(10.886057381937,35.318751033939,22.4));
#659 = CARTESIAN_POINT('',(10.886057381937,35.318751033939,0.));
#660 = CARTESIAN_POINT('',(10.295052003154,34.682555085346,22.4));
#661 = CARTESIAN_POINT('',(10.295052003154,34.682555085346,0.));
#662 = CARTESIAN_POINT('',(9.726625133919,33.959337152656,22.4));
#663 = CARTESIAN_POINT('',(9.726625133919,33.959337152656,0.));
#664 = CARTESIAN_POINT('',(9.213707406018,33.181834569932,22.4));
#665 = CARTESIAN_POINT('',(9.213707406018,33.181834569932,0.));
#666 = CARTESIAN_POINT('',(8.742330489725,32.326677020119,22.4));
#667 = CARTESIAN_POINT('',(8.742330489725,32.326677020119,0.));
#668 = CARTESIAN_POINT('',(8.316968499722,31.387285534416,22.4));
#669 = CARTESIAN_POINT('',(8.316968499722,31.387285534416,0.));
#670 = CARTESIAN_POINT('',(7.93809362255,30.331680403677,22.4));
#671 = CARTESIAN_POINT('',(7.93809362255,30.331680403677,0.));
#672 = CARTESIAN_POINT('',(7.628710068421,29.210123569433,22.4));
#673 = CARTESIAN_POINT('',(7.628710068421,29.210123569433,0.));
#674 = CARTESIAN_POINT('',(7.394409398782,27.98564911256,22.4));
#675 = CARTESIAN_POINT('',(7.394409398782,27.98564911256,0.));
#676 = CARTESIAN_POINT('',(7.241834177369,26.654388015471,22.4));
#677 = CARTESIAN_POINT('',(7.241834177369,26.654388015471,0.));
#678 = CARTESIAN_POINT('',(7.172534579738,25.178724388865,22.4));
#679 = CARTESIAN_POINT('',(7.172534579738,25.178724388865,0.));
#680 = CARTESIAN_POINT('',(7.202023820633,23.630641581764,22.4));
#681 = CARTESIAN_POINT('',(7.202023820633,23.630641581764,0.));
#682 = CARTESIAN_POINT('',(7.333571741476,21.963697473041,22.4));
#683 = CARTESIAN_POINT('',(7.333571741476,21.963697473041,0.));
#684 = CARTESIAN_POINT('',(7.578896463739,20.173763198766,22.4));
#685 = CARTESIAN_POINT('',(7.578896463739,20.173763198766,0.));
#686 = CARTESIAN_POINT('',(7.962725754083,18.21153838216,22.4));
#687 = CARTESIAN_POINT('',(7.962725754083,18.21153838216,0.));
#688 = CARTESIAN_POINT('',(8.473684888989,16.183520498831,22.4));
#689 = CARTESIAN_POINT('',(8.473684888989,16.183520498831,0.));
#690 = CARTESIAN_POINT('',(9.144462101168,13.999557685068,22.4));
#691 = CARTESIAN_POINT('',(9.144462101168,13.999557685068,0.));
#692 = CARTESIAN_POINT('',(9.932823367122,11.788476784338,22.4));
#693 = CARTESIAN_POINT('',(9.932823367122,11.788476784338,0.));
#694 = CARTESIAN_POINT('',(11.091085102334,9.011915653887,22.4));
#695 = CARTESIAN_POINT('',(11.091085102334,9.011915653887,0.));
#696 = CARTESIAN_POINT('',(11.458176539373,8.292958249965,22.4));
#697 = CARTESIAN_POINT('',(11.458176539373,8.292958249965,0.));
#698 = CARTESIAN_POINT('',(12.116284385996,6.883805996763,22.4));
#699 = CARTESIAN_POINT('',(12.116284385996,6.883805996763,0.));
#700 = DEFINITIONAL_REPRESENTATION('',(#701),#705);
#701 = LINE('',#702,#703);
#702 = CARTESIAN_POINT('',(67.031728548195,0.));
#703 = VECTOR('',#704,1.);
#704 = DIRECTION('',(0.,-1.));
#705 = ( GEOMETRIC_REPRESENTATION_CONTEXT(2) 
PARAMETRIC_REPRESENTATION_CONTEXT() REPRESENTATION_CONTEXT('2D SPACE',''
  ) );
#706 = ORIENTED_EDGE('',*,*,#707,.T.);
#707 = EDGE_CURVE('',#584,#320,#708,.T.);
#708 = SURFACE_CURVE('',#709,(#713,#720),.PCURVE_S1.);
#709 = LINE('',#710,#711);
#710 = CARTESIAN_POINT('',(12.116284385996,6.883805996763,22.4));
#711 = VECTOR('',#712,1.);
#712 = DIRECTION('',(-4.458338040621E-02,-0.999005666746,0.));
#713 = PCURVE('',#335,#714);
#714 = DEFINITIONAL_REPRESENTATION('',(#715),#719);
#715 = LINE('',#716,#717);
#716 = CARTESIAN_POINT('',(0.,-22.4));
#717 = VECTOR('',#718,1.);
#718 = DIRECTION('',(1.,0.));
#719 = ( GEOMETRIC_REPRESENTATION_CONTEXT(2) 
PARAMETRIC_REPRESENTATION_CONTEXT() REPRESENTATION_CONTEXT('2D SPACE',''
  ) );
#720 = PCURVE('',#66,#721);
#721 = DEFINITIONAL_REPRESENTATION('',(#722),#726);
#722 = LINE('',#723,#724);
#723 = CARTESIAN_POINT('',(12.116284385996,6.883805996763));
#724 = VECTOR('',#725,1.);
#725 = DIRECTION('',(-4.458338040621E-02,-0.999005666746));
#726 = ( GEOMETRIC_REPRESENTATION_CONTEXT(2) 
PARAMETRIC_REPRESENTATION_CONTEXT() REPRESENTATION_CONTEXT('2D SPACE',''
  ) );
#727 = ORIENTED_EDGE('',*,*,#317,.F.);
#728 = ORIENTED_EDGE('',*,*,#729,.F.);
#729 = EDGE_CURVE('',#582,#318,#730,.T.);
#730 = SURFACE_CURVE('',#731,(#735,#742),.PCURVE_S1.);
#731 = LINE('',#732,#733);
#732 = CARTESIAN_POINT('',(12.116284385996,6.883805996763,0.));
#733 = VECTOR('',#734,1.);
#734 = DIRECTION('',(-4.458338040621E-02,-0.999005666746,0.));
#735 = PCURVE('',#335,#736);
#736 = DEFINITIONAL_REPRESENTATION('',(#737),#741);
#737 = LINE('',#738,#739);
#738 = CARTESIAN_POINT('',(0.,0.));
#739 = VECTOR('',#740,1.);
#740 = DIRECTION('',(1.,0.));
#741 = ( GEOMETRIC_REPRESENTATION_CONTEXT(2) 
PARAMETRIC_REPRESENTATION_CONTEXT() REPRESENTATION_CONTEXT('2D SPACE',''
  ) );
#742 = PCURVE('',#94,#743);
#743 = DEFINITIONAL_REPRESENTATION('',(#744),#748);
#744 = LINE('',#745,#746);
#745 = CARTESIAN_POINT('',(12.116284385996,6.883805996763));
#746 = VECTOR('',#747,1.);
#747 = DIRECTION('',(-4.458338040621E-02,-0.999005666746));
#748 = ( GEOMETRIC_REPRESENTATION_CONTEXT(2) 
PARAMETRIC_REPRESENTATION_CONTEXT() REPRESENTATION_CONTEXT('2D SPACE',''
  ) );
#749 = ADVANCED_FACE('',(#750),#599,.T.);
#750 = FACE_BOUND('',#751,.T.);
#751 = EDGE_LOOP('',(#752,#777,#892,#893));
#752 = ORIENTED_EDGE('',*,*,#753,.T.);
#753 = EDGE_CURVE('',#754,#756,#758,.T.);
#754 = VERTEX_POINT('',#755);
#755 = CARTESIAN_POINT('',(41.197682017954,23.656115169457,0.));
#756 = VERTEX_POINT('',#757);
#757 = CARTESIAN_POINT('',(41.197682017954,23.656115169457,22.4));
#758 = SURFACE_CURVE('',#759,(#763,#770),.PCURVE_S1.);
#759 = LINE('',#760,#761);
#760 = CARTESIAN_POINT('',(41.197682017954,23.656115169457,0.));
#761 = VECTOR('',#762,1.);
#762 = DIRECTION('',(0.,0.,1.));
#763 = PCURVE('',#599,#764);
#764 = DEFINITIONAL_REPRESENTATION('',(#765),#769);
#765 = LINE('',#766,#767);
#766 = CARTESIAN_POINT('',(0.,0.));
#767 = VECTOR('',#768,1.);
#768 = DIRECTION('',(0.,-1.));
#769 = ( GEOMETRIC_REPRESENTATION_CONTEXT(2) 
PARAMETRIC_REPRESENTATION_CONTEXT() REPRESENTATION_CONTEXT('2D SPACE',''
  ) );
#770 = PCURVE('',#280,#771);
#771 = DEFINITIONAL_REPRESENTATION('',(#772),#776);
#772 = LINE('',#773,#774);
#773 = CARTESIAN_POINT('',(5.343068391951,0.));
#774 = VECTOR('',#775,1.);
#775 = DIRECTION('',(0.,-1.));
#776 = ( GEOMETRIC_REPRESENTATION_CONTEXT(2) 
PARAMETRIC_REPRESENTATION_CONTEXT() REPRESENTATION_CONTEXT('2D SPACE',''
  ) );
#777 = ORIENTED_EDGE('',*,*,#778,.T.);
#778 = EDGE_CURVE('',#756,#584,#779,.T.);
#779 = SURFACE_CURVE('',#780,(#831,#838),.PCURVE_S1.);
#780 = B_SPLINE_CURVE_WITH_KNOTS('',3,(#781,#782,#783,#784,#785,#786,
    #787,#788,#789,#790,#791,#792,#793,#794,#795,#796,#797,#798,#799,
    #800,#801,#802,#803,#804,#805,#806,#807,#808,#809,#810,#811,#812,
    #813,#814,#815,#816,#817,#818,#819,#820,#821,#822,#823,#824,#825,
    #826,#827,#828,#829,#830),.UNSPECIFIED.,.F.,.F.,(4,1,1,1,1,1,1,1,1,1
    ,1,1,1,1,1,1,1,1,1,1,1,1,1,1,1,1,1,1,1,1,1,1,1,1,1,1,1,1,1,1,1,1,1,1
    ,1,1,1,4),(0.,3.010134173011,5.734866089906,8.204243200285,
    10.280216915947,12.332164523515,14.201956865391,15.911237845672,
    17.363900720308,18.819208714806,20.167747400886,21.42468716853,
    22.515414853025,23.632925452475,24.694050367351,25.707901186754,
    26.608581862701,27.552388564938,28.468532489134,29.361872223827,
    30.169943636586,31.030962627216,31.880548884696,32.72227944396,
    33.495545472128,34.332992621126,35.174663745336,36.025783427864,
    36.825011523752,37.711824801461,38.627874308414,39.58148948206,
    40.502911686362,41.554574841448,42.671594637474,43.864256147866,
    45.041219012251,46.408073524505,47.880684921353,49.469922617188,
    51.049935999727,52.894334824252,54.887680127977,57.041280206621,
    59.18142193199,61.675679145654,64.364419403117,67.031728548195),
  .UNSPECIFIED.);
#781 = CARTESIAN_POINT('',(41.197682017954,23.656115169457,22.4));
#782 = CARTESIAN_POINT('',(40.59750268534,24.440273040611,22.4));
#783 = CARTESIAN_POINT('',(39.444784580053,25.994109956344,22.4));
#784 = CARTESIAN_POINT('',(37.695705261432,28.087310268353,22.4));
#785 = CARTESIAN_POINT('',(36.069454937216,29.887348100209,22.4));
#786 = CARTESIAN_POINT('',(34.521309404821,31.449670117131,22.4));
#787 = CARTESIAN_POINT('',(33.048079218703,32.802582150766,22.4));
#788 = CARTESIAN_POINT('',(31.599901021549,33.998107610693,22.4));
#789 = CARTESIAN_POINT('',(30.248323317952,34.992858536067,22.4));
#790 = CARTESIAN_POINT('',(28.958714869125,35.834286255178,22.4));
#791 = CARTESIAN_POINT('',(27.726602577159,36.53968540187,22.4));
#792 = CARTESIAN_POINT('',(26.511283173321,37.137729772993,22.4));
#793 = CARTESIAN_POINT('',(25.372392496309,37.610047835712,22.4));
#794 = CARTESIAN_POINT('',(24.279143431836,37.984935282419,22.4));
#795 = CARTESIAN_POINT('',(23.227320210941,38.273103626033,22.4));
#796 = CARTESIAN_POINT('',(22.18398945201,38.486440407921,22.4));
#797 = CARTESIAN_POINT('',(21.200577532397,38.621211494927,22.4));
#798 = CARTESIAN_POINT('',(20.249819376274,38.691212914704,22.4));
#799 = CARTESIAN_POINT('',(19.32901752529,38.701641446891,22.4));
#800 = CARTESIAN_POINT('',(18.411922952298,38.652850462375,22.4));
#801 = CARTESIAN_POINT('',(17.544818284358,38.550397988541,22.4));
#802 = CARTESIAN_POINT('',(16.70398003906,38.397420634829,22.4));
#803 = CARTESIAN_POINT('',(15.888465133527,38.195340048621,22.4));
#804 = CARTESIAN_POINT('',(15.07752826767,37.935932580382,22.4));
#805 = CARTESIAN_POINT('',(14.313355558876,37.632535123317,22.4));
#806 = CARTESIAN_POINT('',(13.575185260546,37.279948391349,22.4));
#807 = CARTESIAN_POINT('',(12.863224085207,36.876730953373,22.4));
#808 = CARTESIAN_POINT('',(12.161844251501,36.406865191059,22.4));
#809 = CARTESIAN_POINT('',(11.508835283954,35.89204427852,22.4));
#810 = CARTESIAN_POINT('',(10.886057381937,35.318751033939,22.4));
#811 = CARTESIAN_POINT('',(10.295052003154,34.682555085346,22.4));
#812 = CARTESIAN_POINT('',(9.726625133919,33.959337152656,22.4));
#813 = CARTESIAN_POINT('',(9.213707406018,33.181834569932,22.4));
#814 = CARTESIAN_POINT('',(8.742330489725,32.326677020119,22.4));
#815 = CARTESIAN_POINT('',(8.316968499722,31.387285534416,22.4));
#816 = CARTESIAN_POINT('',(7.93809362255,30.331680403677,22.4));
#817 = CARTESIAN_POINT('',(7.628710068421,29.210123569433,22.4));
#818 = CARTESIAN_POINT('',(7.394409398782,27.98564911256,22.4));
#819 = CARTESIAN_POINT('',(7.241834177369,26.654388015471,22.4));
#820 = CARTESIAN_POINT('',(7.172534579738,25.178724388865,22.4));
#821 = CARTESIAN_POINT('',(7.202023820633,23.630641581764,22.4));
#822 = CARTESIAN_POINT('',(7.333571741476,21.963697473041,22.4));
#823 = CARTESIAN_POINT('',(7.578896463739,20.173763198766,22.4));
#824 = CARTESIAN_POINT('',(7.962725754083,18.21153838216,22.4));
#825 = CARTESIAN_POINT('',(8.473684888989,16.183520498831,22.4));
#826 = CARTESIAN_POINT('',(9.144462101168,13.999557685068,22.4));
#827 = CARTESIAN_POINT('',(9.932823367122,11.788476784338,22.4));
#828 = CARTESIAN_POINT('',(11.091085102334,9.011915653887,22.4));
#829 = CARTESIAN_POINT('',(11.458176539373,8.292958249965,22.4));
#830 = CARTESIAN_POINT('',(12.116284385996,6.883805996763,22.4));
#831 = PCURVE('',#599,#832);
#832 = DEFINITIONAL_REPRESENTATION('',(#833),#837);
#833 = LINE('',#834,#835);
#834 = CARTESIAN_POINT('',(0.,-22.4));
#835 = VECTOR('',#836,1.);
#836 = DIRECTION('',(1.,0.));
#837 = ( GEOMETRIC_REPRESENTATION_CONTEXT(2) 
PARAMETRIC_REPRESENTATION_CONTEXT() REPRESENTATION_CONTEXT('2D SPACE',''
  ) );
#838 = PCURVE('',#66,#839);
#839 = DEFINITIONAL_REPRESENTATION('',(#840),#891);
#840 = B_SPLINE_CURVE_WITH_KNOTS('',3,(#841,#842,#843,#844,#845,#846,
    #847,#848,#849,#850,#851,#852,#853,#854,#855,#856,#857,#858,#859,
    #860,#861,#862,#863,#864,#865,#866,#867,#868,#869,#870,#871,#872,
    #873,#874,#875,#876,#877,#878,#879,#880,#881,#882,#883,#884,#885,
    #886,#887,#888,#889,#890),.UNSPECIFIED.,.F.,.F.,(4,1,1,1,1,1,1,1,1,1
    ,1,1,1,1,1,1,1,1,1,1,1,1,1,1,1,1,1,1,1,1,1,1,1,1,1,1,1,1,1,1,1,1,1,1
    ,1,1,1,4),(0.,3.010134173011,5.734866089906,8.204243200285,
    10.280216915947,12.332164523515,14.201956865391,15.911237845672,
    17.363900720308,18.819208714806,20.167747400886,21.42468716853,
    22.515414853025,23.632925452475,24.694050367351,25.707901186754,
    26.608581862701,27.552388564938,28.468532489134,29.361872223827,
    30.169943636586,31.030962627216,31.880548884696,32.72227944396,
    33.495545472128,34.332992621126,35.174663745336,36.025783427864,
    36.825011523752,37.711824801461,38.627874308414,39.58148948206,
    40.502911686362,41.554574841448,42.671594637474,43.864256147866,
    45.041219012251,46.408073524505,47.880684921353,49.469922617188,
    51.049935999727,52.894334824252,54.887680127977,57.041280206621,
    59.18142193199,61.675679145654,64.364419403117,67.031728548195),
  .UNSPECIFIED.);
#841 = CARTESIAN_POINT('',(41.197682017954,23.656115169457));
#842 = CARTESIAN_POINT('',(40.59750268534,24.440273040611));
#843 = CARTESIAN_POINT('',(39.444784580053,25.994109956344));
#844 = CARTESIAN_POINT('',(37.695705261432,28.087310268353));
#845 = CARTESIAN_POINT('',(36.069454937216,29.887348100209));
#846 = CARTESIAN_POINT('',(34.521309404821,31.449670117131));
#847 = CARTESIAN_POINT('',(33.048079218703,32.802582150766));
#848 = CARTESIAN_POINT('',(31.599901021549,33.998107610693));
#849 = CARTESIAN_POINT('',(30.248323317952,34.992858536067));
#850 = CARTESIAN_POINT('',(28.958714869125,35.834286255178));
#851 = CARTESIAN_POINT('',(27.726602577159,36.53968540187));
#852 = CARTESIAN_POINT('',(26.511283173321,37.137729772993));
#853 = CARTESIAN_POINT('',(25.372392496309,37.610047835712));
#854 = CARTESIAN_POINT('',(24.279143431836,37.984935282419));
#855 = CARTESIAN_POINT('',(23.227320210941,38.273103626033));
#856 = CARTESIAN_POINT('',(22.18398945201,38.486440407921));
#857 = CARTESIAN_POINT('',(21.200577532397,38.621211494927));
#858 = CARTESIAN_POINT('',(20.249819376274,38.691212914704));
#859 = CARTESIAN_POINT('',(19.32901752529,38.701641446891));
#860 = CARTESIAN_POINT('',(18.411922952298,38.652850462375));
#861 = CARTESIAN_POINT('',(17.544818284358,38.550397988541));
#862 = CARTESIAN_POINT('',(16.70398003906,38.397420634829));
#863 = CARTESIAN_POINT('',(15.888465133527,38.195340048621));
#864 = CARTESIAN_POINT('',(15.07752826767,37.935932580382));
#865 = CARTESIAN_POINT('',(14.313355558876,37.632535123317));
#866 = CARTESIAN_POINT('',(13.575185260546,37.279948391349));
#867 = CARTESIAN_POINT('',(12.863224085207,36.876730953373));
#868 = CARTESIAN_POINT('',(12.161844251501,36.406865191059));
#869 = CARTESIAN_POINT('',(11.508835283954,35.89204427852));
#870 = CARTESIAN_POINT('',(10.886057381937,35.318751033939));
#871 = CARTESIAN_POINT('',(10.295052003154,34.682555085346));
#872 = CARTESIAN_POINT('',(9.726625133919,33.959337152656));
#873 = CARTESIAN_POINT('',(9.213707406018,33.181834569932));
#874 = CARTESIAN_POINT('',(8.742330489725,32.326677020119));
#875 = CARTESIAN_POINT('',(8.316968499722,31.387285534416));
#876 = CARTESIAN_POINT('',(7.93809362255,30.331680403677));
#877 = CARTESIAN_POINT('',(7.628710068421,29.210123569433));
#878 = CARTESIAN_POINT('',(7.394409398782,27.98564911256));
#879 = CARTESIAN_POINT('',(7.241834177369,26.654388015471));
#880 = CARTESIAN_POINT('',(7.172534579738,25.178724388865));
#881 = CARTESIAN_POINT('',(7.202023820633,23.630641581764));
#882 = CARTESIAN_POINT('',(7.333571741476,21.963697473041));
#883 = CARTESIAN_POINT('',(7.578896463739,20.173763198766));
#884 = CARTESIAN_POINT('',(7.962725754083,18.21153838216));
#885 = CARTESIAN_POINT('',(8.473684888989,16.183520498831));
#886 = CARTESIAN_POINT('',(9.144462101168,13.999557685068));
#887 = CARTESIAN_POINT('',(9.932823367122,11.788476784338));
#888 = CARTESIAN_POINT('',(11.091085102334,9.011915653887));
#889 = CARTESIAN_POINT('',(11.458176539373,8.292958249965));
#890 = CARTESIAN_POINT('',(12.116284385996,6.883805996763));
#891 = ( GEOMETRIC_REPRESENTATION_CONTEXT(2) 
PARAMETRIC_REPRESENTATION_CONTEXT() REPRESENTATION_CONTEXT('2D SPACE',''
  ) );
#892 = ORIENTED_EDGE('',*,*,#581,.F.);
#893 = ORIENTED_EDGE('',*,*,#894,.F.);
#894 = EDGE_CURVE('',#754,#582,#895,.T.);
#895 = SURFACE_CURVE('',#896,(#947,#954),.PCURVE_S1.);
#896 = B_SPLINE_CURVE_WITH_KNOTS('',3,(#897,#898,#899,#900,#901,#902,
    #903,#904,#905,#906,#907,#908,#909,#910,#911,#912,#913,#914,#915,
    #916,#917,#918,#919,#920,#921,#922,#923,#924,#925,#926,#927,#928,
    #929,#930,#931,#932,#933,#934,#935,#936,#937,#938,#939,#940,#941,
    #942,#943,#944,#945,#946),.UNSPECIFIED.,.F.,.F.,(4,1,1,1,1,1,1,1,1,1
    ,1,1,1,1,1,1,1,1,1,1,1,1,1,1,1,1,1,1,1,1,1,1,1,1,1,1,1,1,1,1,1,1,1,1
    ,1,1,1,4),(0.,3.010134173011,5.734866089906,8.204243200285,
    10.280216915947,12.332164523515,14.201956865391,15.911237845672,
    17.363900720308,18.819208714806,20.167747400886,21.42468716853,
    22.515414853025,23.632925452475,24.694050367351,25.707901186754,
    26.608581862701,27.552388564938,28.468532489134,29.361872223827,
    30.169943636586,31.030962627216,31.880548884696,32.72227944396,
    33.495545472128,34.332992621126,35.174663745336,36.025783427864,
    36.825011523752,37.711824801461,38.627874308414,39.58148948206,
    40.502911686362,41.554574841448,42.671594637474,43.864256147866,
    45.041219012251,46.408073524505,47.880684921353,49.469922617188,
    51.049935999727,52.894334824252,54.887680127977,57.041280206621,
    59.18142193199,61.675679145654,64.364419403117,67.031728548195),
  .UNSPECIFIED.);
#897 = CARTESIAN_POINT('',(41.197682017954,23.656115169457,0.));
#898 = CARTESIAN_POINT('',(40.59750268534,24.440273040611,0.));
#899 = CARTESIAN_POINT('',(39.444784580053,25.994109956344,0.));
#900 = CARTESIAN_POINT('',(37.695705261432,28.087310268353,0.));
#901 = CARTESIAN_POINT('',(36.069454937216,29.887348100209,0.));
#902 = CARTESIAN_POINT('',(34.521309404821,31.449670117131,0.));
#903 = CARTESIAN_POINT('',(33.048079218703,32.802582150766,0.));
#904 = CARTESIAN_POINT('',(31.599901021549,33.998107610693,0.));
#905 = CARTESIAN_POINT('',(30.248323317952,34.992858536067,0.));
#906 = CARTESIAN_POINT('',(28.958714869125,35.834286255178,0.));
#907 = CARTESIAN_POINT('',(27.726602577159,36.53968540187,0.));
#908 = CARTESIAN_POINT('',(26.511283173321,37.137729772993,0.));
#909 = CARTESIAN_POINT('',(25.372392496309,37.610047835712,0.));
#910 = CARTESIAN_POINT('',(24.279143431836,37.984935282419,0.));
#911 = CARTESIAN_POINT('',(23.227320210941,38.273103626033,0.));
#912 = CARTESIAN_POINT('',(22.18398945201,38.486440407921,0.));
#913 = CARTESIAN_POINT('',(21.200577532397,38.621211494927,0.));
#914 = CARTESIAN_POINT('',(20.249819376274,38.691212914704,0.));
#915 = CARTESIAN_POINT('',(19.32901752529,38.701641446891,0.));
#916 = CARTESIAN_POINT('',(18.411922952298,38.652850462375,0.));
#917 = CARTESIAN_POINT('',(17.544818284358,38.550397988541,0.));
#918 = CARTESIAN_POINT('',(16.70398003906,38.397420634829,0.));
#919 = CARTESIAN_POINT('',(15.888465133527,38.195340048621,0.));
#920 = CARTESIAN_POINT('',(15.07752826767,37.935932580382,0.));
#921 = CARTESIAN_POINT('',(14.313355558876,37.632535123317,0.));
#922 = CARTESIAN_POINT('',(13.575185260546,37.279948391349,0.));
#923 = CARTESIAN_POINT('',(12.863224085207,36.876730953373,0.));
#924 = CARTESIAN_POINT('',(12.161844251501,36.406865191059,0.));
#925 = CARTESIAN_POINT('',(11.508835283954,35.89204427852,0.));
#926 = CARTESIAN_POINT('',(10.886057381937,35.318751033939,0.));
#927 = CARTESIAN_POINT('',(10.295052003154,34.682555085346,0.));
#928 = CARTESIAN_POINT('',(9.726625133919,33.959337152656,0.));
#929 = CARTESIAN_POINT('',(9.213707406018,33.181834569932,0.));
#930 = CARTESIAN_POINT('',(8.742330489725,32.326677020119,0.));
#931 = CARTESIAN_POINT('',(8.316968499722,31.387285534416,0.));
#932 = CARTESIAN_POINT('',(7.93809362255,30.331680403677,0.));
#933 = CARTESIAN_POINT('',(7.628710068421,29.210123569433,0.));
#934 = CARTESIAN_POINT('',(7.394409398782,27.98564911256,0.));
#935 = CARTESIAN_POINT('',(7.241834177369,26.654388015471,0.));
#936 = CARTESIAN_POINT('',(7.172534579738,25.178724388865,0.));
#937 = CARTESIAN_POINT('',(7.202023820633,23.630641581764,0.));
#938 = CARTESIAN_POINT('',(7.333571741476,21.963697473041,0.));
#939 = CARTESIAN_POINT('',(7.578896463739,20.173763198766,0.));
#940 = CARTESIAN_POINT('',(7.962725754083,18.21153838216,0.));
#941 = CARTESIAN_POINT('',(8.473684888989,16.183520498831,0.));
#942 = CARTESIAN_POINT('',(9.144462101168,13.999557685068,0.));
#943 = CARTESIAN_POINT('',(9.932823367122,11.788476784338,0.));
#944 = CARTESIAN_POINT('',(11.091085102334,9.011915653887,0.));
#945 = CARTESIAN_POINT('',(11.458176539373,8.292958249965,0.));
#946 = CARTESIAN_POINT('',(12.116284385996,6.883805996763,0.));
#947 = PCURVE('',#599,#948);
#948 = DEFINITIONAL_REPRESENTATION('',(#949),#953);
#949 = LINE('',#950,#951);
#950 = CARTESIAN_POINT('',(0.,0.));
#951 = VECTOR('',#952,1.);
#952 = DIRECTION('',(1.,0.));
#953 = ( GEOMETRIC_REPRESENTATION_CONTEXT(2) 
PARAMETRIC_REPRESENTATION_CONTEXT() REPRESENTATION_CONTEXT('2D SPACE',''
  ) );
#954 = PCURVE('',#94,#955);
#955 = DEFINITIONAL_REPRESENTATION('',(#956),#1007);
#956 = B_SPLINE_CURVE_WITH_KNOTS('',3,(#957,#958,#959,#960,#961,#962,
    #963,#964,#965,#966,#967,#968,#969,#970,#971,#972,#973,#974,#975,
    #976,#977,#978,#979,#980,#981,#982,#983,#984,#985,#986,#987,#988,
    #989,#990,#991,#992,#993,#994,#995,#996,#997,#998,#999,#1000,#1001,
    #1002,#1003,#1004,#1005,#1006),.UNSPECIFIED.,.F.,.F.,(4,1,1,1,1,1,1,
    1,1,1,1,1,1,1,1,1,1,1,1,1,1,1,1,1,1,1,1,1,1,1,1,1,1,1,1,1,1,1,1,1,1,
    1,1,1,1,1,1,4),(0.,3.010134173011,5.734866089906,8.204243200285,
    10.280216915947,12.332164523515,14.201956865391,15.911237845672,
    17.363900720308,18.819208714806,20.167747400886,21.42468716853,
    22.515414853025,23.632925452475,24.694050367351,25.707901186754,
    26.608581862701,27.552388564938,28.468532489134,29.361872223827,
    30.169943636586,31.030962627216,31.880548884696,32.72227944396,
    33.495545472128,34.332992621126,35.174663745336,36.025783427864,
    36.825011523752,37.711824801461,38.627874308414,39.58148948206,
    40.502911686362,41.554574841448,42.671594637474,43.864256147866,
    45.041219012251,46.408073524505,47.880684921353,49.469922617188,
    51.049935999727,52.894334824252,54.887680127977,57.041280206621,
    59.18142193199,61.675679145654,64.364419403117,67.031728548195),
  .UNSPECIFIED.);
#957 = CARTESIAN_POINT('',(41.197682017954,23.656115169457));
#958 = CARTESIAN_POINT('',(40.59750268534,24.440273040611));
#959 = CARTESIAN_POINT('',(39.444784580053,25.994109956344));
#960 = CARTESIAN_POINT('',(37.695705261432,28.087310268353));
#961 = CARTESIAN_POINT('',(36.069454937216,29.887348100209));
#962 = CARTESIAN_POINT('',(34.521309404821,31.449670117131));
#963 = CARTESIAN_POINT('',(33.048079218703,32.802582150766));
#964 = CARTESIAN_POINT('',(31.599901021549,33.998107610693));
#965 = CARTESIAN_POINT('',(30.248323317952,34.992858536067));
#966 = CARTESIAN_POINT('',(28.958714869125,35.834286255178));
#967 = CARTESIAN_POINT('',(27.726602577159,36.53968540187));
#968 = CARTESIAN_POINT('',(26.511283173321,37.137729772993));
#969 = CARTESIAN_POINT('',(25.372392496309,37.610047835712));
#970 = CARTESIAN_POINT('',(24.279143431836,37.984935282419));
#971 = CARTESIAN_POINT('',(23.227320210941,38.273103626033));
#972 = CARTESIAN_POINT('',(22.18398945201,38.486440407921));
#973 = CARTESIAN_POINT('',(21.200577532397,38.621211494927));
#974 = CARTESIAN_POINT('',(20.249819376274,38.691212914704));
#975 = CARTESIAN_POINT('',(19.32901752529,38.701641446891));
#976 = CARTESIAN_POINT('',(18.411922952298,38.652850462375));
#977 = CARTESIAN_POINT('',(17.544818284358,38.550397988541));
#978 = CARTESIAN_POINT('',(16.70398003906,38.397420634829));
#979 = CARTESIAN_POINT('',(15.888465133527,38.195340048621));
#980 = CARTESIAN_POINT('',(15.07752826767,37.935932580382));
#981 = CARTESIAN_POINT('',(14.313355558876,37.632535123317));
#982 = CARTESIAN_POINT('',(13.575185260546,37.279948391349));
#983 = CARTESIAN_POINT('',(12.863224085207,36.876730953373));
#984 = CARTESIAN_POINT('',(12.161844251501,36.406865191059));
#985 = CARTESIAN_POINT('',(11.508835283954,35.89204427852));
#986 = CARTESIAN_POINT('',(10.886057381937,35.318751033939));
#987 = CARTESIAN_POINT('',(10.295052003154,34.682555085346));
#988 = CARTESIAN_POINT('',(9.726625133919,33.959337152656));
#989 = CARTESIAN_POINT('',(9.213707406018,33.181834569932));
#990 = CARTESIAN_POINT('',(8.742330489725,32.326677020119));
#991 = CARTESIAN_POINT('',(8.316968499722,31.387285534416));
#992 = CARTESIAN_POINT('',(7.93809362255,30.331680403677));
#993 = CARTESIAN_POINT('',(7.628710068421,29.210123569433));
#994 = CARTESIAN_POINT('',(7.394409398782,27.98564911256));
#995 = CARTESIAN_POINT('',(7.241834177369,26.654388015471));
#996 = CARTESIAN_POINT('',(7.172534579738,25.178724388865));
#997 = CARTESIAN_POINT('',(7.202023820633,23.630641581764));
#998 = CARTESIAN_POINT('',(7.333571741476,21.963697473041));
#999 = CARTESIAN_POINT('',(7.578896463739,20.173763198766));
#1000 = CARTESIAN_POINT('',(7.962725754083,18.21153838216));
#1001 = CARTESIAN_POINT('',(8.473684888989,16.183520498831));
#1002 = CARTESIAN_POINT('',(9.144462101168,13.999557685068));
#1003 = CARTESIAN_POINT('',(9.932823367122,11.788476784338));
#1004 = CARTESIAN_POINT('',(11.091085102334,9.011915653887));
#1005 = CARTESIAN_POINT('',(11.458176539373,8.292958249965));
#1006 = CARTESIAN_POINT('',(12.116284385996,6.883805996763));
#1007 = ( GEOMETRIC_REPRESENTATION_CONTEXT(2) 
PARAMETRIC_REPRESENTATION_CONTEXT() REPRESENTATION_CONTEXT('2D SPACE',''
  ) );
#1008 = ADVANCED_FACE('',(#1009),#280,.T.);
#1009 = FACE_BOUND('',#1010,.T.);
#1010 = EDGE_LOOP('',(#1011,#1012,#1033,#1034));
#1011 = ORIENTED_EDGE('',*,*,#264,.T.);
#1012 = ORIENTED_EDGE('',*,*,#1013,.T.);
#1013 = EDGE_CURVE('',#241,#756,#1014,.T.);
#1014 = SURFACE_CURVE('',#1015,(#1019,#1026),.PCURVE_S1.);
#1015 = LINE('',#1016,#1017);
#1016 = CARTESIAN_POINT('',(48.149405014691,14.573714409047,22.4));
#1017 = VECTOR('',#1018,1.);
#1018 = DIRECTION('',(-0.607800801718,0.794089532378,0.));
#1019 = PCURVE('',#280,#1020);
#1020 = DEFINITIONAL_REPRESENTATION('',(#1021),#1025);
#1021 = LINE('',#1022,#1023);
#1022 = CARTESIAN_POINT('',(-6.094433791482,-22.4));
#1023 = VECTOR('',#1024,1.);
#1024 = DIRECTION('',(1.,0.));
#1025 = ( GEOMETRIC_REPRESENTATION_CONTEXT(2) 
PARAMETRIC_REPRESENTATION_CONTEXT() REPRESENTATION_CONTEXT('2D SPACE',''
  ) );
#1026 = PCURVE('',#66,#1027);
#1027 = DEFINITIONAL_REPRESENTATION('',(#1028),#1032);
#1028 = LINE('',#1029,#1030);
#1029 = CARTESIAN_POINT('',(48.149405014691,14.573714409047));
#1030 = VECTOR('',#1031,1.);
#1031 = DIRECTION('',(-0.607800801718,0.794089532378));
#1032 = ( GEOMETRIC_REPRESENTATION_CONTEXT(2) 
PARAMETRIC_REPRESENTATION_CONTEXT() REPRESENTATION_CONTEXT('2D SPACE',''
  ) );
#1033 = ORIENTED_EDGE('',*,*,#753,.F.);
#1034 = ORIENTED_EDGE('',*,*,#1035,.F.);
#1035 = EDGE_CURVE('',#265,#754,#1036,.T.);
#1036 = SURFACE_CURVE('',#1037,(#1041,#1048),.PCURVE_S1.);
#1037 = LINE('',#1038,#1039);
#1038 = CARTESIAN_POINT('',(48.149405014691,14.573714409047,0.));
#1039 = VECTOR('',#1040,1.);
#1040 = DIRECTION('',(-0.607800801718,0.794089532378,0.));
#1041 = PCURVE('',#280,#1042);
#1042 = DEFINITIONAL_REPRESENTATION('',(#1043),#1047);
#1043 = LINE('',#1044,#1045);
#1044 = CARTESIAN_POINT('',(-6.094433791482,-0.));
#1045 = VECTOR('',#1046,1.);
#1046 = DIRECTION('',(1.,0.));
#1047 = ( GEOMETRIC_REPRESENTATION_CONTEXT(2) 
PARAMETRIC_REPRESENTATION_CONTEXT() REPRESENTATION_CONTEXT('2D SPACE',''
  ) );
#1048 = PCURVE('',#94,#1049);
#1049 = DEFINITIONAL_REPRESENTATION('',(#1050),#1054);
#1050 = LINE('',#1051,#1052);
#1051 = CARTESIAN_POINT('',(48.149405014691,14.573714409047));
#1052 = VECTOR('',#1053,1.);
#1053 = DIRECTION('',(-0.607800801718,0.794089532378));
#1054 = ( GEOMETRIC_REPRESENTATION_CONTEXT(2) 
PARAMETRIC_REPRESENTATION_CONTEXT() REPRESENTATION_CONTEXT('2D SPACE',''
  ) );
#1055 = ADVANCED_FACE('',(#1056),#1070,.F.);
#1056 = FACE_BOUND('',#1057,.T.);
#1057 = EDGE_LOOP('',(#1058,#1189,#1213,#1241));
#1058 = ORIENTED_EDGE('',*,*,#1059,.T.);
#1059 = EDGE_CURVE('',#1060,#1062,#1064,.T.);
#1060 = VERTEX_POINT('',#1061);
#1061 = CARTESIAN_POINT('',(46.985969100161,-12.02367280487,0.));
#1062 = VERTEX_POINT('',#1063);
#1063 = CARTESIAN_POINT('',(46.985969100161,-12.02367280487,22.4));
#1064 = SURFACE_CURVE('',#1065,(#1069,#1081),.PCURVE_S1.);
#1065 = LINE('',#1066,#1067);
#1066 = CARTESIAN_POINT('',(46.985969100161,-12.02367280487,0.));
#1067 = VECTOR('',#1068,1.);
#1068 = DIRECTION('',(0.,0.,1.));
#1069 = PCURVE('',#1070,#1075);
#1070 = CYLINDRICAL_SURFACE('',#1071,48.5);
#1071 = AXIS2_PLACEMENT_3D('',#1072,#1073,#1074);
#1072 = CARTESIAN_POINT('',(0.,0.,0.));
#1073 = DIRECTION('',(-0.,-0.,-1.));
#1074 = DIRECTION('',(1.,0.,-0.));
#1075 = DEFINITIONAL_REPRESENTATION('',(#1076),#1080);
#1076 = LINE('',#1077,#1078);
#1077 = CARTESIAN_POINT('',(-6.032662190652,0.));
#1078 = VECTOR('',#1079,1.);
#1079 = DIRECTION('',(-0.,-1.));
#1080 = ( GEOMETRIC_REPRESENTATION_CONTEXT(2) 
PARAMETRIC_REPRESENTATION_CONTEXT() REPRESENTATION_CONTEXT('2D SPACE',''
  ) );
#1081 = PCURVE('',#1082,#1183);
#1082 = B_SPLINE_SURFACE_WITH_KNOTS('',3,1,(
    (#1083,#1084)
    ,(#1085,#1086)
    ,(#1087,#1088)
    ,(#1089,#1090)
    ,(#1091,#1092)
    ,(#1093,#1094)
    ,(#1095,#1096)
    ,(#1097,#1098)
    ,(#1099,#1100)
    ,(#1101,#1102)
    ,(#1103,#1104)
    ,(#1105,#1106)
    ,(#1107,#1108)
    ,(#1109,#1110)
    ,(#1111,#1112)
    ,(#1113,#1114)
    ,(#1115,#1116)
    ,(#1117,#1118)
    ,(#1119,#1120)
    ,(#1121,#1122)
    ,(#1123,#1124)
    ,(#1125,#1126)
    ,(#1127,#1128)
    ,(#1129,#1130)
    ,(#1131,#1132)
    ,(#1133,#1134)
    ,(#1135,#1136)
    ,(#1137,#1138)
    ,(#1139,#1140)
    ,(#1141,#1142)
    ,(#1143,#1144)
    ,(#1145,#1146)
    ,(#1147,#1148)
    ,(#1149,#1150)
    ,(#1151,#1152)
    ,(#1153,#1154)
    ,(#1155,#1156)
    ,(#1157,#1158)
    ,(#1159,#1160)
    ,(#1161,#1162)
    ,(#1163,#1164)
    ,(#1165,#1166)
    ,(#1167,#1168)
    ,(#1169,#1170)
    ,(#1171,#1172)
    ,(#1173,#1174)
    ,(#1175,#1176)
    ,(#1177,#1178)
    ,(#1179,#1180)
    ,(#1181,#1182
    )),.UNSPECIFIED.,.F.,.F.,.F.,(4,1,1,1,1,1,1,1,1,1,1,1,1,1,1,1,1,1,1,
    1,1,1,1,1,1,1,1,1,1,1,1,1,1,1,1,1,1,1,1,1,1,1,1,1,1,1,1,4),(2,2),(0.
    ,2.766464139392,5.568319295326,8.177275145496,10.425160909405,
    12.698001103747,14.813706991925,16.784063111389,18.483896399813,
    20.207074900357,21.81810245116,23.327840693167,24.640860133639,
    25.985974841284,27.260500260188,28.473662841808,29.546573791048,
    30.665502050481,31.746604132965,32.796723932319,33.744037531687,
    34.751762028128,35.745458780463,36.730106112805,37.635070035337,
    38.615335519513,39.599805338773,40.592877392801,41.521106716853,
    42.54355210237,43.588460947472,44.661307186429,45.681682040739,
    46.825929386569,48.018033969658,49.266638650819,50.477859791669,
    51.863921967174,53.33914083985,54.917675284274,56.480212616324,
    58.303578905337,60.281721918016,62.435877257802,64.600562295301,
    67.15990258556,69.968318443063,73.053194077155),(-22.4,0.),
  .UNSPECIFIED.);
#1083 = CARTESIAN_POINT('',(9.977352195207,-5.648892920632,22.4));
#1084 = CARTESIAN_POINT('',(9.977352195207,-5.648892920632,0.));
#1085 = CARTESIAN_POINT('',(10.51176149547,-4.917117721303,22.4));
#1086 = CARTESIAN_POINT('',(10.51176149547,-4.917117721303,0.));
#1087 = CARTESIAN_POINT('',(11.596778077042,-3.381514033342,22.4));
#1088 = CARTESIAN_POINT('',(11.596778077042,-3.381514033342,0.));
#1089 = CARTESIAN_POINT('',(13.303408856845,-1.266192554498,22.4));
#1090 = CARTESIAN_POINT('',(13.303408856845,-1.266192554498,0.));
#1091 = CARTESIAN_POINT('',(14.99157243147,0.652937544647,22.4));
#1092 = CARTESIAN_POINT('',(14.99157243147,0.652937544647,0.));
#1093 = CARTESIAN_POINT('',(16.648055361023,2.357667696025,22.4));
#1094 = CARTESIAN_POINT('',(16.648055361023,2.357667696025,0.));
#1095 = CARTESIAN_POINT('',(18.266925710132,3.866947772078,22.4));
#1096 = CARTESIAN_POINT('',(18.266925710132,3.866947772078,0.));
#1097 = CARTESIAN_POINT('',(19.894280426866,5.226739915106,22.4));
#1098 = CARTESIAN_POINT('',(19.894280426866,5.226739915106,0.));
#1099 = CARTESIAN_POINT('',(21.442950179676,6.37806374135,22.4));
#1100 = CARTESIAN_POINT('',(21.442950179676,6.37806374135,0.));
#1101 = CARTESIAN_POINT('',(22.945718471064,7.366530659752,22.4));
#1102 = CARTESIAN_POINT('',(22.945718471064,7.366530659752,0.));
#1103 = CARTESIAN_POINT('',(24.401366611504,8.203570555337,22.4));
#1104 = CARTESIAN_POINT('',(24.401366611504,8.203570555337,0.));
#1105 = CARTESIAN_POINT('',(25.851661036001,8.916145549059,22.4));
#1106 = CARTESIAN_POINT('',(25.851661036001,8.916145549059,0.));
#1107 = CARTESIAN_POINT('',(27.221724797273,9.473628573521,22.4));
#1108 = CARTESIAN_POINT('',(27.221724797273,9.473628573521,0.));
#1109 = CARTESIAN_POINT('',(28.540333270482,9.913606364257,22.4));
#1110 = CARTESIAN_POINT('',(28.540333270482,9.913606364257,0.));
#1111 = CARTESIAN_POINT('',(29.809145492467,10.247853518289,22.4));
#1112 = CARTESIAN_POINT('',(29.809145492467,10.247853518289,0.));
#1113 = CARTESIAN_POINT('',(31.067933612077,10.474196043749,22.4));
#1114 = CARTESIAN_POINT('',(31.067933612077,10.474196043749,0.));
#1115 = CARTESIAN_POINT('',(32.250345949474,10.590956597107,22.4));
#1116 = CARTESIAN_POINT('',(32.250345949474,10.590956597107,0.));
#1117 = CARTESIAN_POINT('',(33.386194114341,10.61323512593,22.4));
#1118 = CARTESIAN_POINT('',(33.386194114341,10.61323512593,0.));
#1119 = CARTESIAN_POINT('',(34.476495777513,10.548073379687,22.4));
#1120 = CARTESIAN_POINT('',(34.476495777513,10.548073379687,0.));
#1121 = CARTESIAN_POINT('',(35.550093313185,10.393903454928,22.4));
#1122 = CARTESIAN_POINT('',(35.550093313185,10.393903454928,0.));
#1123 = CARTESIAN_POINT('',(36.551535489985,10.164663082679,22.4));
#1124 = CARTESIAN_POINT('',(36.551535489985,10.164663082679,0.));
#1125 = CARTESIAN_POINT('',(37.508429680137,9.865360056896,22.4));
#1126 = CARTESIAN_POINT('',(37.508429680137,9.865360056896,0.));
#1127 = CARTESIAN_POINT('',(38.422346990747,9.500817961601,22.4));
#1128 = CARTESIAN_POINT('',(38.422346990747,9.500817961601,0.));
#1129 = CARTESIAN_POINT('',(39.316468000727,9.061296898977,22.4));
#1130 = CARTESIAN_POINT('',(39.316468000727,9.061296898977,0.));
#1131 = CARTESIAN_POINT('',(40.145597818599,8.573483216962,22.4));
#1132 = CARTESIAN_POINT('',(40.145597818599,8.573483216962,0.));
#1133 = CARTESIAN_POINT('',(40.934870163346,8.031759024511,22.4));
#1134 = CARTESIAN_POINT('',(40.934870163346,8.031759024511,0.));
#1135 = CARTESIAN_POINT('',(41.685754338355,7.437884771838,22.4));
#1136 = CARTESIAN_POINT('',(41.685754338355,7.437884771838,0.));
#1137 = CARTESIAN_POINT('',(42.41603396861,6.774393559789,22.4));
#1138 = CARTESIAN_POINT('',(42.41603396861,6.774393559789,0.));
#1139 = CARTESIAN_POINT('',(43.088414434146,6.076210809169,22.4));
#1140 = CARTESIAN_POINT('',(43.088414434146,6.076210809169,0.));
#1141 = CARTESIAN_POINT('',(43.723634667703,5.327567464674,22.4));
#1142 = CARTESIAN_POINT('',(43.723634667703,5.327567464674,0.));
#1143 = CARTESIAN_POINT('',(44.321387423441,4.526841376256,22.4));
#1144 = CARTESIAN_POINT('',(44.321387423441,4.526841376256,0.));
#1145 = CARTESIAN_POINT('',(44.892611920748,3.6488585626,22.4));
#1146 = CARTESIAN_POINT('',(44.892611920748,3.6488585626,0.));
#1147 = CARTESIAN_POINT('',(45.405752620677,2.736476598302,22.4));
#1148 = CARTESIAN_POINT('',(45.405752620677,2.736476598302,0.));
#1149 = CARTESIAN_POINT('',(45.875570551521,1.764262932581,22.4));
#1150 = CARTESIAN_POINT('',(45.875570551521,1.764262932581,0.));
#1151 = CARTESIAN_POINT('',(46.298654070009,0.727551311337,22.4));
#1152 = CARTESIAN_POINT('',(46.298654070009,0.727551311337,0.));
#1153 = CARTESIAN_POINT('',(46.677074955113,-0.406828990312,22.4));
#1154 = CARTESIAN_POINT('',(46.677074955113,-0.406828990312,0.));
#1155 = CARTESIAN_POINT('',(46.985876833789,-1.585239404088,22.4));
#1156 = CARTESIAN_POINT('',(46.985876833789,-1.585239404088,0.));
#1157 = CARTESIAN_POINT('',(47.232345063664,-2.8440556554,22.4));
#1158 = CARTESIAN_POINT('',(47.232345063664,-2.8440556554,0.));
#1159 = CARTESIAN_POINT('',(47.409247988271,-4.19095431662,22.4));
#1160 = CARTESIAN_POINT('',(47.409247988271,-4.19095431662,0.));
#1161 = CARTESIAN_POINT('',(47.507554513975,-5.668614781671,22.4));
#1162 = CARTESIAN_POINT('',(47.507554513975,-5.668614781671,0.));
#1163 = CARTESIAN_POINT('',(47.51336519804,-7.208340474022,22.4));
#1164 = CARTESIAN_POINT('',(47.51336519804,-7.208340474022,0.));
#1165 = CARTESIAN_POINT('',(47.423316913199,-8.86158053805,22.4));
#1166 = CARTESIAN_POINT('',(47.423316913199,-8.86158053805,0.));
#1167 = CARTESIAN_POINT('',(47.225705795927,-10.63932375919,22.4));
#1168 = CARTESIAN_POINT('',(47.225705795927,-10.63932375919,0.));
#1169 = CARTESIAN_POINT('',(46.896157441672,-12.59937102096,22.4));
#1170 = CARTESIAN_POINT('',(46.896157441672,-12.59937102096,0.));
#1171 = CARTESIAN_POINT('',(46.441861652888,-14.64369550493,22.4));
#1172 = CARTESIAN_POINT('',(46.441861652888,-14.64369550493,0.));
#1173 = CARTESIAN_POINT('',(45.82928049123,-16.87798478336,22.4));
#1174 = CARTESIAN_POINT('',(45.82928049123,-16.87798478336,0.));
#1175 = CARTESIAN_POINT('',(45.098418573464,-19.16950200832,22.4));
#1176 = CARTESIAN_POINT('',(45.098418573464,-19.16950200832,0.));
#1177 = CARTESIAN_POINT('',(43.950457504985,-22.24513330445,22.4));
#1178 = CARTESIAN_POINT('',(43.950457504985,-22.24513330445,0.));
#1179 = CARTESIAN_POINT('',(43.655413765372,-22.87753163116,22.4));
#1180 = CARTESIAN_POINT('',(43.655413765372,-22.87753163116,0.));
#1181 = CARTESIAN_POINT('',(42.918826466513,-24.64981838014,22.4));
#1182 = CARTESIAN_POINT('',(42.918826466513,-24.64981838014,0.));
#1183 = DEFINITIONAL_REPRESENTATION('',(#1184),#1188);
#1184 = LINE('',#1185,#1186);
#1185 = CARTESIAN_POINT('',(59.759046788485,0.));
#1186 = VECTOR('',#1187,1.);
#1187 = DIRECTION('',(0.,-1.));
#1188 = ( GEOMETRIC_REPRESENTATION_CONTEXT(2) 
PARAMETRIC_REPRESENTATION_CONTEXT() REPRESENTATION_CONTEXT('2D SPACE',''
  ) );
#1189 = ORIENTED_EDGE('',*,*,#1190,.T.);
#1190 = EDGE_CURVE('',#1062,#1191,#1193,.T.);
#1191 = VERTEX_POINT('',#1192);
#1192 = CARTESIAN_POINT('',(48.197295352684,-5.41024220217,22.4));
#1193 = SURFACE_CURVE('',#1194,(#1199,#1206),.PCURVE_S1.);
#1194 = CIRCLE('',#1195,48.5);
#1195 = AXIS2_PLACEMENT_3D('',#1196,#1197,#1198);
#1196 = CARTESIAN_POINT('',(0.,0.,22.4));
#1197 = DIRECTION('',(0.,0.,1.));
#1198 = DIRECTION('',(1.,0.,-0.));
#1199 = PCURVE('',#1070,#1200);
#1200 = DEFINITIONAL_REPRESENTATION('',(#1201),#1205);
#1201 = LINE('',#1202,#1203);
#1202 = CARTESIAN_POINT('',(-0.,-22.4));
#1203 = VECTOR('',#1204,1.);
#1204 = DIRECTION('',(-1.,0.));
#1205 = ( GEOMETRIC_REPRESENTATION_CONTEXT(2) 
PARAMETRIC_REPRESENTATION_CONTEXT() REPRESENTATION_CONTEXT('2D SPACE',''
  ) );
#1206 = PCURVE('',#66,#1207);
#1207 = DEFINITIONAL_REPRESENTATION('',(#1208),#1212);
#1208 = CIRCLE('',#1209,48.5);
#1209 = AXIS2_PLACEMENT_2D('',#1210,#1211);
#1210 = CARTESIAN_POINT('',(1.75032336965E-15,-3.209892110372E-15));
#1211 = DIRECTION('',(1.,0.));
#1212 = ( GEOMETRIC_REPRESENTATION_CONTEXT(2) 
PARAMETRIC_REPRESENTATION_CONTEXT() REPRESENTATION_CONTEXT('2D SPACE',''
  ) );
#1213 = ORIENTED_EDGE('',*,*,#1214,.F.);
#1214 = EDGE_CURVE('',#1215,#1191,#1217,.T.);
#1215 = VERTEX_POINT('',#1216);
#1216 = CARTESIAN_POINT('',(48.197295352684,-5.41024220217,0.));
#1217 = SURFACE_CURVE('',#1218,(#1222,#1229),.PCURVE_S1.);
#1218 = LINE('',#1219,#1220);
#1219 = CARTESIAN_POINT('',(48.197295352684,-5.41024220217,0.));
#1220 = VECTOR('',#1221,1.);
#1221 = DIRECTION('',(0.,0.,1.));
#1222 = PCURVE('',#1070,#1223);
#1223 = DEFINITIONAL_REPRESENTATION('',(#1224),#1228);
#1224 = LINE('',#1225,#1226);
#1225 = CARTESIAN_POINT('',(-6.171401264182,0.));
#1226 = VECTOR('',#1227,1.);
#1227 = DIRECTION('',(-0.,-1.));
#1228 = ( GEOMETRIC_REPRESENTATION_CONTEXT(2) 
PARAMETRIC_REPRESENTATION_CONTEXT() REPRESENTATION_CONTEXT('2D SPACE',''
  ) );
#1229 = PCURVE('',#1230,#1235);
#1230 = PLANE('',#1231);
#1231 = AXIS2_PLACEMENT_3D('',#1232,#1233,#1234);
#1232 = CARTESIAN_POINT('',(48.197295352683,-5.41024220217,0.));
#1233 = DIRECTION('',(-0.991602108777,-0.129326168539,0.));
#1234 = DIRECTION('',(-0.129326168539,0.991602108777,0.));
#1235 = DEFINITIONAL_REPRESENTATION('',(#1236),#1240);
#1236 = LINE('',#1237,#1238);
#1237 = CARTESIAN_POINT('',(-8.807195939449E-16,-0.));
#1238 = VECTOR('',#1239,1.);
#1239 = DIRECTION('',(0.,-1.));
#1240 = ( GEOMETRIC_REPRESENTATION_CONTEXT(2) 
PARAMETRIC_REPRESENTATION_CONTEXT() REPRESENTATION_CONTEXT('2D SPACE',''
  ) );
#1241 = ORIENTED_EDGE('',*,*,#1242,.F.);
#1242 = EDGE_CURVE('',#1060,#1215,#1243,.T.);
#1243 = SURFACE_CURVE('',#1244,(#1249,#1256),.PCURVE_S1.);
#1244 = CIRCLE('',#1245,48.5);
#1245 = AXIS2_PLACEMENT_3D('',#1246,#1247,#1248);
#1246 = CARTESIAN_POINT('',(0.,0.,0.));
#1247 = DIRECTION('',(0.,0.,1.));
#1248 = DIRECTION('',(1.,0.,-0.));
#1249 = PCURVE('',#1070,#1250);
#1250 = DEFINITIONAL_REPRESENTATION('',(#1251),#1255);
#1251 = LINE('',#1252,#1253);
#1252 = CARTESIAN_POINT('',(-0.,0.));
#1253 = VECTOR('',#1254,1.);
#1254 = DIRECTION('',(-1.,0.));
#1255 = ( GEOMETRIC_REPRESENTATION_CONTEXT(2) 
PARAMETRIC_REPRESENTATION_CONTEXT() REPRESENTATION_CONTEXT('2D SPACE',''
  ) );
#1256 = PCURVE('',#94,#1257);
#1257 = DEFINITIONAL_REPRESENTATION('',(#1258),#1262);
#1258 = CIRCLE('',#1259,48.5);
#1259 = AXIS2_PLACEMENT_2D('',#1260,#1261);
#1260 = CARTESIAN_POINT('',(1.75032336965E-15,-3.209892110372E-15));
#1261 = DIRECTION('',(1.,0.));
#1262 = ( GEOMETRIC_REPRESENTATION_CONTEXT(2) 
PARAMETRIC_REPRESENTATION_CONTEXT() REPRESENTATION_CONTEXT('2D SPACE',''
  ) );
#1263 = ADVANCED_FACE('',(#1264),#1082,.T.);
#1264 = FACE_BOUND('',#1265,.T.);
#1265 = EDGE_LOOP('',(#1266,#1296,#1411,#1412));
#1266 = ORIENTED_EDGE('',*,*,#1267,.T.);
#1267 = EDGE_CURVE('',#1268,#1270,#1272,.T.);
#1268 = VERTEX_POINT('',#1269);
#1269 = CARTESIAN_POINT('',(12.718131317315,-2.002495231905,0.));
#1270 = VERTEX_POINT('',#1271);
#1271 = CARTESIAN_POINT('',(12.718131317315,-2.002495231905,22.4));
#1272 = SURFACE_CURVE('',#1273,(#1277,#1284),.PCURVE_S1.);
#1273 = LINE('',#1274,#1275);
#1274 = CARTESIAN_POINT('',(12.718131317315,-2.002495231905,0.));
#1275 = VECTOR('',#1276,1.);
#1276 = DIRECTION('',(0.,0.,1.));
#1277 = PCURVE('',#1082,#1278);
#1278 = DEFINITIONAL_REPRESENTATION('',(#1279),#1283);
#1279 = LINE('',#1280,#1281);
#1280 = CARTESIAN_POINT('',(4.560656898555,0.));
#1281 = VECTOR('',#1282,1.);
#1282 = DIRECTION('',(0.,-1.));
#1283 = ( GEOMETRIC_REPRESENTATION_CONTEXT(2) 
PARAMETRIC_REPRESENTATION_CONTEXT() REPRESENTATION_CONTEXT('2D SPACE',''
  ) );
#1284 = PCURVE('',#1285,#1290);
#1285 = PLANE('',#1286);
#1286 = AXIS2_PLACEMENT_3D('',#1287,#1288,#1289);
#1287 = CARTESIAN_POINT('',(13.934913076131,-9.659132507772E-02,0.));
#1288 = DIRECTION('',(0.842872595724,-0.538113173392,0.));
#1289 = DIRECTION('',(-0.538113173392,-0.842872595724,0.));
#1290 = DEFINITIONAL_REPRESENTATION('',(#1291),#1295);
#1291 = LINE('',#1292,#1293);
#1292 = CARTESIAN_POINT('',(2.261200466709,0.));
#1293 = VECTOR('',#1294,1.);
#1294 = DIRECTION('',(0.,-1.));
#1295 = ( GEOMETRIC_REPRESENTATION_CONTEXT(2) 
PARAMETRIC_REPRESENTATION_CONTEXT() REPRESENTATION_CONTEXT('2D SPACE',''
  ) );
#1296 = ORIENTED_EDGE('',*,*,#1297,.T.);
#1297 = EDGE_CURVE('',#1270,#1062,#1298,.T.);
#1298 = SURFACE_CURVE('',#1299,(#1350,#1357),.PCURVE_S1.);
#1299 = B_SPLINE_CURVE_WITH_KNOTS('',3,(#1300,#1301,#1302,#1303,#1304,
    #1305,#1306,#1307,#1308,#1309,#1310,#1311,#1312,#1313,#1314,#1315,
    #1316,#1317,#1318,#1319,#1320,#1321,#1322,#1323,#1324,#1325,#1326,
    #1327,#1328,#1329,#1330,#1331,#1332,#1333,#1334,#1335,#1336,#1337,
    #1338,#1339,#1340,#1341,#1342,#1343,#1344,#1345,#1346,#1347,#1348,
    #1349),.UNSPECIFIED.,.F.,.F.,(4,1,1,1,1,1,1,1,1,1,1,1,1,1,1,1,1,1,1,
    1,1,1,1,1,1,1,1,1,1,1,1,1,1,1,1,1,1,1,1,1,1,1,1,1,1,1,1,4),(0.,
    2.766464139392,5.568319295326,8.177275145496,10.425160909405,
    12.698001103747,14.813706991925,16.784063111389,18.483896399813,
    20.207074900357,21.81810245116,23.327840693167,24.640860133639,
    25.985974841284,27.260500260188,28.473662841808,29.546573791048,
    30.665502050481,31.746604132965,32.796723932319,33.744037531687,
    34.751762028128,35.745458780463,36.730106112805,37.635070035337,
    38.615335519513,39.599805338773,40.592877392801,41.521106716853,
    42.54355210237,43.588460947472,44.661307186429,45.681682040739,
    46.825929386569,48.018033969658,49.266638650819,50.477859791669,
    51.863921967174,53.33914083985,54.917675284274,56.480212616324,
    58.303578905337,60.281721918016,62.435877257802,64.600562295301,
    67.15990258556,69.968318443063,73.053194077155),.UNSPECIFIED.);
#1300 = CARTESIAN_POINT('',(9.977352195207,-5.648892920632,22.4));
#1301 = CARTESIAN_POINT('',(10.51176149547,-4.917117721303,22.4));
#1302 = CARTESIAN_POINT('',(11.596778077042,-3.381514033342,22.4));
#1303 = CARTESIAN_POINT('',(13.303408856845,-1.266192554498,22.4));
#1304 = CARTESIAN_POINT('',(14.99157243147,0.652937544647,22.4));
#1305 = CARTESIAN_POINT('',(16.648055361023,2.357667696025,22.4));
#1306 = CARTESIAN_POINT('',(18.266925710132,3.866947772078,22.4));
#1307 = CARTESIAN_POINT('',(19.894280426866,5.226739915106,22.4));
#1308 = CARTESIAN_POINT('',(21.442950179676,6.37806374135,22.4));
#1309 = CARTESIAN_POINT('',(22.945718471064,7.366530659752,22.4));
#1310 = CARTESIAN_POINT('',(24.401366611504,8.203570555337,22.4));
#1311 = CARTESIAN_POINT('',(25.851661036001,8.916145549059,22.4));
#1312 = CARTESIAN_POINT('',(27.221724797273,9.473628573521,22.4));
#1313 = CARTESIAN_POINT('',(28.540333270482,9.913606364257,22.4));
#1314 = CARTESIAN_POINT('',(29.809145492467,10.247853518289,22.4));
#1315 = CARTESIAN_POINT('',(31.067933612077,10.474196043749,22.4));
#1316 = CARTESIAN_POINT('',(32.250345949474,10.590956597107,22.4));
#1317 = CARTESIAN_POINT('',(33.386194114341,10.61323512593,22.4));
#1318 = CARTESIAN_POINT('',(34.476495777513,10.548073379687,22.4));
#1319 = CARTESIAN_POINT('',(35.550093313185,10.393903454928,22.4));
#1320 = CARTESIAN_POINT('',(36.551535489985,10.164663082679,22.4));
#1321 = CARTESIAN_POINT('',(37.508429680137,9.865360056896,22.4));
#1322 = CARTESIAN_POINT('',(38.422346990747,9.500817961601,22.4));
#1323 = CARTESIAN_POINT('',(39.316468000727,9.061296898977,22.4));
#1324 = CARTESIAN_POINT('',(40.145597818599,8.573483216962,22.4));
#1325 = CARTESIAN_POINT('',(40.934870163346,8.031759024511,22.4));
#1326 = CARTESIAN_POINT('',(41.685754338355,7.437884771838,22.4));
#1327 = CARTESIAN_POINT('',(42.41603396861,6.774393559789,22.4));
#1328 = CARTESIAN_POINT('',(43.088414434146,6.076210809169,22.4));
#1329 = CARTESIAN_POINT('',(43.723634667703,5.327567464674,22.4));
#1330 = CARTESIAN_POINT('',(44.321387423441,4.526841376256,22.4));
#1331 = CARTESIAN_POINT('',(44.892611920748,3.6488585626,22.4));
#1332 = CARTESIAN_POINT('',(45.405752620677,2.736476598302,22.4));
#1333 = CARTESIAN_POINT('',(45.875570551521,1.764262932581,22.4));
#1334 = CARTESIAN_POINT('',(46.298654070009,0.727551311337,22.4));
#1335 = CARTESIAN_POINT('',(46.677074955113,-0.406828990312,22.4));
#1336 = CARTESIAN_POINT('',(46.985876833789,-1.585239404088,22.4));
#1337 = CARTESIAN_POINT('',(47.232345063664,-2.8440556554,22.4));
#1338 = CARTESIAN_POINT('',(47.409247988271,-4.19095431662,22.4));
#1339 = CARTESIAN_POINT('',(47.507554513975,-5.668614781671,22.4));
#1340 = CARTESIAN_POINT('',(47.51336519804,-7.208340474022,22.4));
#1341 = CARTESIAN_POINT('',(47.423316913199,-8.86158053805,22.4));
#1342 = CARTESIAN_POINT('',(47.225705795927,-10.63932375919,22.4));
#1343 = CARTESIAN_POINT('',(46.896157441672,-12.59937102096,22.4));
#1344 = CARTESIAN_POINT('',(46.441861652888,-14.64369550493,22.4));
#1345 = CARTESIAN_POINT('',(45.82928049123,-16.87798478336,22.4));
#1346 = CARTESIAN_POINT('',(45.098418573464,-19.16950200832,22.4));
#1347 = CARTESIAN_POINT('',(43.950457504985,-22.24513330445,22.4));
#1348 = CARTESIAN_POINT('',(43.655413765372,-22.87753163116,22.4));
#1349 = CARTESIAN_POINT('',(42.918826466513,-24.64981838014,22.4));
#1350 = PCURVE('',#1082,#1351);
#1351 = DEFINITIONAL_REPRESENTATION('',(#1352),#1356);
#1352 = LINE('',#1353,#1354);
#1353 = CARTESIAN_POINT('',(0.,-22.4));
#1354 = VECTOR('',#1355,1.);
#1355 = DIRECTION('',(1.,0.));
#1356 = ( GEOMETRIC_REPRESENTATION_CONTEXT(2) 
PARAMETRIC_REPRESENTATION_CONTEXT() REPRESENTATION_CONTEXT('2D SPACE',''
  ) );
#1357 = PCURVE('',#66,#1358);
#1358 = DEFINITIONAL_REPRESENTATION('',(#1359),#1410);
#1359 = B_SPLINE_CURVE_WITH_KNOTS('',3,(#1360,#1361,#1362,#1363,#1364,
    #1365,#1366,#1367,#1368,#1369,#1370,#1371,#1372,#1373,#1374,#1375,
    #1376,#1377,#1378,#1379,#1380,#1381,#1382,#1383,#1384,#1385,#1386,
    #1387,#1388,#1389,#1390,#1391,#1392,#1393,#1394,#1395,#1396,#1397,
    #1398,#1399,#1400,#1401,#1402,#1403,#1404,#1405,#1406,#1407,#1408,
    #1409),.UNSPECIFIED.,.F.,.F.,(4,1,1,1,1,1,1,1,1,1,1,1,1,1,1,1,1,1,1,
    1,1,1,1,1,1,1,1,1,1,1,1,1,1,1,1,1,1,1,1,1,1,1,1,1,1,1,1,4),(0.,
    2.766464139392,5.568319295326,8.177275145496,10.425160909405,
    12.698001103747,14.813706991925,16.784063111389,18.483896399813,
    20.207074900357,21.81810245116,23.327840693167,24.640860133639,
    25.985974841284,27.260500260188,28.473662841808,29.546573791048,
    30.665502050481,31.746604132965,32.796723932319,33.744037531687,
    34.751762028128,35.745458780463,36.730106112805,37.635070035337,
    38.615335519513,39.599805338773,40.592877392801,41.521106716853,
    42.54355210237,43.588460947472,44.661307186429,45.681682040739,
    46.825929386569,48.018033969658,49.266638650819,50.477859791669,
    51.863921967174,53.33914083985,54.917675284274,56.480212616324,
    58.303578905337,60.281721918016,62.435877257802,64.600562295301,
    67.15990258556,69.968318443063,73.053194077155),.UNSPECIFIED.);
#1360 = CARTESIAN_POINT('',(9.977352195207,-5.648892920632));
#1361 = CARTESIAN_POINT('',(10.51176149547,-4.917117721303));
#1362 = CARTESIAN_POINT('',(11.596778077042,-3.381514033342));
#1363 = CARTESIAN_POINT('',(13.303408856845,-1.266192554498));
#1364 = CARTESIAN_POINT('',(14.99157243147,0.652937544647));
#1365 = CARTESIAN_POINT('',(16.648055361023,2.357667696025));
#1366 = CARTESIAN_POINT('',(18.266925710132,3.866947772078));
#1367 = CARTESIAN_POINT('',(19.894280426866,5.226739915106));
#1368 = CARTESIAN_POINT('',(21.442950179676,6.37806374135));
#1369 = CARTESIAN_POINT('',(22.945718471064,7.366530659752));
#1370 = CARTESIAN_POINT('',(24.401366611504,8.203570555337));
#1371 = CARTESIAN_POINT('',(25.851661036001,8.916145549059));
#1372 = CARTESIAN_POINT('',(27.221724797273,9.473628573521));
#1373 = CARTESIAN_POINT('',(28.540333270482,9.913606364257));
#1374 = CARTESIAN_POINT('',(29.809145492467,10.247853518289));
#1375 = CARTESIAN_POINT('',(31.067933612077,10.474196043749));
#1376 = CARTESIAN_POINT('',(32.250345949474,10.590956597107));
#1377 = CARTESIAN_POINT('',(33.386194114341,10.61323512593));
#1378 = CARTESIAN_POINT('',(34.476495777513,10.548073379687));
#1379 = CARTESIAN_POINT('',(35.550093313185,10.393903454928));
#1380 = CARTESIAN_POINT('',(36.551535489985,10.164663082679));
#1381 = CARTESIAN_POINT('',(37.508429680137,9.865360056896));
#1382 = CARTESIAN_POINT('',(38.422346990747,9.500817961601));
#1383 = CARTESIAN_POINT('',(39.316468000727,9.061296898977));
#1384 = CARTESIAN_POINT('',(40.145597818599,8.573483216962));
#1385 = CARTESIAN_POINT('',(40.934870163346,8.031759024511));
#1386 = CARTESIAN_POINT('',(41.685754338355,7.437884771838));
#1387 = CARTESIAN_POINT('',(42.41603396861,6.774393559789));
#1388 = CARTESIAN_POINT('',(43.088414434146,6.076210809169));
#1389 = CARTESIAN_POINT('',(43.723634667703,5.327567464674));
#1390 = CARTESIAN_POINT('',(44.321387423441,4.526841376256));
#1391 = CARTESIAN_POINT('',(44.892611920748,3.6488585626));
#1392 = CARTESIAN_POINT('',(45.405752620677,2.736476598302));
#1393 = CARTESIAN_POINT('',(45.875570551521,1.764262932581));
#1394 = CARTESIAN_POINT('',(46.298654070009,0.727551311337));
#1395 = CARTESIAN_POINT('',(46.677074955113,-0.406828990312));
#1396 = CARTESIAN_POINT('',(46.985876833789,-1.585239404088));
#1397 = CARTESIAN_POINT('',(47.232345063664,-2.8440556554));
#1398 = CARTESIAN_POINT('',(47.409247988271,-4.19095431662));
#1399 = CARTESIAN_POINT('',(47.507554513975,-5.668614781671));
#1400 = CARTESIAN_POINT('',(47.51336519804,-7.208340474022));
#1401 = CARTESIAN_POINT('',(47.423316913199,-8.86158053805));
#1402 = CARTESIAN_POINT('',(47.225705795927,-10.63932375919));
#1403 = CARTESIAN_POINT('',(46.896157441672,-12.59937102096));
#1404 = CARTESIAN_POINT('',(46.441861652888,-14.64369550493));
#1405 = CARTESIAN_POINT('',(45.82928049123,-16.87798478336));
#1406 = CARTESIAN_POINT('',(45.098418573464,-19.16950200832));
#1407 = CARTESIAN_POINT('',(43.950457504985,-22.24513330445));
#1408 = CARTESIAN_POINT('',(43.655413765372,-22.87753163116));
#1409 = CARTESIAN_POINT('',(42.918826466513,-24.64981838014));
#1410 = ( GEOMETRIC_REPRESENTATION_CONTEXT(2) 
PARAMETRIC_REPRESENTATION_CONTEXT() REPRESENTATION_CONTEXT('2D SPACE',''
  ) );
#1411 = ORIENTED_EDGE('',*,*,#1059,.F.);
#1412 = ORIENTED_EDGE('',*,*,#1413,.F.);
#1413 = EDGE_CURVE('',#1268,#1060,#1414,.T.);
#1414 = SURFACE_CURVE('',#1415,(#1466,#1473),.PCURVE_S1.);
#1415 = B_SPLINE_CURVE_WITH_KNOTS('',3,(#1416,#1417,#1418,#1419,#1420,
    #1421,#1422,#1423,#1424,#1425,#1426,#1427,#1428,#1429,#1430,#1431,
    #1432,#1433,#1434,#1435,#1436,#1437,#1438,#1439,#1440,#1441,#1442,
    #1443,#1444,#1445,#1446,#1447,#1448,#1449,#1450,#1451,#1452,#1453,
    #1454,#1455,#1456,#1457,#1458,#1459,#1460,#1461,#1462,#1463,#1464,
    #1465),.UNSPECIFIED.,.F.,.F.,(4,1,1,1,1,1,1,1,1,1,1,1,1,1,1,1,1,1,1,
    1,1,1,1,1,1,1,1,1,1,1,1,1,1,1,1,1,1,1,1,1,1,1,1,1,1,1,1,4),(0.,
    2.766464139392,5.568319295326,8.177275145496,10.425160909405,
    12.698001103747,14.813706991925,16.784063111389,18.483896399813,
    20.207074900357,21.81810245116,23.327840693167,24.640860133639,
    25.985974841284,27.260500260188,28.473662841808,29.546573791048,
    30.665502050481,31.746604132965,32.796723932319,33.744037531687,
    34.751762028128,35.745458780463,36.730106112805,37.635070035337,
    38.615335519513,39.599805338773,40.592877392801,41.521106716853,
    42.54355210237,43.588460947472,44.661307186429,45.681682040739,
    46.825929386569,48.018033969658,49.266638650819,50.477859791669,
    51.863921967174,53.33914083985,54.917675284274,56.480212616324,
    58.303578905337,60.281721918016,62.435877257802,64.600562295301,
    67.15990258556,69.968318443063,73.053194077155),.UNSPECIFIED.);
#1416 = CARTESIAN_POINT('',(9.977352195207,-5.648892920632,0.));
#1417 = CARTESIAN_POINT('',(10.51176149547,-4.917117721303,0.));
#1418 = CARTESIAN_POINT('',(11.596778077042,-3.381514033342,0.));
#1419 = CARTESIAN_POINT('',(13.303408856845,-1.266192554498,0.));
#1420 = CARTESIAN_POINT('',(14.99157243147,0.652937544647,0.));
#1421 = CARTESIAN_POINT('',(16.648055361023,2.357667696025,0.));
#1422 = CARTESIAN_POINT('',(18.266925710132,3.866947772078,0.));
#1423 = CARTESIAN_POINT('',(19.894280426866,5.226739915106,0.));
#1424 = CARTESIAN_POINT('',(21.442950179676,6.37806374135,0.));
#1425 = CARTESIAN_POINT('',(22.945718471064,7.366530659752,0.));
#1426 = CARTESIAN_POINT('',(24.401366611504,8.203570555337,0.));
#1427 = CARTESIAN_POINT('',(25.851661036001,8.916145549059,0.));
#1428 = CARTESIAN_POINT('',(27.221724797273,9.473628573521,0.));
#1429 = CARTESIAN_POINT('',(28.540333270482,9.913606364257,0.));
#1430 = CARTESIAN_POINT('',(29.809145492467,10.247853518289,0.));
#1431 = CARTESIAN_POINT('',(31.067933612077,10.474196043749,0.));
#1432 = CARTESIAN_POINT('',(32.250345949474,10.590956597107,0.));
#1433 = CARTESIAN_POINT('',(33.386194114341,10.61323512593,0.));
#1434 = CARTESIAN_POINT('',(34.476495777513,10.548073379687,0.));
#1435 = CARTESIAN_POINT('',(35.550093313185,10.393903454928,0.));
#1436 = CARTESIAN_POINT('',(36.551535489985,10.164663082679,0.));
#1437 = CARTESIAN_POINT('',(37.508429680137,9.865360056896,0.));
#1438 = CARTESIAN_POINT('',(38.422346990747,9.500817961601,0.));
#1439 = CARTESIAN_POINT('',(39.316468000727,9.061296898977,0.));
#1440 = CARTESIAN_POINT('',(40.145597818599,8.573483216962,0.));
#1441 = CARTESIAN_POINT('',(40.934870163346,8.031759024511,0.));
#1442 = CARTESIAN_POINT('',(41.685754338355,7.437884771838,0.));
#1443 = CARTESIAN_POINT('',(42.41603396861,6.774393559789,0.));
#1444 = CARTESIAN_POINT('',(43.088414434146,6.076210809169,0.));
#1445 = CARTESIAN_POINT('',(43.723634667703,5.327567464674,0.));
#1446 = CARTESIAN_POINT('',(44.321387423441,4.526841376256,0.));
#1447 = CARTESIAN_POINT('',(44.892611920748,3.6488585626,0.));
#1448 = CARTESIAN_POINT('',(45.405752620677,2.736476598302,0.));
#1449 = CARTESIAN_POINT('',(45.875570551521,1.764262932581,0.));
#1450 = CARTESIAN_POINT('',(46.298654070009,0.727551311337,0.));
#1451 = CARTESIAN_POINT('',(46.677074955113,-0.406828990312,0.));
#1452 = CARTESIAN_POINT('',(46.985876833789,-1.585239404088,0.));
#1453 = CARTESIAN_POINT('',(47.232345063664,-2.8440556554,0.));
#1454 = CARTESIAN_POINT('',(47.409247988271,-4.19095431662,0.));
#1455 = CARTESIAN_POINT('',(47.507554513975,-5.668614781671,0.));
#1456 = CARTESIAN_POINT('',(47.51336519804,-7.208340474022,0.));
#1457 = CARTESIAN_POINT('',(47.423316913199,-8.86158053805,0.));
#1458 = CARTESIAN_POINT('',(47.225705795927,-10.63932375919,0.));
#1459 = CARTESIAN_POINT('',(46.896157441672,-12.59937102096,0.));
#1460 = CARTESIAN_POINT('',(46.441861652888,-14.64369550493,0.));
#1461 = CARTESIAN_POINT('',(45.82928049123,-16.87798478336,0.));
#1462 = CARTESIAN_POINT('',(45.098418573464,-19.16950200832,0.));
#1463 = CARTESIAN_POINT('',(43.950457504985,-22.24513330445,0.));
#1464 = CARTESIAN_POINT('',(43.655413765372,-22.87753163116,0.));
#1465 = CARTESIAN_POINT('',(42.918826466513,-24.64981838014,0.));
#1466 = PCURVE('',#1082,#1467);
#1467 = DEFINITIONAL_REPRESENTATION('',(#1468),#1472);
#1468 = LINE('',#1469,#1470);
#1469 = CARTESIAN_POINT('',(0.,0.));
#1470 = VECTOR('',#1471,1.);
#1471 = DIRECTION('',(1.,0.));
#1472 = ( GEOMETRIC_REPRESENTATION_CONTEXT(2) 
PARAMETRIC_REPRESENTATION_CONTEXT() REPRESENTATION_CONTEXT('2D SPACE',''
  ) );
#1473 = PCURVE('',#94,#1474);
#1474 = DEFINITIONAL_REPRESENTATION('',(#1475),#1526);
#1475 = B_SPLINE_CURVE_WITH_KNOTS('',3,(#1476,#1477,#1478,#1479,#1480,
    #1481,#1482,#1483,#1484,#1485,#1486,#1487,#1488,#1489,#1490,#1491,
    #1492,#1493,#1494,#1495,#1496,#1497,#1498,#1499,#1500,#1501,#1502,
    #1503,#1504,#1505,#1506,#1507,#1508,#1509,#1510,#1511,#1512,#1513,
    #1514,#1515,#1516,#1517,#1518,#1519,#1520,#1521,#1522,#1523,#1524,
    #1525),.UNSPECIFIED.,.F.,.F.,(4,1,1,1,1,1,1,1,1,1,1,1,1,1,1,1,1,1,1,
    1,1,1,1,1,1,1,1,1,1,1,1,1,1,1,1,1,1,1,1,1,1,1,1,1,1,1,1,4),(0.,
    2.766464139392,5.568319295326,8.177275145496,10.425160909405,
    12.698001103747,14.813706991925,16.784063111389,18.483896399813,
    20.207074900357,21.81810245116,23.327840693167,24.640860133639,
    25.985974841284,27.260500260188,28.473662841808,29.546573791048,
    30.665502050481,31.746604132965,32.796723932319,33.744037531687,
    34.751762028128,35.745458780463,36.730106112805,37.635070035337,
    38.615335519513,39.599805338773,40.592877392801,41.521106716853,
    42.54355210237,43.588460947472,44.661307186429,45.681682040739,
    46.825929386569,48.018033969658,49.266638650819,50.477859791669,
    51.863921967174,53.33914083985,54.917675284274,56.480212616324,
    58.303578905337,60.281721918016,62.435877257802,64.600562295301,
    67.15990258556,69.968318443063,73.053194077155),.UNSPECIFIED.);
#1476 = CARTESIAN_POINT('',(9.977352195207,-5.648892920632));
#1477 = CARTESIAN_POINT('',(10.51176149547,-4.917117721303));
#1478 = CARTESIAN_POINT('',(11.596778077042,-3.381514033342));
#1479 = CARTESIAN_POINT('',(13.303408856845,-1.266192554498));
#1480 = CARTESIAN_POINT('',(14.99157243147,0.652937544647));
#1481 = CARTESIAN_POINT('',(16.648055361023,2.357667696025));
#1482 = CARTESIAN_POINT('',(18.266925710132,3.866947772078));
#1483 = CARTESIAN_POINT('',(19.894280426866,5.226739915106));
#1484 = CARTESIAN_POINT('',(21.442950179676,6.37806374135));
#1485 = CARTESIAN_POINT('',(22.945718471064,7.366530659752));
#1486 = CARTESIAN_POINT('',(24.401366611504,8.203570555337));
#1487 = CARTESIAN_POINT('',(25.851661036001,8.916145549059));
#1488 = CARTESIAN_POINT('',(27.221724797273,9.473628573521));
#1489 = CARTESIAN_POINT('',(28.540333270482,9.913606364257));
#1490 = CARTESIAN_POINT('',(29.809145492467,10.247853518289));
#1491 = CARTESIAN_POINT('',(31.067933612077,10.474196043749));
#1492 = CARTESIAN_POINT('',(32.250345949474,10.590956597107));
#1493 = CARTESIAN_POINT('',(33.386194114341,10.61323512593));
#1494 = CARTESIAN_POINT('',(34.476495777513,10.548073379687));
#1495 = CARTESIAN_POINT('',(35.550093313185,10.393903454928));
#1496 = CARTESIAN_POINT('',(36.551535489985,10.164663082679));
#1497 = CARTESIAN_POINT('',(37.508429680137,9.865360056896));
#1498 = CARTESIAN_POINT('',(38.422346990747,9.500817961601));
#1499 = CARTESIAN_POINT('',(39.316468000727,9.061296898977));
#1500 = CARTESIAN_POINT('',(40.145597818599,8.573483216962));
#1501 = CARTESIAN_POINT('',(40.934870163346,8.031759024511));
#1502 = CARTESIAN_POINT('',(41.685754338355,7.437884771838));
#1503 = CARTESIAN_POINT('',(42.41603396861,6.774393559789));
#1504 = CARTESIAN_POINT('',(43.088414434146,6.076210809169));
#1505 = CARTESIAN_POINT('',(43.723634667703,5.327567464674));
#1506 = CARTESIAN_POINT('',(44.321387423441,4.526841376256));
#1507 = CARTESIAN_POINT('',(44.892611920748,3.6488585626));
#1508 = CARTESIAN_POINT('',(45.405752620677,2.736476598302));
#1509 = CARTESIAN_POINT('',(45.875570551521,1.764262932581));
#1510 = CARTESIAN_POINT('',(46.298654070009,0.727551311337));
#1511 = CARTESIAN_POINT('',(46.677074955113,-0.406828990312));
#1512 = CARTESIAN_POINT('',(46.985876833789,-1.585239404088));
#1513 = CARTESIAN_POINT('',(47.232345063664,-2.8440556554));
#1514 = CARTESIAN_POINT('',(47.409247988271,-4.19095431662));
#1515 = CARTESIAN_POINT('',(47.507554513975,-5.668614781671));
#1516 = CARTESIAN_POINT('',(47.51336519804,-7.208340474022));
#1517 = CARTESIAN_POINT('',(47.423316913199,-8.86158053805));
#1518 = CARTESIAN_POINT('',(47.225705795927,-10.63932375919));
#1519 = CARTESIAN_POINT('',(46.896157441672,-12.59937102096));
#1520 = CARTESIAN_POINT('',(46.441861652888,-14.64369550493));
#1521 = CARTESIAN_POINT('',(45.82928049123,-16.87798478336));
#1522 = CARTESIAN_POINT('',(45.098418573464,-19.16950200832));
#1523 = CARTESIAN_POINT('',(43.950457504985,-22.24513330445));
#1524 = CARTESIAN_POINT('',(43.655413765372,-22.87753163116));
#1525 = CARTESIAN_POINT('',(42.918826466513,-24.64981838014));
#1526 = ( GEOMETRIC_REPRESENTATION_CONTEXT(2) 
PARAMETRIC_REPRESENTATION_CONTEXT() REPRESENTATION_CONTEXT('2D SPACE',''
  ) );
#1527 = ADVANCED_FACE('',(#1528),#1285,.T.);
#1528 = FACE_BOUND('',#1529,.T.);
#1529 = EDGE_LOOP('',(#1530,#1656,#1677,#1678));
#1530 = ORIENTED_EDGE('',*,*,#1531,.T.);
#1531 = EDGE_CURVE('',#1532,#1534,#1536,.T.);
#1532 = VERTEX_POINT('',#1533);
#1533 = CARTESIAN_POINT('',(13.934913076131,-9.659132507772E-02,0.));
#1534 = VERTEX_POINT('',#1535);
#1535 = CARTESIAN_POINT('',(13.934913076131,-9.659132507772E-02,22.4));
#1536 = SURFACE_CURVE('',#1537,(#1541,#1548),.PCURVE_S1.);
#1537 = LINE('',#1538,#1539);
#1538 = CARTESIAN_POINT('',(13.934913076131,-9.659132507772E-02,0.));
#1539 = VECTOR('',#1540,1.);
#1540 = DIRECTION('',(0.,0.,1.));
#1541 = PCURVE('',#1285,#1542);
#1542 = DEFINITIONAL_REPRESENTATION('',(#1543),#1547);
#1543 = LINE('',#1544,#1545);
#1544 = CARTESIAN_POINT('',(0.,0.));
#1545 = VECTOR('',#1546,1.);
#1546 = DIRECTION('',(0.,-1.));
#1547 = ( GEOMETRIC_REPRESENTATION_CONTEXT(2) 
PARAMETRIC_REPRESENTATION_CONTEXT() REPRESENTATION_CONTEXT('2D SPACE',''
  ) );
#1548 = PCURVE('',#1549,#1650);
#1549 = B_SPLINE_SURFACE_WITH_KNOTS('',3,1,(
    (#1550,#1551)
    ,(#1552,#1553)
    ,(#1554,#1555)
    ,(#1556,#1557)
    ,(#1558,#1559)
    ,(#1560,#1561)
    ,(#1562,#1563)
    ,(#1564,#1565)
    ,(#1566,#1567)
    ,(#1568,#1569)
    ,(#1570,#1571)
    ,(#1572,#1573)
    ,(#1574,#1575)
    ,(#1576,#1577)
    ,(#1578,#1579)
    ,(#1580,#1581)
    ,(#1582,#1583)
    ,(#1584,#1585)
    ,(#1586,#1587)
    ,(#1588,#1589)
    ,(#1590,#1591)
    ,(#1592,#1593)
    ,(#1594,#1595)
    ,(#1596,#1597)
    ,(#1598,#1599)
    ,(#1600,#1601)
    ,(#1602,#1603)
    ,(#1604,#1605)
    ,(#1606,#1607)
    ,(#1608,#1609)
    ,(#1610,#1611)
    ,(#1612,#1613)
    ,(#1614,#1615)
    ,(#1616,#1617)
    ,(#1618,#1619)
    ,(#1620,#1621)
    ,(#1622,#1623)
    ,(#1624,#1625)
    ,(#1626,#1627)
    ,(#1628,#1629)
    ,(#1630,#1631)
    ,(#1632,#1633)
    ,(#1634,#1635)
    ,(#1636,#1637)
    ,(#1638,#1639)
    ,(#1640,#1641)
    ,(#1642,#1643)
    ,(#1644,#1645)
    ,(#1646,#1647)
    ,(#1648,#1649
    )),.UNSPECIFIED.,.F.,.F.,.F.,(4,1,1,1,1,1,1,1,1,1,1,1,1,1,1,1,1,1,1,
    1,1,1,1,1,1,1,1,1,1,1,1,1,1,1,1,1,1,1,1,1,1,1,1,1,1,1,1,4),(2,2),(0.
    ,3.010134173011,5.734866089906,8.204243200285,10.280216915947,
    12.332164523515,14.201956865391,15.911237845672,17.363900720308,
    18.819208714806,20.167747400886,21.42468716853,22.515414853025,
    23.632925452475,24.694050367351,25.707901186754,26.608581862701,
    27.552388564938,28.468532489134,29.361872223827,30.169943636586,
    31.030962627216,31.880548884696,32.72227944396,33.495545472128,
    34.332992621126,35.174663745336,36.025783427864,36.825011523752,
    37.711824801461,38.627874308414,39.58148948206,40.502911686362,
    41.554574841448,42.671594637474,43.864256147866,45.041219012251,
    46.408073524505,47.880684921353,49.469922617188,51.049935999727,
    52.894334824252,54.887680127977,57.041280206621,59.18142193199,
    61.675679145654,64.364419403117,67.031728548195),(-22.4,0.),
  .UNSPECIFIED.);
#1550 = CARTESIAN_POINT('',(47.50629678931,-0.112044317377,22.4));
#1551 = CARTESIAN_POINT('',(47.50629678931,-0.112044317377,0.));
#1552 = CARTESIAN_POINT('',(47.378605176017,0.867145985927,22.4));
#1553 = CARTESIAN_POINT('',(47.378605176017,0.867145985927,0.));
#1554 = CARTESIAN_POINT('',(47.157240471303,2.789167280934,22.4));
#1555 = CARTESIAN_POINT('',(47.157240471303,2.789167280934,0.));
#1556 = CARTESIAN_POINT('',(46.689093504147,5.476471585653,22.4));
#1557 = CARTESIAN_POINT('',(46.689093504147,5.476471585653,0.));
#1558 = CARTESIAN_POINT('',(46.180738326391,7.848475237921,22.4));
#1559 = CARTESIAN_POINT('',(46.180738326391,7.848475237921,0.));
#1560 = CARTESIAN_POINT('',(45.621165975043,9.975558559665,22.4));
#1561 = CARTESIAN_POINT('',(45.621165975043,9.975558559665,0.));
#1562 = CARTESIAN_POINT('',(45.021767225061,11.883829842938,22.4));
#1563 = CARTESIAN_POINT('',(45.021767225061,11.883829842938,0.));
#1564 = CARTESIAN_POINT('',(44.365370847082,13.643274360682,22.4));
#1565 = CARTESIAN_POINT('',(44.365370847082,13.643274360682,0.));
#1566 = CARTESIAN_POINT('',(43.692245683265,15.180542784294,22.4));
#1567 = CARTESIAN_POINT('',(43.692245683265,15.180542784294,0.));
#1568 = CARTESIAN_POINT('',(42.996125865202,16.554044788905,22.4));
#1569 = CARTESIAN_POINT('',(42.996125865202,16.554044788905,0.));
#1570 = CARTESIAN_POINT('',(42.28178489339,17.780994515732,22.4));
#1571 = CARTESIAN_POINT('',(42.28178489339,17.780994515732,0.));
#1572 = CARTESIAN_POINT('',(41.528309601515,18.906575835633,22.4));
#1573 = CARTESIAN_POINT('',(41.528309601515,18.906575835633,0.));
#1574 = CARTESIAN_POINT('',(40.77816037445,19.88506061512,22.4));
#1575 = CARTESIAN_POINT('',(40.77816037445,19.88506061512,0.));
#1576 = CARTESIAN_POINT('',(40.018822635305,20.756347199764,22.4));
#1577 = CARTESIAN_POINT('',(40.018822635305,20.756347199764,0.));
#1578 = CARTESIAN_POINT('',(39.252001177527,21.531819916348,22.4));
#1579 = CARTESIAN_POINT('',(39.252001177527,21.531819916348,0.));
#1580 = CARTESIAN_POINT('',(38.455118626687,22.23824036849,22.4));
#1581 = CARTESIAN_POINT('',(38.455118626687,22.23824036849,0.));
#1582 = CARTESIAN_POINT('',(37.670844465421,22.84666151334,22.4));
#1583 = CARTESIAN_POINT('',(37.670844465421,22.84666151334,0.));
#1584 = CARTESIAN_POINT('',(36.882464459251,23.382663599229,22.4));
#1585 = CARTESIAN_POINT('',(36.882464459251,23.382663599229,0.));
#1586 = CARTESIAN_POINT('',(36.090240930542,23.852095898519,22.4));
#1587 = CARTESIAN_POINT('',(36.090240930542,23.852095898519,0.));
#1588 = CARTESIAN_POINT('',(35.2716182404,24.268388952949,22.4));
#1589 = CARTESIAN_POINT('',(35.2716182404,24.268388952949,0.));
#1590 = CARTESIAN_POINT('',(34.469457333306,24.613214841898,22.4));
#1591 = CARTESIAN_POINT('',(34.469457333306,24.613214841898,0.));
#1592 = CARTESIAN_POINT('',(33.664781375549,24.901151690028,22.4));
#1593 = CARTESIAN_POINT('',(33.664781375549,24.901151690028,0.));
#1594 = CARTESIAN_POINT('',(32.857484457088,25.133902221527,22.4));
#1595 = CARTESIAN_POINT('',(32.857484457088,25.133902221527,0.));
#1596 = CARTESIAN_POINT('',(32.025488796271,25.31471719703,22.4));
#1597 = CARTESIAN_POINT('',(32.025488796271,25.31471719703,0.));
#1598 = CARTESIAN_POINT('',(31.211997089044,25.434053646165,22.4));
#1599 = CARTESIAN_POINT('',(31.211997089044,25.434053646165,0.));
#1600 = CARTESIAN_POINT('',(30.396429492387,25.497789728408,22.4));
#1601 = CARTESIAN_POINT('',(30.396429492387,25.497789728408,0.));
#1602 = CARTESIAN_POINT('',(29.578244309047,25.504573771542,22.4));
#1603 = CARTESIAN_POINT('',(29.578244309047,25.504573771542,0.));
#1604 = CARTESIAN_POINT('',(28.735898674199,25.448348001862,22.4));
#1605 = CARTESIAN_POINT('',(28.735898674199,25.448348001862,0.));
#1606 = CARTESIAN_POINT('',(27.912965863135,25.329004496977,22.4));
#1607 = CARTESIAN_POINT('',(27.912965863135,25.329004496977,0.));
#1608 = CARTESIAN_POINT('',(27.086977756782,25.143906934361,22.4));
#1609 = CARTESIAN_POINT('',(27.086977756782,25.143906934361,0.));
#1610 = CARTESIAN_POINT('',(26.257054110686,24.888447770486,22.4));
#1611 = CARTESIAN_POINT('',(26.257054110686,24.888447770486,0.));
#1612 = CARTESIAN_POINT('',(25.40317303539,24.546336102921,22.4));
#1613 = CARTESIAN_POINT('',(25.40317303539,24.546336102921,0.));
#1614 = CARTESIAN_POINT('',(24.570221961615,24.129457978725,22.4));
#1615 = CARTESIAN_POINT('',(24.570221961615,24.129457978725,0.));
#1616 = CARTESIAN_POINT('',(23.73441880244,23.624558274495,22.4));
#1617 = CARTESIAN_POINT('',(23.73441880244,23.624558274495,0.));
#1618 = CARTESIAN_POINT('',(22.896348770442,23.02370237878,22.4));
#1619 = CARTESIAN_POINT('',(22.896348770442,23.02370237878,0.));
#1620 = CARTESIAN_POINT('',(22.040430936586,22.29895895778,22.4));
#1621 = CARTESIAN_POINT('',(22.040430936586,22.29895895778,0.));
#1622 = CARTESIAN_POINT('',(21.211718502075,21.482354024601,22.4));
#1623 = CARTESIAN_POINT('',(21.211718502075,21.482354024601,0.));
#1624 = CARTESIAN_POINT('',(20.396570941608,20.539078373483,22.4));
#1625 = CARTESIAN_POINT('',(20.396570941608,20.539078373483,0.));
#1626 = CARTESIAN_POINT('',(19.598806375332,19.462460055041,22.4));
#1627 = CARTESIAN_POINT('',(19.598806375332,19.462460055041,0.));
#1628 = CARTESIAN_POINT('',(18.800959350008,18.219147665775,22.4));
#1629 = CARTESIAN_POINT('',(18.800959350008,18.219147665775,0.));
#1630 = CARTESIAN_POINT('',(18.052456378211,16.863724007216,22.4));
#1631 = CARTESIAN_POINT('',(18.052456378211,16.863724007216,0.));
#1632 = CARTESIAN_POINT('',(17.332908165115,15.354334101951,22.4));
#1633 = CARTESIAN_POINT('',(17.332908165115,15.354334101951,0.));
#1634 = CARTESIAN_POINT('',(16.650398469633,13.681543188194,22.4));
#1635 = CARTESIAN_POINT('',(16.650398469633,13.681543188194,0.));
#1636 = CARTESIAN_POINT('',(16.001691977485,11.790292003904,22.4));
#1637 = CARTESIAN_POINT('',(16.001691977485,11.790292003904,0.));
#1638 = CARTESIAN_POINT('',(15.430186626944,9.778497430159,22.4));
#1639 = CARTESIAN_POINT('',(15.430186626944,9.778497430159,0.));
#1640 = CARTESIAN_POINT('',(14.91911532609,7.55174154643,22.4));
#1641 = CARTESIAN_POINT('',(14.91911532609,7.55174154643,0.));
#1642 = CARTESIAN_POINT('',(14.4963157594,5.242708683599,22.4));
#1643 = CARTESIAN_POINT('',(14.4963157594,5.242708683599,0.));
#1644 = CARTESIAN_POINT('',(14.1111192811,2.259005341862,22.4));
#1645 = CARTESIAN_POINT('',(14.1111192811,2.259005341862,0.));
#1646 = CARTESIAN_POINT('',(14.069551089127,1.452824247307,22.4));
#1647 = CARTESIAN_POINT('',(14.069551089127,1.452824247307,0.));
#1648 = CARTESIAN_POINT('',(13.934913076131,-9.659132507772E-02,22.4));
#1649 = CARTESIAN_POINT('',(13.934913076131,-9.659132507772E-02,0.));
#1650 = DEFINITIONAL_REPRESENTATION('',(#1651),#1655);
#1651 = LINE('',#1652,#1653);
#1652 = CARTESIAN_POINT('',(67.031728548195,0.));
#1653 = VECTOR('',#1654,1.);
#1654 = DIRECTION('',(0.,-1.));
#1655 = ( GEOMETRIC_REPRESENTATION_CONTEXT(2) 
PARAMETRIC_REPRESENTATION_CONTEXT() REPRESENTATION_CONTEXT('2D SPACE',''
  ) );
#1656 = ORIENTED_EDGE('',*,*,#1657,.T.);
#1657 = EDGE_CURVE('',#1534,#1270,#1658,.T.);
#1658 = SURFACE_CURVE('',#1659,(#1663,#1670),.PCURVE_S1.);
#1659 = LINE('',#1660,#1661);
#1660 = CARTESIAN_POINT('',(13.934913076131,-9.659132507772E-02,22.4));
#1661 = VECTOR('',#1662,1.);
#1662 = DIRECTION('',(-0.538113173392,-0.842872595724,0.));
#1663 = PCURVE('',#1285,#1664);
#1664 = DEFINITIONAL_REPRESENTATION('',(#1665),#1669);
#1665 = LINE('',#1666,#1667);
#1666 = CARTESIAN_POINT('',(0.,-22.4));
#1667 = VECTOR('',#1668,1.);
#1668 = DIRECTION('',(1.,0.));
#1669 = ( GEOMETRIC_REPRESENTATION_CONTEXT(2) 
PARAMETRIC_REPRESENTATION_CONTEXT() REPRESENTATION_CONTEXT('2D SPACE',''
  ) );
#1670 = PCURVE('',#66,#1671);
#1671 = DEFINITIONAL_REPRESENTATION('',(#1672),#1676);
#1672 = LINE('',#1673,#1674);
#1673 = CARTESIAN_POINT('',(13.934913076131,-9.659132507773E-02));
#1674 = VECTOR('',#1675,1.);
#1675 = DIRECTION('',(-0.538113173392,-0.842872595724));
#1676 = ( GEOMETRIC_REPRESENTATION_CONTEXT(2) 
PARAMETRIC_REPRESENTATION_CONTEXT() REPRESENTATION_CONTEXT('2D SPACE',''
  ) );
#1677 = ORIENTED_EDGE('',*,*,#1267,.F.);
#1678 = ORIENTED_EDGE('',*,*,#1679,.F.);
#1679 = EDGE_CURVE('',#1532,#1268,#1680,.T.);
#1680 = SURFACE_CURVE('',#1681,(#1685,#1692),.PCURVE_S1.);
#1681 = LINE('',#1682,#1683);
#1682 = CARTESIAN_POINT('',(13.934913076131,-9.659132507772E-02,0.));
#1683 = VECTOR('',#1684,1.);
#1684 = DIRECTION('',(-0.538113173392,-0.842872595724,0.));
#1685 = PCURVE('',#1285,#1686);
#1686 = DEFINITIONAL_REPRESENTATION('',(#1687),#1691);
#1687 = LINE('',#1688,#1689);
#1688 = CARTESIAN_POINT('',(0.,0.));
#1689 = VECTOR('',#1690,1.);
#1690 = DIRECTION('',(1.,0.));
#1691 = ( GEOMETRIC_REPRESENTATION_CONTEXT(2) 
PARAMETRIC_REPRESENTATION_CONTEXT() REPRESENTATION_CONTEXT('2D SPACE',''
  ) );
#1692 = PCURVE('',#94,#1693);
#1693 = DEFINITIONAL_REPRESENTATION('',(#1694),#1698);
#1694 = LINE('',#1695,#1696);
#1695 = CARTESIAN_POINT('',(13.934913076131,-9.659132507773E-02));
#1696 = VECTOR('',#1697,1.);
#1697 = DIRECTION('',(-0.538113173392,-0.842872595724));
#1698 = ( GEOMETRIC_REPRESENTATION_CONTEXT(2) 
PARAMETRIC_REPRESENTATION_CONTEXT() REPRESENTATION_CONTEXT('2D SPACE',''
  ) );
#1699 = ADVANCED_FACE('',(#1700),#1549,.T.);
#1700 = FACE_BOUND('',#1701,.T.);
#1701 = EDGE_LOOP('',(#1702,#1727,#1842,#1843));
#1702 = ORIENTED_EDGE('',*,*,#1703,.T.);
#1703 = EDGE_CURVE('',#1704,#1706,#1708,.T.);
#1704 = VERTEX_POINT('',#1705);
#1705 = CARTESIAN_POINT('',(47.50629678931,-0.112044317377,0.));
#1706 = VERTEX_POINT('',#1707);
#1707 = CARTESIAN_POINT('',(47.50629678931,-0.112044317377,22.4));
#1708 = SURFACE_CURVE('',#1709,(#1713,#1720),.PCURVE_S1.);
#1709 = LINE('',#1710,#1711);
#1710 = CARTESIAN_POINT('',(47.50629678931,-0.112044317377,0.));
#1711 = VECTOR('',#1712,1.);
#1712 = DIRECTION('',(0.,0.,1.));
#1713 = PCURVE('',#1549,#1714);
#1714 = DEFINITIONAL_REPRESENTATION('',(#1715),#1719);
#1715 = LINE('',#1716,#1717);
#1716 = CARTESIAN_POINT('',(0.,0.));
#1717 = VECTOR('',#1718,1.);
#1718 = DIRECTION('',(0.,-1.));
#1719 = ( GEOMETRIC_REPRESENTATION_CONTEXT(2) 
PARAMETRIC_REPRESENTATION_CONTEXT() REPRESENTATION_CONTEXT('2D SPACE',''
  ) );
#1720 = PCURVE('',#1230,#1721);
#1721 = DEFINITIONAL_REPRESENTATION('',(#1722),#1726);
#1722 = LINE('',#1723,#1724);
#1723 = CARTESIAN_POINT('',(5.343068391945,0.));
#1724 = VECTOR('',#1725,1.);
#1725 = DIRECTION('',(0.,-1.));
#1726 = ( GEOMETRIC_REPRESENTATION_CONTEXT(2) 
PARAMETRIC_REPRESENTATION_CONTEXT() REPRESENTATION_CONTEXT('2D SPACE',''
  ) );
#1727 = ORIENTED_EDGE('',*,*,#1728,.T.);
#1728 = EDGE_CURVE('',#1706,#1534,#1729,.T.);
#1729 = SURFACE_CURVE('',#1730,(#1781,#1788),.PCURVE_S1.);
#1730 = B_SPLINE_CURVE_WITH_KNOTS('',3,(#1731,#1732,#1733,#1734,#1735,
    #1736,#1737,#1738,#1739,#1740,#1741,#1742,#1743,#1744,#1745,#1746,
    #1747,#1748,#1749,#1750,#1751,#1752,#1753,#1754,#1755,#1756,#1757,
    #1758,#1759,#1760,#1761,#1762,#1763,#1764,#1765,#1766,#1767,#1768,
    #1769,#1770,#1771,#1772,#1773,#1774,#1775,#1776,#1777,#1778,#1779,
    #1780),.UNSPECIFIED.,.F.,.F.,(4,1,1,1,1,1,1,1,1,1,1,1,1,1,1,1,1,1,1,
    1,1,1,1,1,1,1,1,1,1,1,1,1,1,1,1,1,1,1,1,1,1,1,1,1,1,1,1,4),(0.,
    3.010134173011,5.734866089906,8.204243200285,10.280216915947,
    12.332164523515,14.201956865391,15.911237845672,17.363900720308,
    18.819208714806,20.167747400886,21.42468716853,22.515414853025,
    23.632925452475,24.694050367351,25.707901186754,26.608581862701,
    27.552388564938,28.468532489134,29.361872223827,30.169943636586,
    31.030962627216,31.880548884696,32.72227944396,33.495545472128,
    34.332992621126,35.174663745336,36.025783427864,36.825011523752,
    37.711824801461,38.627874308414,39.58148948206,40.502911686362,
    41.554574841448,42.671594637474,43.864256147866,45.041219012251,
    46.408073524505,47.880684921353,49.469922617188,51.049935999727,
    52.894334824252,54.887680127977,57.041280206621,59.18142193199,
    61.675679145654,64.364419403117,67.031728548195),.UNSPECIFIED.);
#1731 = CARTESIAN_POINT('',(47.50629678931,-0.112044317377,22.4));
#1732 = CARTESIAN_POINT('',(47.378605176017,0.867145985927,22.4));
#1733 = CARTESIAN_POINT('',(47.157240471303,2.789167280934,22.4));
#1734 = CARTESIAN_POINT('',(46.689093504147,5.476471585653,22.4));
#1735 = CARTESIAN_POINT('',(46.180738326391,7.848475237921,22.4));
#1736 = CARTESIAN_POINT('',(45.621165975043,9.975558559665,22.4));
#1737 = CARTESIAN_POINT('',(45.021767225061,11.883829842938,22.4));
#1738 = CARTESIAN_POINT('',(44.365370847082,13.643274360682,22.4));
#1739 = CARTESIAN_POINT('',(43.692245683265,15.180542784294,22.4));
#1740 = CARTESIAN_POINT('',(42.996125865202,16.554044788905,22.4));
#1741 = CARTESIAN_POINT('',(42.28178489339,17.780994515732,22.4));
#1742 = CARTESIAN_POINT('',(41.528309601515,18.906575835633,22.4));
#1743 = CARTESIAN_POINT('',(40.77816037445,19.88506061512,22.4));
#1744 = CARTESIAN_POINT('',(40.018822635305,20.756347199764,22.4));
#1745 = CARTESIAN_POINT('',(39.252001177527,21.531819916348,22.4));
#1746 = CARTESIAN_POINT('',(38.455118626687,22.23824036849,22.4));
#1747 = CARTESIAN_POINT('',(37.670844465421,22.84666151334,22.4));
#1748 = CARTESIAN_POINT('',(36.882464459251,23.382663599229,22.4));
#1749 = CARTESIAN_POINT('',(36.090240930542,23.852095898519,22.4));
#1750 = CARTESIAN_POINT('',(35.2716182404,24.268388952949,22.4));
#1751 = CARTESIAN_POINT('',(34.469457333306,24.613214841898,22.4));
#1752 = CARTESIAN_POINT('',(33.664781375549,24.901151690028,22.4));
#1753 = CARTESIAN_POINT('',(32.857484457088,25.133902221527,22.4));
#1754 = CARTESIAN_POINT('',(32.025488796271,25.31471719703,22.4));
#1755 = CARTESIAN_POINT('',(31.211997089044,25.434053646165,22.4));
#1756 = CARTESIAN_POINT('',(30.396429492387,25.497789728408,22.4));
#1757 = CARTESIAN_POINT('',(29.578244309047,25.504573771542,22.4));
#1758 = CARTESIAN_POINT('',(28.735898674199,25.448348001862,22.4));
#1759 = CARTESIAN_POINT('',(27.912965863135,25.329004496977,22.4));
#1760 = CARTESIAN_POINT('',(27.086977756782,25.143906934361,22.4));
#1761 = CARTESIAN_POINT('',(26.257054110686,24.888447770486,22.4));
#1762 = CARTESIAN_POINT('',(25.40317303539,24.546336102921,22.4));
#1763 = CARTESIAN_POINT('',(24.570221961615,24.129457978725,22.4));
#1764 = CARTESIAN_POINT('',(23.73441880244,23.624558274495,22.4));
#1765 = CARTESIAN_POINT('',(22.896348770442,23.02370237878,22.4));
#1766 = CARTESIAN_POINT('',(22.040430936586,22.29895895778,22.4));
#1767 = CARTESIAN_POINT('',(21.211718502075,21.482354024601,22.4));
#1768 = CARTESIAN_POINT('',(20.396570941608,20.539078373483,22.4));
#1769 = CARTESIAN_POINT('',(19.598806375332,19.462460055041,22.4));
#1770 = CARTESIAN_POINT('',(18.800959350008,18.219147665775,22.4));
#1771 = CARTESIAN_POINT('',(18.052456378211,16.863724007216,22.4));
#1772 = CARTESIAN_POINT('',(17.332908165115,15.354334101951,22.4));
#1773 = CARTESIAN_POINT('',(16.650398469633,13.681543188194,22.4));
#1774 = CARTESIAN_POINT('',(16.001691977485,11.790292003904,22.4));
#1775 = CARTESIAN_POINT('',(15.430186626944,9.778497430159,22.4));
#1776 = CARTESIAN_POINT('',(14.91911532609,7.55174154643,22.4));
#1777 = CARTESIAN_POINT('',(14.4963157594,5.242708683599,22.4));
#1778 = CARTESIAN_POINT('',(14.1111192811,2.259005341862,22.4));
#1779 = CARTESIAN_POINT('',(14.069551089127,1.452824247307,22.4));
#1780 = CARTESIAN_POINT('',(13.934913076131,-9.659132507772E-02,22.4));
#1781 = PCURVE('',#1549,#1782);
#1782 = DEFINITIONAL_REPRESENTATION('',(#1783),#1787);
#1783 = LINE('',#1784,#1785);
#1784 = CARTESIAN_POINT('',(0.,-22.4));
#1785 = VECTOR('',#1786,1.);
#1786 = DIRECTION('',(1.,0.));
#1787 = ( GEOMETRIC_REPRESENTATION_CONTEXT(2) 
PARAMETRIC_REPRESENTATION_CONTEXT() REPRESENTATION_CONTEXT('2D SPACE',''
  ) );
#1788 = PCURVE('',#66,#1789);
#1789 = DEFINITIONAL_REPRESENTATION('',(#1790),#1841);
#1790 = B_SPLINE_CURVE_WITH_KNOTS('',3,(#1791,#1792,#1793,#1794,#1795,
    #1796,#1797,#1798,#1799,#1800,#1801,#1802,#1803,#1804,#1805,#1806,
    #1807,#1808,#1809,#1810,#1811,#1812,#1813,#1814,#1815,#1816,#1817,
    #1818,#1819,#1820,#1821,#1822,#1823,#1824,#1825,#1826,#1827,#1828,
    #1829,#1830,#1831,#1832,#1833,#1834,#1835,#1836,#1837,#1838,#1839,
    #1840),.UNSPECIFIED.,.F.,.F.,(4,1,1,1,1,1,1,1,1,1,1,1,1,1,1,1,1,1,1,
    1,1,1,1,1,1,1,1,1,1,1,1,1,1,1,1,1,1,1,1,1,1,1,1,1,1,1,1,4),(0.,
    3.010134173011,5.734866089906,8.204243200285,10.280216915947,
    12.332164523515,14.201956865391,15.911237845672,17.363900720308,
    18.819208714806,20.167747400886,21.42468716853,22.515414853025,
    23.632925452475,24.694050367351,25.707901186754,26.608581862701,
    27.552388564938,28.468532489134,29.361872223827,30.169943636586,
    31.030962627216,31.880548884696,32.72227944396,33.495545472128,
    34.332992621126,35.174663745336,36.025783427864,36.825011523752,
    37.711824801461,38.627874308414,39.58148948206,40.502911686362,
    41.554574841448,42.671594637474,43.864256147866,45.041219012251,
    46.408073524505,47.880684921353,49.469922617188,51.049935999727,
    52.894334824252,54.887680127977,57.041280206621,59.18142193199,
    61.675679145654,64.364419403117,67.031728548195),.UNSPECIFIED.);
#1791 = CARTESIAN_POINT('',(47.50629678931,-0.112044317377));
#1792 = CARTESIAN_POINT('',(47.378605176017,0.867145985927));
#1793 = CARTESIAN_POINT('',(47.157240471303,2.789167280934));
#1794 = CARTESIAN_POINT('',(46.689093504147,5.476471585653));
#1795 = CARTESIAN_POINT('',(46.180738326391,7.848475237921));
#1796 = CARTESIAN_POINT('',(45.621165975043,9.975558559665));
#1797 = CARTESIAN_POINT('',(45.021767225061,11.883829842938));
#1798 = CARTESIAN_POINT('',(44.365370847082,13.643274360682));
#1799 = CARTESIAN_POINT('',(43.692245683265,15.180542784294));
#1800 = CARTESIAN_POINT('',(42.996125865202,16.554044788905));
#1801 = CARTESIAN_POINT('',(42.28178489339,17.780994515732));
#1802 = CARTESIAN_POINT('',(41.528309601515,18.906575835633));
#1803 = CARTESIAN_POINT('',(40.77816037445,19.88506061512));
#1804 = CARTESIAN_POINT('',(40.018822635305,20.756347199764));
#1805 = CARTESIAN_POINT('',(39.252001177527,21.531819916348));
#1806 = CARTESIAN_POINT('',(38.455118626687,22.23824036849));
#1807 = CARTESIAN_POINT('',(37.670844465421,22.84666151334));
#1808 = CARTESIAN_POINT('',(36.882464459251,23.382663599229));
#1809 = CARTESIAN_POINT('',(36.090240930542,23.852095898519));
#1810 = CARTESIAN_POINT('',(35.2716182404,24.268388952949));
#1811 = CARTESIAN_POINT('',(34.469457333306,24.613214841898));
#1812 = CARTESIAN_POINT('',(33.664781375549,24.901151690028));
#1813 = CARTESIAN_POINT('',(32.857484457088,25.133902221527));
#1814 = CARTESIAN_POINT('',(32.025488796271,25.31471719703));
#1815 = CARTESIAN_POINT('',(31.211997089044,25.434053646165));
#1816 = CARTESIAN_POINT('',(30.396429492387,25.497789728408));
#1817 = CARTESIAN_POINT('',(29.578244309047,25.504573771542));
#1818 = CARTESIAN_POINT('',(28.735898674199,25.448348001862));
#1819 = CARTESIAN_POINT('',(27.912965863135,25.329004496977));
#1820 = CARTESIAN_POINT('',(27.086977756782,25.143906934361));
#1821 = CARTESIAN_POINT('',(26.257054110686,24.888447770486));
#1822 = CARTESIAN_POINT('',(25.40317303539,24.546336102921));
#1823 = CARTESIAN_POINT('',(24.570221961615,24.129457978725));
#1824 = CARTESIAN_POINT('',(23.73441880244,23.624558274495));
#1825 = CARTESIAN_POINT('',(22.896348770442,23.02370237878));
#1826 = CARTESIAN_POINT('',(22.040430936586,22.29895895778));
#1827 = CARTESIAN_POINT('',(21.211718502075,21.482354024601));
#1828 = CARTESIAN_POINT('',(20.396570941608,20.539078373483));
#1829 = CARTESIAN_POINT('',(19.598806375332,19.462460055041));
#1830 = CARTESIAN_POINT('',(18.800959350008,18.219147665775));
#1831 = CARTESIAN_POINT('',(18.052456378211,16.863724007216));
#1832 = CARTESIAN_POINT('',(17.332908165115,15.354334101951));
#1833 = CARTESIAN_POINT('',(16.650398469633,13.681543188194));
#1834 = CARTESIAN_POINT('',(16.001691977485,11.790292003904));
#1835 = CARTESIAN_POINT('',(15.430186626944,9.778497430159));
#1836 = CARTESIAN_POINT('',(14.91911532609,7.55174154643));
#1837 = CARTESIAN_POINT('',(14.4963157594,5.242708683599));
#1838 = CARTESIAN_POINT('',(14.1111192811,2.259005341862));
#1839 = CARTESIAN_POINT('',(14.069551089127,1.452824247307));
#1840 = CARTESIAN_POINT('',(13.934913076131,-9.659132507773E-02));
#1841 = ( GEOMETRIC_REPRESENTATION_CONTEXT(2) 
PARAMETRIC_REPRESENTATION_CONTEXT() REPRESENTATION_CONTEXT('2D SPACE',''
  ) );
#1842 = ORIENTED_EDGE('',*,*,#1531,.F.);
#1843 = ORIENTED_EDGE('',*,*,#1844,.F.);
#1844 = EDGE_CURVE('',#1704,#1532,#1845,.T.);
#1845 = SURFACE_CURVE('',#1846,(#1897,#1904),.PCURVE_S1.);
#1846 = B_SPLINE_CURVE_WITH_KNOTS('',3,(#1847,#1848,#1849,#1850,#1851,
    #1852,#1853,#1854,#1855,#1856,#1857,#1858,#1859,#1860,#1861,#1862,
    #1863,#1864,#1865,#1866,#1867,#1868,#1869,#1870,#1871,#1872,#1873,
    #1874,#1875,#1876,#1877,#1878,#1879,#1880,#1881,#1882,#1883,#1884,
    #1885,#1886,#1887,#1888,#1889,#1890,#1891,#1892,#1893,#1894,#1895,
    #1896),.UNSPECIFIED.,.F.,.F.,(4,1,1,1,1,1,1,1,1,1,1,1,1,1,1,1,1,1,1,
    1,1,1,1,1,1,1,1,1,1,1,1,1,1,1,1,1,1,1,1,1,1,1,1,1,1,1,1,4),(0.,
    3.010134173011,5.734866089906,8.204243200285,10.280216915947,
    12.332164523515,14.201956865391,15.911237845672,17.363900720308,
    18.819208714806,20.167747400886,21.42468716853,22.515414853025,
    23.632925452475,24.694050367351,25.707901186754,26.608581862701,
    27.552388564938,28.468532489134,29.361872223827,30.169943636586,
    31.030962627216,31.880548884696,32.72227944396,33.495545472128,
    34.332992621126,35.174663745336,36.025783427864,36.825011523752,
    37.711824801461,38.627874308414,39.58148948206,40.502911686362,
    41.554574841448,42.671594637474,43.864256147866,45.041219012251,
    46.408073524505,47.880684921353,49.469922617188,51.049935999727,
    52.894334824252,54.887680127977,57.041280206621,59.18142193199,
    61.675679145654,64.364419403117,67.031728548195),.UNSPECIFIED.);
#1847 = CARTESIAN_POINT('',(47.50629678931,-0.112044317377,0.));
#1848 = CARTESIAN_POINT('',(47.378605176017,0.867145985927,0.));
#1849 = CARTESIAN_POINT('',(47.157240471303,2.789167280934,0.));
#1850 = CARTESIAN_POINT('',(46.689093504147,5.476471585653,0.));
#1851 = CARTESIAN_POINT('',(46.180738326391,7.848475237921,0.));
#1852 = CARTESIAN_POINT('',(45.621165975043,9.975558559665,0.));
#1853 = CARTESIAN_POINT('',(45.021767225061,11.883829842938,0.));
#1854 = CARTESIAN_POINT('',(44.365370847082,13.643274360682,0.));
#1855 = CARTESIAN_POINT('',(43.692245683265,15.180542784294,0.));
#1856 = CARTESIAN_POINT('',(42.996125865202,16.554044788905,0.));
#1857 = CARTESIAN_POINT('',(42.28178489339,17.780994515732,0.));
#1858 = CARTESIAN_POINT('',(41.528309601515,18.906575835633,0.));
#1859 = CARTESIAN_POINT('',(40.77816037445,19.88506061512,0.));
#1860 = CARTESIAN_POINT('',(40.018822635305,20.756347199764,0.));
#1861 = CARTESIAN_POINT('',(39.252001177527,21.531819916348,0.));
#1862 = CARTESIAN_POINT('',(38.455118626687,22.23824036849,0.));
#1863 = CARTESIAN_POINT('',(37.670844465421,22.84666151334,0.));
#1864 = CARTESIAN_POINT('',(36.882464459251,23.382663599229,0.));
#1865 = CARTESIAN_POINT('',(36.090240930542,23.852095898519,0.));
#1866 = CARTESIAN_POINT('',(35.2716182404,24.268388952949,0.));
#1867 = CARTESIAN_POINT('',(34.469457333306,24.613214841898,0.));
#1868 = CARTESIAN_POINT('',(33.664781375549,24.901151690028,0.));
#1869 = CARTESIAN_POINT('',(32.857484457088,25.133902221527,0.));
#1870 = CARTESIAN_POINT('',(32.025488796271,25.31471719703,0.));
#1871 = CARTESIAN_POINT('',(31.211997089044,25.434053646165,0.));
#1872 = CARTESIAN_POINT('',(30.396429492387,25.497789728408,0.));
#1873 = CARTESIAN_POINT('',(29.578244309047,25.504573771542,0.));
#1874 = CARTESIAN_POINT('',(28.735898674199,25.448348001862,0.));
#1875 = CARTESIAN_POINT('',(27.912965863135,25.329004496977,0.));
#1876 = CARTESIAN_POINT('',(27.086977756782,25.143906934361,0.));
#1877 = CARTESIAN_POINT('',(26.257054110686,24.888447770486,0.));
#1878 = CARTESIAN_POINT('',(25.40317303539,24.546336102921,0.));
#1879 = CARTESIAN_POINT('',(24.570221961615,24.129457978725,0.));
#1880 = CARTESIAN_POINT('',(23.73441880244,23.624558274495,0.));
#1881 = CARTESIAN_POINT('',(22.896348770442,23.02370237878,0.));
#1882 = CARTESIAN_POINT('',(22.040430936586,22.29895895778,0.));
#1883 = CARTESIAN_POINT('',(21.211718502075,21.482354024601,0.));
#1884 = CARTESIAN_POINT('',(20.396570941608,20.539078373483,0.));
#1885 = CARTESIAN_POINT('',(19.598806375332,19.462460055041,0.));
#1886 = CARTESIAN_POINT('',(18.800959350008,18.219147665775,0.));
#1887 = CARTESIAN_POINT('',(18.052456378211,16.863724007216,0.));
#1888 = CARTESIAN_POINT('',(17.332908165115,15.354334101951,0.));
#1889 = CARTESIAN_POINT('',(16.650398469633,13.681543188194,0.));
#1890 = CARTESIAN_POINT('',(16.001691977485,11.790292003904,0.));
#1891 = CARTESIAN_POINT('',(15.430186626944,9.778497430159,0.));
#1892 = CARTESIAN_POINT('',(14.91911532609,7.55174154643,0.));
#1893 = CARTESIAN_POINT('',(14.4963157594,5.242708683599,0.));
#1894 = CARTESIAN_POINT('',(14.1111192811,2.259005341862,0.));
#1895 = CARTESIAN_POINT('',(14.069551089127,1.452824247307,0.));
#1896 = CARTESIAN_POINT('',(13.934913076131,-9.659132507772E-02,0.));
#1897 = PCURVE('',#1549,#1898);
#1898 = DEFINITIONAL_REPRESENTATION('',(#1899),#1903);
#1899 = LINE('',#1900,#1901);
#1900 = CARTESIAN_POINT('',(0.,0.));
#1901 = VECTOR('',#1902,1.);
#1902 = DIRECTION('',(1.,0.));
#1903 = ( GEOMETRIC_REPRESENTATION_CONTEXT(2) 
PARAMETRIC_REPRESENTATION_CONTEXT() REPRESENTATION_CONTEXT('2D SPACE',''
  ) );
#1904 = PCURVE('',#94,#1905);
#1905 = DEFINITIONAL_REPRESENTATION('',(#1906),#1957);
#1906 = B_SPLINE_CURVE_WITH_KNOTS('',3,(#1907,#1908,#1909,#1910,#1911,
    #1912,#1913,#1914,#1915,#1916,#1917,#1918,#1919,#1920,#1921,#1922,
    #1923,#1924,#1925,#1926,#1927,#1928,#1929,#1930,#1931,#1932,#1933,
    #1934,#1935,#1936,#1937,#1938,#1939,#1940,#1941,#1942,#1943,#1944,
    #1945,#1946,#1947,#1948,#1949,#1950,#1951,#1952,#1953,#1954,#1955,
    #1956),.UNSPECIFIED.,.F.,.F.,(4,1,1,1,1,1,1,1,1,1,1,1,1,1,1,1,1,1,1,
    1,1,1,1,1,1,1,1,1,1,1,1,1,1,1,1,1,1,1,1,1,1,1,1,1,1,1,1,4),(0.,
    3.010134173011,5.734866089906,8.204243200285,10.280216915947,
    12.332164523515,14.201956865391,15.911237845672,17.363900720308,
    18.819208714806,20.167747400886,21.42468716853,22.515414853025,
    23.632925452475,24.694050367351,25.707901186754,26.608581862701,
    27.552388564938,28.468532489134,29.361872223827,30.169943636586,
    31.030962627216,31.880548884696,32.72227944396,33.495545472128,
    34.332992621126,35.174663745336,36.025783427864,36.825011523752,
    37.711824801461,38.627874308414,39.58148948206,40.502911686362,
    41.554574841448,42.671594637474,43.864256147866,45.041219012251,
    46.408073524505,47.880684921353,49.469922617188,51.049935999727,
    52.894334824252,54.887680127977,57.041280206621,59.18142193199,
    61.675679145654,64.364419403117,67.031728548195),.UNSPECIFIED.);
#1907 = CARTESIAN_POINT('',(47.50629678931,-0.112044317377));
#1908 = CARTESIAN_POINT('',(47.378605176017,0.867145985927));
#1909 = CARTESIAN_POINT('',(47.157240471303,2.789167280934));
#1910 = CARTESIAN_POINT('',(46.689093504147,5.476471585653));
#1911 = CARTESIAN_POINT('',(46.180738326391,7.848475237921));
#1912 = CARTESIAN_POINT('',(45.621165975043,9.975558559665));
#1913 = CARTESIAN_POINT('',(45.021767225061,11.883829842938));
#1914 = CARTESIAN_POINT('',(44.365370847082,13.643274360682));
#1915 = CARTESIAN_POINT('',(43.692245683265,15.180542784294));
#1916 = CARTESIAN_POINT('',(42.996125865202,16.554044788905));
#1917 = CARTESIAN_POINT('',(42.28178489339,17.780994515732));
#1918 = CARTESIAN_POINT('',(41.528309601515,18.906575835633));
#1919 = CARTESIAN_POINT('',(40.77816037445,19.88506061512));
#1920 = CARTESIAN_POINT('',(40.018822635305,20.756347199764));
#1921 = CARTESIAN_POINT('',(39.252001177527,21.531819916348));
#1922 = CARTESIAN_POINT('',(38.455118626687,22.23824036849));
#1923 = CARTESIAN_POINT('',(37.670844465421,22.84666151334));
#1924 = CARTESIAN_POINT('',(36.882464459251,23.382663599229));
#1925 = CARTESIAN_POINT('',(36.090240930542,23.852095898519));
#1926 = CARTESIAN_POINT('',(35.2716182404,24.268388952949));
#1927 = CARTESIAN_POINT('',(34.469457333306,24.613214841898));
#1928 = CARTESIAN_POINT('',(33.664781375549,24.901151690028));
#1929 = CARTESIAN_POINT('',(32.857484457088,25.133902221527));
#1930 = CARTESIAN_POINT('',(32.025488796271,25.31471719703));
#1931 = CARTESIAN_POINT('',(31.211997089044,25.434053646165));
#1932 = CARTESIAN_POINT('',(30.396429492387,25.497789728408));
#1933 = CARTESIAN_POINT('',(29.578244309047,25.504573771542));
#1934 = CARTESIAN_POINT('',(28.735898674199,25.448348001862));
#1935 = CARTESIAN_POINT('',(27.912965863135,25.329004496977));
#1936 = CARTESIAN_POINT('',(27.086977756782,25.143906934361));
#1937 = CARTESIAN_POINT('',(26.257054110686,24.888447770486));
#1938 = CARTESIAN_POINT('',(25.40317303539,24.546336102921));
#1939 = CARTESIAN_POINT('',(24.570221961615,24.129457978725));
#1940 = CARTESIAN_POINT('',(23.73441880244,23.624558274495));
#1941 = CARTESIAN_POINT('',(22.896348770442,23.02370237878));
#1942 = CARTESIAN_POINT('',(22.040430936586,22.29895895778));
#1943 = CARTESIAN_POINT('',(21.211718502075,21.482354024601));
#1944 = CARTESIAN_POINT('',(20.396570941608,20.539078373483));
#1945 = CARTESIAN_POINT('',(19.598806375332,19.462460055041));
#1946 = CARTESIAN_POINT('',(18.800959350008,18.219147665775));
#1947 = CARTESIAN_POINT('',(18.052456378211,16.863724007216));
#1948 = CARTESIAN_POINT('',(17.332908165115,15.354334101951));
#1949 = CARTESIAN_POINT('',(16.650398469633,13.681543188194));
#1950 = CARTESIAN_POINT('',(16.001691977485,11.790292003904));
#1951 = CARTESIAN_POINT('',(15.430186626944,9.778497430159));
#1952 = CARTESIAN_POINT('',(14.91911532609,7.55174154643));
#1953 = CARTESIAN_POINT('',(14.4963157594,5.242708683599));
#1954 = CARTESIAN_POINT('',(14.1111192811,2.259005341862));
#1955 = CARTESIAN_POINT('',(14.069551089127,1.452824247307));
#1956 = CARTESIAN_POINT('',(13.934913076131,-9.659132507773E-02));
#1957 = ( GEOMETRIC_REPRESENTATION_CONTEXT(2) 
PARAMETRIC_REPRESENTATION_CONTEXT() REPRESENTATION_CONTEXT('2D SPACE',''
  ) );
#1958 = ADVANCED_FACE('',(#1959),#1230,.T.);
#1959 = FACE_BOUND('',#1960,.T.);
#1960 = EDGE_LOOP('',(#1961,#1962,#1983,#1984));
#1961 = ORIENTED_EDGE('',*,*,#1214,.T.);
#1962 = ORIENTED_EDGE('',*,*,#1963,.T.);
#1963 = EDGE_CURVE('',#1191,#1706,#1964,.T.);
#1964 = SURFACE_CURVE('',#1965,(#1969,#1976),.PCURVE_S1.);
#1965 = LINE('',#1966,#1967);
#1966 = CARTESIAN_POINT('',(48.985465124352,-11.45349560161,22.4));
#1967 = VECTOR('',#1968,1.);
#1968 = DIRECTION('',(-0.129326168539,0.991602108777,0.));
#1969 = PCURVE('',#1230,#1970);
#1970 = DEFINITIONAL_REPRESENTATION('',(#1971),#1975);
#1971 = LINE('',#1972,#1973);
#1972 = CARTESIAN_POINT('',(-6.094433791488,-22.4));
#1973 = VECTOR('',#1974,1.);
#1974 = DIRECTION('',(1.,0.));
#1975 = ( GEOMETRIC_REPRESENTATION_CONTEXT(2) 
PARAMETRIC_REPRESENTATION_CONTEXT() REPRESENTATION_CONTEXT('2D SPACE',''
  ) );
#1976 = PCURVE('',#66,#1977);
#1977 = DEFINITIONAL_REPRESENTATION('',(#1978),#1982);
#1978 = LINE('',#1979,#1980);
#1979 = CARTESIAN_POINT('',(48.985465124352,-11.45349560161));
#1980 = VECTOR('',#1981,1.);
#1981 = DIRECTION('',(-0.129326168539,0.991602108777));
#1982 = ( GEOMETRIC_REPRESENTATION_CONTEXT(2) 
PARAMETRIC_REPRESENTATION_CONTEXT() REPRESENTATION_CONTEXT('2D SPACE',''
  ) );
#1983 = ORIENTED_EDGE('',*,*,#1703,.F.);
#1984 = ORIENTED_EDGE('',*,*,#1985,.F.);
#1985 = EDGE_CURVE('',#1215,#1704,#1986,.T.);
#1986 = SURFACE_CURVE('',#1987,(#1991,#1998),.PCURVE_S1.);
#1987 = LINE('',#1988,#1989);
#1988 = CARTESIAN_POINT('',(48.985465124352,-11.45349560161,0.));
#1989 = VECTOR('',#1990,1.);
#1990 = DIRECTION('',(-0.129326168539,0.991602108777,0.));
#1991 = PCURVE('',#1230,#1992);
#1992 = DEFINITIONAL_REPRESENTATION('',(#1993),#1997);
#1993 = LINE('',#1994,#1995);
#1994 = CARTESIAN_POINT('',(-6.094433791488,-0.));
#1995 = VECTOR('',#1996,1.);
#1996 = DIRECTION('',(1.,0.));
#1997 = ( GEOMETRIC_REPRESENTATION_CONTEXT(2) 
PARAMETRIC_REPRESENTATION_CONTEXT() REPRESENTATION_CONTEXT('2D SPACE',''
  ) );
#1998 = PCURVE('',#94,#1999);
#1999 = DEFINITIONAL_REPRESENTATION('',(#2000),#2004);
#2000 = LINE('',#2001,#2002);
#2001 = CARTESIAN_POINT('',(48.985465124352,-11.45349560161));
#2002 = VECTOR('',#2003,1.);
#2003 = DIRECTION('',(-0.129326168539,0.991602108777));
#2004 = ( GEOMETRIC_REPRESENTATION_CONTEXT(2) 
PARAMETRIC_REPRESENTATION_CONTEXT() REPRESENTATION_CONTEXT('2D SPACE',''
  ) );
#2005 = ADVANCED_FACE('',(#2006),#2020,.F.);
#2006 = FACE_BOUND('',#2007,.T.);
#2007 = EDGE_LOOP('',(#2008,#2139,#2163,#2191));
#2008 = ORIENTED_EDGE('',*,*,#2009,.T.);
#2009 = EDGE_CURVE('',#2010,#2012,#2014,.T.);
#2010 = VERTEX_POINT('',#2011);
#2011 = CARTESIAN_POINT('',(34.679206459732,-33.90579064589,0.));
#2012 = VERTEX_POINT('',#2013);
#2013 = CARTESIAN_POINT('',(34.679206459732,-33.90579064589,22.4));
#2014 = SURFACE_CURVE('',#2015,(#2019,#2031),.PCURVE_S1.);
#2015 = LINE('',#2016,#2017);
#2016 = CARTESIAN_POINT('',(34.679206459732,-33.90579064589,0.));
#2017 = VECTOR('',#2018,1.);
#2018 = DIRECTION('',(0.,0.,1.));
#2019 = PCURVE('',#2020,#2025);
#2020 = CYLINDRICAL_SURFACE('',#2021,48.5);
#2021 = AXIS2_PLACEMENT_3D('',#2022,#2023,#2024);
#2022 = CARTESIAN_POINT('',(0.,0.,0.));
#2023 = DIRECTION('',(-0.,-0.,-1.));
#2024 = DIRECTION('',(1.,0.,-0.));
#2025 = DEFINITIONAL_REPRESENTATION('',(#2026),#2030);
#2026 = LINE('',#2027,#2028);
#2027 = CARTESIAN_POINT('',(-5.509063415054,0.));
#2028 = VECTOR('',#2029,1.);
#2029 = DIRECTION('',(-0.,-1.));
#2030 = ( GEOMETRIC_REPRESENTATION_CONTEXT(2) 
PARAMETRIC_REPRESENTATION_CONTEXT() REPRESENTATION_CONTEXT('2D SPACE',''
  ) );
#2031 = PCURVE('',#2032,#2133);
#2032 = B_SPLINE_SURFACE_WITH_KNOTS('',3,1,(
    (#2033,#2034)
    ,(#2035,#2036)
    ,(#2037,#2038)
    ,(#2039,#2040)
    ,(#2041,#2042)
    ,(#2043,#2044)
    ,(#2045,#2046)
    ,(#2047,#2048)
    ,(#2049,#2050)
    ,(#2051,#2052)
    ,(#2053,#2054)
    ,(#2055,#2056)
    ,(#2057,#2058)
    ,(#2059,#2060)
    ,(#2061,#2062)
    ,(#2063,#2064)
    ,(#2065,#2066)
    ,(#2067,#2068)
    ,(#2069,#2070)
    ,(#2071,#2072)
    ,(#2073,#2074)
    ,(#2075,#2076)
    ,(#2077,#2078)
    ,(#2079,#2080)
    ,(#2081,#2082)
    ,(#2083,#2084)
    ,(#2085,#2086)
    ,(#2087,#2088)
    ,(#2089,#2090)
    ,(#2091,#2092)
    ,(#2093,#2094)
    ,(#2095,#2096)
    ,(#2097,#2098)
    ,(#2099,#2100)
    ,(#2101,#2102)
    ,(#2103,#2104)
    ,(#2105,#2106)
    ,(#2107,#2108)
    ,(#2109,#2110)
    ,(#2111,#2112)
    ,(#2113,#2114)
    ,(#2115,#2116)
    ,(#2117,#2118)
    ,(#2119,#2120)
    ,(#2121,#2122)
    ,(#2123,#2124)
    ,(#2125,#2126)
    ,(#2127,#2128)
    ,(#2129,#2130)
    ,(#2131,#2132
    )),.UNSPECIFIED.,.F.,.F.,.F.,(4,1,1,1,1,1,1,1,1,1,1,1,1,1,1,1,1,1,1,
    1,1,1,1,1,1,1,1,1,1,1,1,1,1,1,1,1,1,1,1,1,1,1,1,1,1,1,1,4),(2,2),(0.
    ,2.766464139392,5.568319295326,8.177275145496,10.425160909405,
    12.698001103747,14.813706991925,16.784063111389,18.483896399813,
    20.207074900357,21.81810245116,23.327840693167,24.640860133639,
    25.985974841284,27.260500260188,28.473662841808,29.546573791048,
    30.665502050481,31.746604132965,32.796723932319,33.744037531687,
    34.751762028128,35.745458780463,36.730106112805,37.635070035337,
    38.615335519513,39.599805338773,40.592877392801,41.521106716853,
    42.54355210237,43.588460947472,44.661307186429,45.681682040739,
    46.825929386569,48.018033969658,49.266638650819,50.477859791669,
    51.863921967174,53.33914083985,54.917675284274,56.480212616324,
    58.303578905337,60.281721918016,62.435877257802,64.600562295301,
    67.15990258556,69.968318443063,73.053194077155),(-22.4,0.),
  .UNSPECIFIED.);
#2033 = CARTESIAN_POINT('',(5.816194003237,-9.880760870129,22.4));
#2034 = CARTESIAN_POINT('',(5.816194003237,-9.880760870129,0.));
#2035 = CARTESIAN_POINT('',(6.644893632948,-9.514229607782,22.4));
#2036 = CARTESIAN_POINT('',(6.644893632948,-9.514229607782,0.));
#2037 = CARTESIAN_POINT('',(8.352347400098,-8.726866094648,22.4));
#2038 = CARTESIAN_POINT('',(8.352347400098,-8.726866094648,0.));
#2039 = CARTESIAN_POINT('',(10.887993749709,-7.7482593467,22.4));
#2040 = CARTESIAN_POINT('',(10.887993749709,-7.7482593467,0.));
#2041 = CARTESIAN_POINT('',(13.309551340651,-6.930325714986,22.4));
#2042 = CARTESIAN_POINT('',(13.309551340651,-6.930325714986,0.));
#2043 = CARTESIAN_POINT('',(15.596472714268,-6.282227562072,22.4));
#2044 = CARTESIAN_POINT('',(15.596472714268,-6.282227562072,0.));
#2045 = CARTESIAN_POINT('',(17.753095600056,-5.784587849339,22.4));
#2046 = CARTESIAN_POINT('',(17.753095600056,-5.784587849339,0.));
#2047 = CARTESIAN_POINT('',(19.842322197231,-5.420650667977,22.4));
#2048 = CARTESIAN_POINT('',(19.842322197231,-5.420650667977,0.));
#2049 = CARTESIAN_POINT('',(21.759171458359,-5.197909862873,22.4));
#2050 = CARTESIAN_POINT('',(21.759171458359,-5.197909862873,0.));
#2051 = CARTESIAN_POINT('',(23.554840433903,-5.09325654643,22.4));
#2052 = CARTESIAN_POINT('',(23.554840433903,-5.09325654643,0.));
#2053 = CARTESIAN_POINT('',(25.233988650288,-5.096182803092,22.4));
#2054 = CARTESIAN_POINT('',(25.233988650288,-5.096182803092,0.));
#2055 = CARTESIAN_POINT('',(26.84626796173,-5.204221968676,22.4));
#2056 = CARTESIAN_POINT('',(26.84626796173,-5.204221968676,0.));
#2057 = CARTESIAN_POINT('',(28.311519496028,-5.40645938795,22.4));
#2058 = CARTESIAN_POINT('',(28.311519496028,-5.40645938795,0.));
#2059 = CARTESIAN_POINT('',(29.67345682684,-5.684731680676,22.4));
#2060 = CARTESIAN_POINT('',(29.67345682684,-5.684731680676,0.));
#2061 = CARTESIAN_POINT('',(30.939404020728,-6.029671265133,22.4));
#2062 = CARTESIAN_POINT('',(30.939404020728,-6.029671265133,0.));
#2063 = CARTESIAN_POINT('',(32.142717773021,-6.463046947933,22.4));
#2064 = CARTESIAN_POINT('',(32.142717773021,-6.463046947933,0.));
#2065 = CARTESIAN_POINT('',(33.225097171634,-6.953135511264,22.4));
#2066 = CARTESIAN_POINT('',(33.225097171634,-6.953135511264,0.));
#2067 = CARTESIAN_POINT('',(34.219909801662,-7.501765821777,22.4));
#2068 = CARTESIAN_POINT('',(34.219909801662,-7.501765821777,0.));
#2069 = CARTESIAN_POINT('',(35.131557866637,-8.103348380965,22.4));
#2070 = CARTESIAN_POINT('',(35.131557866637,-8.103348380965,0.));
#2071 = CARTESIAN_POINT('',(35.98423564359,-8.773662220142,22.4));
#2072 = CARTESIAN_POINT('',(35.98423564359,-8.773662220142,0.));
#2073 = CARTESIAN_POINT('',(36.736889822995,-9.472911294482,22.4));
#2074 = CARTESIAN_POINT('',(36.736889822995,-9.472911294482,0.));
#2075 = CARTESIAN_POINT('',(37.415932987509,-10.21056241331,22.4));
#2076 = CARTESIAN_POINT('',(37.415932987509,-10.21056241331,0.));
#2077 = CARTESIAN_POINT('',(38.025137547808,-10.98322378389,22.4));
#2078 = CARTESIAN_POINT('',(38.025137547808,-10.98322378389,0.));
#2079 = CARTESIAN_POINT('',(38.579708525196,-11.81092069461,22.4));
#2080 = CARTESIAN_POINT('',(38.579708525196,-11.81092069461,0.));
#2081 = CARTESIAN_POINT('',(39.053849169501,-12.64794464449,22.4));
#2082 = CARTESIAN_POINT('',(39.053849169501,-12.64794464449,0.));
#2083 = CARTESIAN_POINT('',(39.466516974331,-13.51172772937,22.4));
#2084 = CARTESIAN_POINT('',(39.466516974331,-13.51172772937,0.));
#2085 = CARTESIAN_POINT('',(39.819864618852,-14.40148000634,22.4));
#2086 = CARTESIAN_POINT('',(39.819864618852,-14.40148000634,0.));
#2087 = CARTESIAN_POINT('',(40.120559724494,-15.34122006629,22.4));
#2088 = CARTESIAN_POINT('',(40.120559724494,-15.34122006629,0.));
#2089 = CARTESIAN_POINT('',(40.353766913347,-16.28205429758,22.4));
#2090 = CARTESIAN_POINT('',(40.353766913347,-16.28205429758,0.));
#2091 = CARTESIAN_POINT('',(40.529562100358,-17.24800856906,22.4));
#2092 = CARTESIAN_POINT('',(40.529562100358,-17.24800856906,0.));
#2093 = CARTESIAN_POINT('',(40.6468681278,-18.24033408098,22.4));
#2094 = CARTESIAN_POINT('',(40.6468681278,-18.24033408098,0.));
#2095 = CARTESIAN_POINT('',(40.702571646904,-19.28630175034,22.4));
#2096 = CARTESIAN_POINT('',(40.702571646904,-19.28630175034,0.));
#2097 = CARTESIAN_POINT('',(40.690773546609,-20.33301805934,22.4));
#2098 = CARTESIAN_POINT('',(40.690773546609,-20.33301805934,0.));
#2099 = CARTESIAN_POINT('',(40.611540977013,-21.40988875719,22.4));
#2100 = CARTESIAN_POINT('',(40.611540977013,-21.40988875719,0.));
#2101 = CARTESIAN_POINT('',(40.459586241324,-22.51924911683,22.4));
#2102 = CARTESIAN_POINT('',(40.459586241324,-22.51924911683,0.));
#2103 = CARTESIAN_POINT('',(40.220118190322,-23.69086171816,22.4));
#2104 = CARTESIAN_POINT('',(40.220118190322,-23.69086171816,0.));
#2105 = CARTESIAN_POINT('',(39.898343255104,-24.86579601191,22.4));
#2106 = CARTESIAN_POINT('',(39.898343255104,-24.86579601191,0.));
#2107 = CARTESIAN_POINT('',(39.482382877746,-26.07919697918,22.4));
#2108 = CARTESIAN_POINT('',(39.482382877746,-26.07919697918,0.));
#2109 = CARTESIAN_POINT('',(38.962135973849,-27.33409689842,22.4));
#2110 = CARTESIAN_POINT('',(38.962135973849,-27.33409689842,0.));
#2111 = CARTESIAN_POINT('',(38.308441689941,-28.66294166218,22.4));
#2112 = CARTESIAN_POINT('',(38.308441689941,-28.66294166218,0.));
#2113 = CARTESIAN_POINT('',(37.543611043779,-29.99928856865,22.4));
#2114 = CARTESIAN_POINT('',(37.543611043779,-29.99928856865,0.));
#2115 = CARTESIAN_POINT('',(36.639006909525,-31.38601232023,22.4));
#2116 = CARTESIAN_POINT('',(36.639006909525,-31.38601232023,0.));
#2117 = CARTESIAN_POINT('',(35.578999051327,-32.82677755251,22.4));
#2118 = CARTESIAN_POINT('',(35.578999051327,-32.82677755251,0.));
#2119 = CARTESIAN_POINT('',(34.31357817388,-34.35945409669,22.4));
#2120 = CARTESIAN_POINT('',(34.31357817388,-34.35945409669,0.));
#2121 = CARTESIAN_POINT('',(32.897984237978,-35.90274313899,22.4));
#2122 = CARTESIAN_POINT('',(32.897984237978,-35.90274313899,0.));
#2123 = CARTESIAN_POINT('',(31.250328750885,-37.53140383269,22.4));
#2124 = CARTESIAN_POINT('',(31.250328750885,-37.53140383269,0.));
#2125 = CARTESIAN_POINT('',(29.471625150961,-39.15048500383,22.4));
#2126 = CARTESIAN_POINT('',(29.471625150961,-39.15048500383,0.));
#2127 = CARTESIAN_POINT('',(26.939646055038,-41.24007930472,22.4));
#2128 = CARTESIAN_POINT('',(26.939646055038,-41.24007930472,0.));
#2129 = CARTESIAN_POINT('',(26.367931517952,-41.64023045115,22.4));
#2130 = CARTESIAN_POINT('',(26.367931517952,-41.64023045115,0.));
#2131 = CARTESIAN_POINT('',(24.843884830543,-42.80678214913,22.4));
#2132 = CARTESIAN_POINT('',(24.843884830543,-42.80678214913,0.));
#2133 = DEFINITIONAL_REPRESENTATION('',(#2134),#2138);
#2134 = LINE('',#2135,#2136);
#2135 = CARTESIAN_POINT('',(59.759046788486,0.));
#2136 = VECTOR('',#2137,1.);
#2137 = DIRECTION('',(0.,-1.));
#2138 = ( GEOMETRIC_REPRESENTATION_CONTEXT(2) 
PARAMETRIC_REPRESENTATION_CONTEXT() REPRESENTATION_CONTEXT('2D SPACE',''
  ) );
#2139 = ORIENTED_EDGE('',*,*,#2140,.T.);
#2140 = EDGE_CURVE('',#2012,#2141,#2143,.T.);
#2141 = VERTEX_POINT('',#2142);
#2142 = CARTESIAN_POINT('',(39.03496106804,-28.78405486404,22.4));
#2143 = SURFACE_CURVE('',#2144,(#2149,#2156),.PCURVE_S1.);
#2144 = CIRCLE('',#2145,48.5);
#2145 = AXIS2_PLACEMENT_3D('',#2146,#2147,#2148);
#2146 = CARTESIAN_POINT('',(0.,0.,22.4));
#2147 = DIRECTION('',(0.,0.,1.));
#2148 = DIRECTION('',(1.,0.,-0.));
#2149 = PCURVE('',#2020,#2150);
#2150 = DEFINITIONAL_REPRESENTATION('',(#2151),#2155);
#2151 = LINE('',#2152,#2153);
#2152 = CARTESIAN_POINT('',(-0.,-22.4));
#2153 = VECTOR('',#2154,1.);
#2154 = DIRECTION('',(-1.,0.));
#2155 = ( GEOMETRIC_REPRESENTATION_CONTEXT(2) 
PARAMETRIC_REPRESENTATION_CONTEXT() REPRESENTATION_CONTEXT('2D SPACE',''
  ) );
#2156 = PCURVE('',#66,#2157);
#2157 = DEFINITIONAL_REPRESENTATION('',(#2158),#2162);
#2158 = CIRCLE('',#2159,48.5);
#2159 = AXIS2_PLACEMENT_2D('',#2160,#2161);
#2160 = CARTESIAN_POINT('',(1.75032336965E-15,-3.209892110372E-15));
#2161 = DIRECTION('',(1.,0.));
#2162 = ( GEOMETRIC_REPRESENTATION_CONTEXT(2) 
PARAMETRIC_REPRESENTATION_CONTEXT() REPRESENTATION_CONTEXT('2D SPACE',''
  ) );
#2163 = ORIENTED_EDGE('',*,*,#2164,.F.);
#2164 = EDGE_CURVE('',#2165,#2141,#2167,.T.);
#2165 = VERTEX_POINT('',#2166);
#2166 = CARTESIAN_POINT('',(39.03496106804,-28.78405486404,0.));
#2167 = SURFACE_CURVE('',#2168,(#2172,#2179),.PCURVE_S1.);
#2168 = LINE('',#2169,#2170);
#2169 = CARTESIAN_POINT('',(39.03496106804,-28.78405486404,0.));
#2170 = VECTOR('',#2171,1.);
#2171 = DIRECTION('',(0.,0.,1.));
#2172 = PCURVE('',#2020,#2173);
#2173 = DEFINITIONAL_REPRESENTATION('',(#2174),#2178);
#2174 = LINE('',#2175,#2176);
#2175 = CARTESIAN_POINT('',(-5.647802488583,0.));
#2176 = VECTOR('',#2177,1.);
#2177 = DIRECTION('',(-0.,-1.));
#2178 = ( GEOMETRIC_REPRESENTATION_CONTEXT(2) 
PARAMETRIC_REPRESENTATION_CONTEXT() REPRESENTATION_CONTEXT('2D SPACE',''
  ) );
#2179 = PCURVE('',#2180,#2185);
#2180 = PLANE('',#2181);
#2181 = AXIS2_PLACEMENT_3D('',#2182,#2183,#2184);
#2182 = CARTESIAN_POINT('',(39.03496106804,-28.78405486404,0.));
#2183 = DIRECTION('',(-0.923415700917,0.383801307059,0.));
#2184 = DIRECTION('',(0.383801307059,0.923415700917,0.));
#2185 = DEFINITIONAL_REPRESENTATION('',(#2186),#2190);
#2186 = LINE('',#2187,#2188);
#2187 = CARTESIAN_POINT('',(-3.280631591866E-15,0.));
#2188 = VECTOR('',#2189,1.);
#2189 = DIRECTION('',(0.,-1.));
#2190 = ( GEOMETRIC_REPRESENTATION_CONTEXT(2) 
PARAMETRIC_REPRESENTATION_CONTEXT() REPRESENTATION_CONTEXT('2D SPACE',''
  ) );
#2191 = ORIENTED_EDGE('',*,*,#2192,.F.);
#2192 = EDGE_CURVE('',#2010,#2165,#2193,.T.);
#2193 = SURFACE_CURVE('',#2194,(#2199,#2206),.PCURVE_S1.);
#2194 = CIRCLE('',#2195,48.5);
#2195 = AXIS2_PLACEMENT_3D('',#2196,#2197,#2198);
#2196 = CARTESIAN_POINT('',(0.,0.,0.));
#2197 = DIRECTION('',(0.,0.,1.));
#2198 = DIRECTION('',(1.,0.,-0.));
#2199 = PCURVE('',#2020,#2200);
#2200 = DEFINITIONAL_REPRESENTATION('',(#2201),#2205);
#2201 = LINE('',#2202,#2203);
#2202 = CARTESIAN_POINT('',(-0.,0.));
#2203 = VECTOR('',#2204,1.);
#2204 = DIRECTION('',(-1.,0.));
#2205 = ( GEOMETRIC_REPRESENTATION_CONTEXT(2) 
PARAMETRIC_REPRESENTATION_CONTEXT() REPRESENTATION_CONTEXT('2D SPACE',''
  ) );
#2206 = PCURVE('',#94,#2207);
#2207 = DEFINITIONAL_REPRESENTATION('',(#2208),#2212);
#2208 = CIRCLE('',#2209,48.5);
#2209 = AXIS2_PLACEMENT_2D('',#2210,#2211);
#2210 = CARTESIAN_POINT('',(1.75032336965E-15,-3.209892110372E-15));
#2211 = DIRECTION('',(1.,0.));
#2212 = ( GEOMETRIC_REPRESENTATION_CONTEXT(2) 
PARAMETRIC_REPRESENTATION_CONTEXT() REPRESENTATION_CONTEXT('2D SPACE',''
  ) );
#2213 = ADVANCED_FACE('',(#2214),#2032,.T.);
#2214 = FACE_BOUND('',#2215,.T.);
#2215 = EDGE_LOOP('',(#2216,#2246,#2361,#2362));
#2216 = ORIENTED_EDGE('',*,*,#2217,.T.);
#2217 = EDGE_CURVE('',#2218,#2220,#2222,.T.);
#2218 = VERTEX_POINT('',#2219);
#2219 = CARTESIAN_POINT('',(10.012977193509,-8.093277400445,0.));
#2220 = VERTEX_POINT('',#2221);
#2221 = CARTESIAN_POINT('',(10.012977193509,-8.093277400445,22.4));
#2222 = SURFACE_CURVE('',#2223,(#2227,#2234),.PCURVE_S1.);
#2223 = LINE('',#2224,#2225);
#2224 = CARTESIAN_POINT('',(10.012977193509,-8.093277400445,0.));
#2225 = VECTOR('',#2226,1.);
#2226 = DIRECTION('',(0.,0.,1.));
#2227 = PCURVE('',#2032,#2228);
#2228 = DEFINITIONAL_REPRESENTATION('',(#2229),#2233);
#2229 = LINE('',#2230,#2231);
#2230 = CARTESIAN_POINT('',(4.560656898555,0.));
#2231 = VECTOR('',#2232,1.);
#2232 = DIRECTION('',(0.,-1.));
#2233 = ( GEOMETRIC_REPRESENTATION_CONTEXT(2) 
PARAMETRIC_REPRESENTATION_CONTEXT() REPRESENTATION_CONTEXT('2D SPACE',''
  ) );
#2234 = PCURVE('',#2235,#2240);
#2235 = PLANE('',#2236);
#2236 = AXIS2_PLACEMENT_3D('',#2237,#2238,#2239);
#2237 = CARTESIAN_POINT('',(12.019693060918,-7.051107079368,0.));
#2238 = DIRECTION('',(0.460892493355,-0.88745597613,0.));
#2239 = DIRECTION('',(-0.88745597613,-0.460892493355,0.));
#2240 = DEFINITIONAL_REPRESENTATION('',(#2241),#2245);
#2241 = LINE('',#2242,#2243);
#2242 = CARTESIAN_POINT('',(2.261200466709,0.));
#2243 = VECTOR('',#2244,1.);
#2244 = DIRECTION('',(0.,-1.));
#2245 = ( GEOMETRIC_REPRESENTATION_CONTEXT(2) 
PARAMETRIC_REPRESENTATION_CONTEXT() REPRESENTATION_CONTEXT('2D SPACE',''
  ) );
#2246 = ORIENTED_EDGE('',*,*,#2247,.T.);
#2247 = EDGE_CURVE('',#2220,#2012,#2248,.T.);
#2248 = SURFACE_CURVE('',#2249,(#2300,#2307),.PCURVE_S1.);
#2249 = B_SPLINE_CURVE_WITH_KNOTS('',3,(#2250,#2251,#2252,#2253,#2254,
    #2255,#2256,#2257,#2258,#2259,#2260,#2261,#2262,#2263,#2264,#2265,
    #2266,#2267,#2268,#2269,#2270,#2271,#2272,#2273,#2274,#2275,#2276,
    #2277,#2278,#2279,#2280,#2281,#2282,#2283,#2284,#2285,#2286,#2287,
    #2288,#2289,#2290,#2291,#2292,#2293,#2294,#2295,#2296,#2297,#2298,
    #2299),.UNSPECIFIED.,.F.,.F.,(4,1,1,1,1,1,1,1,1,1,1,1,1,1,1,1,1,1,1,
    1,1,1,1,1,1,1,1,1,1,1,1,1,1,1,1,1,1,1,1,1,1,1,1,1,1,1,1,4),(0.,
    2.766464139392,5.568319295326,8.177275145496,10.425160909405,
    12.698001103747,14.813706991925,16.784063111389,18.483896399813,
    20.207074900357,21.81810245116,23.327840693167,24.640860133639,
    25.985974841284,27.260500260188,28.473662841808,29.546573791048,
    30.665502050481,31.746604132965,32.796723932319,33.744037531687,
    34.751762028128,35.745458780463,36.730106112805,37.635070035337,
    38.615335519513,39.599805338773,40.592877392801,41.521106716853,
    42.54355210237,43.588460947472,44.661307186429,45.681682040739,
    46.825929386569,48.018033969658,49.266638650819,50.477859791669,
    51.863921967174,53.33914083985,54.917675284274,56.480212616324,
    58.303578905337,60.281721918016,62.435877257802,64.600562295301,
    67.15990258556,69.968318443063,73.053194077155),.UNSPECIFIED.);
#2250 = CARTESIAN_POINT('',(5.816194003237,-9.880760870129,22.4));
#2251 = CARTESIAN_POINT('',(6.644893632948,-9.514229607782,22.4));
#2252 = CARTESIAN_POINT('',(8.352347400098,-8.726866094648,22.4));
#2253 = CARTESIAN_POINT('',(10.887993749709,-7.7482593467,22.4));
#2254 = CARTESIAN_POINT('',(13.309551340651,-6.930325714986,22.4));
#2255 = CARTESIAN_POINT('',(15.596472714268,-6.282227562072,22.4));
#2256 = CARTESIAN_POINT('',(17.753095600056,-5.784587849339,22.4));
#2257 = CARTESIAN_POINT('',(19.842322197231,-5.420650667977,22.4));
#2258 = CARTESIAN_POINT('',(21.759171458359,-5.197909862873,22.4));
#2259 = CARTESIAN_POINT('',(23.554840433903,-5.09325654643,22.4));
#2260 = CARTESIAN_POINT('',(25.233988650288,-5.096182803092,22.4));
#2261 = CARTESIAN_POINT('',(26.84626796173,-5.204221968676,22.4));
#2262 = CARTESIAN_POINT('',(28.311519496028,-5.40645938795,22.4));
#2263 = CARTESIAN_POINT('',(29.67345682684,-5.684731680676,22.4));
#2264 = CARTESIAN_POINT('',(30.939404020728,-6.029671265133,22.4));
#2265 = CARTESIAN_POINT('',(32.142717773021,-6.463046947933,22.4));
#2266 = CARTESIAN_POINT('',(33.225097171634,-6.953135511264,22.4));
#2267 = CARTESIAN_POINT('',(34.219909801662,-7.501765821777,22.4));
#2268 = CARTESIAN_POINT('',(35.131557866637,-8.103348380965,22.4));
#2269 = CARTESIAN_POINT('',(35.98423564359,-8.773662220142,22.4));
#2270 = CARTESIAN_POINT('',(36.736889822995,-9.472911294482,22.4));
#2271 = CARTESIAN_POINT('',(37.415932987509,-10.21056241331,22.4));
#2272 = CARTESIAN_POINT('',(38.025137547808,-10.98322378389,22.4));
#2273 = CARTESIAN_POINT('',(38.579708525196,-11.81092069461,22.4));
#2274 = CARTESIAN_POINT('',(39.053849169501,-12.64794464449,22.4));
#2275 = CARTESIAN_POINT('',(39.466516974331,-13.51172772937,22.4));
#2276 = CARTESIAN_POINT('',(39.819864618852,-14.40148000634,22.4));
#2277 = CARTESIAN_POINT('',(40.120559724494,-15.34122006629,22.4));
#2278 = CARTESIAN_POINT('',(40.353766913347,-16.28205429758,22.4));
#2279 = CARTESIAN_POINT('',(40.529562100358,-17.24800856906,22.4));
#2280 = CARTESIAN_POINT('',(40.6468681278,-18.24033408098,22.4));
#2281 = CARTESIAN_POINT('',(40.702571646904,-19.28630175034,22.4));
#2282 = CARTESIAN_POINT('',(40.690773546609,-20.33301805934,22.4));
#2283 = CARTESIAN_POINT('',(40.611540977013,-21.40988875719,22.4));
#2284 = CARTESIAN_POINT('',(40.459586241324,-22.51924911683,22.4));
#2285 = CARTESIAN_POINT('',(40.220118190322,-23.69086171816,22.4));
#2286 = CARTESIAN_POINT('',(39.898343255104,-24.86579601191,22.4));
#2287 = CARTESIAN_POINT('',(39.482382877746,-26.07919697918,22.4));
#2288 = CARTESIAN_POINT('',(38.962135973849,-27.33409689842,22.4));
#2289 = CARTESIAN_POINT('',(38.308441689941,-28.66294166218,22.4));
#2290 = CARTESIAN_POINT('',(37.543611043779,-29.99928856865,22.4));
#2291 = CARTESIAN_POINT('',(36.639006909525,-31.38601232023,22.4));
#2292 = CARTESIAN_POINT('',(35.578999051327,-32.82677755251,22.4));
#2293 = CARTESIAN_POINT('',(34.31357817388,-34.35945409669,22.4));
#2294 = CARTESIAN_POINT('',(32.897984237978,-35.90274313899,22.4));
#2295 = CARTESIAN_POINT('',(31.250328750885,-37.53140383269,22.4));
#2296 = CARTESIAN_POINT('',(29.471625150961,-39.15048500383,22.4));
#2297 = CARTESIAN_POINT('',(26.939646055038,-41.24007930472,22.4));
#2298 = CARTESIAN_POINT('',(26.367931517952,-41.64023045115,22.4));
#2299 = CARTESIAN_POINT('',(24.843884830543,-42.80678214913,22.4));
#2300 = PCURVE('',#2032,#2301);
#2301 = DEFINITIONAL_REPRESENTATION('',(#2302),#2306);
#2302 = LINE('',#2303,#2304);
#2303 = CARTESIAN_POINT('',(0.,-22.4));
#2304 = VECTOR('',#2305,1.);
#2305 = DIRECTION('',(1.,0.));
#2306 = ( GEOMETRIC_REPRESENTATION_CONTEXT(2) 
PARAMETRIC_REPRESENTATION_CONTEXT() REPRESENTATION_CONTEXT('2D SPACE',''
  ) );
#2307 = PCURVE('',#66,#2308);
#2308 = DEFINITIONAL_REPRESENTATION('',(#2309),#2360);
#2309 = B_SPLINE_CURVE_WITH_KNOTS('',3,(#2310,#2311,#2312,#2313,#2314,
    #2315,#2316,#2317,#2318,#2319,#2320,#2321,#2322,#2323,#2324,#2325,
    #2326,#2327,#2328,#2329,#2330,#2331,#2332,#2333,#2334,#2335,#2336,
    #2337,#2338,#2339,#2340,#2341,#2342,#2343,#2344,#2345,#2346,#2347,
    #2348,#2349,#2350,#2351,#2352,#2353,#2354,#2355,#2356,#2357,#2358,
    #2359),.UNSPECIFIED.,.F.,.F.,(4,1,1,1,1,1,1,1,1,1,1,1,1,1,1,1,1,1,1,
    1,1,1,1,1,1,1,1,1,1,1,1,1,1,1,1,1,1,1,1,1,1,1,1,1,1,1,1,4),(0.,
    2.766464139392,5.568319295326,8.177275145496,10.425160909405,
    12.698001103747,14.813706991925,16.784063111389,18.483896399813,
    20.207074900357,21.81810245116,23.327840693167,24.640860133639,
    25.985974841284,27.260500260188,28.473662841808,29.546573791048,
    30.665502050481,31.746604132965,32.796723932319,33.744037531687,
    34.751762028128,35.745458780463,36.730106112805,37.635070035337,
    38.615335519513,39.599805338773,40.592877392801,41.521106716853,
    42.54355210237,43.588460947472,44.661307186429,45.681682040739,
    46.825929386569,48.018033969658,49.266638650819,50.477859791669,
    51.863921967174,53.33914083985,54.917675284274,56.480212616324,
    58.303578905337,60.281721918016,62.435877257802,64.600562295301,
    67.15990258556,69.968318443063,73.053194077155),.UNSPECIFIED.);
#2310 = CARTESIAN_POINT('',(5.816194003237,-9.880760870129));
#2311 = CARTESIAN_POINT('',(6.644893632948,-9.514229607782));
#2312 = CARTESIAN_POINT('',(8.352347400098,-8.726866094648));
#2313 = CARTESIAN_POINT('',(10.887993749709,-7.7482593467));
#2314 = CARTESIAN_POINT('',(13.309551340651,-6.930325714986));
#2315 = CARTESIAN_POINT('',(15.596472714268,-6.282227562072));
#2316 = CARTESIAN_POINT('',(17.753095600056,-5.784587849339));
#2317 = CARTESIAN_POINT('',(19.842322197231,-5.420650667977));
#2318 = CARTESIAN_POINT('',(21.759171458359,-5.197909862873));
#2319 = CARTESIAN_POINT('',(23.554840433903,-5.09325654643));
#2320 = CARTESIAN_POINT('',(25.233988650288,-5.096182803092));
#2321 = CARTESIAN_POINT('',(26.84626796173,-5.204221968676));
#2322 = CARTESIAN_POINT('',(28.311519496028,-5.40645938795));
#2323 = CARTESIAN_POINT('',(29.67345682684,-5.684731680676));
#2324 = CARTESIAN_POINT('',(30.939404020728,-6.029671265133));
#2325 = CARTESIAN_POINT('',(32.142717773021,-6.463046947933));
#2326 = CARTESIAN_POINT('',(33.225097171634,-6.953135511264));
#2327 = CARTESIAN_POINT('',(34.219909801662,-7.501765821777));
#2328 = CARTESIAN_POINT('',(35.131557866637,-8.103348380965));
#2329 = CARTESIAN_POINT('',(35.98423564359,-8.773662220142));
#2330 = CARTESIAN_POINT('',(36.736889822995,-9.472911294482));
#2331 = CARTESIAN_POINT('',(37.415932987509,-10.21056241331));
#2332 = CARTESIAN_POINT('',(38.025137547808,-10.98322378389));
#2333 = CARTESIAN_POINT('',(38.579708525196,-11.81092069461));
#2334 = CARTESIAN_POINT('',(39.053849169501,-12.64794464449));
#2335 = CARTESIAN_POINT('',(39.466516974331,-13.51172772937));
#2336 = CARTESIAN_POINT('',(39.819864618852,-14.40148000634));
#2337 = CARTESIAN_POINT('',(40.120559724494,-15.34122006629));
#2338 = CARTESIAN_POINT('',(40.353766913347,-16.28205429758));
#2339 = CARTESIAN_POINT('',(40.529562100358,-17.24800856906));
#2340 = CARTESIAN_POINT('',(40.6468681278,-18.24033408098));
#2341 = CARTESIAN_POINT('',(40.702571646904,-19.28630175034));
#2342 = CARTESIAN_POINT('',(40.690773546609,-20.33301805934));
#2343 = CARTESIAN_POINT('',(40.611540977013,-21.40988875719));
#2344 = CARTESIAN_POINT('',(40.459586241324,-22.51924911683));
#2345 = CARTESIAN_POINT('',(40.220118190322,-23.69086171816));
#2346 = CARTESIAN_POINT('',(39.898343255104,-24.86579601191));
#2347 = CARTESIAN_POINT('',(39.482382877746,-26.07919697918));
#2348 = CARTESIAN_POINT('',(38.962135973849,-27.33409689842));
#2349 = CARTESIAN_POINT('',(38.308441689941,-28.66294166218));
#2350 = CARTESIAN_POINT('',(37.543611043779,-29.99928856865));
#2351 = CARTESIAN_POINT('',(36.639006909525,-31.38601232023));
#2352 = CARTESIAN_POINT('',(35.578999051327,-32.82677755251));
#2353 = CARTESIAN_POINT('',(34.31357817388,-34.35945409669));
#2354 = CARTESIAN_POINT('',(32.897984237978,-35.90274313899));
#2355 = CARTESIAN_POINT('',(31.250328750885,-37.53140383269));
#2356 = CARTESIAN_POINT('',(29.471625150961,-39.15048500383));
#2357 = CARTESIAN_POINT('',(26.939646055038,-41.24007930472));
#2358 = CARTESIAN_POINT('',(26.367931517952,-41.64023045115));
#2359 = CARTESIAN_POINT('',(24.843884830543,-42.80678214913));
#2360 = ( GEOMETRIC_REPRESENTATION_CONTEXT(2) 
PARAMETRIC_REPRESENTATION_CONTEXT() REPRESENTATION_CONTEXT('2D SPACE',''
  ) );
#2361 = ORIENTED_EDGE('',*,*,#2009,.F.);
#2362 = ORIENTED_EDGE('',*,*,#2363,.F.);
#2363 = EDGE_CURVE('',#2218,#2010,#2364,.T.);
#2364 = SURFACE_CURVE('',#2365,(#2416,#2423),.PCURVE_S1.);
#2365 = B_SPLINE_CURVE_WITH_KNOTS('',3,(#2366,#2367,#2368,#2369,#2370,
    #2371,#2372,#2373,#2374,#2375,#2376,#2377,#2378,#2379,#2380,#2381,
    #2382,#2383,#2384,#2385,#2386,#2387,#2388,#2389,#2390,#2391,#2392,
    #2393,#2394,#2395,#2396,#2397,#2398,#2399,#2400,#2401,#2402,#2403,
    #2404,#2405,#2406,#2407,#2408,#2409,#2410,#2411,#2412,#2413,#2414,
    #2415),.UNSPECIFIED.,.F.,.F.,(4,1,1,1,1,1,1,1,1,1,1,1,1,1,1,1,1,1,1,
    1,1,1,1,1,1,1,1,1,1,1,1,1,1,1,1,1,1,1,1,1,1,1,1,1,1,1,1,4),(0.,
    2.766464139392,5.568319295326,8.177275145496,10.425160909405,
    12.698001103747,14.813706991925,16.784063111389,18.483896399813,
    20.207074900357,21.81810245116,23.327840693167,24.640860133639,
    25.985974841284,27.260500260188,28.473662841808,29.546573791048,
    30.665502050481,31.746604132965,32.796723932319,33.744037531687,
    34.751762028128,35.745458780463,36.730106112805,37.635070035337,
    38.615335519513,39.599805338773,40.592877392801,41.521106716853,
    42.54355210237,43.588460947472,44.661307186429,45.681682040739,
    46.825929386569,48.018033969658,49.266638650819,50.477859791669,
    51.863921967174,53.33914083985,54.917675284274,56.480212616324,
    58.303578905337,60.281721918016,62.435877257802,64.600562295301,
    67.15990258556,69.968318443063,73.053194077155),.UNSPECIFIED.);
#2366 = CARTESIAN_POINT('',(5.816194003237,-9.880760870129,0.));
#2367 = CARTESIAN_POINT('',(6.644893632948,-9.514229607782,0.));
#2368 = CARTESIAN_POINT('',(8.352347400098,-8.726866094648,0.));
#2369 = CARTESIAN_POINT('',(10.887993749709,-7.7482593467,0.));
#2370 = CARTESIAN_POINT('',(13.309551340651,-6.930325714986,0.));
#2371 = CARTESIAN_POINT('',(15.596472714268,-6.282227562072,0.));
#2372 = CARTESIAN_POINT('',(17.753095600056,-5.784587849339,0.));
#2373 = CARTESIAN_POINT('',(19.842322197231,-5.420650667977,0.));
#2374 = CARTESIAN_POINT('',(21.759171458359,-5.197909862873,0.));
#2375 = CARTESIAN_POINT('',(23.554840433903,-5.09325654643,0.));
#2376 = CARTESIAN_POINT('',(25.233988650288,-5.096182803092,0.));
#2377 = CARTESIAN_POINT('',(26.84626796173,-5.204221968676,0.));
#2378 = CARTESIAN_POINT('',(28.311519496028,-5.40645938795,0.));
#2379 = CARTESIAN_POINT('',(29.67345682684,-5.684731680676,0.));
#2380 = CARTESIAN_POINT('',(30.939404020728,-6.029671265133,0.));
#2381 = CARTESIAN_POINT('',(32.142717773021,-6.463046947933,0.));
#2382 = CARTESIAN_POINT('',(33.225097171634,-6.953135511264,0.));
#2383 = CARTESIAN_POINT('',(34.219909801662,-7.501765821777,0.));
#2384 = CARTESIAN_POINT('',(35.131557866637,-8.103348380965,0.));
#2385 = CARTESIAN_POINT('',(35.98423564359,-8.773662220142,0.));
#2386 = CARTESIAN_POINT('',(36.736889822995,-9.472911294482,0.));
#2387 = CARTESIAN_POINT('',(37.415932987509,-10.21056241331,0.));
#2388 = CARTESIAN_POINT('',(38.025137547808,-10.98322378389,0.));
#2389 = CARTESIAN_POINT('',(38.579708525196,-11.81092069461,0.));
#2390 = CARTESIAN_POINT('',(39.053849169501,-12.64794464449,0.));
#2391 = CARTESIAN_POINT('',(39.466516974331,-13.51172772937,0.));
#2392 = CARTESIAN_POINT('',(39.819864618852,-14.40148000634,0.));
#2393 = CARTESIAN_POINT('',(40.120559724494,-15.34122006629,0.));
#2394 = CARTESIAN_POINT('',(40.353766913347,-16.28205429758,0.));
#2395 = CARTESIAN_POINT('',(40.529562100358,-17.24800856906,0.));
#2396 = CARTESIAN_POINT('',(40.6468681278,-18.24033408098,0.));
#2397 = CARTESIAN_POINT('',(40.702571646904,-19.28630175034,0.));
#2398 = CARTESIAN_POINT('',(40.690773546609,-20.33301805934,0.));
#2399 = CARTESIAN_POINT('',(40.611540977013,-21.40988875719,0.));
#2400 = CARTESIAN_POINT('',(40.459586241324,-22.51924911683,0.));
#2401 = CARTESIAN_POINT('',(40.220118190322,-23.69086171816,0.));
#2402 = CARTESIAN_POINT('',(39.898343255104,-24.86579601191,0.));
#2403 = CARTESIAN_POINT('',(39.482382877746,-26.07919697918,0.));
#2404 = CARTESIAN_POINT('',(38.962135973849,-27.33409689842,0.));
#2405 = CARTESIAN_POINT('',(38.308441689941,-28.66294166218,0.));
#2406 = CARTESIAN_POINT('',(37.543611043779,-29.99928856865,0.));
#2407 = CARTESIAN_POINT('',(36.639006909525,-31.38601232023,0.));
#2408 = CARTESIAN_POINT('',(35.578999051327,-32.82677755251,0.));
#2409 = CARTESIAN_POINT('',(34.31357817388,-34.35945409669,0.));
#2410 = CARTESIAN_POINT('',(32.897984237978,-35.90274313899,0.));
#2411 = CARTESIAN_POINT('',(31.250328750885,-37.53140383269,0.));
#2412 = CARTESIAN_POINT('',(29.471625150961,-39.15048500383,0.));
#2413 = CARTESIAN_POINT('',(26.939646055038,-41.24007930472,0.));
#2414 = CARTESIAN_POINT('',(26.367931517952,-41.64023045115,0.));
#2415 = CARTESIAN_POINT('',(24.843884830543,-42.80678214913,0.));
#2416 = PCURVE('',#2032,#2417);
#2417 = DEFINITIONAL_REPRESENTATION('',(#2418),#2422);
#2418 = LINE('',#2419,#2420);
#2419 = CARTESIAN_POINT('',(0.,0.));
#2420 = VECTOR('',#2421,1.);
#2421 = DIRECTION('',(1.,0.));
#2422 = ( GEOMETRIC_REPRESENTATION_CONTEXT(2) 
PARAMETRIC_REPRESENTATION_CONTEXT() REPRESENTATION_CONTEXT('2D SPACE',''
  ) );
#2423 = PCURVE('',#94,#2424);
#2424 = DEFINITIONAL_REPRESENTATION('',(#2425),#2476);
#2425 = B_SPLINE_CURVE_WITH_KNOTS('',3,(#2426,#2427,#2428,#2429,#2430,
    #2431,#2432,#2433,#2434,#2435,#2436,#2437,#2438,#2439,#2440,#2441,
    #2442,#2443,#2444,#2445,#2446,#2447,#2448,#2449,#2450,#2451,#2452,
    #2453,#2454,#2455,#2456,#2457,#2458,#2459,#2460,#2461,#2462,#2463,
    #2464,#2465,#2466,#2467,#2468,#2469,#2470,#2471,#2472,#2473,#2474,
    #2475),.UNSPECIFIED.,.F.,.F.,(4,1,1,1,1,1,1,1,1,1,1,1,1,1,1,1,1,1,1,
    1,1,1,1,1,1,1,1,1,1,1,1,1,1,1,1,1,1,1,1,1,1,1,1,1,1,1,1,4),(0.,
    2.766464139392,5.568319295326,8.177275145496,10.425160909405,
    12.698001103747,14.813706991925,16.784063111389,18.483896399813,
    20.207074900357,21.81810245116,23.327840693167,24.640860133639,
    25.985974841284,27.260500260188,28.473662841808,29.546573791048,
    30.665502050481,31.746604132965,32.796723932319,33.744037531687,
    34.751762028128,35.745458780463,36.730106112805,37.635070035337,
    38.615335519513,39.599805338773,40.592877392801,41.521106716853,
    42.54355210237,43.588460947472,44.661307186429,45.681682040739,
    46.825929386569,48.018033969658,49.266638650819,50.477859791669,
    51.863921967174,53.33914083985,54.917675284274,56.480212616324,
    58.303578905337,60.281721918016,62.435877257802,64.600562295301,
    67.15990258556,69.968318443063,73.053194077155),.UNSPECIFIED.);
#2426 = CARTESIAN_POINT('',(5.816194003237,-9.880760870129));
#2427 = CARTESIAN_POINT('',(6.644893632948,-9.514229607782));
#2428 = CARTESIAN_POINT('',(8.352347400098,-8.726866094648));
#2429 = CARTESIAN_POINT('',(10.887993749709,-7.7482593467));
#2430 = CARTESIAN_POINT('',(13.309551340651,-6.930325714986));
#2431 = CARTESIAN_POINT('',(15.596472714268,-6.282227562072));
#2432 = CARTESIAN_POINT('',(17.753095600056,-5.784587849339));
#2433 = CARTESIAN_POINT('',(19.842322197231,-5.420650667977));
#2434 = CARTESIAN_POINT('',(21.759171458359,-5.197909862873));
#2435 = CARTESIAN_POINT('',(23.554840433903,-5.09325654643));
#2436 = CARTESIAN_POINT('',(25.233988650288,-5.096182803092));
#2437 = CARTESIAN_POINT('',(26.84626796173,-5.204221968676));
#2438 = CARTESIAN_POINT('',(28.311519496028,-5.40645938795));
#2439 = CARTESIAN_POINT('',(29.67345682684,-5.684731680676));
#2440 = CARTESIAN_POINT('',(30.939404020728,-6.029671265133));
#2441 = CARTESIAN_POINT('',(32.142717773021,-6.463046947933));
#2442 = CARTESIAN_POINT('',(33.225097171634,-6.953135511264));
#2443 = CARTESIAN_POINT('',(34.219909801662,-7.501765821777));
#2444 = CARTESIAN_POINT('',(35.131557866637,-8.103348380965));
#2445 = CARTESIAN_POINT('',(35.98423564359,-8.773662220142));
#2446 = CARTESIAN_POINT('',(36.736889822995,-9.472911294482));
#2447 = CARTESIAN_POINT('',(37.415932987509,-10.21056241331));
#2448 = CARTESIAN_POINT('',(38.025137547808,-10.98322378389));
#2449 = CARTESIAN_POINT('',(38.579708525196,-11.81092069461));
#2450 = CARTESIAN_POINT('',(39.053849169501,-12.64794464449));
#2451 = CARTESIAN_POINT('',(39.466516974331,-13.51172772937));
#2452 = CARTESIAN_POINT('',(39.819864618852,-14.40148000634));
#2453 = CARTESIAN_POINT('',(40.120559724494,-15.34122006629));
#2454 = CARTESIAN_POINT('',(40.353766913347,-16.28205429758));
#2455 = CARTESIAN_POINT('',(40.529562100358,-17.24800856906));
#2456 = CARTESIAN_POINT('',(40.6468681278,-18.24033408098));
#2457 = CARTESIAN_POINT('',(40.702571646904,-19.28630175034));
#2458 = CARTESIAN_POINT('',(40.690773546609,-20.33301805934));
#2459 = CARTESIAN_POINT('',(40.611540977013,-21.40988875719));
#2460 = CARTESIAN_POINT('',(40.459586241324,-22.51924911683));
#2461 = CARTESIAN_POINT('',(40.220118190322,-23.69086171816));
#2462 = CARTESIAN_POINT('',(39.898343255104,-24.86579601191));
#2463 = CARTESIAN_POINT('',(39.482382877746,-26.07919697918));
#2464 = CARTESIAN_POINT('',(38.962135973849,-27.33409689842));
#2465 = CARTESIAN_POINT('',(38.308441689941,-28.66294166218));
#2466 = CARTESIAN_POINT('',(37.543611043779,-29.99928856865));
#2467 = CARTESIAN_POINT('',(36.639006909525,-31.38601232023));
#2468 = CARTESIAN_POINT('',(35.578999051327,-32.82677755251));
#2469 = CARTESIAN_POINT('',(34.31357817388,-34.35945409669));
#2470 = CARTESIAN_POINT('',(32.897984237978,-35.90274313899));
#2471 = CARTESIAN_POINT('',(31.250328750885,-37.53140383269));
#2472 = CARTESIAN_POINT('',(29.471625150961,-39.15048500383));
#2473 = CARTESIAN_POINT('',(26.939646055038,-41.24007930472));
#2474 = CARTESIAN_POINT('',(26.367931517952,-41.64023045115));
#2475 = CARTESIAN_POINT('',(24.843884830543,-42.80678214913));
#2476 = ( GEOMETRIC_REPRESENTATION_CONTEXT(2) 
PARAMETRIC_REPRESENTATION_CONTEXT() REPRESENTATION_CONTEXT('2D SPACE',''
  ) );
#2477 = ADVANCED_FACE('',(#2478),#2235,.T.);
#2478 = FACE_BOUND('',#2479,.T.);
#2479 = EDGE_LOOP('',(#2480,#2606,#2627,#2628));
#2480 = ORIENTED_EDGE('',*,*,#2481,.T.);
#2481 = EDGE_CURVE('',#2482,#2484,#2486,.T.);
#2482 = VERTEX_POINT('',#2483);
#2483 = CARTESIAN_POINT('',(12.019693060918,-7.051107079368,0.));
#2484 = VERTEX_POINT('',#2485);
#2485 = CARTESIAN_POINT('',(12.019693060918,-7.051107079368,22.4));
#2486 = SURFACE_CURVE('',#2487,(#2491,#2498),.PCURVE_S1.);
#2487 = LINE('',#2488,#2489);
#2488 = CARTESIAN_POINT('',(12.019693060918,-7.051107079368,0.));
#2489 = VECTOR('',#2490,1.);
#2490 = DIRECTION('',(0.,0.,1.));
#2491 = PCURVE('',#2235,#2492);
#2492 = DEFINITIONAL_REPRESENTATION('',(#2493),#2497);
#2493 = LINE('',#2494,#2495);
#2494 = CARTESIAN_POINT('',(0.,0.));
#2495 = VECTOR('',#2496,1.);
#2496 = DIRECTION('',(0.,-1.));
#2497 = ( GEOMETRIC_REPRESENTATION_CONTEXT(2) 
PARAMETRIC_REPRESENTATION_CONTEXT() REPRESENTATION_CONTEXT('2D SPACE',''
  ) );
#2498 = PCURVE('',#2499,#2600);
#2499 = B_SPLINE_SURFACE_WITH_KNOTS('',3,1,(
    (#2500,#2501)
    ,(#2502,#2503)
    ,(#2504,#2505)
    ,(#2506,#2507)
    ,(#2508,#2509)
    ,(#2510,#2511)
    ,(#2512,#2513)
    ,(#2514,#2515)
    ,(#2516,#2517)
    ,(#2518,#2519)
    ,(#2520,#2521)
    ,(#2522,#2523)
    ,(#2524,#2525)
    ,(#2526,#2527)
    ,(#2528,#2529)
    ,(#2530,#2531)
    ,(#2532,#2533)
    ,(#2534,#2535)
    ,(#2536,#2537)
    ,(#2538,#2539)
    ,(#2540,#2541)
    ,(#2542,#2543)
    ,(#2544,#2545)
    ,(#2546,#2547)
    ,(#2548,#2549)
    ,(#2550,#2551)
    ,(#2552,#2553)
    ,(#2554,#2555)
    ,(#2556,#2557)
    ,(#2558,#2559)
    ,(#2560,#2561)
    ,(#2562,#2563)
    ,(#2564,#2565)
    ,(#2566,#2567)
    ,(#2568,#2569)
    ,(#2570,#2571)
    ,(#2572,#2573)
    ,(#2574,#2575)
    ,(#2576,#2577)
    ,(#2578,#2579)
    ,(#2580,#2581)
    ,(#2582,#2583)
    ,(#2584,#2585)
    ,(#2586,#2587)
    ,(#2588,#2589)
    ,(#2590,#2591)
    ,(#2592,#2593)
    ,(#2594,#2595)
    ,(#2596,#2597)
    ,(#2598,#2599
    )),.UNSPECIFIED.,.F.,.F.,.F.,(4,1,1,1,1,1,1,1,1,1,1,1,1,1,1,1,1,1,1,
    1,1,1,1,1,1,1,1,1,1,1,1,1,1,1,1,1,1,1,1,1,1,1,1,1,1,1,1,4),(2,2),(0.
    ,3.010134173011,5.734866089906,8.204243200285,10.280216915947,
    12.332164523515,14.201956865391,15.911237845672,17.363900720308,
    18.819208714806,20.167747400886,21.42468716853,22.515414853025,
    23.632925452475,24.694050367351,25.707901186754,26.608581862701,
    27.552388564938,28.468532489134,29.361872223827,30.169943636586,
    31.030962627216,31.880548884696,32.72227944396,33.495545472128,
    34.332992621126,35.174663745336,36.025783427864,36.825011523752,
    37.711824801461,38.627874308414,39.58148948206,40.502911686362,
    41.554574841448,42.671594637474,43.864256147866,45.041219012251,
    46.408073524505,47.880684921353,49.469922617188,51.049935999727,
    52.894334824252,54.887680127977,57.041280206621,59.18142193199,
    61.675679145654,64.364419403117,67.031728548195),(-22.4,0.),
  .UNSPECIFIED.);
#2500 = CARTESIAN_POINT('',(41.085637700577,-23.85018161985,22.4));
#2501 = CARTESIAN_POINT('',(41.085637700577,-23.85018161985,0.));
#2502 = CARTESIAN_POINT('',(41.464648671267,-22.9383321354,22.4));
#2503 = CARTESIAN_POINT('',(41.464648671267,-22.9383321354,0.));
#2504 = CARTESIAN_POINT('',(42.233951860987,-21.16313051495,22.4));
#2505 = CARTESIAN_POINT('',(42.233951860987,-21.16313051495,0.));
#2506 = CARTESIAN_POINT('',(43.172176847085,-18.60178323579,22.4));
#2507 = CARTESIAN_POINT('',(43.172176847085,-18.60178323579,0.));
#2508 = CARTESIAN_POINT('',(43.917930175137,-16.29339022618,22.4));
#2509 = CARTESIAN_POINT('',(43.917930175137,-16.29339022618,0.));
#2510 = CARTESIAN_POINT('',(44.496867964486,-14.17149585791,22.4));
#2511 = CARTESIAN_POINT('',(44.496867964486,-14.17149585791,0.));
#2512 = CARTESIAN_POINT('',(44.931909061641,-12.21918507429,22.4));
#2513 = CARTESIAN_POINT('',(44.931909061641,-12.21918507429,0.));
#2514 = CARTESIAN_POINT('',(45.243175382232,-10.36726323638,22.4));
#2515 = CARTESIAN_POINT('',(45.243175382232,-10.36726323638,0.));
#2516 = CARTESIAN_POINT('',(45.428866102245,-8.699387147197,22.4));
#2517 = CARTESIAN_POINT('',(45.428866102245,-8.699387147197,0.));
#2518 = CARTESIAN_POINT('',(45.51275965803,-7.161839610024,22.4));
#2519 = CARTESIAN_POINT('',(45.51275965803,-7.161839610024,0.));
#2520 = CARTESIAN_POINT('',(45.50759709289,-5.74209949152,22.4));
#2521 = CARTESIAN_POINT('',(45.50759709289,-5.74209949152,0.));
#2522 = CARTESIAN_POINT('',(45.417859008954,-4.390579828522,22.4));
#2523 = CARTESIAN_POINT('',(45.417859008954,-4.390579828522,0.));
#2524 = CARTESIAN_POINT('',(45.25745311143,-3.168112538737,22.4));
#2525 = CARTESIAN_POINT('',(45.25745311143,-3.168112538737,0.));
#2526 = CARTESIAN_POINT('',(45.0354906316,-2.033887352887,22.4));
#2527 = CARTESIAN_POINT('',(45.0354906316,-2.033887352887,0.));
#2528 = CARTESIAN_POINT('',(44.759140127289,-0.978897551494,22.4));
#2529 = CARTESIAN_POINT('',(44.759140127289,-0.978897551494,0.));
#2530 = CARTESIAN_POINT('',(44.4222298205,3.132178123361E-02,22.4));
#2531 = CARTESIAN_POINT('',(44.4222298205,3.132178123361E-02,0.));
#2532 = CARTESIAN_POINT('',(44.047239045737,0.950367029506,22.4));
#2533 = CARTESIAN_POINT('',(44.047239045737,0.950367029506,0.));
#2534 = CARTESIAN_POINT('',(43.632482975503,1.808748455452,22.4));
#2535 = CARTESIAN_POINT('',(43.632482975503,1.808748455452,0.));
#2536 = CARTESIAN_POINT('',(43.18111342381,2.611400516349,22.4));
#2537 = CARTESIAN_POINT('',(43.18111342381,2.611400516349,0.));
#2538 = CARTESIAN_POINT('',(42.680311905247,3.381232221976,22.4));
#2539 = CARTESIAN_POINT('',(42.680311905247,3.381232221976,0.));
#2540 = CARTESIAN_POINT('',(42.158033126256,4.080940655235,22.4));
#2541 = CARTESIAN_POINT('',(42.158033126256,4.080940655235,0.));
#2542 = CARTESIAN_POINT('',(41.605131729088,4.73263925928,22.4));
#2543 = CARTESIAN_POINT('',(41.605131729088,4.73263925928,0.));
#2544 = CARTESIAN_POINT('',(41.022367355054,5.337855591533,22.4));
#2545 = CARTESIAN_POINT('',(41.022367355054,5.337855591533,0.));
#2546 = CARTESIAN_POINT('',(40.3922454647,5.910443784111,22.4));
#2547 = CARTESIAN_POINT('',(40.3922454647,5.910443784111,0.));
#2548 = CARTESIAN_POINT('',(39.747409205041,6.420538034273,22.4));
#2549 = CARTESIAN_POINT('',(39.747409205041,6.420538034273,0.));
#2550 = CARTESIAN_POINT('',(39.072974988954,6.883518898961,22.4));
#2551 = CARTESIAN_POINT('',(39.072974988954,6.883518898961,0.));
#2552 = CARTESIAN_POINT('',(38.367797856748,7.298486644326,22.4));
#2553 = CARTESIAN_POINT('',(38.367797856748,7.298486644326,0.));
#2554 = CARTESIAN_POINT('',(37.610192253363,7.67096651686,22.4));
#2555 = CARTESIAN_POINT('',(37.610192253363,7.67096651686,0.));
#2556 = CARTESIAN_POINT('',(36.837839780931,7.979078415385,22.4));
#2557 = CARTESIAN_POINT('',(36.837839780931,7.979078415385,0.));
#2558 = CARTESIAN_POINT('',(36.029964316298,8.231773277157,22.4));
#2559 = CARTESIAN_POINT('',(36.029964316298,8.231773277157,0.));
#2560 = CARTESIAN_POINT('',(35.18349977364,8.42550097466,22.4));
#2561 = CARTESIAN_POINT('',(35.18349977364,8.42550097466,0.));
#2562 = CARTESIAN_POINT('',(34.27296123684,8.556164117265,22.4));
#2563 = CARTESIAN_POINT('',(34.27296123684,8.556164117265,0.));
#2564 = CARTESIAN_POINT('',(33.343165384743,8.611612608317,22.4));
#2565 = CARTESIAN_POINT('',(33.343165384743,8.611612608317,0.));
#2566 = CARTESIAN_POINT('',(32.36688876422,8.592258217678,22.4));
#2567 = CARTESIAN_POINT('',(32.36688876422,8.592258217678,0.));
#2568 = CARTESIAN_POINT('',(31.340670878501,8.490936763974,22.4));
#2569 = CARTESIAN_POINT('',(31.340670878501,8.490936763974,0.));
#2570 = CARTESIAN_POINT('',(30.23705258033,8.291249467091,22.4));
#2571 = CARTESIAN_POINT('',(30.23705258033,8.291249467091,0.));
#2572 = CARTESIAN_POINT('',(29.111064093022,7.998405067358,22.4));
#2573 = CARTESIAN_POINT('',(29.111064093022,7.998405067358,0.));
#2574 = CARTESIAN_POINT('',(27.933487772265,7.589078170952,22.4));
#2575 = CARTESIAN_POINT('',(27.933487772265,7.589078170952,0.));
#2576 = CARTESIAN_POINT('',(26.70429423241,7.055581640139,22.4));
#2577 = CARTESIAN_POINT('',(26.70429423241,7.055581640139,0.));
#2578 = CARTESIAN_POINT('',(25.391682245513,6.377765038857,22.4));
#2579 = CARTESIAN_POINT('',(25.391682245513,6.377765038857,0.));
#2580 = CARTESIAN_POINT('',(24.065747827849,5.578185203553,22.4));
#2581 = CARTESIAN_POINT('',(24.065747827849,5.578185203553,0.));
#2582 = CARTESIAN_POINT('',(22.687905843428,4.630789307926,22.4));
#2583 = CARTESIAN_POINT('',(22.687905843428,4.630789307926,0.));
#2584 = CARTESIAN_POINT('',(21.260439651933,3.523364729133,22.4));
#2585 = CARTESIAN_POINT('',(21.260439651933,3.523364729133,0.));
#2586 = CARTESIAN_POINT('',(19.753017757988,2.209846404675,22.4));
#2587 = CARTESIAN_POINT('',(19.753017757988,2.209846404675,0.));
#2588 = CARTESIAN_POINT('',(18.252182319148,0.753333871887,22.4));
#2589 = CARTESIAN_POINT('',(18.252182319148,0.753333871887,0.));
#2590 = CARTESIAN_POINT('',(16.696203647599,-0.919557641022,22.4));
#2591 = CARTESIAN_POINT('',(16.696203647599,-0.919557641022,0.));
#2592 = CARTESIAN_POINT('',(15.175532050721,-2.707838975062,22.4));
#2593 = CARTESIAN_POINT('',(15.175532050721,-2.707838975062,0.));
#2594 = CARTESIAN_POINT('',(13.350090444196,-5.099203627213,22.4));
#2595 = CARTESIAN_POINT('',(13.350090444196,-5.099203627213,0.));
#2596 = CARTESIAN_POINT('',(12.91100078668,-5.776592839161,22.4));
#2597 = CARTESIAN_POINT('',(12.91100078668,-5.776592839161,0.));
#2598 = CARTESIAN_POINT('',(12.019693060918,-7.051107079368,22.4));
#2599 = CARTESIAN_POINT('',(12.019693060918,-7.051107079368,0.));
#2600 = DEFINITIONAL_REPRESENTATION('',(#2601),#2605);
#2601 = LINE('',#2602,#2603);
#2602 = CARTESIAN_POINT('',(67.031728548195,0.));
#2603 = VECTOR('',#2604,1.);
#2604 = DIRECTION('',(0.,-1.));
#2605 = ( GEOMETRIC_REPRESENTATION_CONTEXT(2) 
PARAMETRIC_REPRESENTATION_CONTEXT() REPRESENTATION_CONTEXT('2D SPACE',''
  ) );
#2606 = ORIENTED_EDGE('',*,*,#2607,.T.);
#2607 = EDGE_CURVE('',#2484,#2220,#2608,.T.);
#2608 = SURFACE_CURVE('',#2609,(#2613,#2620),.PCURVE_S1.);
#2609 = LINE('',#2610,#2611);
#2610 = CARTESIAN_POINT('',(12.019693060918,-7.051107079368,22.4));
#2611 = VECTOR('',#2612,1.);
#2612 = DIRECTION('',(-0.88745597613,-0.460892493355,0.));
#2613 = PCURVE('',#2235,#2614);
#2614 = DEFINITIONAL_REPRESENTATION('',(#2615),#2619);
#2615 = LINE('',#2616,#2617);
#2616 = CARTESIAN_POINT('',(0.,-22.4));
#2617 = VECTOR('',#2618,1.);
#2618 = DIRECTION('',(1.,0.));
#2619 = ( GEOMETRIC_REPRESENTATION_CONTEXT(2) 
PARAMETRIC_REPRESENTATION_CONTEXT() REPRESENTATION_CONTEXT('2D SPACE',''
  ) );
#2620 = PCURVE('',#66,#2621);
#2621 = DEFINITIONAL_REPRESENTATION('',(#2622),#2626);
#2622 = LINE('',#2623,#2624);
#2623 = CARTESIAN_POINT('',(12.019693060918,-7.051107079368));
#2624 = VECTOR('',#2625,1.);
#2625 = DIRECTION('',(-0.88745597613,-0.460892493355));
#2626 = ( GEOMETRIC_REPRESENTATION_CONTEXT(2) 
PARAMETRIC_REPRESENTATION_CONTEXT() REPRESENTATION_CONTEXT('2D SPACE',''
  ) );
#2627 = ORIENTED_EDGE('',*,*,#2217,.F.);
#2628 = ORIENTED_EDGE('',*,*,#2629,.F.);
#2629 = EDGE_CURVE('',#2482,#2218,#2630,.T.);
#2630 = SURFACE_CURVE('',#2631,(#2635,#2642),.PCURVE_S1.);
#2631 = LINE('',#2632,#2633);
#2632 = CARTESIAN_POINT('',(12.019693060918,-7.051107079368,0.));
#2633 = VECTOR('',#2634,1.);
#2634 = DIRECTION('',(-0.88745597613,-0.460892493355,0.));
#2635 = PCURVE('',#2235,#2636);
#2636 = DEFINITIONAL_REPRESENTATION('',(#2637),#2641);
#2637 = LINE('',#2638,#2639);
#2638 = CARTESIAN_POINT('',(0.,0.));
#2639 = VECTOR('',#2640,1.);
#2640 = DIRECTION('',(1.,0.));
#2641 = ( GEOMETRIC_REPRESENTATION_CONTEXT(2) 
PARAMETRIC_REPRESENTATION_CONTEXT() REPRESENTATION_CONTEXT('2D SPACE',''
  ) );
#2642 = PCURVE('',#94,#2643);
#2643 = DEFINITIONAL_REPRESENTATION('',(#2644),#2648);
#2644 = LINE('',#2645,#2646);
#2645 = CARTESIAN_POINT('',(12.019693060918,-7.051107079368));
#2646 = VECTOR('',#2647,1.);
#2647 = DIRECTION('',(-0.88745597613,-0.460892493355));
#2648 = ( GEOMETRIC_REPRESENTATION_CONTEXT(2) 
PARAMETRIC_REPRESENTATION_CONTEXT() REPRESENTATION_CONTEXT('2D SPACE',''
  ) );
#2649 = ADVANCED_FACE('',(#2650),#2499,.T.);
#2650 = FACE_BOUND('',#2651,.T.);
#2651 = EDGE_LOOP('',(#2652,#2677,#2792,#2793));
#2652 = ORIENTED_EDGE('',*,*,#2653,.T.);
#2653 = EDGE_CURVE('',#2654,#2656,#2658,.T.);
#2654 = VERTEX_POINT('',#2655);
#2655 = CARTESIAN_POINT('',(41.085637700577,-23.85018161985,0.));
#2656 = VERTEX_POINT('',#2657);
#2657 = CARTESIAN_POINT('',(41.085637700577,-23.85018161985,22.4));
#2658 = SURFACE_CURVE('',#2659,(#2663,#2670),.PCURVE_S1.);
#2659 = LINE('',#2660,#2661);
#2660 = CARTESIAN_POINT('',(41.085637700577,-23.85018161985,0.));
#2661 = VECTOR('',#2662,1.);
#2662 = DIRECTION('',(0.,0.,1.));
#2663 = PCURVE('',#2499,#2664);
#2664 = DEFINITIONAL_REPRESENTATION('',(#2665),#2669);
#2665 = LINE('',#2666,#2667);
#2666 = CARTESIAN_POINT('',(0.,0.));
#2667 = VECTOR('',#2668,1.);
#2668 = DIRECTION('',(0.,-1.));
#2669 = ( GEOMETRIC_REPRESENTATION_CONTEXT(2) 
PARAMETRIC_REPRESENTATION_CONTEXT() REPRESENTATION_CONTEXT('2D SPACE',''
  ) );
#2670 = PCURVE('',#2180,#2671);
#2671 = DEFINITIONAL_REPRESENTATION('',(#2672),#2676);
#2672 = LINE('',#2673,#2674);
#2673 = CARTESIAN_POINT('',(5.343068391947,0.));
#2674 = VECTOR('',#2675,1.);
#2675 = DIRECTION('',(0.,-1.));
#2676 = ( GEOMETRIC_REPRESENTATION_CONTEXT(2) 
PARAMETRIC_REPRESENTATION_CONTEXT() REPRESENTATION_CONTEXT('2D SPACE',''
  ) );
#2677 = ORIENTED_EDGE('',*,*,#2678,.T.);
#2678 = EDGE_CURVE('',#2656,#2484,#2679,.T.);
#2679 = SURFACE_CURVE('',#2680,(#2731,#2738),.PCURVE_S1.);
#2680 = B_SPLINE_CURVE_WITH_KNOTS('',3,(#2681,#2682,#2683,#2684,#2685,
    #2686,#2687,#2688,#2689,#2690,#2691,#2692,#2693,#2694,#2695,#2696,
    #2697,#2698,#2699,#2700,#2701,#2702,#2703,#2704,#2705,#2706,#2707,
    #2708,#2709,#2710,#2711,#2712,#2713,#2714,#2715,#2716,#2717,#2718,
    #2719,#2720,#2721,#2722,#2723,#2724,#2725,#2726,#2727,#2728,#2729,
    #2730),.UNSPECIFIED.,.F.,.F.,(4,1,1,1,1,1,1,1,1,1,1,1,1,1,1,1,1,1,1,
    1,1,1,1,1,1,1,1,1,1,1,1,1,1,1,1,1,1,1,1,1,1,1,1,1,1,1,1,4),(0.,
    3.010134173011,5.734866089906,8.204243200285,10.280216915947,
    12.332164523515,14.201956865391,15.911237845672,17.363900720308,
    18.819208714806,20.167747400886,21.42468716853,22.515414853025,
    23.632925452475,24.694050367351,25.707901186754,26.608581862701,
    27.552388564938,28.468532489134,29.361872223827,30.169943636586,
    31.030962627216,31.880548884696,32.72227944396,33.495545472128,
    34.332992621126,35.174663745336,36.025783427864,36.825011523752,
    37.711824801461,38.627874308414,39.58148948206,40.502911686362,
    41.554574841448,42.671594637474,43.864256147866,45.041219012251,
    46.408073524505,47.880684921353,49.469922617188,51.049935999727,
    52.894334824252,54.887680127977,57.041280206621,59.18142193199,
    61.675679145654,64.364419403117,67.031728548195),.UNSPECIFIED.);
#2681 = CARTESIAN_POINT('',(41.085637700577,-23.85018161985,22.4));
#2682 = CARTESIAN_POINT('',(41.464648671267,-22.9383321354,22.4));
#2683 = CARTESIAN_POINT('',(42.233951860987,-21.16313051495,22.4));
#2684 = CARTESIAN_POINT('',(43.172176847085,-18.60178323579,22.4));
#2685 = CARTESIAN_POINT('',(43.917930175137,-16.29339022618,22.4));
#2686 = CARTESIAN_POINT('',(44.496867964486,-14.17149585791,22.4));
#2687 = CARTESIAN_POINT('',(44.931909061641,-12.21918507429,22.4));
#2688 = CARTESIAN_POINT('',(45.243175382232,-10.36726323638,22.4));
#2689 = CARTESIAN_POINT('',(45.428866102245,-8.699387147197,22.4));
#2690 = CARTESIAN_POINT('',(45.51275965803,-7.161839610024,22.4));
#2691 = CARTESIAN_POINT('',(45.50759709289,-5.74209949152,22.4));
#2692 = CARTESIAN_POINT('',(45.417859008954,-4.390579828522,22.4));
#2693 = CARTESIAN_POINT('',(45.25745311143,-3.168112538737,22.4));
#2694 = CARTESIAN_POINT('',(45.0354906316,-2.033887352887,22.4));
#2695 = CARTESIAN_POINT('',(44.759140127289,-0.978897551494,22.4));
#2696 = CARTESIAN_POINT('',(44.4222298205,3.132178123361E-02,22.4));
#2697 = CARTESIAN_POINT('',(44.047239045737,0.950367029506,22.4));
#2698 = CARTESIAN_POINT('',(43.632482975503,1.808748455452,22.4));
#2699 = CARTESIAN_POINT('',(43.18111342381,2.611400516349,22.4));
#2700 = CARTESIAN_POINT('',(42.680311905247,3.381232221976,22.4));
#2701 = CARTESIAN_POINT('',(42.158033126256,4.080940655235,22.4));
#2702 = CARTESIAN_POINT('',(41.605131729088,4.73263925928,22.4));
#2703 = CARTESIAN_POINT('',(41.022367355054,5.337855591533,22.4));
#2704 = CARTESIAN_POINT('',(40.3922454647,5.910443784111,22.4));
#2705 = CARTESIAN_POINT('',(39.747409205041,6.420538034273,22.4));
#2706 = CARTESIAN_POINT('',(39.072974988954,6.883518898961,22.4));
#2707 = CARTESIAN_POINT('',(38.367797856748,7.298486644326,22.4));
#2708 = CARTESIAN_POINT('',(37.610192253363,7.67096651686,22.4));
#2709 = CARTESIAN_POINT('',(36.837839780931,7.979078415385,22.4));
#2710 = CARTESIAN_POINT('',(36.029964316298,8.231773277157,22.4));
#2711 = CARTESIAN_POINT('',(35.18349977364,8.42550097466,22.4));
#2712 = CARTESIAN_POINT('',(34.27296123684,8.556164117265,22.4));
#2713 = CARTESIAN_POINT('',(33.343165384743,8.611612608317,22.4));
#2714 = CARTESIAN_POINT('',(32.36688876422,8.592258217678,22.4));
#2715 = CARTESIAN_POINT('',(31.340670878501,8.490936763974,22.4));
#2716 = CARTESIAN_POINT('',(30.23705258033,8.291249467091,22.4));
#2717 = CARTESIAN_POINT('',(29.111064093022,7.998405067358,22.4));
#2718 = CARTESIAN_POINT('',(27.933487772265,7.589078170952,22.4));
#2719 = CARTESIAN_POINT('',(26.70429423241,7.055581640139,22.4));
#2720 = CARTESIAN_POINT('',(25.391682245513,6.377765038857,22.4));
#2721 = CARTESIAN_POINT('',(24.065747827849,5.578185203553,22.4));
#2722 = CARTESIAN_POINT('',(22.687905843428,4.630789307926,22.4));
#2723 = CARTESIAN_POINT('',(21.260439651933,3.523364729133,22.4));
#2724 = CARTESIAN_POINT('',(19.753017757988,2.209846404675,22.4));
#2725 = CARTESIAN_POINT('',(18.252182319148,0.753333871887,22.4));
#2726 = CARTESIAN_POINT('',(16.696203647599,-0.919557641022,22.4));
#2727 = CARTESIAN_POINT('',(15.175532050721,-2.707838975062,22.4));
#2728 = CARTESIAN_POINT('',(13.350090444196,-5.099203627213,22.4));
#2729 = CARTESIAN_POINT('',(12.91100078668,-5.776592839161,22.4));
#2730 = CARTESIAN_POINT('',(12.019693060918,-7.051107079368,22.4));
#2731 = PCURVE('',#2499,#2732);
#2732 = DEFINITIONAL_REPRESENTATION('',(#2733),#2737);
#2733 = LINE('',#2734,#2735);
#2734 = CARTESIAN_POINT('',(0.,-22.4));
#2735 = VECTOR('',#2736,1.);
#2736 = DIRECTION('',(1.,0.));
#2737 = ( GEOMETRIC_REPRESENTATION_CONTEXT(2) 
PARAMETRIC_REPRESENTATION_CONTEXT() REPRESENTATION_CONTEXT('2D SPACE',''
  ) );
#2738 = PCURVE('',#66,#2739);
#2739 = DEFINITIONAL_REPRESENTATION('',(#2740),#2791);
#2740 = B_SPLINE_CURVE_WITH_KNOTS('',3,(#2741,#2742,#2743,#2744,#2745,
    #2746,#2747,#2748,#2749,#2750,#2751,#2752,#2753,#2754,#2755,#2756,
    #2757,#2758,#2759,#2760,#2761,#2762,#2763,#2764,#2765,#2766,#2767,
    #2768,#2769,#2770,#2771,#2772,#2773,#2774,#2775,#2776,#2777,#2778,
    #2779,#2780,#2781,#2782,#2783,#2784,#2785,#2786,#2787,#2788,#2789,
    #2790),.UNSPECIFIED.,.F.,.F.,(4,1,1,1,1,1,1,1,1,1,1,1,1,1,1,1,1,1,1,
    1,1,1,1,1,1,1,1,1,1,1,1,1,1,1,1,1,1,1,1,1,1,1,1,1,1,1,1,4),(0.,
    3.010134173011,5.734866089906,8.204243200285,10.280216915947,
    12.332164523515,14.201956865391,15.911237845672,17.363900720308,
    18.819208714806,20.167747400886,21.42468716853,22.515414853025,
    23.632925452475,24.694050367351,25.707901186754,26.608581862701,
    27.552388564938,28.468532489134,29.361872223827,30.169943636586,
    31.030962627216,31.880548884696,32.72227944396,33.495545472128,
    34.332992621126,35.174663745336,36.025783427864,36.825011523752,
    37.711824801461,38.627874308414,39.58148948206,40.502911686362,
    41.554574841448,42.671594637474,43.864256147866,45.041219012251,
    46.408073524505,47.880684921353,49.469922617188,51.049935999727,
    52.894334824252,54.887680127977,57.041280206621,59.18142193199,
    61.675679145654,64.364419403117,67.031728548195),.UNSPECIFIED.);
#2741 = CARTESIAN_POINT('',(41.085637700577,-23.85018161985));
#2742 = CARTESIAN_POINT('',(41.464648671267,-22.9383321354));
#2743 = CARTESIAN_POINT('',(42.233951860987,-21.16313051495));
#2744 = CARTESIAN_POINT('',(43.172176847085,-18.60178323579));
#2745 = CARTESIAN_POINT('',(43.917930175137,-16.29339022618));
#2746 = CARTESIAN_POINT('',(44.496867964486,-14.17149585791));
#2747 = CARTESIAN_POINT('',(44.931909061641,-12.21918507429));
#2748 = CARTESIAN_POINT('',(45.243175382232,-10.36726323638));
#2749 = CARTESIAN_POINT('',(45.428866102245,-8.699387147197));
#2750 = CARTESIAN_POINT('',(45.51275965803,-7.161839610024));
#2751 = CARTESIAN_POINT('',(45.50759709289,-5.74209949152));
#2752 = CARTESIAN_POINT('',(45.417859008954,-4.390579828522));
#2753 = CARTESIAN_POINT('',(45.25745311143,-3.168112538737));
#2754 = CARTESIAN_POINT('',(45.0354906316,-2.033887352887));
#2755 = CARTESIAN_POINT('',(44.759140127289,-0.978897551494));
#2756 = CARTESIAN_POINT('',(44.4222298205,3.132178123361E-02));
#2757 = CARTESIAN_POINT('',(44.047239045737,0.950367029506));
#2758 = CARTESIAN_POINT('',(43.632482975503,1.808748455452));
#2759 = CARTESIAN_POINT('',(43.18111342381,2.611400516349));
#2760 = CARTESIAN_POINT('',(42.680311905247,3.381232221976));
#2761 = CARTESIAN_POINT('',(42.158033126256,4.080940655235));
#2762 = CARTESIAN_POINT('',(41.605131729088,4.73263925928));
#2763 = CARTESIAN_POINT('',(41.022367355054,5.337855591533));
#2764 = CARTESIAN_POINT('',(40.3922454647,5.910443784111));
#2765 = CARTESIAN_POINT('',(39.747409205041,6.420538034273));
#2766 = CARTESIAN_POINT('',(39.072974988954,6.883518898961));
#2767 = CARTESIAN_POINT('',(38.367797856748,7.298486644326));
#2768 = CARTESIAN_POINT('',(37.610192253363,7.67096651686));
#2769 = CARTESIAN_POINT('',(36.837839780931,7.979078415385));
#2770 = CARTESIAN_POINT('',(36.029964316298,8.231773277157));
#2771 = CARTESIAN_POINT('',(35.18349977364,8.42550097466));
#2772 = CARTESIAN_POINT('',(34.27296123684,8.556164117265));
#2773 = CARTESIAN_POINT('',(33.343165384743,8.611612608317));
#2774 = CARTESIAN_POINT('',(32.36688876422,8.592258217678));
#2775 = CARTESIAN_POINT('',(31.340670878501,8.490936763974));
#2776 = CARTESIAN_POINT('',(30.23705258033,8.291249467091));
#2777 = CARTESIAN_POINT('',(29.111064093022,7.998405067358));
#2778 = CARTESIAN_POINT('',(27.933487772265,7.589078170952));
#2779 = CARTESIAN_POINT('',(26.70429423241,7.055581640139));
#2780 = CARTESIAN_POINT('',(25.391682245513,6.377765038857));
#2781 = CARTESIAN_POINT('',(24.065747827849,5.578185203553));
#2782 = CARTESIAN_POINT('',(22.687905843428,4.630789307926));
#2783 = CARTESIAN_POINT('',(21.260439651933,3.523364729133));
#2784 = CARTESIAN_POINT('',(19.753017757988,2.209846404675));
#2785 = CARTESIAN_POINT('',(18.252182319148,0.753333871887));
#2786 = CARTESIAN_POINT('',(16.696203647599,-0.919557641022));
#2787 = CARTESIAN_POINT('',(15.175532050721,-2.707838975062));
#2788 = CARTESIAN_POINT('',(13.350090444196,-5.099203627213));
#2789 = CARTESIAN_POINT('',(12.91100078668,-5.776592839161));
#2790 = CARTESIAN_POINT('',(12.019693060918,-7.051107079368));
#2791 = ( GEOMETRIC_REPRESENTATION_CONTEXT(2) 
PARAMETRIC_REPRESENTATION_CONTEXT() REPRESENTATION_CONTEXT('2D SPACE',''
  ) );
#2792 = ORIENTED_EDGE('',*,*,#2481,.F.);
#2793 = ORIENTED_EDGE('',*,*,#2794,.F.);
#2794 = EDGE_CURVE('',#2654,#2482,#2795,.T.);
#2795 = SURFACE_CURVE('',#2796,(#2847,#2854),.PCURVE_S1.);
#2796 = B_SPLINE_CURVE_WITH_KNOTS('',3,(#2797,#2798,#2799,#2800,#2801,
    #2802,#2803,#2804,#2805,#2806,#2807,#2808,#2809,#2810,#2811,#2812,
    #2813,#2814,#2815,#2816,#2817,#2818,#2819,#2820,#2821,#2822,#2823,
    #2824,#2825,#2826,#2827,#2828,#2829,#2830,#2831,#2832,#2833,#2834,
    #2835,#2836,#2837,#2838,#2839,#2840,#2841,#2842,#2843,#2844,#2845,
    #2846),.UNSPECIFIED.,.F.,.F.,(4,1,1,1,1,1,1,1,1,1,1,1,1,1,1,1,1,1,1,
    1,1,1,1,1,1,1,1,1,1,1,1,1,1,1,1,1,1,1,1,1,1,1,1,1,1,1,1,4),(0.,
    3.010134173011,5.734866089906,8.204243200285,10.280216915947,
    12.332164523515,14.201956865391,15.911237845672,17.363900720308,
    18.819208714806,20.167747400886,21.42468716853,22.515414853025,
    23.632925452475,24.694050367351,25.707901186754,26.608581862701,
    27.552388564938,28.468532489134,29.361872223827,30.169943636586,
    31.030962627216,31.880548884696,32.72227944396,33.495545472128,
    34.332992621126,35.174663745336,36.025783427864,36.825011523752,
    37.711824801461,38.627874308414,39.58148948206,40.502911686362,
    41.554574841448,42.671594637474,43.864256147866,45.041219012251,
    46.408073524505,47.880684921353,49.469922617188,51.049935999727,
    52.894334824252,54.887680127977,57.041280206621,59.18142193199,
    61.675679145654,64.364419403117,67.031728548195),.UNSPECIFIED.);
#2797 = CARTESIAN_POINT('',(41.085637700577,-23.85018161985,0.));
#2798 = CARTESIAN_POINT('',(41.464648671267,-22.9383321354,0.));
#2799 = CARTESIAN_POINT('',(42.233951860987,-21.16313051495,0.));
#2800 = CARTESIAN_POINT('',(43.172176847085,-18.60178323579,0.));
#2801 = CARTESIAN_POINT('',(43.917930175137,-16.29339022618,0.));
#2802 = CARTESIAN_POINT('',(44.496867964486,-14.17149585791,0.));
#2803 = CARTESIAN_POINT('',(44.931909061641,-12.21918507429,0.));
#2804 = CARTESIAN_POINT('',(45.243175382232,-10.36726323638,0.));
#2805 = CARTESIAN_POINT('',(45.428866102245,-8.699387147197,0.));
#2806 = CARTESIAN_POINT('',(45.51275965803,-7.161839610024,0.));
#2807 = CARTESIAN_POINT('',(45.50759709289,-5.74209949152,0.));
#2808 = CARTESIAN_POINT('',(45.417859008954,-4.390579828522,0.));
#2809 = CARTESIAN_POINT('',(45.25745311143,-3.168112538737,0.));
#2810 = CARTESIAN_POINT('',(45.0354906316,-2.033887352887,0.));
#2811 = CARTESIAN_POINT('',(44.759140127289,-0.978897551494,0.));
#2812 = CARTESIAN_POINT('',(44.4222298205,3.132178123361E-02,0.));
#2813 = CARTESIAN_POINT('',(44.047239045737,0.950367029506,0.));
#2814 = CARTESIAN_POINT('',(43.632482975503,1.808748455452,0.));
#2815 = CARTESIAN_POINT('',(43.18111342381,2.611400516349,0.));
#2816 = CARTESIAN_POINT('',(42.680311905247,3.381232221976,0.));
#2817 = CARTESIAN_POINT('',(42.158033126256,4.080940655235,0.));
#2818 = CARTESIAN_POINT('',(41.605131729088,4.73263925928,0.));
#2819 = CARTESIAN_POINT('',(41.022367355054,5.337855591533,0.));
#2820 = CARTESIAN_POINT('',(40.3922454647,5.910443784111,0.));
#2821 = CARTESIAN_POINT('',(39.747409205041,6.420538034273,0.));
#2822 = CARTESIAN_POINT('',(39.072974988954,6.883518898961,0.));
#2823 = CARTESIAN_POINT('',(38.367797856748,7.298486644326,0.));
#2824 = CARTESIAN_POINT('',(37.610192253363,7.67096651686,0.));
#2825 = CARTESIAN_POINT('',(36.837839780931,7.979078415385,0.));
#2826 = CARTESIAN_POINT('',(36.029964316298,8.231773277157,0.));
#2827 = CARTESIAN_POINT('',(35.18349977364,8.42550097466,0.));
#2828 = CARTESIAN_POINT('',(34.27296123684,8.556164117265,0.));
#2829 = CARTESIAN_POINT('',(33.343165384743,8.611612608317,0.));
#2830 = CARTESIAN_POINT('',(32.36688876422,8.592258217678,0.));
#2831 = CARTESIAN_POINT('',(31.340670878501,8.490936763974,0.));
#2832 = CARTESIAN_POINT('',(30.23705258033,8.291249467091,0.));
#2833 = CARTESIAN_POINT('',(29.111064093022,7.998405067358,0.));
#2834 = CARTESIAN_POINT('',(27.933487772265,7.589078170952,0.));
#2835 = CARTESIAN_POINT('',(26.70429423241,7.055581640139,0.));
#2836 = CARTESIAN_POINT('',(25.391682245513,6.377765038857,0.));
#2837 = CARTESIAN_POINT('',(24.065747827849,5.578185203553,0.));
#2838 = CARTESIAN_POINT('',(22.687905843428,4.630789307926,0.));
#2839 = CARTESIAN_POINT('',(21.260439651933,3.523364729133,0.));
#2840 = CARTESIAN_POINT('',(19.753017757988,2.209846404675,0.));
#2841 = CARTESIAN_POINT('',(18.252182319148,0.753333871887,0.));
#2842 = CARTESIAN_POINT('',(16.696203647599,-0.919557641022,0.));
#2843 = CARTESIAN_POINT('',(15.175532050721,-2.707838975062,0.));
#2844 = CARTESIAN_POINT('',(13.350090444196,-5.099203627213,0.));
#2845 = CARTESIAN_POINT('',(12.91100078668,-5.776592839161,0.));
#2846 = CARTESIAN_POINT('',(12.019693060918,-7.051107079368,0.));
#2847 = PCURVE('',#2499,#2848);
#2848 = DEFINITIONAL_REPRESENTATION('',(#2849),#2853);
#2849 = LINE('',#2850,#2851);
#2850 = CARTESIAN_POINT('',(0.,0.));
#2851 = VECTOR('',#2852,1.);
#2852 = DIRECTION('',(1.,0.));
#2853 = ( GEOMETRIC_REPRESENTATION_CONTEXT(2) 
PARAMETRIC_REPRESENTATION_CONTEXT() REPRESENTATION_CONTEXT('2D SPACE',''
  ) );
#2854 = PCURVE('',#94,#2855);
#2855 = DEFINITIONAL_REPRESENTATION('',(#2856),#2907);
#2856 = B_SPLINE_CURVE_WITH_KNOTS('',3,(#2857,#2858,#2859,#2860,#2861,
    #2862,#2863,#2864,#2865,#2866,#2867,#2868,#2869,#2870,#2871,#2872,
    #2873,#2874,#2875,#2876,#2877,#2878,#2879,#2880,#2881,#2882,#2883,
    #2884,#2885,#2886,#2887,#2888,#2889,#2890,#2891,#2892,#2893,#2894,
    #2895,#2896,#2897,#2898,#2899,#2900,#2901,#2902,#2903,#2904,#2905,
    #2906),.UNSPECIFIED.,.F.,.F.,(4,1,1,1,1,1,1,1,1,1,1,1,1,1,1,1,1,1,1,
    1,1,1,1,1,1,1,1,1,1,1,1,1,1,1,1,1,1,1,1,1,1,1,1,1,1,1,1,4),(0.,
    3.010134173011,5.734866089906,8.204243200285,10.280216915947,
    12.332164523515,14.201956865391,15.911237845672,17.363900720308,
    18.819208714806,20.167747400886,21.42468716853,22.515414853025,
    23.632925452475,24.694050367351,25.707901186754,26.608581862701,
    27.552388564938,28.468532489134,29.361872223827,30.169943636586,
    31.030962627216,31.880548884696,32.72227944396,33.495545472128,
    34.332992621126,35.174663745336,36.025783427864,36.825011523752,
    37.711824801461,38.627874308414,39.58148948206,40.502911686362,
    41.554574841448,42.671594637474,43.864256147866,45.041219012251,
    46.408073524505,47.880684921353,49.469922617188,51.049935999727,
    52.894334824252,54.887680127977,57.041280206621,59.18142193199,
    61.675679145654,64.364419403117,67.031728548195),.UNSPECIFIED.);
#2857 = CARTESIAN_POINT('',(41.085637700577,-23.85018161985));
#2858 = CARTESIAN_POINT('',(41.464648671267,-22.9383321354));
#2859 = CARTESIAN_POINT('',(42.233951860987,-21.16313051495));
#2860 = CARTESIAN_POINT('',(43.172176847085,-18.60178323579));
#2861 = CARTESIAN_POINT('',(43.917930175137,-16.29339022618));
#2862 = CARTESIAN_POINT('',(44.496867964486,-14.17149585791));
#2863 = CARTESIAN_POINT('',(44.931909061641,-12.21918507429));
#2864 = CARTESIAN_POINT('',(45.243175382232,-10.36726323638));
#2865 = CARTESIAN_POINT('',(45.428866102245,-8.699387147197));
#2866 = CARTESIAN_POINT('',(45.51275965803,-7.161839610024));
#2867 = CARTESIAN_POINT('',(45.50759709289,-5.74209949152));
#2868 = CARTESIAN_POINT('',(45.417859008954,-4.390579828522));
#2869 = CARTESIAN_POINT('',(45.25745311143,-3.168112538737));
#2870 = CARTESIAN_POINT('',(45.0354906316,-2.033887352887));
#2871 = CARTESIAN_POINT('',(44.759140127289,-0.978897551494));
#2872 = CARTESIAN_POINT('',(44.4222298205,3.132178123361E-02));
#2873 = CARTESIAN_POINT('',(44.047239045737,0.950367029506));
#2874 = CARTESIAN_POINT('',(43.632482975503,1.808748455452));
#2875 = CARTESIAN_POINT('',(43.18111342381,2.611400516349));
#2876 = CARTESIAN_POINT('',(42.680311905247,3.381232221976));
#2877 = CARTESIAN_POINT('',(42.158033126256,4.080940655235));
#2878 = CARTESIAN_POINT('',(41.605131729088,4.73263925928));
#2879 = CARTESIAN_POINT('',(41.022367355054,5.337855591533));
#2880 = CARTESIAN_POINT('',(40.3922454647,5.910443784111));
#2881 = CARTESIAN_POINT('',(39.747409205041,6.420538034273));
#2882 = CARTESIAN_POINT('',(39.072974988954,6.883518898961));
#2883 = CARTESIAN_POINT('',(38.367797856748,7.298486644326));
#2884 = CARTESIAN_POINT('',(37.610192253363,7.67096651686));
#2885 = CARTESIAN_POINT('',(36.837839780931,7.979078415385));
#2886 = CARTESIAN_POINT('',(36.029964316298,8.231773277157));
#2887 = CARTESIAN_POINT('',(35.18349977364,8.42550097466));
#2888 = CARTESIAN_POINT('',(34.27296123684,8.556164117265));
#2889 = CARTESIAN_POINT('',(33.343165384743,8.611612608317));
#2890 = CARTESIAN_POINT('',(32.36688876422,8.592258217678));
#2891 = CARTESIAN_POINT('',(31.340670878501,8.490936763974));
#2892 = CARTESIAN_POINT('',(30.23705258033,8.291249467091));
#2893 = CARTESIAN_POINT('',(29.111064093022,7.998405067358));
#2894 = CARTESIAN_POINT('',(27.933487772265,7.589078170952));
#2895 = CARTESIAN_POINT('',(26.70429423241,7.055581640139));
#2896 = CARTESIAN_POINT('',(25.391682245513,6.377765038857));
#2897 = CARTESIAN_POINT('',(24.065747827849,5.578185203553));
#2898 = CARTESIAN_POINT('',(22.687905843428,4.630789307926));
#2899 = CARTESIAN_POINT('',(21.260439651933,3.523364729133));
#2900 = CARTESIAN_POINT('',(19.753017757988,2.209846404675));
#2901 = CARTESIAN_POINT('',(18.252182319148,0.753333871887));
#2902 = CARTESIAN_POINT('',(16.696203647599,-0.919557641022));
#2903 = CARTESIAN_POINT('',(15.175532050721,-2.707838975062));
#2904 = CARTESIAN_POINT('',(13.350090444196,-5.099203627213));
#2905 = CARTESIAN_POINT('',(12.91100078668,-5.776592839161));
#2906 = CARTESIAN_POINT('',(12.019693060918,-7.051107079368));
#2907 = ( GEOMETRIC_REPRESENTATION_CONTEXT(2) 
PARAMETRIC_REPRESENTATION_CONTEXT() REPRESENTATION_CONTEXT('2D SPACE',''
  ) );
#2908 = ADVANCED_FACE('',(#2909),#2180,.T.);
#2909 = FACE_BOUND('',#2910,.T.);
#2910 = EDGE_LOOP('',(#2911,#2912,#2933,#2934));
#2911 = ORIENTED_EDGE('',*,*,#2164,.T.);
#2912 = ORIENTED_EDGE('',*,*,#2913,.T.);
#2913 = EDGE_CURVE('',#2141,#2656,#2914,.T.);
#2914 = SURFACE_CURVE('',#2915,(#2919,#2926),.PCURVE_S1.);
#2915 = LINE('',#2916,#2917);
#2916 = CARTESIAN_POINT('',(36.69590941308,-34.4117507153,22.4));
#2917 = VECTOR('',#2918,1.);
#2918 = DIRECTION('',(0.383801307059,0.923415700917,0.));
#2919 = PCURVE('',#2180,#2920);
#2920 = DEFINITIONAL_REPRESENTATION('',(#2921),#2925);
#2921 = LINE('',#2922,#2923);
#2922 = CARTESIAN_POINT('',(-6.094433791486,-22.4));
#2923 = VECTOR('',#2924,1.);
#2924 = DIRECTION('',(1.,0.));
#2925 = ( GEOMETRIC_REPRESENTATION_CONTEXT(2) 
PARAMETRIC_REPRESENTATION_CONTEXT() REPRESENTATION_CONTEXT('2D SPACE',''
  ) );
#2926 = PCURVE('',#66,#2927);
#2927 = DEFINITIONAL_REPRESENTATION('',(#2928),#2932);
#2928 = LINE('',#2929,#2930);
#2929 = CARTESIAN_POINT('',(36.69590941308,-34.4117507153));
#2930 = VECTOR('',#2931,1.);
#2931 = DIRECTION('',(0.383801307059,0.923415700917));
#2932 = ( GEOMETRIC_REPRESENTATION_CONTEXT(2) 
PARAMETRIC_REPRESENTATION_CONTEXT() REPRESENTATION_CONTEXT('2D SPACE',''
  ) );
#2933 = ORIENTED_EDGE('',*,*,#2653,.F.);
#2934 = ORIENTED_EDGE('',*,*,#2935,.F.);
#2935 = EDGE_CURVE('',#2165,#2654,#2936,.T.);
#2936 = SURFACE_CURVE('',#2937,(#2941,#2948),.PCURVE_S1.);
#2937 = LINE('',#2938,#2939);
#2938 = CARTESIAN_POINT('',(36.69590941308,-34.4117507153,0.));
#2939 = VECTOR('',#2940,1.);
#2940 = DIRECTION('',(0.383801307059,0.923415700917,0.));
#2941 = PCURVE('',#2180,#2942);
#2942 = DEFINITIONAL_REPRESENTATION('',(#2943),#2947);
#2943 = LINE('',#2944,#2945);
#2944 = CARTESIAN_POINT('',(-6.094433791486,-0.));
#2945 = VECTOR('',#2946,1.);
#2946 = DIRECTION('',(1.,0.));
#2947 = ( GEOMETRIC_REPRESENTATION_CONTEXT(2) 
PARAMETRIC_REPRESENTATION_CONTEXT() REPRESENTATION_CONTEXT('2D SPACE',''
  ) );
#2948 = PCURVE('',#94,#2949);
#2949 = DEFINITIONAL_REPRESENTATION('',(#2950),#2954);
#2950 = LINE('',#2951,#2952);
#2951 = CARTESIAN_POINT('',(36.69590941308,-34.4117507153));
#2952 = VECTOR('',#2953,1.);
#2953 = DIRECTION('',(0.383801307059,0.923415700917));
#2954 = ( GEOMETRIC_REPRESENTATION_CONTEXT(2) 
PARAMETRIC_REPRESENTATION_CONTEXT() REPRESENTATION_CONTEXT('2D SPACE',''
  ) );
#2955 = ADVANCED_FACE('',(#2956),#2970,.F.);
#2956 = FACE_BOUND('',#2957,.T.);
#2957 = EDGE_LOOP('',(#2958,#3089,#3113,#3141));
#2958 = ORIENTED_EDGE('',*,*,#2959,.T.);
#2959 = EDGE_CURVE('',#2960,#2962,#2964,.T.);
#2960 = VERTEX_POINT('',#2961);
#2961 = CARTESIAN_POINT('',(13.080178454266,-46.7028792646,0.));
#2962 = VERTEX_POINT('',#2963);
#2963 = CARTESIAN_POINT('',(13.080178454266,-46.7028792646,22.4));
#2964 = SURFACE_CURVE('',#2965,(#2969,#2981),.PCURVE_S1.);
#2965 = LINE('',#2966,#2967);
#2966 = CARTESIAN_POINT('',(13.080178454266,-46.7028792646,0.));
#2967 = VECTOR('',#2968,1.);
#2968 = DIRECTION('',(0.,0.,1.));
#2969 = PCURVE('',#2970,#2975);
#2970 = CYLINDRICAL_SURFACE('',#2971,48.5);
#2971 = AXIS2_PLACEMENT_3D('',#2972,#2973,#2974);
#2972 = CARTESIAN_POINT('',(0.,0.,0.));
#2973 = DIRECTION('',(-0.,-0.,-1.));
#2974 = DIRECTION('',(1.,0.,-0.));
#2975 = DEFINITIONAL_REPRESENTATION('',(#2976),#2980);
#2976 = LINE('',#2977,#2978);
#2977 = CARTESIAN_POINT('',(-4.985464639455,0.));
#2978 = VECTOR('',#2979,1.);
#2979 = DIRECTION('',(-0.,-1.));
#2980 = ( GEOMETRIC_REPRESENTATION_CONTEXT(2) 
PARAMETRIC_REPRESENTATION_CONTEXT() REPRESENTATION_CONTEXT('2D SPACE',''
  ) );
#2981 = PCURVE('',#2982,#3083);
#2982 = B_SPLINE_SURFACE_WITH_KNOTS('',3,1,(
    (#2983,#2984)
    ,(#2985,#2986)
    ,(#2987,#2988)
    ,(#2989,#2990)
    ,(#2991,#2992)
    ,(#2993,#2994)
    ,(#2995,#2996)
    ,(#2997,#2998)
    ,(#2999,#3000)
    ,(#3001,#3002)
    ,(#3003,#3004)
    ,(#3005,#3006)
    ,(#3007,#3008)
    ,(#3009,#3010)
    ,(#3011,#3012)
    ,(#3013,#3014)
    ,(#3015,#3016)
    ,(#3017,#3018)
    ,(#3019,#3020)
    ,(#3021,#3022)
    ,(#3023,#3024)
    ,(#3025,#3026)
    ,(#3027,#3028)
    ,(#3029,#3030)
    ,(#3031,#3032)
    ,(#3033,#3034)
    ,(#3035,#3036)
    ,(#3037,#3038)
    ,(#3039,#3040)
    ,(#3041,#3042)
    ,(#3043,#3044)
    ,(#3045,#3046)
    ,(#3047,#3048)
    ,(#3049,#3050)
    ,(#3051,#3052)
    ,(#3053,#3054)
    ,(#3055,#3056)
    ,(#3057,#3058)
    ,(#3059,#3060)
    ,(#3061,#3062)
    ,(#3063,#3064)
    ,(#3065,#3066)
    ,(#3067,#3068)
    ,(#3069,#3070)
    ,(#3071,#3072)
    ,(#3073,#3074)
    ,(#3075,#3076)
    ,(#3077,#3078)
    ,(#3079,#3080)
    ,(#3081,#3082
    )),.UNSPECIFIED.,.F.,.F.,.F.,(4,1,1,1,1,1,1,1,1,1,1,1,1,1,1,1,1,1,1,
    1,1,1,1,1,1,1,1,1,1,1,1,1,1,1,1,1,1,1,1,1,1,1,1,1,1,1,1,4),(2,2),(0.
    ,2.766464139392,5.568319295326,8.177275145496,10.425160909405,
    12.698001103747,14.813706991925,16.784063111389,18.483896399813,
    20.207074900357,21.81810245116,23.327840693167,24.640860133639,
    25.985974841284,27.260500260188,28.473662841808,29.546573791048,
    30.665502050481,31.746604132965,32.796723932319,33.744037531687,
    34.751762028128,35.745458780463,36.730106112805,37.635070035337,
    38.615335519513,39.599805338773,40.592877392801,41.521106716853,
    42.54355210237,43.588460947472,44.661307186429,45.681682040739,
    46.825929386569,48.018033969658,49.266638650819,50.477859791669,
    51.863921967174,53.33914083985,54.917675284274,56.480212616324,
    58.303578905337,60.281721918016,62.435877257802,64.600562295301,
    67.15990258556,69.968318443063,73.053194077155),(-22.4,0.),
  .UNSPECIFIED.);
#2983 = CARTESIAN_POINT('',(9.659132507772E-02,-11.46508692386,22.4));
#2984 = CARTESIAN_POINT('',(9.659132507772E-02,-11.46508692386,0.));
#2985 = CARTESIAN_POINT('',(0.997531887688,-11.56201135425,22.4));
#2986 = CARTESIAN_POINT('',(0.997531887688,-11.56201135425,0.));
#2987 = CARTESIAN_POINT('',(2.869911982393,-11.73386143343,22.4));
#2988 = CARTESIAN_POINT('',(2.869911982393,-11.73386143343,0.));
#2989 = CARTESIAN_POINT('',(5.555149510144,-12.1541863042,22.4));
#2990 = CARTESIAN_POINT('',(5.555149510144,-12.1541863042,0.));
#2991 = CARTESIAN_POINT('',(8.061246716484,-12.656613796,22.4));
#2992 = CARTESIAN_POINT('',(8.061246716484,-12.656613796,0.));
#2993 = CARTESIAN_POINT('',(10.365827798951,-13.23880501824,22.4));
#2994 = CARTESIAN_POINT('',(10.365827798951,-13.23880501824,0.));
#2995 = CARTESIAN_POINT('',(12.482337860793,-13.88614782797,22.4));
#2996 = CARTESIAN_POINT('',(12.482337860793,-13.88614782797,0.));
#2997 = CARTESIAN_POINT('',(14.473629758889,-14.61558228212,22.4));
#2998 = CARTESIAN_POINT('',(14.473629758889,-14.61558228212,0.));
#2999 = CARTESIAN_POINT('',(16.245040316804,-15.381107717,22.4));
#3000 = CARTESIAN_POINT('',(16.245040316804,-15.381107717,0.));
#3001 = CARTESIAN_POINT('',(17.852461924634,-16.18830977415,22.4));
#3002 = CARTESIAN_POINT('',(17.852461924634,-16.18830977415,0.));
#3003 = CARTESIAN_POINT('',(19.305183808412,-17.03041809495,22.4));
#3004 = CARTESIAN_POINT('',(19.305183808412,-17.03041809495,0.));
#3005 = CARTESIAN_POINT('',(20.647439067325,-17.93012241267,22.4));
#3006 = CARTESIAN_POINT('',(20.647439067325,-17.93012241267,0.));
#3007 = CARTESIAN_POINT('',(21.815265409324,-18.8378909225,22.4));
#3008 = CARTESIAN_POINT('',(21.815265409324,-18.8378909225,0.));
#3009 = CARTESIAN_POINT('',(22.855601589807,-19.75985046258,22.4));
#3010 = CARTESIAN_POINT('',(22.855601589807,-19.75985046258,0.));
#3011 = CARTESIAN_POINT('',(23.779474227334,-20.69155050243,22.4));
#3012 = CARTESIAN_POINT('',(23.779474227334,-20.69155050243,0.));
#3013 = CARTESIAN_POINT('',(24.604886664143,-21.66852172927,22.4));
#3014 = CARTESIAN_POINT('',(24.604886664143,-21.66852172927,0.));
#3015 = CARTESIAN_POINT('',(25.29721043821,-22.63414057452,22.4));
#3016 = CARTESIAN_POINT('',(25.29721043821,-22.63414057452,0.));
#3017 = CARTESIAN_POINT('',(25.884428292563,-23.60667467573,22.4));
#3018 = CARTESIAN_POINT('',(25.884428292563,-23.60667467573,0.));
#3019 = CARTESIAN_POINT('',(26.373147396548,-24.58348448695,22.4));
#3020 = CARTESIAN_POINT('',(26.373147396548,-24.58348448695,0.));
#3021 = CARTESIAN_POINT('',(26.776431093043,-25.59033218866,22.4));
#3022 = CARTESIAN_POINT('',(26.776431093043,-25.59033218866,0.));
#3023 = CARTESIAN_POINT('',(27.078624195503,-26.57222674031,22.4));
#3024 = CARTESIAN_POINT('',(27.078624195503,-26.57222674031,0.));
#3025 = CARTESIAN_POINT('',(27.297867266821,-27.55057293061,22.4));
#3026 = CARTESIAN_POINT('',(27.297867266821,-27.55057293061,0.));
#3027 = CARTESIAN_POINT('',(27.439123206851,-28.5243195862,22.4));
#3028 = CARTESIAN_POINT('',(27.439123206851,-28.5243195862,0.));
#3029 = CARTESIAN_POINT('',(27.505547306111,-29.51841162621,22.4));
#3030 = CARTESIAN_POINT('',(27.505547306111,-29.51841162621,0.));
#3031 = CARTESIAN_POINT('',(27.497653174108,-30.48036595253,22.4));
#3032 = CARTESIAN_POINT('',(27.497653174108,-30.48036595253,0.));
#3033 = CARTESIAN_POINT('',(27.423142433975,-31.43475794982,22.4));
#3034 = CARTESIAN_POINT('',(27.423142433975,-31.43475794982,0.));
#3035 = CARTESIAN_POINT('',(27.284274332011,-32.38197984701,22.4));
#3036 = CARTESIAN_POINT('',(27.284274332011,-32.38197984701,0.));
#3037 = CARTESIAN_POINT('',(27.074813902316,-33.3461661647,22.4));
#3038 = CARTESIAN_POINT('',(27.074813902316,-33.3461661647,0.));
#3039 = CARTESIAN_POINT('',(26.806360136563,-34.27755610417,22.4));
#3040 = CARTESIAN_POINT('',(26.806360136563,-34.27755610417,0.));
#3041 = CARTESIAN_POINT('',(26.475626098635,-35.20199463568,22.4));
#3042 = CARTESIAN_POINT('',(26.475626098635,-35.20199463568,0.));
#3043 = CARTESIAN_POINT('',(26.081053342461,-36.12002675154,22.4));
#3044 = CARTESIAN_POINT('',(26.081053342461,-36.12002675154,0.));
#3045 = CARTESIAN_POINT('',(25.606310170402,-37.0537130843,22.4));
#3046 = CARTESIAN_POINT('',(25.606310170402,-37.0537130843,0.));
#3047 = CARTESIAN_POINT('',(25.07273456133,-37.9542969483,22.4));
#3048 = CARTESIAN_POINT('',(25.07273456133,-37.9542969483,0.));
#3049 = CARTESIAN_POINT('',(24.465681794331,-38.84727804443,22.4));
#3050 = CARTESIAN_POINT('',(24.465681794331,-38.84727804443,0.));
#3051 = CARTESIAN_POINT('',(23.779404953179,-39.73203492998,22.4));
#3052 = CARTESIAN_POINT('',(23.779404953179,-39.73203492998,0.));
#3053 = CARTESIAN_POINT('',(22.98621323695,-40.62694718063,22.4));
#3054 = CARTESIAN_POINT('',(22.98621323695,-40.62694718063,0.));
#3055 = CARTESIAN_POINT('',(22.120080821874,-41.48358265919,22.4));
#3056 = CARTESIAN_POINT('',(22.120080821874,-41.48358265919,0.));
#3057 = CARTESIAN_POINT('',(21.153148084479,-42.32643853314,22.4));
#3058 = CARTESIAN_POINT('',(21.153148084479,-42.32643853314,0.));
#3059 = CARTESIAN_POINT('',(20.075151089843,-43.15309029046,22.4));
#3060 = CARTESIAN_POINT('',(20.075151089843,-43.15309029046,0.));
#3061 = CARTESIAN_POINT('',(18.844612851793,-43.97705647161,22.4));
#3062 = CARTESIAN_POINT('',(18.844612851793,-43.97705647161,0.));
#3063 = CARTESIAN_POINT('',(17.51407662939,-44.7519515178,22.4));
#3064 = CARTESIAN_POINT('',(17.51407662939,-44.7519515178,0.));
#3065 = CARTESIAN_POINT('',(16.037304592966,-45.50058744757,22.4));
#3066 = CARTESIAN_POINT('',(16.037304592966,-45.50058744757,0.));
#3067 = CARTESIAN_POINT('',(14.398928243417,-46.21832281051,22.4));
#3068 = CARTESIAN_POINT('',(14.398928243417,-46.21832281051,0.));
#3069 = CARTESIAN_POINT('',(12.536703344974,-46.91294919484,22.4));
#3070 = CARTESIAN_POINT('',(12.536703344974,-46.91294919484,0.));
#3071 = CARTESIAN_POINT('',(10.539118513891,-47.5416797429,22.4));
#3072 = CARTESIAN_POINT('',(10.539118513891,-47.5416797429,0.));
#3073 = CARTESIAN_POINT('',(8.297876658534,-48.12831353425,22.4));
#3074 = CARTESIAN_POINT('',(8.297876658534,-48.12831353425,0.));
#3075 = CARTESIAN_POINT('',(5.947933569625,-48.64112715928,22.4));
#3076 = CARTESIAN_POINT('',(5.947933569625,-48.64112715928,0.));
#3077 = CARTESIAN_POINT('',(2.710378200263,-49.18477935949,22.4));
#3078 = CARTESIAN_POINT('',(2.710378200263,-49.18477935949,0.));
#3079 = CARTESIAN_POINT('',(2.015183314218,-49.24546314911,22.4));
#3080 = CARTESIAN_POINT('',(2.015183314218,-49.24546314911,0.));
#3081 = CARTESIAN_POINT('',(0.112044317377,-49.49370321069,22.4));
#3082 = CARTESIAN_POINT('',(0.112044317377,-49.49370321069,0.));
#3083 = DEFINITIONAL_REPRESENTATION('',(#3084),#3088);
#3084 = LINE('',#3085,#3086);
#3085 = CARTESIAN_POINT('',(59.759046788485,0.));
#3086 = VECTOR('',#3087,1.);
#3087 = DIRECTION('',(0.,-1.));
#3088 = ( GEOMETRIC_REPRESENTATION_CONTEXT(2) 
PARAMETRIC_REPRESENTATION_CONTEXT() REPRESENTATION_CONTEXT('2D SPACE',''
  ) );
#3089 = ORIENTED_EDGE('',*,*,#3090,.T.);
#3090 = EDGE_CURVE('',#2962,#3091,#3093,.T.);
#3091 = VERTEX_POINT('',#3092);
#3092 = CARTESIAN_POINT('',(19.413240488631,-44.44520327021,22.4));
#3093 = SURFACE_CURVE('',#3094,(#3099,#3106),.PCURVE_S1.);
#3094 = CIRCLE('',#3095,48.5);
#3095 = AXIS2_PLACEMENT_3D('',#3096,#3097,#3098);
#3096 = CARTESIAN_POINT('',(0.,0.,22.4));
#3097 = DIRECTION('',(0.,0.,1.));
#3098 = DIRECTION('',(1.,0.,-0.));
#3099 = PCURVE('',#2970,#3100);
#3100 = DEFINITIONAL_REPRESENTATION('',(#3101),#3105);
#3101 = LINE('',#3102,#3103);
#3102 = CARTESIAN_POINT('',(-0.,-22.4));
#3103 = VECTOR('',#3104,1.);
#3104 = DIRECTION('',(-1.,0.));
#3105 = ( GEOMETRIC_REPRESENTATION_CONTEXT(2) 
PARAMETRIC_REPRESENTATION_CONTEXT() REPRESENTATION_CONTEXT('2D SPACE',''
  ) );
#3106 = PCURVE('',#66,#3107);
#3107 = DEFINITIONAL_REPRESENTATION('',(#3108),#3112);
#3108 = CIRCLE('',#3109,48.5);
#3109 = AXIS2_PLACEMENT_2D('',#3110,#3111);
#3110 = CARTESIAN_POINT('',(1.75032336965E-15,-3.209892110372E-15));
#3111 = DIRECTION('',(1.,0.));
#3112 = ( GEOMETRIC_REPRESENTATION_CONTEXT(2) 
PARAMETRIC_REPRESENTATION_CONTEXT() REPRESENTATION_CONTEXT('2D SPACE',''
  ) );
#3113 = ORIENTED_EDGE('',*,*,#3114,.F.);
#3114 = EDGE_CURVE('',#3115,#3091,#3117,.T.);
#3115 = VERTEX_POINT('',#3116);
#3116 = CARTESIAN_POINT('',(19.413240488631,-44.44520327021,0.));
#3117 = SURFACE_CURVE('',#3118,(#3122,#3129),.PCURVE_S1.);
#3118 = LINE('',#3119,#3120);
#3119 = CARTESIAN_POINT('',(19.413240488631,-44.44520327021,0.));
#3120 = VECTOR('',#3121,1.);
#3121 = DIRECTION('',(0.,0.,1.));
#3122 = PCURVE('',#2970,#3123);
#3123 = DEFINITIONAL_REPRESENTATION('',(#3124),#3128);
#3124 = LINE('',#3125,#3126);
#3125 = CARTESIAN_POINT('',(-5.124203712985,0.));
#3126 = VECTOR('',#3127,1.);
#3127 = DIRECTION('',(-0.,-1.));
#3128 = ( GEOMETRIC_REPRESENTATION_CONTEXT(2) 
PARAMETRIC_REPRESENTATION_CONTEXT() REPRESENTATION_CONTEXT('2D SPACE',''
  ) );
#3129 = PCURVE('',#3130,#3135);
#3130 = PLANE('',#3131);
#3131 = AXIS2_PLACEMENT_3D('',#3132,#3133,#3134);
#3132 = CARTESIAN_POINT('',(19.413240488631,-44.44520327021,0.));
#3133 = DIRECTION('',(-0.607800801718,0.794089532378,0.));
#3134 = DIRECTION('',(0.794089532378,0.607800801718,0.));
#3135 = DEFINITIONAL_REPRESENTATION('',(#3136),#3140);
#3136 = LINE('',#3137,#3138);
#3137 = CARTESIAN_POINT('',(0.,0.));
#3138 = VECTOR('',#3139,1.);
#3139 = DIRECTION('',(0.,-1.));
#3140 = ( GEOMETRIC_REPRESENTATION_CONTEXT(2) 
PARAMETRIC_REPRESENTATION_CONTEXT() REPRESENTATION_CONTEXT('2D SPACE',''
  ) );
#3141 = ORIENTED_EDGE('',*,*,#3142,.F.);
#3142 = EDGE_CURVE('',#2960,#3115,#3143,.T.);
#3143 = SURFACE_CURVE('',#3144,(#3149,#3156),.PCURVE_S1.);
#3144 = CIRCLE('',#3145,48.5);
#3145 = AXIS2_PLACEMENT_3D('',#3146,#3147,#3148);
#3146 = CARTESIAN_POINT('',(0.,0.,0.));
#3147 = DIRECTION('',(0.,0.,1.));
#3148 = DIRECTION('',(1.,0.,-0.));
#3149 = PCURVE('',#2970,#3150);
#3150 = DEFINITIONAL_REPRESENTATION('',(#3151),#3155);
#3151 = LINE('',#3152,#3153);
#3152 = CARTESIAN_POINT('',(-0.,0.));
#3153 = VECTOR('',#3154,1.);
#3154 = DIRECTION('',(-1.,0.));
#3155 = ( GEOMETRIC_REPRESENTATION_CONTEXT(2) 
PARAMETRIC_REPRESENTATION_CONTEXT() REPRESENTATION_CONTEXT('2D SPACE',''
  ) );
#3156 = PCURVE('',#94,#3157);
#3157 = DEFINITIONAL_REPRESENTATION('',(#3158),#3162);
#3158 = CIRCLE('',#3159,48.5);
#3159 = AXIS2_PLACEMENT_2D('',#3160,#3161);
#3160 = CARTESIAN_POINT('',(1.75032336965E-15,-3.209892110372E-15));
#3161 = DIRECTION('',(1.,0.));
#3162 = ( GEOMETRIC_REPRESENTATION_CONTEXT(2) 
PARAMETRIC_REPRESENTATION_CONTEXT() REPRESENTATION_CONTEXT('2D SPACE',''
  ) );
#3163 = ADVANCED_FACE('',(#3164),#2982,.T.);
#3164 = FACE_BOUND('',#3165,.T.);
#3165 = EDGE_LOOP('',(#3166,#3196,#3311,#3312));
#3166 = ORIENTED_EDGE('',*,*,#3167,.T.);
#3167 = EDGE_CURVE('',#3168,#3170,#3172,.T.);
#3168 = VERTEX_POINT('',#3169);
#3169 = CARTESIAN_POINT('',(4.624853916871,-12.01547242541,0.));
#3170 = VERTEX_POINT('',#3171);
#3171 = CARTESIAN_POINT('',(4.624853916871,-12.01547242541,22.4));
#3172 = SURFACE_CURVE('',#3173,(#3177,#3184),.PCURVE_S1.);
#3173 = LINE('',#3174,#3175);
#3174 = CARTESIAN_POINT('',(4.624853916871,-12.01547242541,0.));
#3175 = VECTOR('',#3176,1.);
#3176 = DIRECTION('',(0.,0.,1.));
#3177 = PCURVE('',#2982,#3178);
#3178 = DEFINITIONAL_REPRESENTATION('',(#3179),#3183);
#3179 = LINE('',#3180,#3181);
#3180 = CARTESIAN_POINT('',(4.560656898555,0.));
#3181 = VECTOR('',#3182,1.);
#3182 = DIRECTION('',(0.,-1.));
#3183 = ( GEOMETRIC_REPRESENTATION_CONTEXT(2) 
PARAMETRIC_REPRESENTATION_CONTEXT() REPRESENTATION_CONTEXT('2D SPACE',''
  ) );
#3184 = PCURVE('',#3185,#3190);
#3185 = PLANE('',#3186);
#3186 = AXIS2_PLACEMENT_3D('',#3187,#3188,#3189);
#3187 = CARTESIAN_POINT('',(6.883805996763,-12.11628438599,0.));
#3188 = DIRECTION('',(-4.458338040621E-02,-0.999005666746,0.));
#3189 = DIRECTION('',(-0.999005666746,4.458338040621E-02,0.));
#3190 = DEFINITIONAL_REPRESENTATION('',(#3191),#3195);
#3191 = LINE('',#3192,#3193);
#3192 = CARTESIAN_POINT('',(2.261200466709,0.));
#3193 = VECTOR('',#3194,1.);
#3194 = DIRECTION('',(0.,-1.));
#3195 = ( GEOMETRIC_REPRESENTATION_CONTEXT(2) 
PARAMETRIC_REPRESENTATION_CONTEXT() REPRESENTATION_CONTEXT('2D SPACE',''
  ) );
#3196 = ORIENTED_EDGE('',*,*,#3197,.T.);
#3197 = EDGE_CURVE('',#3170,#2962,#3198,.T.);
#3198 = SURFACE_CURVE('',#3199,(#3250,#3257),.PCURVE_S1.);
#3199 = B_SPLINE_CURVE_WITH_KNOTS('',3,(#3200,#3201,#3202,#3203,#3204,
    #3205,#3206,#3207,#3208,#3209,#3210,#3211,#3212,#3213,#3214,#3215,
    #3216,#3217,#3218,#3219,#3220,#3221,#3222,#3223,#3224,#3225,#3226,
    #3227,#3228,#3229,#3230,#3231,#3232,#3233,#3234,#3235,#3236,#3237,
    #3238,#3239,#3240,#3241,#3242,#3243,#3244,#3245,#3246,#3247,#3248,
    #3249),.UNSPECIFIED.,.F.,.F.,(4,1,1,1,1,1,1,1,1,1,1,1,1,1,1,1,1,1,1,
    1,1,1,1,1,1,1,1,1,1,1,1,1,1,1,1,1,1,1,1,1,1,1,1,1,1,1,1,4),(0.,
    2.766464139392,5.568319295326,8.177275145496,10.425160909405,
    12.698001103747,14.813706991925,16.784063111389,18.483896399813,
    20.207074900357,21.81810245116,23.327840693167,24.640860133639,
    25.985974841284,27.260500260188,28.473662841808,29.546573791048,
    30.665502050481,31.746604132965,32.796723932319,33.744037531687,
    34.751762028128,35.745458780463,36.730106112805,37.635070035337,
    38.615335519513,39.599805338773,40.592877392801,41.521106716853,
    42.54355210237,43.588460947472,44.661307186429,45.681682040739,
    46.825929386569,48.018033969658,49.266638650819,50.477859791669,
    51.863921967174,53.33914083985,54.917675284274,56.480212616324,
    58.303578905337,60.281721918016,62.435877257802,64.600562295301,
    67.15990258556,69.968318443063,73.053194077155),.UNSPECIFIED.);
#3200 = CARTESIAN_POINT('',(9.659132507772E-02,-11.46508692386,22.4));
#3201 = CARTESIAN_POINT('',(0.997531887688,-11.56201135425,22.4));
#3202 = CARTESIAN_POINT('',(2.869911982393,-11.73386143343,22.4));
#3203 = CARTESIAN_POINT('',(5.555149510144,-12.1541863042,22.4));
#3204 = CARTESIAN_POINT('',(8.061246716484,-12.656613796,22.4));
#3205 = CARTESIAN_POINT('',(10.365827798951,-13.23880501824,22.4));
#3206 = CARTESIAN_POINT('',(12.482337860793,-13.88614782797,22.4));
#3207 = CARTESIAN_POINT('',(14.473629758889,-14.61558228212,22.4));
#3208 = CARTESIAN_POINT('',(16.245040316804,-15.381107717,22.4));
#3209 = CARTESIAN_POINT('',(17.852461924634,-16.18830977415,22.4));
#3210 = CARTESIAN_POINT('',(19.305183808412,-17.03041809495,22.4));
#3211 = CARTESIAN_POINT('',(20.647439067325,-17.93012241267,22.4));
#3212 = CARTESIAN_POINT('',(21.815265409324,-18.8378909225,22.4));
#3213 = CARTESIAN_POINT('',(22.855601589807,-19.75985046258,22.4));
#3214 = CARTESIAN_POINT('',(23.779474227334,-20.69155050243,22.4));
#3215 = CARTESIAN_POINT('',(24.604886664143,-21.66852172927,22.4));
#3216 = CARTESIAN_POINT('',(25.29721043821,-22.63414057452,22.4));
#3217 = CARTESIAN_POINT('',(25.884428292563,-23.60667467573,22.4));
#3218 = CARTESIAN_POINT('',(26.373147396548,-24.58348448695,22.4));
#3219 = CARTESIAN_POINT('',(26.776431093043,-25.59033218866,22.4));
#3220 = CARTESIAN_POINT('',(27.078624195503,-26.57222674031,22.4));
#3221 = CARTESIAN_POINT('',(27.297867266821,-27.55057293061,22.4));
#3222 = CARTESIAN_POINT('',(27.439123206851,-28.5243195862,22.4));
#3223 = CARTESIAN_POINT('',(27.505547306111,-29.51841162621,22.4));
#3224 = CARTESIAN_POINT('',(27.497653174108,-30.48036595253,22.4));
#3225 = CARTESIAN_POINT('',(27.423142433975,-31.43475794982,22.4));
#3226 = CARTESIAN_POINT('',(27.284274332011,-32.38197984701,22.4));
#3227 = CARTESIAN_POINT('',(27.074813902316,-33.3461661647,22.4));
#3228 = CARTESIAN_POINT('',(26.806360136563,-34.27755610417,22.4));
#3229 = CARTESIAN_POINT('',(26.475626098635,-35.20199463568,22.4));
#3230 = CARTESIAN_POINT('',(26.081053342461,-36.12002675154,22.4));
#3231 = CARTESIAN_POINT('',(25.606310170402,-37.0537130843,22.4));
#3232 = CARTESIAN_POINT('',(25.07273456133,-37.9542969483,22.4));
#3233 = CARTESIAN_POINT('',(24.465681794331,-38.84727804443,22.4));
#3234 = CARTESIAN_POINT('',(23.779404953179,-39.73203492998,22.4));
#3235 = CARTESIAN_POINT('',(22.98621323695,-40.62694718063,22.4));
#3236 = CARTESIAN_POINT('',(22.120080821874,-41.48358265919,22.4));
#3237 = CARTESIAN_POINT('',(21.153148084479,-42.32643853314,22.4));
#3238 = CARTESIAN_POINT('',(20.075151089843,-43.15309029046,22.4));
#3239 = CARTESIAN_POINT('',(18.844612851793,-43.97705647161,22.4));
#3240 = CARTESIAN_POINT('',(17.51407662939,-44.7519515178,22.4));
#3241 = CARTESIAN_POINT('',(16.037304592966,-45.50058744757,22.4));
#3242 = CARTESIAN_POINT('',(14.398928243417,-46.21832281051,22.4));
#3243 = CARTESIAN_POINT('',(12.536703344974,-46.91294919484,22.4));
#3244 = CARTESIAN_POINT('',(10.539118513891,-47.5416797429,22.4));
#3245 = CARTESIAN_POINT('',(8.297876658534,-48.12831353425,22.4));
#3246 = CARTESIAN_POINT('',(5.947933569625,-48.64112715928,22.4));
#3247 = CARTESIAN_POINT('',(2.710378200263,-49.18477935949,22.4));
#3248 = CARTESIAN_POINT('',(2.015183314218,-49.24546314911,22.4));
#3249 = CARTESIAN_POINT('',(0.112044317377,-49.49370321069,22.4));
#3250 = PCURVE('',#2982,#3251);
#3251 = DEFINITIONAL_REPRESENTATION('',(#3252),#3256);
#3252 = LINE('',#3253,#3254);
#3253 = CARTESIAN_POINT('',(0.,-22.4));
#3254 = VECTOR('',#3255,1.);
#3255 = DIRECTION('',(1.,0.));
#3256 = ( GEOMETRIC_REPRESENTATION_CONTEXT(2) 
PARAMETRIC_REPRESENTATION_CONTEXT() REPRESENTATION_CONTEXT('2D SPACE',''
  ) );
#3257 = PCURVE('',#66,#3258);
#3258 = DEFINITIONAL_REPRESENTATION('',(#3259),#3310);
#3259 = B_SPLINE_CURVE_WITH_KNOTS('',3,(#3260,#3261,#3262,#3263,#3264,
    #3265,#3266,#3267,#3268,#3269,#3270,#3271,#3272,#3273,#3274,#3275,
    #3276,#3277,#3278,#3279,#3280,#3281,#3282,#3283,#3284,#3285,#3286,
    #3287,#3288,#3289,#3290,#3291,#3292,#3293,#3294,#3295,#3296,#3297,
    #3298,#3299,#3300,#3301,#3302,#3303,#3304,#3305,#3306,#3307,#3308,
    #3309),.UNSPECIFIED.,.F.,.F.,(4,1,1,1,1,1,1,1,1,1,1,1,1,1,1,1,1,1,1,
    1,1,1,1,1,1,1,1,1,1,1,1,1,1,1,1,1,1,1,1,1,1,1,1,1,1,1,1,4),(0.,
    2.766464139392,5.568319295326,8.177275145496,10.425160909405,
    12.698001103747,14.813706991925,16.784063111389,18.483896399813,
    20.207074900357,21.81810245116,23.327840693167,24.640860133639,
    25.985974841284,27.260500260188,28.473662841808,29.546573791048,
    30.665502050481,31.746604132965,32.796723932319,33.744037531687,
    34.751762028128,35.745458780463,36.730106112805,37.635070035337,
    38.615335519513,39.599805338773,40.592877392801,41.521106716853,
    42.54355210237,43.588460947472,44.661307186429,45.681682040739,
    46.825929386569,48.018033969658,49.266638650819,50.477859791669,
    51.863921967174,53.33914083985,54.917675284274,56.480212616324,
    58.303578905337,60.281721918016,62.435877257802,64.600562295301,
    67.15990258556,69.968318443063,73.053194077155),.UNSPECIFIED.);
#3260 = CARTESIAN_POINT('',(9.659132507772E-02,-11.46508692386));
#3261 = CARTESIAN_POINT('',(0.997531887688,-11.56201135425));
#3262 = CARTESIAN_POINT('',(2.869911982393,-11.73386143343));
#3263 = CARTESIAN_POINT('',(5.555149510144,-12.1541863042));
#3264 = CARTESIAN_POINT('',(8.061246716484,-12.656613796));
#3265 = CARTESIAN_POINT('',(10.365827798951,-13.23880501824));
#3266 = CARTESIAN_POINT('',(12.482337860793,-13.88614782797));
#3267 = CARTESIAN_POINT('',(14.473629758889,-14.61558228212));
#3268 = CARTESIAN_POINT('',(16.245040316804,-15.381107717));
#3269 = CARTESIAN_POINT('',(17.852461924634,-16.18830977415));
#3270 = CARTESIAN_POINT('',(19.305183808412,-17.03041809495));
#3271 = CARTESIAN_POINT('',(20.647439067325,-17.93012241267));
#3272 = CARTESIAN_POINT('',(21.815265409324,-18.8378909225));
#3273 = CARTESIAN_POINT('',(22.855601589807,-19.75985046258));
#3274 = CARTESIAN_POINT('',(23.779474227334,-20.69155050243));
#3275 = CARTESIAN_POINT('',(24.604886664143,-21.66852172927));
#3276 = CARTESIAN_POINT('',(25.29721043821,-22.63414057452));
#3277 = CARTESIAN_POINT('',(25.884428292563,-23.60667467573));
#3278 = CARTESIAN_POINT('',(26.373147396548,-24.58348448695));
#3279 = CARTESIAN_POINT('',(26.776431093043,-25.59033218866));
#3280 = CARTESIAN_POINT('',(27.078624195503,-26.57222674031));
#3281 = CARTESIAN_POINT('',(27.297867266821,-27.55057293061));
#3282 = CARTESIAN_POINT('',(27.439123206851,-28.5243195862));
#3283 = CARTESIAN_POINT('',(27.505547306111,-29.51841162621));
#3284 = CARTESIAN_POINT('',(27.497653174108,-30.48036595253));
#3285 = CARTESIAN_POINT('',(27.423142433975,-31.43475794982));
#3286 = CARTESIAN_POINT('',(27.284274332011,-32.38197984701));
#3287 = CARTESIAN_POINT('',(27.074813902316,-33.3461661647));
#3288 = CARTESIAN_POINT('',(26.806360136563,-34.27755610417));
#3289 = CARTESIAN_POINT('',(26.475626098635,-35.20199463568));
#3290 = CARTESIAN_POINT('',(26.081053342461,-36.12002675154));
#3291 = CARTESIAN_POINT('',(25.606310170402,-37.0537130843));
#3292 = CARTESIAN_POINT('',(25.07273456133,-37.9542969483));
#3293 = CARTESIAN_POINT('',(24.465681794331,-38.84727804443));
#3294 = CARTESIAN_POINT('',(23.779404953179,-39.73203492998));
#3295 = CARTESIAN_POINT('',(22.98621323695,-40.62694718063));
#3296 = CARTESIAN_POINT('',(22.120080821874,-41.48358265919));
#3297 = CARTESIAN_POINT('',(21.153148084479,-42.32643853314));
#3298 = CARTESIAN_POINT('',(20.075151089843,-43.15309029046));
#3299 = CARTESIAN_POINT('',(18.844612851793,-43.97705647161));
#3300 = CARTESIAN_POINT('',(17.51407662939,-44.7519515178));
#3301 = CARTESIAN_POINT('',(16.037304592966,-45.50058744757));
#3302 = CARTESIAN_POINT('',(14.398928243417,-46.21832281051));
#3303 = CARTESIAN_POINT('',(12.536703344974,-46.91294919484));
#3304 = CARTESIAN_POINT('',(10.539118513891,-47.5416797429));
#3305 = CARTESIAN_POINT('',(8.297876658534,-48.12831353425));
#3306 = CARTESIAN_POINT('',(5.947933569625,-48.64112715928));
#3307 = CARTESIAN_POINT('',(2.710378200263,-49.18477935949));
#3308 = CARTESIAN_POINT('',(2.015183314218,-49.24546314911));
#3309 = CARTESIAN_POINT('',(0.112044317377,-49.49370321069));
#3310 = ( GEOMETRIC_REPRESENTATION_CONTEXT(2) 
PARAMETRIC_REPRESENTATION_CONTEXT() REPRESENTATION_CONTEXT('2D SPACE',''
  ) );
#3311 = ORIENTED_EDGE('',*,*,#2959,.F.);
#3312 = ORIENTED_EDGE('',*,*,#3313,.F.);
#3313 = EDGE_CURVE('',#3168,#2960,#3314,.T.);
#3314 = SURFACE_CURVE('',#3315,(#3366,#3373),.PCURVE_S1.);
#3315 = B_SPLINE_CURVE_WITH_KNOTS('',3,(#3316,#3317,#3318,#3319,#3320,
    #3321,#3322,#3323,#3324,#3325,#3326,#3327,#3328,#3329,#3330,#3331,
    #3332,#3333,#3334,#3335,#3336,#3337,#3338,#3339,#3340,#3341,#3342,
    #3343,#3344,#3345,#3346,#3347,#3348,#3349,#3350,#3351,#3352,#3353,
    #3354,#3355,#3356,#3357,#3358,#3359,#3360,#3361,#3362,#3363,#3364,
    #3365),.UNSPECIFIED.,.F.,.F.,(4,1,1,1,1,1,1,1,1,1,1,1,1,1,1,1,1,1,1,
    1,1,1,1,1,1,1,1,1,1,1,1,1,1,1,1,1,1,1,1,1,1,1,1,1,1,1,1,4),(0.,
    2.766464139392,5.568319295326,8.177275145496,10.425160909405,
    12.698001103747,14.813706991925,16.784063111389,18.483896399813,
    20.207074900357,21.81810245116,23.327840693167,24.640860133639,
    25.985974841284,27.260500260188,28.473662841808,29.546573791048,
    30.665502050481,31.746604132965,32.796723932319,33.744037531687,
    34.751762028128,35.745458780463,36.730106112805,37.635070035337,
    38.615335519513,39.599805338773,40.592877392801,41.521106716853,
    42.54355210237,43.588460947472,44.661307186429,45.681682040739,
    46.825929386569,48.018033969658,49.266638650819,50.477859791669,
    51.863921967174,53.33914083985,54.917675284274,56.480212616324,
    58.303578905337,60.281721918016,62.435877257802,64.600562295301,
    67.15990258556,69.968318443063,73.053194077155),.UNSPECIFIED.);
#3316 = CARTESIAN_POINT('',(9.659132507772E-02,-11.46508692386,0.));
#3317 = CARTESIAN_POINT('',(0.997531887688,-11.56201135425,0.));
#3318 = CARTESIAN_POINT('',(2.869911982393,-11.73386143343,0.));
#3319 = CARTESIAN_POINT('',(5.555149510144,-12.1541863042,0.));
#3320 = CARTESIAN_POINT('',(8.061246716484,-12.656613796,0.));
#3321 = CARTESIAN_POINT('',(10.365827798951,-13.23880501824,0.));
#3322 = CARTESIAN_POINT('',(12.482337860793,-13.88614782797,0.));
#3323 = CARTESIAN_POINT('',(14.473629758889,-14.61558228212,0.));
#3324 = CARTESIAN_POINT('',(16.245040316804,-15.381107717,0.));
#3325 = CARTESIAN_POINT('',(17.852461924634,-16.18830977415,0.));
#3326 = CARTESIAN_POINT('',(19.305183808412,-17.03041809495,0.));
#3327 = CARTESIAN_POINT('',(20.647439067325,-17.93012241267,0.));
#3328 = CARTESIAN_POINT('',(21.815265409324,-18.8378909225,0.));
#3329 = CARTESIAN_POINT('',(22.855601589807,-19.75985046258,0.));
#3330 = CARTESIAN_POINT('',(23.779474227334,-20.69155050243,0.));
#3331 = CARTESIAN_POINT('',(24.604886664143,-21.66852172927,0.));
#3332 = CARTESIAN_POINT('',(25.29721043821,-22.63414057452,0.));
#3333 = CARTESIAN_POINT('',(25.884428292563,-23.60667467573,0.));
#3334 = CARTESIAN_POINT('',(26.373147396548,-24.58348448695,0.));
#3335 = CARTESIAN_POINT('',(26.776431093043,-25.59033218866,0.));
#3336 = CARTESIAN_POINT('',(27.078624195503,-26.57222674031,0.));
#3337 = CARTESIAN_POINT('',(27.297867266821,-27.55057293061,0.));
#3338 = CARTESIAN_POINT('',(27.439123206851,-28.5243195862,0.));
#3339 = CARTESIAN_POINT('',(27.505547306111,-29.51841162621,0.));
#3340 = CARTESIAN_POINT('',(27.497653174108,-30.48036595253,0.));
#3341 = CARTESIAN_POINT('',(27.423142433975,-31.43475794982,0.));
#3342 = CARTESIAN_POINT('',(27.284274332011,-32.38197984701,0.));
#3343 = CARTESIAN_POINT('',(27.074813902316,-33.3461661647,0.));
#3344 = CARTESIAN_POINT('',(26.806360136563,-34.27755610417,0.));
#3345 = CARTESIAN_POINT('',(26.475626098635,-35.20199463568,0.));
#3346 = CARTESIAN_POINT('',(26.081053342461,-36.12002675154,0.));
#3347 = CARTESIAN_POINT('',(25.606310170402,-37.0537130843,0.));
#3348 = CARTESIAN_POINT('',(25.07273456133,-37.9542969483,0.));
#3349 = CARTESIAN_POINT('',(24.465681794331,-38.84727804443,0.));
#3350 = CARTESIAN_POINT('',(23.779404953179,-39.73203492998,0.));
#3351 = CARTESIAN_POINT('',(22.98621323695,-40.62694718063,0.));
#3352 = CARTESIAN_POINT('',(22.120080821874,-41.48358265919,0.));
#3353 = CARTESIAN_POINT('',(21.153148084479,-42.32643853314,0.));
#3354 = CARTESIAN_POINT('',(20.075151089843,-43.15309029046,0.));
#3355 = CARTESIAN_POINT('',(18.844612851793,-43.97705647161,0.));
#3356 = CARTESIAN_POINT('',(17.51407662939,-44.7519515178,0.));
#3357 = CARTESIAN_POINT('',(16.037304592966,-45.50058744757,0.));
#3358 = CARTESIAN_POINT('',(14.398928243417,-46.21832281051,0.));
#3359 = CARTESIAN_POINT('',(12.536703344974,-46.91294919484,0.));
#3360 = CARTESIAN_POINT('',(10.539118513891,-47.5416797429,0.));
#3361 = CARTESIAN_POINT('',(8.297876658534,-48.12831353425,0.));
#3362 = CARTESIAN_POINT('',(5.947933569625,-48.64112715928,0.));
#3363 = CARTESIAN_POINT('',(2.710378200263,-49.18477935949,0.));
#3364 = CARTESIAN_POINT('',(2.015183314218,-49.24546314911,0.));
#3365 = CARTESIAN_POINT('',(0.112044317377,-49.49370321069,0.));
#3366 = PCURVE('',#2982,#3367);
#3367 = DEFINITIONAL_REPRESENTATION('',(#3368),#3372);
#3368 = LINE('',#3369,#3370);
#3369 = CARTESIAN_POINT('',(0.,0.));
#3370 = VECTOR('',#3371,1.);
#3371 = DIRECTION('',(1.,0.));
#3372 = ( GEOMETRIC_REPRESENTATION_CONTEXT(2) 
PARAMETRIC_REPRESENTATION_CONTEXT() REPRESENTATION_CONTEXT('2D SPACE',''
  ) );
#3373 = PCURVE('',#94,#3374);
#3374 = DEFINITIONAL_REPRESENTATION('',(#3375),#3426);
#3375 = B_SPLINE_CURVE_WITH_KNOTS('',3,(#3376,#3377,#3378,#3379,#3380,
    #3381,#3382,#3383,#3384,#3385,#3386,#3387,#3388,#3389,#3390,#3391,
    #3392,#3393,#3394,#3395,#3396,#3397,#3398,#3399,#3400,#3401,#3402,
    #3403,#3404,#3405,#3406,#3407,#3408,#3409,#3410,#3411,#3412,#3413,
    #3414,#3415,#3416,#3417,#3418,#3419,#3420,#3421,#3422,#3423,#3424,
    #3425),.UNSPECIFIED.,.F.,.F.,(4,1,1,1,1,1,1,1,1,1,1,1,1,1,1,1,1,1,1,
    1,1,1,1,1,1,1,1,1,1,1,1,1,1,1,1,1,1,1,1,1,1,1,1,1,1,1,1,4),(0.,
    2.766464139392,5.568319295326,8.177275145496,10.425160909405,
    12.698001103747,14.813706991925,16.784063111389,18.483896399813,
    20.207074900357,21.81810245116,23.327840693167,24.640860133639,
    25.985974841284,27.260500260188,28.473662841808,29.546573791048,
    30.665502050481,31.746604132965,32.796723932319,33.744037531687,
    34.751762028128,35.745458780463,36.730106112805,37.635070035337,
    38.615335519513,39.599805338773,40.592877392801,41.521106716853,
    42.54355210237,43.588460947472,44.661307186429,45.681682040739,
    46.825929386569,48.018033969658,49.266638650819,50.477859791669,
    51.863921967174,53.33914083985,54.917675284274,56.480212616324,
    58.303578905337,60.281721918016,62.435877257802,64.600562295301,
    67.15990258556,69.968318443063,73.053194077155),.UNSPECIFIED.);
#3376 = CARTESIAN_POINT('',(9.659132507772E-02,-11.46508692386));
#3377 = CARTESIAN_POINT('',(0.997531887688,-11.56201135425));
#3378 = CARTESIAN_POINT('',(2.869911982393,-11.73386143343));
#3379 = CARTESIAN_POINT('',(5.555149510144,-12.1541863042));
#3380 = CARTESIAN_POINT('',(8.061246716484,-12.656613796));
#3381 = CARTESIAN_POINT('',(10.365827798951,-13.23880501824));
#3382 = CARTESIAN_POINT('',(12.482337860793,-13.88614782797));
#3383 = CARTESIAN_POINT('',(14.473629758889,-14.61558228212));
#3384 = CARTESIAN_POINT('',(16.245040316804,-15.381107717));
#3385 = CARTESIAN_POINT('',(17.852461924634,-16.18830977415));
#3386 = CARTESIAN_POINT('',(19.305183808412,-17.03041809495));
#3387 = CARTESIAN_POINT('',(20.647439067325,-17.93012241267));
#3388 = CARTESIAN_POINT('',(21.815265409324,-18.8378909225));
#3389 = CARTESIAN_POINT('',(22.855601589807,-19.75985046258));
#3390 = CARTESIAN_POINT('',(23.779474227334,-20.69155050243));
#3391 = CARTESIAN_POINT('',(24.604886664143,-21.66852172927));
#3392 = CARTESIAN_POINT('',(25.29721043821,-22.63414057452));
#3393 = CARTESIAN_POINT('',(25.884428292563,-23.60667467573));
#3394 = CARTESIAN_POINT('',(26.373147396548,-24.58348448695));
#3395 = CARTESIAN_POINT('',(26.776431093043,-25.59033218866));
#3396 = CARTESIAN_POINT('',(27.078624195503,-26.57222674031));
#3397 = CARTESIAN_POINT('',(27.297867266821,-27.55057293061));
#3398 = CARTESIAN_POINT('',(27.439123206851,-28.5243195862));
#3399 = CARTESIAN_POINT('',(27.505547306111,-29.51841162621));
#3400 = CARTESIAN_POINT('',(27.497653174108,-30.48036595253));
#3401 = CARTESIAN_POINT('',(27.423142433975,-31.43475794982));
#3402 = CARTESIAN_POINT('',(27.284274332011,-32.38197984701));
#3403 = CARTESIAN_POINT('',(27.074813902316,-33.3461661647));
#3404 = CARTESIAN_POINT('',(26.806360136563,-34.27755610417));
#3405 = CARTESIAN_POINT('',(26.475626098635,-35.20199463568));
#3406 = CARTESIAN_POINT('',(26.081053342461,-36.12002675154));
#3407 = CARTESIAN_POINT('',(25.606310170402,-37.0537130843));
#3408 = CARTESIAN_POINT('',(25.07273456133,-37.9542969483));
#3409 = CARTESIAN_POINT('',(24.465681794331,-38.84727804443));
#3410 = CARTESIAN_POINT('',(23.779404953179,-39.73203492998));
#3411 = CARTESIAN_POINT('',(22.98621323695,-40.62694718063));
#3412 = CARTESIAN_POINT('',(22.120080821874,-41.48358265919));
#3413 = CARTESIAN_POINT('',(21.153148084479,-42.32643853314));
#3414 = CARTESIAN_POINT('',(20.075151089843,-43.15309029046));
#3415 = CARTESIAN_POINT('',(18.844612851793,-43.97705647161));
#3416 = CARTESIAN_POINT('',(17.51407662939,-44.7519515178));
#3417 = CARTESIAN_POINT('',(16.037304592966,-45.50058744757));
#3418 = CARTESIAN_POINT('',(14.398928243417,-46.21832281051));
#3419 = CARTESIAN_POINT('',(12.536703344974,-46.91294919484));
#3420 = CARTESIAN_POINT('',(10.539118513891,-47.5416797429));
#3421 = CARTESIAN_POINT('',(8.297876658534,-48.12831353425));
#3422 = CARTESIAN_POINT('',(5.947933569625,-48.64112715928));
#3423 = CARTESIAN_POINT('',(2.710378200263,-49.18477935949));
#3424 = CARTESIAN_POINT('',(2.015183314218,-49.24546314911));
#3425 = CARTESIAN_POINT('',(0.112044317377,-49.49370321069));
#3426 = ( GEOMETRIC_REPRESENTATION_CONTEXT(2) 
PARAMETRIC_REPRESENTATION_CONTEXT() REPRESENTATION_CONTEXT('2D SPACE',''
  ) );
#3427 = ADVANCED_FACE('',(#3428),#3185,.T.);
#3428 = FACE_BOUND('',#3429,.T.);
#3429 = EDGE_LOOP('',(#3430,#3556,#3577,#3578));
#3430 = ORIENTED_EDGE('',*,*,#3431,.T.);
#3431 = EDGE_CURVE('',#3432,#3434,#3436,.T.);
#3432 = VERTEX_POINT('',#3433);
#3433 = CARTESIAN_POINT('',(6.883805996763,-12.11628438599,0.));
#3434 = VERTEX_POINT('',#3435);
#3435 = CARTESIAN_POINT('',(6.883805996763,-12.11628438599,22.4));
#3436 = SURFACE_CURVE('',#3437,(#3441,#3448),.PCURVE_S1.);
#3437 = LINE('',#3438,#3439);
#3438 = CARTESIAN_POINT('',(6.883805996763,-12.11628438599,0.));
#3439 = VECTOR('',#3440,1.);
#3440 = DIRECTION('',(0.,0.,1.));
#3441 = PCURVE('',#3185,#3442);
#3442 = DEFINITIONAL_REPRESENTATION('',(#3443),#3447);
#3443 = LINE('',#3444,#3445);
#3444 = CARTESIAN_POINT('',(0.,0.));
#3445 = VECTOR('',#3446,1.);
#3446 = DIRECTION('',(0.,-1.));
#3447 = ( GEOMETRIC_REPRESENTATION_CONTEXT(2) 
PARAMETRIC_REPRESENTATION_CONTEXT() REPRESENTATION_CONTEXT('2D SPACE',''
  ) );
#3448 = PCURVE('',#3449,#3550);
#3449 = B_SPLINE_SURFACE_WITH_KNOTS('',3,1,(
    (#3450,#3451)
    ,(#3452,#3453)
    ,(#3454,#3455)
    ,(#3456,#3457)
    ,(#3458,#3459)
    ,(#3460,#3461)
    ,(#3462,#3463)
    ,(#3464,#3465)
    ,(#3466,#3467)
    ,(#3468,#3469)
    ,(#3470,#3471)
    ,(#3472,#3473)
    ,(#3474,#3475)
    ,(#3476,#3477)
    ,(#3478,#3479)
    ,(#3480,#3481)
    ,(#3482,#3483)
    ,(#3484,#3485)
    ,(#3486,#3487)
    ,(#3488,#3489)
    ,(#3490,#3491)
    ,(#3492,#3493)
    ,(#3494,#3495)
    ,(#3496,#3497)
    ,(#3498,#3499)
    ,(#3500,#3501)
    ,(#3502,#3503)
    ,(#3504,#3505)
    ,(#3506,#3507)
    ,(#3508,#3509)
    ,(#3510,#3511)
    ,(#3512,#3513)
    ,(#3514,#3515)
    ,(#3516,#3517)
    ,(#3518,#3519)
    ,(#3520,#3521)
    ,(#3522,#3523)
    ,(#3524,#3525)
    ,(#3526,#3527)
    ,(#3528,#3529)
    ,(#3530,#3531)
    ,(#3532,#3533)
    ,(#3534,#3535)
    ,(#3536,#3537)
    ,(#3538,#3539)
    ,(#3540,#3541)
    ,(#3542,#3543)
    ,(#3544,#3545)
    ,(#3546,#3547)
    ,(#3548,#3549
    )),.UNSPECIFIED.,.F.,.F.,.F.,(4,1,1,1,1,1,1,1,1,1,1,1,1,1,1,1,1,1,1,
    1,1,1,1,1,1,1,1,1,1,1,1,1,1,1,1,1,1,1,1,1,1,1,1,1,1,1,1,4),(2,2),(0.
    ,3.010134173011,5.734866089906,8.204243200285,10.280216915947,
    12.332164523515,14.201956865391,15.911237845672,17.363900720308,
    18.819208714806,20.167747400886,21.42468716853,22.515414853025,
    23.632925452475,24.694050367351,25.707901186754,26.608581862701,
    27.552388564938,28.468532489134,29.361872223827,30.169943636586,
    31.030962627216,31.880548884696,32.72227944396,33.495545472128,
    34.332992621126,35.174663745336,36.025783427864,36.825011523752,
    37.711824801461,38.627874308414,39.58148948206,40.502911686362,
    41.554574841448,42.671594637474,43.864256147866,45.041219012251,
    46.408073524505,47.880684921353,49.469922617188,51.049935999727,
    52.894334824252,54.887680127977,57.041280206621,59.18142193199,
    61.675679145654,64.364419403117,67.031728548195),(-22.4,0.),
  .UNSPECIFIED.);
#3450 = CARTESIAN_POINT('',(23.656115169457,-41.19768201795,22.4));
#3451 = CARTESIAN_POINT('',(23.656115169457,-41.19768201795,0.));
#3452 = CARTESIAN_POINT('',(24.440273040611,-40.59750268534,22.4));
#3453 = CARTESIAN_POINT('',(24.440273040611,-40.59750268534,0.));
#3454 = CARTESIAN_POINT('',(25.994109956344,-39.44478458005,22.4));
#3455 = CARTESIAN_POINT('',(25.994109956344,-39.44478458005,0.));
#3456 = CARTESIAN_POINT('',(28.087310268353,-37.69570526143,22.4));
#3457 = CARTESIAN_POINT('',(28.087310268353,-37.69570526143,0.));
#3458 = CARTESIAN_POINT('',(29.887348100209,-36.06945493721,22.4));
#3459 = CARTESIAN_POINT('',(29.887348100209,-36.06945493721,0.));
#3460 = CARTESIAN_POINT('',(31.449670117131,-34.52130940482,22.4));
#3461 = CARTESIAN_POINT('',(31.449670117131,-34.52130940482,0.));
#3462 = CARTESIAN_POINT('',(32.802582150766,-33.0480792187,22.4));
#3463 = CARTESIAN_POINT('',(32.802582150766,-33.0480792187,0.));
#3464 = CARTESIAN_POINT('',(33.998107610693,-31.59990102154,22.4));
#3465 = CARTESIAN_POINT('',(33.998107610693,-31.59990102154,0.));
#3466 = CARTESIAN_POINT('',(34.992858536067,-30.24832331795,22.4));
#3467 = CARTESIAN_POINT('',(34.992858536067,-30.24832331795,0.));
#3468 = CARTESIAN_POINT('',(35.834286255178,-28.95871486912,22.4));
#3469 = CARTESIAN_POINT('',(35.834286255178,-28.95871486912,0.));
#3470 = CARTESIAN_POINT('',(36.53968540187,-27.72660257715,22.4));
#3471 = CARTESIAN_POINT('',(36.53968540187,-27.72660257715,0.));
#3472 = CARTESIAN_POINT('',(37.137729772993,-26.51128317332,22.4));
#3473 = CARTESIAN_POINT('',(37.137729772993,-26.51128317332,0.));
#3474 = CARTESIAN_POINT('',(37.610047835712,-25.3723924963,22.4));
#3475 = CARTESIAN_POINT('',(37.610047835712,-25.3723924963,0.));
#3476 = CARTESIAN_POINT('',(37.984935282419,-24.27914343183,22.4));
#3477 = CARTESIAN_POINT('',(37.984935282419,-24.27914343183,0.));
#3478 = CARTESIAN_POINT('',(38.273103626033,-23.22732021094,22.4));
#3479 = CARTESIAN_POINT('',(38.273103626033,-23.22732021094,0.));
#3480 = CARTESIAN_POINT('',(38.486440407921,-22.18398945201,22.4));
#3481 = CARTESIAN_POINT('',(38.486440407921,-22.18398945201,0.));
#3482 = CARTESIAN_POINT('',(38.621211494927,-21.20057753239,22.4));
#3483 = CARTESIAN_POINT('',(38.621211494927,-21.20057753239,0.));
#3484 = CARTESIAN_POINT('',(38.691212914704,-20.24981937627,22.4));
#3485 = CARTESIAN_POINT('',(38.691212914704,-20.24981937627,0.));
#3486 = CARTESIAN_POINT('',(38.701641446891,-19.32901752529,22.4));
#3487 = CARTESIAN_POINT('',(38.701641446891,-19.32901752529,0.));
#3488 = CARTESIAN_POINT('',(38.652850462375,-18.41192295229,22.4));
#3489 = CARTESIAN_POINT('',(38.652850462375,-18.41192295229,0.));
#3490 = CARTESIAN_POINT('',(38.550397988541,-17.54481828435,22.4));
#3491 = CARTESIAN_POINT('',(38.550397988541,-17.54481828435,0.));
#3492 = CARTESIAN_POINT('',(38.397420634829,-16.70398003906,22.4));
#3493 = CARTESIAN_POINT('',(38.397420634829,-16.70398003906,0.));
#3494 = CARTESIAN_POINT('',(38.195340048621,-15.88846513352,22.4));
#3495 = CARTESIAN_POINT('',(38.195340048621,-15.88846513352,0.));
#3496 = CARTESIAN_POINT('',(37.935932580382,-15.07752826767,22.4));
#3497 = CARTESIAN_POINT('',(37.935932580382,-15.07752826767,0.));
#3498 = CARTESIAN_POINT('',(37.632535123317,-14.31335555887,22.4));
#3499 = CARTESIAN_POINT('',(37.632535123317,-14.31335555887,0.));
#3500 = CARTESIAN_POINT('',(37.279948391349,-13.57518526054,22.4));
#3501 = CARTESIAN_POINT('',(37.279948391349,-13.57518526054,0.));
#3502 = CARTESIAN_POINT('',(36.876730953373,-12.8632240852,22.4));
#3503 = CARTESIAN_POINT('',(36.876730953373,-12.8632240852,0.));
#3504 = CARTESIAN_POINT('',(36.406865191059,-12.1618442515,22.4));
#3505 = CARTESIAN_POINT('',(36.406865191059,-12.1618442515,0.));
#3506 = CARTESIAN_POINT('',(35.89204427852,-11.50883528395,22.4));
#3507 = CARTESIAN_POINT('',(35.89204427852,-11.50883528395,0.));
#3508 = CARTESIAN_POINT('',(35.318751033939,-10.88605738193,22.4));
#3509 = CARTESIAN_POINT('',(35.318751033939,-10.88605738193,0.));
#3510 = CARTESIAN_POINT('',(34.682555085346,-10.29505200315,22.4));
#3511 = CARTESIAN_POINT('',(34.682555085346,-10.29505200315,0.));
#3512 = CARTESIAN_POINT('',(33.959337152656,-9.726625133919,22.4));
#3513 = CARTESIAN_POINT('',(33.959337152656,-9.726625133919,0.));
#3514 = CARTESIAN_POINT('',(33.181834569932,-9.213707406018,22.4));
#3515 = CARTESIAN_POINT('',(33.181834569932,-9.213707406018,0.));
#3516 = CARTESIAN_POINT('',(32.326677020119,-8.742330489725,22.4));
#3517 = CARTESIAN_POINT('',(32.326677020119,-8.742330489725,0.));
#3518 = CARTESIAN_POINT('',(31.387285534416,-8.316968499721,22.4));
#3519 = CARTESIAN_POINT('',(31.387285534416,-8.316968499721,0.));
#3520 = CARTESIAN_POINT('',(30.331680403677,-7.93809362255,22.4));
#3521 = CARTESIAN_POINT('',(30.331680403677,-7.93809362255,0.));
#3522 = CARTESIAN_POINT('',(29.210123569433,-7.628710068421,22.4));
#3523 = CARTESIAN_POINT('',(29.210123569433,-7.628710068421,0.));
#3524 = CARTESIAN_POINT('',(27.98564911256,-7.394409398782,22.4));
#3525 = CARTESIAN_POINT('',(27.98564911256,-7.394409398782,0.));
#3526 = CARTESIAN_POINT('',(26.654388015471,-7.241834177369,22.4));
#3527 = CARTESIAN_POINT('',(26.654388015471,-7.241834177369,0.));
#3528 = CARTESIAN_POINT('',(25.178724388865,-7.172534579738,22.4));
#3529 = CARTESIAN_POINT('',(25.178724388865,-7.172534579738,0.));
#3530 = CARTESIAN_POINT('',(23.630641581764,-7.202023820633,22.4));
#3531 = CARTESIAN_POINT('',(23.630641581764,-7.202023820633,0.));
#3532 = CARTESIAN_POINT('',(21.963697473041,-7.333571741476,22.4));
#3533 = CARTESIAN_POINT('',(21.963697473041,-7.333571741476,0.));
#3534 = CARTESIAN_POINT('',(20.173763198766,-7.578896463739,22.4));
#3535 = CARTESIAN_POINT('',(20.173763198766,-7.578896463739,0.));
#3536 = CARTESIAN_POINT('',(18.21153838216,-7.962725754083,22.4));
#3537 = CARTESIAN_POINT('',(18.21153838216,-7.962725754083,0.));
#3538 = CARTESIAN_POINT('',(16.183520498831,-8.473684888989,22.4));
#3539 = CARTESIAN_POINT('',(16.183520498831,-8.473684888989,0.));
#3540 = CARTESIAN_POINT('',(13.999557685068,-9.144462101168,22.4));
#3541 = CARTESIAN_POINT('',(13.999557685068,-9.144462101168,0.));
#3542 = CARTESIAN_POINT('',(11.788476784338,-9.932823367122,22.4));
#3543 = CARTESIAN_POINT('',(11.788476784338,-9.932823367122,0.));
#3544 = CARTESIAN_POINT('',(9.011915653887,-11.09108510233,22.4));
#3545 = CARTESIAN_POINT('',(9.011915653887,-11.09108510233,0.));
#3546 = CARTESIAN_POINT('',(8.292958249965,-11.45817653937,22.4));
#3547 = CARTESIAN_POINT('',(8.292958249965,-11.45817653937,0.));
#3548 = CARTESIAN_POINT('',(6.883805996763,-12.11628438599,22.4));
#3549 = CARTESIAN_POINT('',(6.883805996763,-12.11628438599,0.));
#3550 = DEFINITIONAL_REPRESENTATION('',(#3551),#3555);
#3551 = LINE('',#3552,#3553);
#3552 = CARTESIAN_POINT('',(67.031728548195,0.));
#3553 = VECTOR('',#3554,1.);
#3554 = DIRECTION('',(0.,-1.));
#3555 = ( GEOMETRIC_REPRESENTATION_CONTEXT(2) 
PARAMETRIC_REPRESENTATION_CONTEXT() REPRESENTATION_CONTEXT('2D SPACE',''
  ) );
#3556 = ORIENTED_EDGE('',*,*,#3557,.T.);
#3557 = EDGE_CURVE('',#3434,#3170,#3558,.T.);
#3558 = SURFACE_CURVE('',#3559,(#3563,#3570),.PCURVE_S1.);
#3559 = LINE('',#3560,#3561);
#3560 = CARTESIAN_POINT('',(6.883805996763,-12.11628438599,22.4));
#3561 = VECTOR('',#3562,1.);
#3562 = DIRECTION('',(-0.999005666746,4.458338040621E-02,0.));
#3563 = PCURVE('',#3185,#3564);
#3564 = DEFINITIONAL_REPRESENTATION('',(#3565),#3569);
#3565 = LINE('',#3566,#3567);
#3566 = CARTESIAN_POINT('',(0.,-22.4));
#3567 = VECTOR('',#3568,1.);
#3568 = DIRECTION('',(1.,0.));
#3569 = ( GEOMETRIC_REPRESENTATION_CONTEXT(2) 
PARAMETRIC_REPRESENTATION_CONTEXT() REPRESENTATION_CONTEXT('2D SPACE',''
  ) );
#3570 = PCURVE('',#66,#3571);
#3571 = DEFINITIONAL_REPRESENTATION('',(#3572),#3576);
#3572 = LINE('',#3573,#3574);
#3573 = CARTESIAN_POINT('',(6.883805996763,-12.11628438599));
#3574 = VECTOR('',#3575,1.);
#3575 = DIRECTION('',(-0.999005666746,4.458338040621E-02));
#3576 = ( GEOMETRIC_REPRESENTATION_CONTEXT(2) 
PARAMETRIC_REPRESENTATION_CONTEXT() REPRESENTATION_CONTEXT('2D SPACE',''
  ) );
#3577 = ORIENTED_EDGE('',*,*,#3167,.F.);
#3578 = ORIENTED_EDGE('',*,*,#3579,.F.);
#3579 = EDGE_CURVE('',#3432,#3168,#3580,.T.);
#3580 = SURFACE_CURVE('',#3581,(#3585,#3592),.PCURVE_S1.);
#3581 = LINE('',#3582,#3583);
#3582 = CARTESIAN_POINT('',(6.883805996763,-12.11628438599,0.));
#3583 = VECTOR('',#3584,1.);
#3584 = DIRECTION('',(-0.999005666746,4.458338040621E-02,0.));
#3585 = PCURVE('',#3185,#3586);
#3586 = DEFINITIONAL_REPRESENTATION('',(#3587),#3591);
#3587 = LINE('',#3588,#3589);
#3588 = CARTESIAN_POINT('',(0.,0.));
#3589 = VECTOR('',#3590,1.);
#3590 = DIRECTION('',(1.,0.));
#3591 = ( GEOMETRIC_REPRESENTATION_CONTEXT(2) 
PARAMETRIC_REPRESENTATION_CONTEXT() REPRESENTATION_CONTEXT('2D SPACE',''
  ) );
#3592 = PCURVE('',#94,#3593);
#3593 = DEFINITIONAL_REPRESENTATION('',(#3594),#3598);
#3594 = LINE('',#3595,#3596);
#3595 = CARTESIAN_POINT('',(6.883805996763,-12.11628438599));
#3596 = VECTOR('',#3597,1.);
#3597 = DIRECTION('',(-0.999005666746,4.458338040621E-02));
#3598 = ( GEOMETRIC_REPRESENTATION_CONTEXT(2) 
PARAMETRIC_REPRESENTATION_CONTEXT() REPRESENTATION_CONTEXT('2D SPACE',''
  ) );
#3599 = ADVANCED_FACE('',(#3600),#3449,.T.);
#3600 = FACE_BOUND('',#3601,.T.);
#3601 = EDGE_LOOP('',(#3602,#3627,#3742,#3743));
#3602 = ORIENTED_EDGE('',*,*,#3603,.T.);
#3603 = EDGE_CURVE('',#3604,#3606,#3608,.T.);
#3604 = VERTEX_POINT('',#3605);
#3605 = CARTESIAN_POINT('',(23.656115169457,-41.19768201795,0.));
#3606 = VERTEX_POINT('',#3607);
#3607 = CARTESIAN_POINT('',(23.656115169457,-41.19768201795,22.4));
#3608 = SURFACE_CURVE('',#3609,(#3613,#3620),.PCURVE_S1.);
#3609 = LINE('',#3610,#3611);
#3610 = CARTESIAN_POINT('',(23.656115169457,-41.19768201795,0.));
#3611 = VECTOR('',#3612,1.);
#3612 = DIRECTION('',(0.,0.,1.));
#3613 = PCURVE('',#3449,#3614);
#3614 = DEFINITIONAL_REPRESENTATION('',(#3615),#3619);
#3615 = LINE('',#3616,#3617);
#3616 = CARTESIAN_POINT('',(0.,0.));
#3617 = VECTOR('',#3618,1.);
#3618 = DIRECTION('',(0.,-1.));
#3619 = ( GEOMETRIC_REPRESENTATION_CONTEXT(2) 
PARAMETRIC_REPRESENTATION_CONTEXT() REPRESENTATION_CONTEXT('2D SPACE',''
  ) );
#3620 = PCURVE('',#3130,#3621);
#3621 = DEFINITIONAL_REPRESENTATION('',(#3622),#3626);
#3622 = LINE('',#3623,#3624);
#3623 = CARTESIAN_POINT('',(5.343068391951,0.));
#3624 = VECTOR('',#3625,1.);
#3625 = DIRECTION('',(0.,-1.));
#3626 = ( GEOMETRIC_REPRESENTATION_CONTEXT(2) 
PARAMETRIC_REPRESENTATION_CONTEXT() REPRESENTATION_CONTEXT('2D SPACE',''
  ) );
#3627 = ORIENTED_EDGE('',*,*,#3628,.T.);
#3628 = EDGE_CURVE('',#3606,#3434,#3629,.T.);
#3629 = SURFACE_CURVE('',#3630,(#3681,#3688),.PCURVE_S1.);
#3630 = B_SPLINE_CURVE_WITH_KNOTS('',3,(#3631,#3632,#3633,#3634,#3635,
    #3636,#3637,#3638,#3639,#3640,#3641,#3642,#3643,#3644,#3645,#3646,
    #3647,#3648,#3649,#3650,#3651,#3652,#3653,#3654,#3655,#3656,#3657,
    #3658,#3659,#3660,#3661,#3662,#3663,#3664,#3665,#3666,#3667,#3668,
    #3669,#3670,#3671,#3672,#3673,#3674,#3675,#3676,#3677,#3678,#3679,
    #3680),.UNSPECIFIED.,.F.,.F.,(4,1,1,1,1,1,1,1,1,1,1,1,1,1,1,1,1,1,1,
    1,1,1,1,1,1,1,1,1,1,1,1,1,1,1,1,1,1,1,1,1,1,1,1,1,1,1,1,4),(0.,
    3.010134173011,5.734866089906,8.204243200285,10.280216915947,
    12.332164523515,14.201956865391,15.911237845672,17.363900720308,
    18.819208714806,20.167747400886,21.42468716853,22.515414853025,
    23.632925452475,24.694050367351,25.707901186754,26.608581862701,
    27.552388564938,28.468532489134,29.361872223827,30.169943636586,
    31.030962627216,31.880548884696,32.72227944396,33.495545472128,
    34.332992621126,35.174663745336,36.025783427864,36.825011523752,
    37.711824801461,38.627874308414,39.58148948206,40.502911686362,
    41.554574841448,42.671594637474,43.864256147866,45.041219012251,
    46.408073524505,47.880684921353,49.469922617188,51.049935999727,
    52.894334824252,54.887680127977,57.041280206621,59.18142193199,
    61.675679145654,64.364419403117,67.031728548195),.UNSPECIFIED.);
#3631 = CARTESIAN_POINT('',(23.656115169457,-41.19768201795,22.4));
#3632 = CARTESIAN_POINT('',(24.440273040611,-40.59750268534,22.4));
#3633 = CARTESIAN_POINT('',(25.994109956344,-39.44478458005,22.4));
#3634 = CARTESIAN_POINT('',(28.087310268353,-37.69570526143,22.4));
#3635 = CARTESIAN_POINT('',(29.887348100209,-36.06945493721,22.4));
#3636 = CARTESIAN_POINT('',(31.449670117131,-34.52130940482,22.4));
#3637 = CARTESIAN_POINT('',(32.802582150766,-33.0480792187,22.4));
#3638 = CARTESIAN_POINT('',(33.998107610693,-31.59990102154,22.4));
#3639 = CARTESIAN_POINT('',(34.992858536067,-30.24832331795,22.4));
#3640 = CARTESIAN_POINT('',(35.834286255178,-28.95871486912,22.4));
#3641 = CARTESIAN_POINT('',(36.53968540187,-27.72660257715,22.4));
#3642 = CARTESIAN_POINT('',(37.137729772993,-26.51128317332,22.4));
#3643 = CARTESIAN_POINT('',(37.610047835712,-25.3723924963,22.4));
#3644 = CARTESIAN_POINT('',(37.984935282419,-24.27914343183,22.4));
#3645 = CARTESIAN_POINT('',(38.273103626033,-23.22732021094,22.4));
#3646 = CARTESIAN_POINT('',(38.486440407921,-22.18398945201,22.4));
#3647 = CARTESIAN_POINT('',(38.621211494927,-21.20057753239,22.4));
#3648 = CARTESIAN_POINT('',(38.691212914704,-20.24981937627,22.4));
#3649 = CARTESIAN_POINT('',(38.701641446891,-19.32901752529,22.4));
#3650 = CARTESIAN_POINT('',(38.652850462375,-18.41192295229,22.4));
#3651 = CARTESIAN_POINT('',(38.550397988541,-17.54481828435,22.4));
#3652 = CARTESIAN_POINT('',(38.397420634829,-16.70398003906,22.4));
#3653 = CARTESIAN_POINT('',(38.195340048621,-15.88846513352,22.4));
#3654 = CARTESIAN_POINT('',(37.935932580382,-15.07752826767,22.4));
#3655 = CARTESIAN_POINT('',(37.632535123317,-14.31335555887,22.4));
#3656 = CARTESIAN_POINT('',(37.279948391349,-13.57518526054,22.4));
#3657 = CARTESIAN_POINT('',(36.876730953373,-12.8632240852,22.4));
#3658 = CARTESIAN_POINT('',(36.406865191059,-12.1618442515,22.4));
#3659 = CARTESIAN_POINT('',(35.89204427852,-11.50883528395,22.4));
#3660 = CARTESIAN_POINT('',(35.318751033939,-10.88605738193,22.4));
#3661 = CARTESIAN_POINT('',(34.682555085346,-10.29505200315,22.4));
#3662 = CARTESIAN_POINT('',(33.959337152656,-9.726625133919,22.4));
#3663 = CARTESIAN_POINT('',(33.181834569932,-9.213707406018,22.4));
#3664 = CARTESIAN_POINT('',(32.326677020119,-8.742330489725,22.4));
#3665 = CARTESIAN_POINT('',(31.387285534416,-8.316968499721,22.4));
#3666 = CARTESIAN_POINT('',(30.331680403677,-7.93809362255,22.4));
#3667 = CARTESIAN_POINT('',(29.210123569433,-7.628710068421,22.4));
#3668 = CARTESIAN_POINT('',(27.98564911256,-7.394409398782,22.4));
#3669 = CARTESIAN_POINT('',(26.654388015471,-7.241834177369,22.4));
#3670 = CARTESIAN_POINT('',(25.178724388865,-7.172534579738,22.4));
#3671 = CARTESIAN_POINT('',(23.630641581764,-7.202023820633,22.4));
#3672 = CARTESIAN_POINT('',(21.963697473041,-7.333571741476,22.4));
#3673 = CARTESIAN_POINT('',(20.173763198766,-7.578896463739,22.4));
#3674 = CARTESIAN_POINT('',(18.21153838216,-7.962725754083,22.4));
#3675 = CARTESIAN_POINT('',(16.183520498831,-8.473684888989,22.4));
#3676 = CARTESIAN_POINT('',(13.999557685068,-9.144462101168,22.4));
#3677 = CARTESIAN_POINT('',(11.788476784338,-9.932823367122,22.4));
#3678 = CARTESIAN_POINT('',(9.011915653887,-11.09108510233,22.4));
#3679 = CARTESIAN_POINT('',(8.292958249965,-11.45817653937,22.4));
#3680 = CARTESIAN_POINT('',(6.883805996763,-12.11628438599,22.4));
#3681 = PCURVE('',#3449,#3682);
#3682 = DEFINITIONAL_REPRESENTATION('',(#3683),#3687);
#3683 = LINE('',#3684,#3685);
#3684 = CARTESIAN_POINT('',(0.,-22.4));
#3685 = VECTOR('',#3686,1.);
#3686 = DIRECTION('',(1.,0.));
#3687 = ( GEOMETRIC_REPRESENTATION_CONTEXT(2) 
PARAMETRIC_REPRESENTATION_CONTEXT() REPRESENTATION_CONTEXT('2D SPACE',''
  ) );
#3688 = PCURVE('',#66,#3689);
#3689 = DEFINITIONAL_REPRESENTATION('',(#3690),#3741);
#3690 = B_SPLINE_CURVE_WITH_KNOTS('',3,(#3691,#3692,#3693,#3694,#3695,
    #3696,#3697,#3698,#3699,#3700,#3701,#3702,#3703,#3704,#3705,#3706,
    #3707,#3708,#3709,#3710,#3711,#3712,#3713,#3714,#3715,#3716,#3717,
    #3718,#3719,#3720,#3721,#3722,#3723,#3724,#3725,#3726,#3727,#3728,
    #3729,#3730,#3731,#3732,#3733,#3734,#3735,#3736,#3737,#3738,#3739,
    #3740),.UNSPECIFIED.,.F.,.F.,(4,1,1,1,1,1,1,1,1,1,1,1,1,1,1,1,1,1,1,
    1,1,1,1,1,1,1,1,1,1,1,1,1,1,1,1,1,1,1,1,1,1,1,1,1,1,1,1,4),(0.,
    3.010134173011,5.734866089906,8.204243200285,10.280216915947,
    12.332164523515,14.201956865391,15.911237845672,17.363900720308,
    18.819208714806,20.167747400886,21.42468716853,22.515414853025,
    23.632925452475,24.694050367351,25.707901186754,26.608581862701,
    27.552388564938,28.468532489134,29.361872223827,30.169943636586,
    31.030962627216,31.880548884696,32.72227944396,33.495545472128,
    34.332992621126,35.174663745336,36.025783427864,36.825011523752,
    37.711824801461,38.627874308414,39.58148948206,40.502911686362,
    41.554574841448,42.671594637474,43.864256147866,45.041219012251,
    46.408073524505,47.880684921353,49.469922617188,51.049935999727,
    52.894334824252,54.887680127977,57.041280206621,59.18142193199,
    61.675679145654,64.364419403117,67.031728548195),.UNSPECIFIED.);
#3691 = CARTESIAN_POINT('',(23.656115169457,-41.19768201795));
#3692 = CARTESIAN_POINT('',(24.440273040611,-40.59750268534));
#3693 = CARTESIAN_POINT('',(25.994109956344,-39.44478458005));
#3694 = CARTESIAN_POINT('',(28.087310268353,-37.69570526143));
#3695 = CARTESIAN_POINT('',(29.887348100209,-36.06945493721));
#3696 = CARTESIAN_POINT('',(31.449670117131,-34.52130940482));
#3697 = CARTESIAN_POINT('',(32.802582150766,-33.0480792187));
#3698 = CARTESIAN_POINT('',(33.998107610693,-31.59990102154));
#3699 = CARTESIAN_POINT('',(34.992858536067,-30.24832331795));
#3700 = CARTESIAN_POINT('',(35.834286255178,-28.95871486912));
#3701 = CARTESIAN_POINT('',(36.53968540187,-27.72660257715));
#3702 = CARTESIAN_POINT('',(37.137729772993,-26.51128317332));
#3703 = CARTESIAN_POINT('',(37.610047835712,-25.3723924963));
#3704 = CARTESIAN_POINT('',(37.984935282419,-24.27914343183));
#3705 = CARTESIAN_POINT('',(38.273103626033,-23.22732021094));
#3706 = CARTESIAN_POINT('',(38.486440407921,-22.18398945201));
#3707 = CARTESIAN_POINT('',(38.621211494927,-21.20057753239));
#3708 = CARTESIAN_POINT('',(38.691212914704,-20.24981937627));
#3709 = CARTESIAN_POINT('',(38.701641446891,-19.32901752529));
#3710 = CARTESIAN_POINT('',(38.652850462375,-18.41192295229));
#3711 = CARTESIAN_POINT('',(38.550397988541,-17.54481828435));
#3712 = CARTESIAN_POINT('',(38.397420634829,-16.70398003906));
#3713 = CARTESIAN_POINT('',(38.195340048621,-15.88846513352));
#3714 = CARTESIAN_POINT('',(37.935932580382,-15.07752826767));
#3715 = CARTESIAN_POINT('',(37.632535123317,-14.31335555887));
#3716 = CARTESIAN_POINT('',(37.279948391349,-13.57518526054));
#3717 = CARTESIAN_POINT('',(36.876730953373,-12.8632240852));
#3718 = CARTESIAN_POINT('',(36.406865191059,-12.1618442515));
#3719 = CARTESIAN_POINT('',(35.89204427852,-11.50883528395));
#3720 = CARTESIAN_POINT('',(35.318751033939,-10.88605738193));
#3721 = CARTESIAN_POINT('',(34.682555085346,-10.29505200315));
#3722 = CARTESIAN_POINT('',(33.959337152656,-9.726625133919));
#3723 = CARTESIAN_POINT('',(33.181834569932,-9.213707406018));
#3724 = CARTESIAN_POINT('',(32.326677020119,-8.742330489725));
#3725 = CARTESIAN_POINT('',(31.387285534416,-8.316968499721));
#3726 = CARTESIAN_POINT('',(30.331680403677,-7.93809362255));
#3727 = CARTESIAN_POINT('',(29.210123569433,-7.628710068421));
#3728 = CARTESIAN_POINT('',(27.98564911256,-7.394409398782));
#3729 = CARTESIAN_POINT('',(26.654388015471,-7.241834177369));
#3730 = CARTESIAN_POINT('',(25.178724388865,-7.172534579738));
#3731 = CARTESIAN_POINT('',(23.630641581764,-7.202023820633));
#3732 = CARTESIAN_POINT('',(21.963697473041,-7.333571741476));
#3733 = CARTESIAN_POINT('',(20.173763198766,-7.578896463739));
#3734 = CARTESIAN_POINT('',(18.21153838216,-7.962725754083));
#3735 = CARTESIAN_POINT('',(16.183520498831,-8.473684888989));
#3736 = CARTESIAN_POINT('',(13.999557685068,-9.144462101168));
#3737 = CARTESIAN_POINT('',(11.788476784338,-9.932823367122));
#3738 = CARTESIAN_POINT('',(9.011915653887,-11.09108510233));
#3739 = CARTESIAN_POINT('',(8.292958249965,-11.45817653937));
#3740 = CARTESIAN_POINT('',(6.883805996763,-12.11628438599));
#3741 = ( GEOMETRIC_REPRESENTATION_CONTEXT(2) 
PARAMETRIC_REPRESENTATION_CONTEXT() REPRESENTATION_CONTEXT('2D SPACE',''
  ) );
#3742 = ORIENTED_EDGE('',*,*,#3431,.F.);
#3743 = ORIENTED_EDGE('',*,*,#3744,.F.);
#3744 = EDGE_CURVE('',#3604,#3432,#3745,.T.);
#3745 = SURFACE_CURVE('',#3746,(#3797,#3804),.PCURVE_S1.);
#3746 = B_SPLINE_CURVE_WITH_KNOTS('',3,(#3747,#3748,#3749,#3750,#3751,
    #3752,#3753,#3754,#3755,#3756,#3757,#3758,#3759,#3760,#3761,#3762,
    #3763,#3764,#3765,#3766,#3767,#3768,#3769,#3770,#3771,#3772,#3773,
    #3774,#3775,#3776,#3777,#3778,#3779,#3780,#3781,#3782,#3783,#3784,
    #3785,#3786,#3787,#3788,#3789,#3790,#3791,#3792,#3793,#3794,#3795,
    #3796),.UNSPECIFIED.,.F.,.F.,(4,1,1,1,1,1,1,1,1,1,1,1,1,1,1,1,1,1,1,
    1,1,1,1,1,1,1,1,1,1,1,1,1,1,1,1,1,1,1,1,1,1,1,1,1,1,1,1,4),(0.,
    3.010134173011,5.734866089906,8.204243200285,10.280216915947,
    12.332164523515,14.201956865391,15.911237845672,17.363900720308,
    18.819208714806,20.167747400886,21.42468716853,22.515414853025,
    23.632925452475,24.694050367351,25.707901186754,26.608581862701,
    27.552388564938,28.468532489134,29.361872223827,30.169943636586,
    31.030962627216,31.880548884696,32.72227944396,33.495545472128,
    34.332992621126,35.174663745336,36.025783427864,36.825011523752,
    37.711824801461,38.627874308414,39.58148948206,40.502911686362,
    41.554574841448,42.671594637474,43.864256147866,45.041219012251,
    46.408073524505,47.880684921353,49.469922617188,51.049935999727,
    52.894334824252,54.887680127977,57.041280206621,59.18142193199,
    61.675679145654,64.364419403117,67.031728548195),.UNSPECIFIED.);
#3747 = CARTESIAN_POINT('',(23.656115169457,-41.19768201795,0.));
#3748 = CARTESIAN_POINT('',(24.440273040611,-40.59750268534,0.));
#3749 = CARTESIAN_POINT('',(25.994109956344,-39.44478458005,0.));
#3750 = CARTESIAN_POINT('',(28.087310268353,-37.69570526143,0.));
#3751 = CARTESIAN_POINT('',(29.887348100209,-36.06945493721,0.));
#3752 = CARTESIAN_POINT('',(31.449670117131,-34.52130940482,0.));
#3753 = CARTESIAN_POINT('',(32.802582150766,-33.0480792187,0.));
#3754 = CARTESIAN_POINT('',(33.998107610693,-31.59990102154,0.));
#3755 = CARTESIAN_POINT('',(34.992858536067,-30.24832331795,0.));
#3756 = CARTESIAN_POINT('',(35.834286255178,-28.95871486912,0.));
#3757 = CARTESIAN_POINT('',(36.53968540187,-27.72660257715,0.));
#3758 = CARTESIAN_POINT('',(37.137729772993,-26.51128317332,0.));
#3759 = CARTESIAN_POINT('',(37.610047835712,-25.3723924963,0.));
#3760 = CARTESIAN_POINT('',(37.984935282419,-24.27914343183,0.));
#3761 = CARTESIAN_POINT('',(38.273103626033,-23.22732021094,0.));
#3762 = CARTESIAN_POINT('',(38.486440407921,-22.18398945201,0.));
#3763 = CARTESIAN_POINT('',(38.621211494927,-21.20057753239,0.));
#3764 = CARTESIAN_POINT('',(38.691212914704,-20.24981937627,0.));
#3765 = CARTESIAN_POINT('',(38.701641446891,-19.32901752529,0.));
#3766 = CARTESIAN_POINT('',(38.652850462375,-18.41192295229,0.));
#3767 = CARTESIAN_POINT('',(38.550397988541,-17.54481828435,0.));
#3768 = CARTESIAN_POINT('',(38.397420634829,-16.70398003906,0.));
#3769 = CARTESIAN_POINT('',(38.195340048621,-15.88846513352,0.));
#3770 = CARTESIAN_POINT('',(37.935932580382,-15.07752826767,0.));
#3771 = CARTESIAN_POINT('',(37.632535123317,-14.31335555887,0.));
#3772 = CARTESIAN_POINT('',(37.279948391349,-13.57518526054,0.));
#3773 = CARTESIAN_POINT('',(36.876730953373,-12.8632240852,0.));
#3774 = CARTESIAN_POINT('',(36.406865191059,-12.1618442515,0.));
#3775 = CARTESIAN_POINT('',(35.89204427852,-11.50883528395,0.));
#3776 = CARTESIAN_POINT('',(35.318751033939,-10.88605738193,0.));
#3777 = CARTESIAN_POINT('',(34.682555085346,-10.29505200315,0.));
#3778 = CARTESIAN_POINT('',(33.959337152656,-9.726625133919,0.));
#3779 = CARTESIAN_POINT('',(33.181834569932,-9.213707406018,0.));
#3780 = CARTESIAN_POINT('',(32.326677020119,-8.742330489725,0.));
#3781 = CARTESIAN_POINT('',(31.387285534416,-8.316968499721,0.));
#3782 = CARTESIAN_POINT('',(30.331680403677,-7.93809362255,0.));
#3783 = CARTESIAN_POINT('',(29.210123569433,-7.628710068421,0.));
#3784 = CARTESIAN_POINT('',(27.98564911256,-7.394409398782,0.));
#3785 = CARTESIAN_POINT('',(26.654388015471,-7.241834177369,0.));
#3786 = CARTESIAN_POINT('',(25.178724388865,-7.172534579738,0.));
#3787 = CARTESIAN_POINT('',(23.630641581764,-7.202023820633,0.));
#3788 = CARTESIAN_POINT('',(21.963697473041,-7.333571741476,0.));
#3789 = CARTESIAN_POINT('',(20.173763198766,-7.578896463739,0.));
#3790 = CARTESIAN_POINT('',(18.21153838216,-7.962725754083,0.));
#3791 = CARTESIAN_POINT('',(16.183520498831,-8.473684888989,0.));
#3792 = CARTESIAN_POINT('',(13.999557685068,-9.144462101168,0.));
#3793 = CARTESIAN_POINT('',(11.788476784338,-9.932823367122,0.));
#3794 = CARTESIAN_POINT('',(9.011915653887,-11.09108510233,0.));
#3795 = CARTESIAN_POINT('',(8.292958249965,-11.45817653937,0.));
#3796 = CARTESIAN_POINT('',(6.883805996763,-12.11628438599,0.));
#3797 = PCURVE('',#3449,#3798);
#3798 = DEFINITIONAL_REPRESENTATION('',(#3799),#3803);
#3799 = LINE('',#3800,#3801);
#3800 = CARTESIAN_POINT('',(0.,0.));
#3801 = VECTOR('',#3802,1.);
#3802 = DIRECTION('',(1.,0.));
#3803 = ( GEOMETRIC_REPRESENTATION_CONTEXT(2) 
PARAMETRIC_REPRESENTATION_CONTEXT() REPRESENTATION_CONTEXT('2D SPACE',''
  ) );
#3804 = PCURVE('',#94,#3805);
#3805 = DEFINITIONAL_REPRESENTATION('',(#3806),#3857);
#3806 = B_SPLINE_CURVE_WITH_KNOTS('',3,(#3807,#3808,#3809,#3810,#3811,
    #3812,#3813,#3814,#3815,#3816,#3817,#3818,#3819,#3820,#3821,#3822,
    #3823,#3824,#3825,#3826,#3827,#3828,#3829,#3830,#3831,#3832,#3833,
    #3834,#3835,#3836,#3837,#3838,#3839,#3840,#3841,#3842,#3843,#3844,
    #3845,#3846,#3847,#3848,#3849,#3850,#3851,#3852,#3853,#3854,#3855,
    #3856),.UNSPECIFIED.,.F.,.F.,(4,1,1,1,1,1,1,1,1,1,1,1,1,1,1,1,1,1,1,
    1,1,1,1,1,1,1,1,1,1,1,1,1,1,1,1,1,1,1,1,1,1,1,1,1,1,1,1,4),(0.,
    3.010134173011,5.734866089906,8.204243200285,10.280216915947,
    12.332164523515,14.201956865391,15.911237845672,17.363900720308,
    18.819208714806,20.167747400886,21.42468716853,22.515414853025,
    23.632925452475,24.694050367351,25.707901186754,26.608581862701,
    27.552388564938,28.468532489134,29.361872223827,30.169943636586,
    31.030962627216,31.880548884696,32.72227944396,33.495545472128,
    34.332992621126,35.174663745336,36.025783427864,36.825011523752,
    37.711824801461,38.627874308414,39.58148948206,40.502911686362,
    41.554574841448,42.671594637474,43.864256147866,45.041219012251,
    46.408073524505,47.880684921353,49.469922617188,51.049935999727,
    52.894334824252,54.887680127977,57.041280206621,59.18142193199,
    61.675679145654,64.364419403117,67.031728548195),.UNSPECIFIED.);
#3807 = CARTESIAN_POINT('',(23.656115169457,-41.19768201795));
#3808 = CARTESIAN_POINT('',(24.440273040611,-40.59750268534));
#3809 = CARTESIAN_POINT('',(25.994109956344,-39.44478458005));
#3810 = CARTESIAN_POINT('',(28.087310268353,-37.69570526143));
#3811 = CARTESIAN_POINT('',(29.887348100209,-36.06945493721));
#3812 = CARTESIAN_POINT('',(31.449670117131,-34.52130940482));
#3813 = CARTESIAN_POINT('',(32.802582150766,-33.0480792187));
#3814 = CARTESIAN_POINT('',(33.998107610693,-31.59990102154));
#3815 = CARTESIAN_POINT('',(34.992858536067,-30.24832331795));
#3816 = CARTESIAN_POINT('',(35.834286255178,-28.95871486912));
#3817 = CARTESIAN_POINT('',(36.53968540187,-27.72660257715));
#3818 = CARTESIAN_POINT('',(37.137729772993,-26.51128317332));
#3819 = CARTESIAN_POINT('',(37.610047835712,-25.3723924963));
#3820 = CARTESIAN_POINT('',(37.984935282419,-24.27914343183));
#3821 = CARTESIAN_POINT('',(38.273103626033,-23.22732021094));
#3822 = CARTESIAN_POINT('',(38.486440407921,-22.18398945201));
#3823 = CARTESIAN_POINT('',(38.621211494927,-21.20057753239));
#3824 = CARTESIAN_POINT('',(38.691212914704,-20.24981937627));
#3825 = CARTESIAN_POINT('',(38.701641446891,-19.32901752529));
#3826 = CARTESIAN_POINT('',(38.652850462375,-18.41192295229));
#3827 = CARTESIAN_POINT('',(38.550397988541,-17.54481828435));
#3828 = CARTESIAN_POINT('',(38.397420634829,-16.70398003906));
#3829 = CARTESIAN_POINT('',(38.195340048621,-15.88846513352));
#3830 = CARTESIAN_POINT('',(37.935932580382,-15.07752826767));
#3831 = CARTESIAN_POINT('',(37.632535123317,-14.31335555887));
#3832 = CARTESIAN_POINT('',(37.279948391349,-13.57518526054));
#3833 = CARTESIAN_POINT('',(36.876730953373,-12.8632240852));
#3834 = CARTESIAN_POINT('',(36.406865191059,-12.1618442515));
#3835 = CARTESIAN_POINT('',(35.89204427852,-11.50883528395));
#3836 = CARTESIAN_POINT('',(35.318751033939,-10.88605738193));
#3837 = CARTESIAN_POINT('',(34.682555085346,-10.29505200315));
#3838 = CARTESIAN_POINT('',(33.959337152656,-9.726625133919));
#3839 = CARTESIAN_POINT('',(33.181834569932,-9.213707406018));
#3840 = CARTESIAN_POINT('',(32.326677020119,-8.742330489725));
#3841 = CARTESIAN_POINT('',(31.387285534416,-8.316968499721));
#3842 = CARTESIAN_POINT('',(30.331680403677,-7.93809362255));
#3843 = CARTESIAN_POINT('',(29.210123569433,-7.628710068421));
#3844 = CARTESIAN_POINT('',(27.98564911256,-7.394409398782));
#3845 = CARTESIAN_POINT('',(26.654388015471,-7.241834177369));
#3846 = CARTESIAN_POINT('',(25.178724388865,-7.172534579738));
#3847 = CARTESIAN_POINT('',(23.630641581764,-7.202023820633));
#3848 = CARTESIAN_POINT('',(21.963697473041,-7.333571741476));
#3849 = CARTESIAN_POINT('',(20.173763198766,-7.578896463739));
#3850 = CARTESIAN_POINT('',(18.21153838216,-7.962725754083));
#3851 = CARTESIAN_POINT('',(16.183520498831,-8.473684888989));
#3852 = CARTESIAN_POINT('',(13.999557685068,-9.144462101168));
#3853 = CARTESIAN_POINT('',(11.788476784338,-9.932823367122));
#3854 = CARTESIAN_POINT('',(9.011915653887,-11.09108510233));
#3855 = CARTESIAN_POINT('',(8.292958249965,-11.45817653937));
#3856 = CARTESIAN_POINT('',(6.883805996763,-12.11628438599));
#3857 = ( GEOMETRIC_REPRESENTATION_CONTEXT(2) 
PARAMETRIC_REPRESENTATION_CONTEXT() REPRESENTATION_CONTEXT('2D SPACE',''
  ) );
#3858 = ADVANCED_FACE('',(#3859),#3130,.T.);
#3859 = FACE_BOUND('',#3860,.T.);
#3860 = EDGE_LOOP('',(#3861,#3862,#3883,#3884));
#3861 = ORIENTED_EDGE('',*,*,#3114,.T.);
#3862 = ORIENTED_EDGE('',*,*,#3863,.T.);
#3863 = EDGE_CURVE('',#3091,#3606,#3864,.T.);
#3864 = SURFACE_CURVE('',#3865,(#3869,#3876),.PCURVE_S1.);
#3865 = LINE('',#3866,#3867);
#3866 = CARTESIAN_POINT('',(14.573714409047,-48.14940501469,22.4));
#3867 = VECTOR('',#3868,1.);
#3868 = DIRECTION('',(0.794089532378,0.607800801718,0.));
#3869 = PCURVE('',#3130,#3870);
#3870 = DEFINITIONAL_REPRESENTATION('',(#3871),#3875);
#3871 = LINE('',#3872,#3873);
#3872 = CARTESIAN_POINT('',(-6.094433791482,-22.4));
#3873 = VECTOR('',#3874,1.);
#3874 = DIRECTION('',(1.,0.));
#3875 = ( GEOMETRIC_REPRESENTATION_CONTEXT(2) 
PARAMETRIC_REPRESENTATION_CONTEXT() REPRESENTATION_CONTEXT('2D SPACE',''
  ) );
#3876 = PCURVE('',#66,#3877);
#3877 = DEFINITIONAL_REPRESENTATION('',(#3878),#3882);
#3878 = LINE('',#3879,#3880);
#3879 = CARTESIAN_POINT('',(14.573714409047,-48.14940501469));
#3880 = VECTOR('',#3881,1.);
#3881 = DIRECTION('',(0.794089532378,0.607800801718));
#3882 = ( GEOMETRIC_REPRESENTATION_CONTEXT(2) 
PARAMETRIC_REPRESENTATION_CONTEXT() REPRESENTATION_CONTEXT('2D SPACE',''
  ) );
#3883 = ORIENTED_EDGE('',*,*,#3603,.F.);
#3884 = ORIENTED_EDGE('',*,*,#3885,.F.);
#3885 = EDGE_CURVE('',#3115,#3604,#3886,.T.);
#3886 = SURFACE_CURVE('',#3887,(#3891,#3898),.PCURVE_S1.);
#3887 = LINE('',#3888,#3889);
#3888 = CARTESIAN_POINT('',(14.573714409047,-48.14940501469,0.));
#3889 = VECTOR('',#3890,1.);
#3890 = DIRECTION('',(0.794089532378,0.607800801718,0.));
#3891 = PCURVE('',#3130,#3892);
#3892 = DEFINITIONAL_REPRESENTATION('',(#3893),#3897);
#3893 = LINE('',#3894,#3895);
#3894 = CARTESIAN_POINT('',(-6.094433791482,-0.));
#3895 = VECTOR('',#3896,1.);
#3896 = DIRECTION('',(1.,0.));
#3897 = ( GEOMETRIC_REPRESENTATION_CONTEXT(2) 
PARAMETRIC_REPRESENTATION_CONTEXT() REPRESENTATION_CONTEXT('2D SPACE',''
  ) );
#3898 = PCURVE('',#94,#3899);
#3899 = DEFINITIONAL_REPRESENTATION('',(#3900),#3904);
#3900 = LINE('',#3901,#3902);
#3901 = CARTESIAN_POINT('',(14.573714409047,-48.14940501469));
#3902 = VECTOR('',#3903,1.);
#3903 = DIRECTION('',(0.794089532378,0.607800801718));
#3904 = ( GEOMETRIC_REPRESENTATION_CONTEXT(2) 
PARAMETRIC_REPRESENTATION_CONTEXT() REPRESENTATION_CONTEXT('2D SPACE',''
  ) );
#3905 = ADVANCED_FACE('',(#3906),#3920,.F.);
#3906 = FACE_BOUND('',#3907,.T.);
#3907 = EDGE_LOOP('',(#3908,#4039,#4063,#4091));
#3908 = ORIENTED_EDGE('',*,*,#3909,.T.);
#3909 = EDGE_CURVE('',#3910,#3912,#3914,.T.);
#3910 = VERTEX_POINT('',#3911);
#3911 = CARTESIAN_POINT('',(-12.02367280487,-46.98596910016,0.));
#3912 = VERTEX_POINT('',#3913);
#3913 = CARTESIAN_POINT('',(-12.02367280487,-46.98596910016,22.4));
#3914 = SURFACE_CURVE('',#3915,(#3919,#3931),.PCURVE_S1.);
#3915 = LINE('',#3916,#3917);
#3916 = CARTESIAN_POINT('',(-12.02367280487,-46.98596910016,0.));
#3917 = VECTOR('',#3918,1.);
#3918 = DIRECTION('',(0.,0.,1.));
#3919 = PCURVE('',#3920,#3925);
#3920 = CYLINDRICAL_SURFACE('',#3921,48.5);
#3921 = AXIS2_PLACEMENT_3D('',#3922,#3923,#3924);
#3922 = CARTESIAN_POINT('',(0.,0.,0.));
#3923 = DIRECTION('',(-0.,-0.,-1.));
#3924 = DIRECTION('',(1.,0.,-0.));
#3925 = DEFINITIONAL_REPRESENTATION('',(#3926),#3930);
#3926 = LINE('',#3927,#3928);
#3927 = CARTESIAN_POINT('',(-4.461865863857,0.));
#3928 = VECTOR('',#3929,1.);
#3929 = DIRECTION('',(-0.,-1.));
#3930 = ( GEOMETRIC_REPRESENTATION_CONTEXT(2) 
PARAMETRIC_REPRESENTATION_CONTEXT() REPRESENTATION_CONTEXT('2D SPACE',''
  ) );
#3931 = PCURVE('',#3932,#4033);
#3932 = B_SPLINE_SURFACE_WITH_KNOTS('',3,1,(
    (#3933,#3934)
    ,(#3935,#3936)
    ,(#3937,#3938)
    ,(#3939,#3940)
    ,(#3941,#3942)
    ,(#3943,#3944)
    ,(#3945,#3946)
    ,(#3947,#3948)
    ,(#3949,#3950)
    ,(#3951,#3952)
    ,(#3953,#3954)
    ,(#3955,#3956)
    ,(#3957,#3958)
    ,(#3959,#3960)
    ,(#3961,#3962)
    ,(#3963,#3964)
    ,(#3965,#3966)
    ,(#3967,#3968)
    ,(#3969,#3970)
    ,(#3971,#3972)
    ,(#3973,#3974)
    ,(#3975,#3976)
    ,(#3977,#3978)
    ,(#3979,#3980)
    ,(#3981,#3982)
    ,(#3983,#3984)
    ,(#3985,#3986)
    ,(#3987,#3988)
    ,(#3989,#3990)
    ,(#3991,#3992)
    ,(#3993,#3994)
    ,(#3995,#3996)
    ,(#3997,#3998)
    ,(#3999,#4000)
    ,(#4001,#4002)
    ,(#4003,#4004)
    ,(#4005,#4006)
    ,(#4007,#4008)
    ,(#4009,#4010)
    ,(#4011,#4012)
    ,(#4013,#4014)
    ,(#4015,#4016)
    ,(#4017,#4018)
    ,(#4019,#4020)
    ,(#4021,#4022)
    ,(#4023,#4024)
    ,(#4025,#4026)
    ,(#4027,#4028)
    ,(#4029,#4030)
    ,(#4031,#4032
    )),.UNSPECIFIED.,.F.,.F.,.F.,(4,1,1,1,1,1,1,1,1,1,1,1,1,1,1,1,1,1,1,
    1,1,1,1,1,1,1,1,1,1,1,1,1,1,1,1,1,1,1,1,1,1,1,1,1,1,1,1,4),(2,2),(0.
    ,2.766464139392,5.568319295326,8.177275145496,10.425160909405,
    12.698001103747,14.813706991925,16.784063111389,18.483896399813,
    20.207074900357,21.81810245116,23.327840693167,24.640860133639,
    25.985974841284,27.260500260188,28.473662841808,29.546573791048,
    30.665502050481,31.746604132965,32.796723932319,33.744037531687,
    34.751762028128,35.745458780463,36.730106112805,37.635070035337,
    38.615335519513,39.599805338773,40.592877392801,41.521106716853,
    42.54355210237,43.588460947472,44.661307186429,45.681682040739,
    46.825929386569,48.018033969658,49.266638650819,50.477859791669,
    51.863921967174,53.33914083985,54.917675284274,56.480212616324,
    58.303578905337,60.281721918016,62.435877257802,64.600562295301,
    67.15990258556,69.968318443063,73.053194077155),(-22.4,0.),
  .UNSPECIFIED.);
#3933 = CARTESIAN_POINT('',(-5.648892920632,-9.977352195207,22.4));
#3934 = CARTESIAN_POINT('',(-5.648892920632,-9.977352195207,0.));
#3935 = CARTESIAN_POINT('',(-4.917117721303,-10.51176149547,22.4));
#3936 = CARTESIAN_POINT('',(-4.917117721303,-10.51176149547,0.));
#3937 = CARTESIAN_POINT('',(-3.381514033342,-11.59677807704,22.4));
#3938 = CARTESIAN_POINT('',(-3.381514033342,-11.59677807704,0.));
#3939 = CARTESIAN_POINT('',(-1.266192554498,-13.30340885684,22.4));
#3940 = CARTESIAN_POINT('',(-1.266192554498,-13.30340885684,0.));
#3941 = CARTESIAN_POINT('',(0.652937544647,-14.99157243147,22.4));
#3942 = CARTESIAN_POINT('',(0.652937544647,-14.99157243147,0.));
#3943 = CARTESIAN_POINT('',(2.357667696025,-16.64805536102,22.4));
#3944 = CARTESIAN_POINT('',(2.357667696025,-16.64805536102,0.));
#3945 = CARTESIAN_POINT('',(3.866947772078,-18.26692571013,22.4));
#3946 = CARTESIAN_POINT('',(3.866947772078,-18.26692571013,0.));
#3947 = CARTESIAN_POINT('',(5.226739915106,-19.89428042686,22.4));
#3948 = CARTESIAN_POINT('',(5.226739915106,-19.89428042686,0.));
#3949 = CARTESIAN_POINT('',(6.37806374135,-21.44295017967,22.4));
#3950 = CARTESIAN_POINT('',(6.37806374135,-21.44295017967,0.));
#3951 = CARTESIAN_POINT('',(7.366530659752,-22.94571847106,22.4));
#3952 = CARTESIAN_POINT('',(7.366530659752,-22.94571847106,0.));
#3953 = CARTESIAN_POINT('',(8.203570555337,-24.4013666115,22.4));
#3954 = CARTESIAN_POINT('',(8.203570555337,-24.4013666115,0.));
#3955 = CARTESIAN_POINT('',(8.916145549059,-25.851661036,22.4));
#3956 = CARTESIAN_POINT('',(8.916145549059,-25.851661036,0.));
#3957 = CARTESIAN_POINT('',(9.473628573521,-27.22172479727,22.4));
#3958 = CARTESIAN_POINT('',(9.473628573521,-27.22172479727,0.));
#3959 = CARTESIAN_POINT('',(9.913606364257,-28.54033327048,22.4));
#3960 = CARTESIAN_POINT('',(9.913606364257,-28.54033327048,0.));
#3961 = CARTESIAN_POINT('',(10.247853518289,-29.80914549246,22.4));
#3962 = CARTESIAN_POINT('',(10.247853518289,-29.80914549246,0.));
#3963 = CARTESIAN_POINT('',(10.474196043749,-31.06793361207,22.4));
#3964 = CARTESIAN_POINT('',(10.474196043749,-31.06793361207,0.));
#3965 = CARTESIAN_POINT('',(10.590956597107,-32.25034594947,22.4));
#3966 = CARTESIAN_POINT('',(10.590956597107,-32.25034594947,0.));
#3967 = CARTESIAN_POINT('',(10.61323512593,-33.38619411434,22.4));
#3968 = CARTESIAN_POINT('',(10.61323512593,-33.38619411434,0.));
#3969 = CARTESIAN_POINT('',(10.548073379687,-34.47649577751,22.4));
#3970 = CARTESIAN_POINT('',(10.548073379687,-34.47649577751,0.));
#3971 = CARTESIAN_POINT('',(10.393903454928,-35.55009331318,22.4));
#3972 = CARTESIAN_POINT('',(10.393903454928,-35.55009331318,0.));
#3973 = CARTESIAN_POINT('',(10.164663082679,-36.55153548998,22.4));
#3974 = CARTESIAN_POINT('',(10.164663082679,-36.55153548998,0.));
#3975 = CARTESIAN_POINT('',(9.865360056896,-37.50842968013,22.4));
#3976 = CARTESIAN_POINT('',(9.865360056896,-37.50842968013,0.));
#3977 = CARTESIAN_POINT('',(9.500817961601,-38.42234699074,22.4));
#3978 = CARTESIAN_POINT('',(9.500817961601,-38.42234699074,0.));
#3979 = CARTESIAN_POINT('',(9.061296898977,-39.31646800072,22.4));
#3980 = CARTESIAN_POINT('',(9.061296898977,-39.31646800072,0.));
#3981 = CARTESIAN_POINT('',(8.573483216962,-40.14559781859,22.4));
#3982 = CARTESIAN_POINT('',(8.573483216962,-40.14559781859,0.));
#3983 = CARTESIAN_POINT('',(8.031759024511,-40.93487016334,22.4));
#3984 = CARTESIAN_POINT('',(8.031759024511,-40.93487016334,0.));
#3985 = CARTESIAN_POINT('',(7.437884771838,-41.68575433835,22.4));
#3986 = CARTESIAN_POINT('',(7.437884771838,-41.68575433835,0.));
#3987 = CARTESIAN_POINT('',(6.774393559789,-42.41603396861,22.4));
#3988 = CARTESIAN_POINT('',(6.774393559789,-42.41603396861,0.));
#3989 = CARTESIAN_POINT('',(6.076210809169,-43.08841443414,22.4));
#3990 = CARTESIAN_POINT('',(6.076210809169,-43.08841443414,0.));
#3991 = CARTESIAN_POINT('',(5.327567464674,-43.7236346677,22.4));
#3992 = CARTESIAN_POINT('',(5.327567464674,-43.7236346677,0.));
#3993 = CARTESIAN_POINT('',(4.526841376256,-44.32138742344,22.4));
#3994 = CARTESIAN_POINT('',(4.526841376256,-44.32138742344,0.));
#3995 = CARTESIAN_POINT('',(3.6488585626,-44.89261192074,22.4));
#3996 = CARTESIAN_POINT('',(3.6488585626,-44.89261192074,0.));
#3997 = CARTESIAN_POINT('',(2.736476598302,-45.40575262067,22.4));
#3998 = CARTESIAN_POINT('',(2.736476598302,-45.40575262067,0.));
#3999 = CARTESIAN_POINT('',(1.764262932581,-45.87557055152,22.4));
#4000 = CARTESIAN_POINT('',(1.764262932581,-45.87557055152,0.));
#4001 = CARTESIAN_POINT('',(0.727551311337,-46.29865407,22.4));
#4002 = CARTESIAN_POINT('',(0.727551311337,-46.29865407,0.));
#4003 = CARTESIAN_POINT('',(-0.406828990312,-46.67707495511,22.4));
#4004 = CARTESIAN_POINT('',(-0.406828990312,-46.67707495511,0.));
#4005 = CARTESIAN_POINT('',(-1.585239404088,-46.98587683378,22.4));
#4006 = CARTESIAN_POINT('',(-1.585239404088,-46.98587683378,0.));
#4007 = CARTESIAN_POINT('',(-2.8440556554,-47.23234506366,22.4));
#4008 = CARTESIAN_POINT('',(-2.8440556554,-47.23234506366,0.));
#4009 = CARTESIAN_POINT('',(-4.19095431662,-47.40924798827,22.4));
#4010 = CARTESIAN_POINT('',(-4.19095431662,-47.40924798827,0.));
#4011 = CARTESIAN_POINT('',(-5.668614781671,-47.50755451397,22.4));
#4012 = CARTESIAN_POINT('',(-5.668614781671,-47.50755451397,0.));
#4013 = CARTESIAN_POINT('',(-7.208340474022,-47.51336519804,22.4));
#4014 = CARTESIAN_POINT('',(-7.208340474022,-47.51336519804,0.));
#4015 = CARTESIAN_POINT('',(-8.86158053805,-47.42331691319,22.4));
#4016 = CARTESIAN_POINT('',(-8.86158053805,-47.42331691319,0.));
#4017 = CARTESIAN_POINT('',(-10.63932375919,-47.22570579592,22.4));
#4018 = CARTESIAN_POINT('',(-10.63932375919,-47.22570579592,0.));
#4019 = CARTESIAN_POINT('',(-12.59937102096,-46.89615744167,22.4));
#4020 = CARTESIAN_POINT('',(-12.59937102096,-46.89615744167,0.));
#4021 = CARTESIAN_POINT('',(-14.64369550493,-46.44186165288,22.4));
#4022 = CARTESIAN_POINT('',(-14.64369550493,-46.44186165288,0.));
#4023 = CARTESIAN_POINT('',(-16.87798478336,-45.82928049123,22.4));
#4024 = CARTESIAN_POINT('',(-16.87798478336,-45.82928049123,0.));
#4025 = CARTESIAN_POINT('',(-19.16950200832,-45.09841857346,22.4));
#4026 = CARTESIAN_POINT('',(-19.16950200832,-45.09841857346,0.));
#4027 = CARTESIAN_POINT('',(-22.24513330445,-43.95045750498,22.4));
#4028 = CARTESIAN_POINT('',(-22.24513330445,-43.95045750498,0.));
#4029 = CARTESIAN_POINT('',(-22.87753163116,-43.65541376537,22.4));
#4030 = CARTESIAN_POINT('',(-22.87753163116,-43.65541376537,0.));
#4031 = CARTESIAN_POINT('',(-24.64981838014,-42.91882646651,22.4));
#4032 = CARTESIAN_POINT('',(-24.64981838014,-42.91882646651,0.));
#4033 = DEFINITIONAL_REPRESENTATION('',(#4034),#4038);
#4034 = LINE('',#4035,#4036);
#4035 = CARTESIAN_POINT('',(59.759046788485,0.));
#4036 = VECTOR('',#4037,1.);
#4037 = DIRECTION('',(0.,-1.));
#4038 = ( GEOMETRIC_REPRESENTATION_CONTEXT(2) 
PARAMETRIC_REPRESENTATION_CONTEXT() REPRESENTATION_CONTEXT('2D SPACE',''
  ) );
#4039 = ORIENTED_EDGE('',*,*,#4040,.T.);
#4040 = EDGE_CURVE('',#3912,#4041,#4043,.T.);
#4041 = VERTEX_POINT('',#4042);
#4042 = CARTESIAN_POINT('',(-5.41024220217,-48.19729535268,22.4));
#4043 = SURFACE_CURVE('',#4044,(#4049,#4056),.PCURVE_S1.);
#4044 = CIRCLE('',#4045,48.5);
#4045 = AXIS2_PLACEMENT_3D('',#4046,#4047,#4048);
#4046 = CARTESIAN_POINT('',(0.,0.,22.4));
#4047 = DIRECTION('',(0.,0.,1.));
#4048 = DIRECTION('',(1.,0.,-0.));
#4049 = PCURVE('',#3920,#4050);
#4050 = DEFINITIONAL_REPRESENTATION('',(#4051),#4055);
#4051 = LINE('',#4052,#4053);
#4052 = CARTESIAN_POINT('',(-0.,-22.4));
#4053 = VECTOR('',#4054,1.);
#4054 = DIRECTION('',(-1.,0.));
#4055 = ( GEOMETRIC_REPRESENTATION_CONTEXT(2) 
PARAMETRIC_REPRESENTATION_CONTEXT() REPRESENTATION_CONTEXT('2D SPACE',''
  ) );
#4056 = PCURVE('',#66,#4057);
#4057 = DEFINITIONAL_REPRESENTATION('',(#4058),#4062);
#4058 = CIRCLE('',#4059,48.5);
#4059 = AXIS2_PLACEMENT_2D('',#4060,#4061);
#4060 = CARTESIAN_POINT('',(1.75032336965E-15,-3.209892110372E-15));
#4061 = DIRECTION('',(1.,0.));
#4062 = ( GEOMETRIC_REPRESENTATION_CONTEXT(2) 
PARAMETRIC_REPRESENTATION_CONTEXT() REPRESENTATION_CONTEXT('2D SPACE',''
  ) );
#4063 = ORIENTED_EDGE('',*,*,#4064,.F.);
#4064 = EDGE_CURVE('',#4065,#4041,#4067,.T.);
#4065 = VERTEX_POINT('',#4066);
#4066 = CARTESIAN_POINT('',(-5.41024220217,-48.19729535268,0.));
#4067 = SURFACE_CURVE('',#4068,(#4072,#4079),.PCURVE_S1.);
#4068 = LINE('',#4069,#4070);
#4069 = CARTESIAN_POINT('',(-5.41024220217,-48.19729535268,0.));
#4070 = VECTOR('',#4071,1.);
#4071 = DIRECTION('',(0.,0.,1.));
#4072 = PCURVE('',#3920,#4073);
#4073 = DEFINITIONAL_REPRESENTATION('',(#4074),#4078);
#4074 = LINE('',#4075,#4076);
#4075 = CARTESIAN_POINT('',(-4.600604937387,0.));
#4076 = VECTOR('',#4077,1.);
#4077 = DIRECTION('',(-0.,-1.));
#4078 = ( GEOMETRIC_REPRESENTATION_CONTEXT(2) 
PARAMETRIC_REPRESENTATION_CONTEXT() REPRESENTATION_CONTEXT('2D SPACE',''
  ) );
#4079 = PCURVE('',#4080,#4085);
#4080 = PLANE('',#4081);
#4081 = AXIS2_PLACEMENT_3D('',#4082,#4083,#4084);
#4082 = CARTESIAN_POINT('',(-5.41024220217,-48.19729535268,0.));
#4083 = DIRECTION('',(-0.129326168539,0.991602108777,0.));
#4084 = DIRECTION('',(0.991602108777,0.129326168539,0.));
#4085 = DEFINITIONAL_REPRESENTATION('',(#4086),#4090);
#4086 = LINE('',#4087,#4088);
#4087 = CARTESIAN_POINT('',(-8.807195939449E-16,0.));
#4088 = VECTOR('',#4089,1.);
#4089 = DIRECTION('',(0.,-1.));
#4090 = ( GEOMETRIC_REPRESENTATION_CONTEXT(2) 
PARAMETRIC_REPRESENTATION_CONTEXT() REPRESENTATION_CONTEXT('2D SPACE',''
  ) );
#4091 = ORIENTED_EDGE('',*,*,#4092,.F.);
#4092 = EDGE_CURVE('',#3910,#4065,#4093,.T.);
#4093 = SURFACE_CURVE('',#4094,(#4099,#4106),.PCURVE_S1.);
#4094 = CIRCLE('',#4095,48.5);
#4095 = AXIS2_PLACEMENT_3D('',#4096,#4097,#4098);
#4096 = CARTESIAN_POINT('',(0.,0.,0.));
#4097 = DIRECTION('',(0.,0.,1.));
#4098 = DIRECTION('',(1.,0.,-0.));
#4099 = PCURVE('',#3920,#4100);
#4100 = DEFINITIONAL_REPRESENTATION('',(#4101),#4105);
#4101 = LINE('',#4102,#4103);
#4102 = CARTESIAN_POINT('',(-0.,0.));
#4103 = VECTOR('',#4104,1.);
#4104 = DIRECTION('',(-1.,0.));
#4105 = ( GEOMETRIC_REPRESENTATION_CONTEXT(2) 
PARAMETRIC_REPRESENTATION_CONTEXT() REPRESENTATION_CONTEXT('2D SPACE',''
  ) );
#4106 = PCURVE('',#94,#4107);
#4107 = DEFINITIONAL_REPRESENTATION('',(#4108),#4112);
#4108 = CIRCLE('',#4109,48.5);
#4109 = AXIS2_PLACEMENT_2D('',#4110,#4111);
#4110 = CARTESIAN_POINT('',(1.75032336965E-15,-3.209892110372E-15));
#4111 = DIRECTION('',(1.,0.));
#4112 = ( GEOMETRIC_REPRESENTATION_CONTEXT(2) 
PARAMETRIC_REPRESENTATION_CONTEXT() REPRESENTATION_CONTEXT('2D SPACE',''
  ) );
#4113 = ADVANCED_FACE('',(#4114),#3932,.T.);
#4114 = FACE_BOUND('',#4115,.T.);
#4115 = EDGE_LOOP('',(#4116,#4146,#4261,#4262));
#4116 = ORIENTED_EDGE('',*,*,#4117,.T.);
#4117 = EDGE_CURVE('',#4118,#4120,#4122,.T.);
#4118 = VERTEX_POINT('',#4119);
#4119 = CARTESIAN_POINT('',(-2.002495231905,-12.71813131731,0.));
#4120 = VERTEX_POINT('',#4121);
#4121 = CARTESIAN_POINT('',(-2.002495231905,-12.71813131731,22.4));
#4122 = SURFACE_CURVE('',#4123,(#4127,#4134),.PCURVE_S1.);
#4123 = LINE('',#4124,#4125);
#4124 = CARTESIAN_POINT('',(-2.002495231905,-12.71813131731,0.));
#4125 = VECTOR('',#4126,1.);
#4126 = DIRECTION('',(0.,0.,1.));
#4127 = PCURVE('',#3932,#4128);
#4128 = DEFINITIONAL_REPRESENTATION('',(#4129),#4133);
#4129 = LINE('',#4130,#4131);
#4130 = CARTESIAN_POINT('',(4.560656898555,0.));
#4131 = VECTOR('',#4132,1.);
#4132 = DIRECTION('',(0.,-1.));
#4133 = ( GEOMETRIC_REPRESENTATION_CONTEXT(2) 
PARAMETRIC_REPRESENTATION_CONTEXT() REPRESENTATION_CONTEXT('2D SPACE',''
  ) );
#4134 = PCURVE('',#4135,#4140);
#4135 = PLANE('',#4136);
#4136 = AXIS2_PLACEMENT_3D('',#4137,#4138,#4139);
#4137 = CARTESIAN_POINT('',(-9.659132507773E-02,-13.93491307613,0.));
#4138 = DIRECTION('',(-0.538113173392,-0.842872595724,0.));
#4139 = DIRECTION('',(-0.842872595724,0.538113173392,0.));
#4140 = DEFINITIONAL_REPRESENTATION('',(#4141),#4145);
#4141 = LINE('',#4142,#4143);
#4142 = CARTESIAN_POINT('',(2.261200466709,0.));
#4143 = VECTOR('',#4144,1.);
#4144 = DIRECTION('',(0.,-1.));
#4145 = ( GEOMETRIC_REPRESENTATION_CONTEXT(2) 
PARAMETRIC_REPRESENTATION_CONTEXT() REPRESENTATION_CONTEXT('2D SPACE',''
  ) );
#4146 = ORIENTED_EDGE('',*,*,#4147,.T.);
#4147 = EDGE_CURVE('',#4120,#3912,#4148,.T.);
#4148 = SURFACE_CURVE('',#4149,(#4200,#4207),.PCURVE_S1.);
#4149 = B_SPLINE_CURVE_WITH_KNOTS('',3,(#4150,#4151,#4152,#4153,#4154,
    #4155,#4156,#4157,#4158,#4159,#4160,#4161,#4162,#4163,#4164,#4165,
    #4166,#4167,#4168,#4169,#4170,#4171,#4172,#4173,#4174,#4175,#4176,
    #4177,#4178,#4179,#4180,#4181,#4182,#4183,#4184,#4185,#4186,#4187,
    #4188,#4189,#4190,#4191,#4192,#4193,#4194,#4195,#4196,#4197,#4198,
    #4199),.UNSPECIFIED.,.F.,.F.,(4,1,1,1,1,1,1,1,1,1,1,1,1,1,1,1,1,1,1,
    1,1,1,1,1,1,1,1,1,1,1,1,1,1,1,1,1,1,1,1,1,1,1,1,1,1,1,1,4),(0.,
    2.766464139392,5.568319295326,8.177275145496,10.425160909405,
    12.698001103747,14.813706991925,16.784063111389,18.483896399813,
    20.207074900357,21.81810245116,23.327840693167,24.640860133639,
    25.985974841284,27.260500260188,28.473662841808,29.546573791048,
    30.665502050481,31.746604132965,32.796723932319,33.744037531687,
    34.751762028128,35.745458780463,36.730106112805,37.635070035337,
    38.615335519513,39.599805338773,40.592877392801,41.521106716853,
    42.54355210237,43.588460947472,44.661307186429,45.681682040739,
    46.825929386569,48.018033969658,49.266638650819,50.477859791669,
    51.863921967174,53.33914083985,54.917675284274,56.480212616324,
    58.303578905337,60.281721918016,62.435877257802,64.600562295301,
    67.15990258556,69.968318443063,73.053194077155),.UNSPECIFIED.);
#4150 = CARTESIAN_POINT('',(-5.648892920632,-9.977352195207,22.4));
#4151 = CARTESIAN_POINT('',(-4.917117721303,-10.51176149547,22.4));
#4152 = CARTESIAN_POINT('',(-3.381514033342,-11.59677807704,22.4));
#4153 = CARTESIAN_POINT('',(-1.266192554498,-13.30340885684,22.4));
#4154 = CARTESIAN_POINT('',(0.652937544647,-14.99157243147,22.4));
#4155 = CARTESIAN_POINT('',(2.357667696025,-16.64805536102,22.4));
#4156 = CARTESIAN_POINT('',(3.866947772078,-18.26692571013,22.4));
#4157 = CARTESIAN_POINT('',(5.226739915106,-19.89428042686,22.4));
#4158 = CARTESIAN_POINT('',(6.37806374135,-21.44295017967,22.4));
#4159 = CARTESIAN_POINT('',(7.366530659752,-22.94571847106,22.4));
#4160 = CARTESIAN_POINT('',(8.203570555337,-24.4013666115,22.4));
#4161 = CARTESIAN_POINT('',(8.916145549059,-25.851661036,22.4));
#4162 = CARTESIAN_POINT('',(9.473628573521,-27.22172479727,22.4));
#4163 = CARTESIAN_POINT('',(9.913606364257,-28.54033327048,22.4));
#4164 = CARTESIAN_POINT('',(10.247853518289,-29.80914549246,22.4));
#4165 = CARTESIAN_POINT('',(10.474196043749,-31.06793361207,22.4));
#4166 = CARTESIAN_POINT('',(10.590956597107,-32.25034594947,22.4));
#4167 = CARTESIAN_POINT('',(10.61323512593,-33.38619411434,22.4));
#4168 = CARTESIAN_POINT('',(10.548073379687,-34.47649577751,22.4));
#4169 = CARTESIAN_POINT('',(10.393903454928,-35.55009331318,22.4));
#4170 = CARTESIAN_POINT('',(10.164663082679,-36.55153548998,22.4));
#4171 = CARTESIAN_POINT('',(9.865360056896,-37.50842968013,22.4));
#4172 = CARTESIAN_POINT('',(9.500817961601,-38.42234699074,22.4));
#4173 = CARTESIAN_POINT('',(9.061296898977,-39.31646800072,22.4));
#4174 = CARTESIAN_POINT('',(8.573483216962,-40.14559781859,22.4));
#4175 = CARTESIAN_POINT('',(8.031759024511,-40.93487016334,22.4));
#4176 = CARTESIAN_POINT('',(7.437884771838,-41.68575433835,22.4));
#4177 = CARTESIAN_POINT('',(6.774393559789,-42.41603396861,22.4));
#4178 = CARTESIAN_POINT('',(6.076210809169,-43.08841443414,22.4));
#4179 = CARTESIAN_POINT('',(5.327567464674,-43.7236346677,22.4));
#4180 = CARTESIAN_POINT('',(4.526841376256,-44.32138742344,22.4));
#4181 = CARTESIAN_POINT('',(3.6488585626,-44.89261192074,22.4));
#4182 = CARTESIAN_POINT('',(2.736476598302,-45.40575262067,22.4));
#4183 = CARTESIAN_POINT('',(1.764262932581,-45.87557055152,22.4));
#4184 = CARTESIAN_POINT('',(0.727551311337,-46.29865407,22.4));
#4185 = CARTESIAN_POINT('',(-0.406828990312,-46.67707495511,22.4));
#4186 = CARTESIAN_POINT('',(-1.585239404088,-46.98587683378,22.4));
#4187 = CARTESIAN_POINT('',(-2.8440556554,-47.23234506366,22.4));
#4188 = CARTESIAN_POINT('',(-4.19095431662,-47.40924798827,22.4));
#4189 = CARTESIAN_POINT('',(-5.668614781671,-47.50755451397,22.4));
#4190 = CARTESIAN_POINT('',(-7.208340474022,-47.51336519804,22.4));
#4191 = CARTESIAN_POINT('',(-8.86158053805,-47.42331691319,22.4));
#4192 = CARTESIAN_POINT('',(-10.63932375919,-47.22570579592,22.4));
#4193 = CARTESIAN_POINT('',(-12.59937102096,-46.89615744167,22.4));
#4194 = CARTESIAN_POINT('',(-14.64369550493,-46.44186165288,22.4));
#4195 = CARTESIAN_POINT('',(-16.87798478336,-45.82928049123,22.4));
#4196 = CARTESIAN_POINT('',(-19.16950200832,-45.09841857346,22.4));
#4197 = CARTESIAN_POINT('',(-22.24513330445,-43.95045750498,22.4));
#4198 = CARTESIAN_POINT('',(-22.87753163116,-43.65541376537,22.4));
#4199 = CARTESIAN_POINT('',(-24.64981838014,-42.91882646651,22.4));
#4200 = PCURVE('',#3932,#4201);
#4201 = DEFINITIONAL_REPRESENTATION('',(#4202),#4206);
#4202 = LINE('',#4203,#4204);
#4203 = CARTESIAN_POINT('',(0.,-22.4));
#4204 = VECTOR('',#4205,1.);
#4205 = DIRECTION('',(1.,0.));
#4206 = ( GEOMETRIC_REPRESENTATION_CONTEXT(2) 
PARAMETRIC_REPRESENTATION_CONTEXT() REPRESENTATION_CONTEXT('2D SPACE',''
  ) );
#4207 = PCURVE('',#66,#4208);
#4208 = DEFINITIONAL_REPRESENTATION('',(#4209),#4260);
#4209 = B_SPLINE_CURVE_WITH_KNOTS('',3,(#4210,#4211,#4212,#4213,#4214,
    #4215,#4216,#4217,#4218,#4219,#4220,#4221,#4222,#4223,#4224,#4225,
    #4226,#4227,#4228,#4229,#4230,#4231,#4232,#4233,#4234,#4235,#4236,
    #4237,#4238,#4239,#4240,#4241,#4242,#4243,#4244,#4245,#4246,#4247,
    #4248,#4249,#4250,#4251,#4252,#4253,#4254,#4255,#4256,#4257,#4258,
    #4259),.UNSPECIFIED.,.F.,.F.,(4,1,1,1,1,1,1,1,1,1,1,1,1,1,1,1,1,1,1,
    1,1,1,1,1,1,1,1,1,1,1,1,1,1,1,1,1,1,1,1,1,1,1,1,1,1,1,1,4),(0.,
    2.766464139392,5.568319295326,8.177275145496,10.425160909405,
    12.698001103747,14.813706991925,16.784063111389,18.483896399813,
    20.207074900357,21.81810245116,23.327840693167,24.640860133639,
    25.985974841284,27.260500260188,28.473662841808,29.546573791048,
    30.665502050481,31.746604132965,32.796723932319,33.744037531687,
    34.751762028128,35.745458780463,36.730106112805,37.635070035337,
    38.615335519513,39.599805338773,40.592877392801,41.521106716853,
    42.54355210237,43.588460947472,44.661307186429,45.681682040739,
    46.825929386569,48.018033969658,49.266638650819,50.477859791669,
    51.863921967174,53.33914083985,54.917675284274,56.480212616324,
    58.303578905337,60.281721918016,62.435877257802,64.600562295301,
    67.15990258556,69.968318443063,73.053194077155),.UNSPECIFIED.);
#4210 = CARTESIAN_POINT('',(-5.648892920632,-9.977352195207));
#4211 = CARTESIAN_POINT('',(-4.917117721303,-10.51176149547));
#4212 = CARTESIAN_POINT('',(-3.381514033342,-11.59677807704));
#4213 = CARTESIAN_POINT('',(-1.266192554498,-13.30340885684));
#4214 = CARTESIAN_POINT('',(0.652937544647,-14.99157243147));
#4215 = CARTESIAN_POINT('',(2.357667696025,-16.64805536102));
#4216 = CARTESIAN_POINT('',(3.866947772078,-18.26692571013));
#4217 = CARTESIAN_POINT('',(5.226739915106,-19.89428042686));
#4218 = CARTESIAN_POINT('',(6.37806374135,-21.44295017967));
#4219 = CARTESIAN_POINT('',(7.366530659752,-22.94571847106));
#4220 = CARTESIAN_POINT('',(8.203570555337,-24.4013666115));
#4221 = CARTESIAN_POINT('',(8.916145549059,-25.851661036));
#4222 = CARTESIAN_POINT('',(9.473628573521,-27.22172479727));
#4223 = CARTESIAN_POINT('',(9.913606364257,-28.54033327048));
#4224 = CARTESIAN_POINT('',(10.247853518289,-29.80914549246));
#4225 = CARTESIAN_POINT('',(10.474196043749,-31.06793361207));
#4226 = CARTESIAN_POINT('',(10.590956597107,-32.25034594947));
#4227 = CARTESIAN_POINT('',(10.61323512593,-33.38619411434));
#4228 = CARTESIAN_POINT('',(10.548073379687,-34.47649577751));
#4229 = CARTESIAN_POINT('',(10.393903454928,-35.55009331318));
#4230 = CARTESIAN_POINT('',(10.164663082679,-36.55153548998));
#4231 = CARTESIAN_POINT('',(9.865360056896,-37.50842968013));
#4232 = CARTESIAN_POINT('',(9.500817961601,-38.42234699074));
#4233 = CARTESIAN_POINT('',(9.061296898977,-39.31646800072));
#4234 = CARTESIAN_POINT('',(8.573483216962,-40.14559781859));
#4235 = CARTESIAN_POINT('',(8.031759024511,-40.93487016334));
#4236 = CARTESIAN_POINT('',(7.437884771838,-41.68575433835));
#4237 = CARTESIAN_POINT('',(6.774393559789,-42.41603396861));
#4238 = CARTESIAN_POINT('',(6.076210809169,-43.08841443414));
#4239 = CARTESIAN_POINT('',(5.327567464674,-43.7236346677));
#4240 = CARTESIAN_POINT('',(4.526841376256,-44.32138742344));
#4241 = CARTESIAN_POINT('',(3.6488585626,-44.89261192074));
#4242 = CARTESIAN_POINT('',(2.736476598302,-45.40575262067));
#4243 = CARTESIAN_POINT('',(1.764262932581,-45.87557055152));
#4244 = CARTESIAN_POINT('',(0.727551311337,-46.29865407));
#4245 = CARTESIAN_POINT('',(-0.406828990312,-46.67707495511));
#4246 = CARTESIAN_POINT('',(-1.585239404088,-46.98587683378));
#4247 = CARTESIAN_POINT('',(-2.8440556554,-47.23234506366));
#4248 = CARTESIAN_POINT('',(-4.19095431662,-47.40924798827));
#4249 = CARTESIAN_POINT('',(-5.668614781671,-47.50755451397));
#4250 = CARTESIAN_POINT('',(-7.208340474022,-47.51336519804));
#4251 = CARTESIAN_POINT('',(-8.86158053805,-47.42331691319));
#4252 = CARTESIAN_POINT('',(-10.63932375919,-47.22570579592));
#4253 = CARTESIAN_POINT('',(-12.59937102096,-46.89615744167));
#4254 = CARTESIAN_POINT('',(-14.64369550493,-46.44186165288));
#4255 = CARTESIAN_POINT('',(-16.87798478336,-45.82928049123));
#4256 = CARTESIAN_POINT('',(-19.16950200832,-45.09841857346));
#4257 = CARTESIAN_POINT('',(-22.24513330445,-43.95045750498));
#4258 = CARTESIAN_POINT('',(-22.87753163116,-43.65541376537));
#4259 = CARTESIAN_POINT('',(-24.64981838014,-42.91882646651));
#4260 = ( GEOMETRIC_REPRESENTATION_CONTEXT(2) 
PARAMETRIC_REPRESENTATION_CONTEXT() REPRESENTATION_CONTEXT('2D SPACE',''
  ) );
#4261 = ORIENTED_EDGE('',*,*,#3909,.F.);
#4262 = ORIENTED_EDGE('',*,*,#4263,.F.);
#4263 = EDGE_CURVE('',#4118,#3910,#4264,.T.);
#4264 = SURFACE_CURVE('',#4265,(#4316,#4323),.PCURVE_S1.);
#4265 = B_SPLINE_CURVE_WITH_KNOTS('',3,(#4266,#4267,#4268,#4269,#4270,
    #4271,#4272,#4273,#4274,#4275,#4276,#4277,#4278,#4279,#4280,#4281,
    #4282,#4283,#4284,#4285,#4286,#4287,#4288,#4289,#4290,#4291,#4292,
    #4293,#4294,#4295,#4296,#4297,#4298,#4299,#4300,#4301,#4302,#4303,
    #4304,#4305,#4306,#4307,#4308,#4309,#4310,#4311,#4312,#4313,#4314,
    #4315),.UNSPECIFIED.,.F.,.F.,(4,1,1,1,1,1,1,1,1,1,1,1,1,1,1,1,1,1,1,
    1,1,1,1,1,1,1,1,1,1,1,1,1,1,1,1,1,1,1,1,1,1,1,1,1,1,1,1,4),(0.,
    2.766464139392,5.568319295326,8.177275145496,10.425160909405,
    12.698001103747,14.813706991925,16.784063111389,18.483896399813,
    20.207074900357,21.81810245116,23.327840693167,24.640860133639,
    25.985974841284,27.260500260188,28.473662841808,29.546573791048,
    30.665502050481,31.746604132965,32.796723932319,33.744037531687,
    34.751762028128,35.745458780463,36.730106112805,37.635070035337,
    38.615335519513,39.599805338773,40.592877392801,41.521106716853,
    42.54355210237,43.588460947472,44.661307186429,45.681682040739,
    46.825929386569,48.018033969658,49.266638650819,50.477859791669,
    51.863921967174,53.33914083985,54.917675284274,56.480212616324,
    58.303578905337,60.281721918016,62.435877257802,64.600562295301,
    67.15990258556,69.968318443063,73.053194077155),.UNSPECIFIED.);
#4266 = CARTESIAN_POINT('',(-5.648892920632,-9.977352195207,0.));
#4267 = CARTESIAN_POINT('',(-4.917117721303,-10.51176149547,0.));
#4268 = CARTESIAN_POINT('',(-3.381514033342,-11.59677807704,0.));
#4269 = CARTESIAN_POINT('',(-1.266192554498,-13.30340885684,0.));
#4270 = CARTESIAN_POINT('',(0.652937544647,-14.99157243147,0.));
#4271 = CARTESIAN_POINT('',(2.357667696025,-16.64805536102,0.));
#4272 = CARTESIAN_POINT('',(3.866947772078,-18.26692571013,0.));
#4273 = CARTESIAN_POINT('',(5.226739915106,-19.89428042686,0.));
#4274 = CARTESIAN_POINT('',(6.37806374135,-21.44295017967,0.));
#4275 = CARTESIAN_POINT('',(7.366530659752,-22.94571847106,0.));
#4276 = CARTESIAN_POINT('',(8.203570555337,-24.4013666115,0.));
#4277 = CARTESIAN_POINT('',(8.916145549059,-25.851661036,0.));
#4278 = CARTESIAN_POINT('',(9.473628573521,-27.22172479727,0.));
#4279 = CARTESIAN_POINT('',(9.913606364257,-28.54033327048,0.));
#4280 = CARTESIAN_POINT('',(10.247853518289,-29.80914549246,0.));
#4281 = CARTESIAN_POINT('',(10.474196043749,-31.06793361207,0.));
#4282 = CARTESIAN_POINT('',(10.590956597107,-32.25034594947,0.));
#4283 = CARTESIAN_POINT('',(10.61323512593,-33.38619411434,0.));
#4284 = CARTESIAN_POINT('',(10.548073379687,-34.47649577751,0.));
#4285 = CARTESIAN_POINT('',(10.393903454928,-35.55009331318,0.));
#4286 = CARTESIAN_POINT('',(10.164663082679,-36.55153548998,0.));
#4287 = CARTESIAN_POINT('',(9.865360056896,-37.50842968013,0.));
#4288 = CARTESIAN_POINT('',(9.500817961601,-38.42234699074,0.));
#4289 = CARTESIAN_POINT('',(9.061296898977,-39.31646800072,0.));
#4290 = CARTESIAN_POINT('',(8.573483216962,-40.14559781859,0.));
#4291 = CARTESIAN_POINT('',(8.031759024511,-40.93487016334,0.));
#4292 = CARTESIAN_POINT('',(7.437884771838,-41.68575433835,0.));
#4293 = CARTESIAN_POINT('',(6.774393559789,-42.41603396861,0.));
#4294 = CARTESIAN_POINT('',(6.076210809169,-43.08841443414,0.));
#4295 = CARTESIAN_POINT('',(5.327567464674,-43.7236346677,0.));
#4296 = CARTESIAN_POINT('',(4.526841376256,-44.32138742344,0.));
#4297 = CARTESIAN_POINT('',(3.6488585626,-44.89261192074,0.));
#4298 = CARTESIAN_POINT('',(2.736476598302,-45.40575262067,0.));
#4299 = CARTESIAN_POINT('',(1.764262932581,-45.87557055152,0.));
#4300 = CARTESIAN_POINT('',(0.727551311337,-46.29865407,0.));
#4301 = CARTESIAN_POINT('',(-0.406828990312,-46.67707495511,0.));
#4302 = CARTESIAN_POINT('',(-1.585239404088,-46.98587683378,0.));
#4303 = CARTESIAN_POINT('',(-2.8440556554,-47.23234506366,0.));
#4304 = CARTESIAN_POINT('',(-4.19095431662,-47.40924798827,0.));
#4305 = CARTESIAN_POINT('',(-5.668614781671,-47.50755451397,0.));
#4306 = CARTESIAN_POINT('',(-7.208340474022,-47.51336519804,0.));
#4307 = CARTESIAN_POINT('',(-8.86158053805,-47.42331691319,0.));
#4308 = CARTESIAN_POINT('',(-10.63932375919,-47.22570579592,0.));
#4309 = CARTESIAN_POINT('',(-12.59937102096,-46.89615744167,0.));
#4310 = CARTESIAN_POINT('',(-14.64369550493,-46.44186165288,0.));
#4311 = CARTESIAN_POINT('',(-16.87798478336,-45.82928049123,0.));
#4312 = CARTESIAN_POINT('',(-19.16950200832,-45.09841857346,0.));
#4313 = CARTESIAN_POINT('',(-22.24513330445,-43.95045750498,0.));
#4314 = CARTESIAN_POINT('',(-22.87753163116,-43.65541376537,0.));
#4315 = CARTESIAN_POINT('',(-24.64981838014,-42.91882646651,0.));
#4316 = PCURVE('',#3932,#4317);
#4317 = DEFINITIONAL_REPRESENTATION('',(#4318),#4322);
#4318 = LINE('',#4319,#4320);
#4319 = CARTESIAN_POINT('',(0.,0.));
#4320 = VECTOR('',#4321,1.);
#4321 = DIRECTION('',(1.,0.));
#4322 = ( GEOMETRIC_REPRESENTATION_CONTEXT(2) 
PARAMETRIC_REPRESENTATION_CONTEXT() REPRESENTATION_CONTEXT('2D SPACE',''
  ) );
#4323 = PCURVE('',#94,#4324);
#4324 = DEFINITIONAL_REPRESENTATION('',(#4325),#4376);
#4325 = B_SPLINE_CURVE_WITH_KNOTS('',3,(#4326,#4327,#4328,#4329,#4330,
    #4331,#4332,#4333,#4334,#4335,#4336,#4337,#4338,#4339,#4340,#4341,
    #4342,#4343,#4344,#4345,#4346,#4347,#4348,#4349,#4350,#4351,#4352,
    #4353,#4354,#4355,#4356,#4357,#4358,#4359,#4360,#4361,#4362,#4363,
    #4364,#4365,#4366,#4367,#4368,#4369,#4370,#4371,#4372,#4373,#4374,
    #4375),.UNSPECIFIED.,.F.,.F.,(4,1,1,1,1,1,1,1,1,1,1,1,1,1,1,1,1,1,1,
    1,1,1,1,1,1,1,1,1,1,1,1,1,1,1,1,1,1,1,1,1,1,1,1,1,1,1,1,4),(0.,
    2.766464139392,5.568319295326,8.177275145496,10.425160909405,
    12.698001103747,14.813706991925,16.784063111389,18.483896399813,
    20.207074900357,21.81810245116,23.327840693167,24.640860133639,
    25.985974841284,27.260500260188,28.473662841808,29.546573791048,
    30.665502050481,31.746604132965,32.796723932319,33.744037531687,
    34.751762028128,35.745458780463,36.730106112805,37.635070035337,
    38.615335519513,39.599805338773,40.592877392801,41.521106716853,
    42.54355210237,43.588460947472,44.661307186429,45.681682040739,
    46.825929386569,48.018033969658,49.266638650819,50.477859791669,
    51.863921967174,53.33914083985,54.917675284274,56.480212616324,
    58.303578905337,60.281721918016,62.435877257802,64.600562295301,
    67.15990258556,69.968318443063,73.053194077155),.UNSPECIFIED.);
#4326 = CARTESIAN_POINT('',(-5.648892920632,-9.977352195207));
#4327 = CARTESIAN_POINT('',(-4.917117721303,-10.51176149547));
#4328 = CARTESIAN_POINT('',(-3.381514033342,-11.59677807704));
#4329 = CARTESIAN_POINT('',(-1.266192554498,-13.30340885684));
#4330 = CARTESIAN_POINT('',(0.652937544647,-14.99157243147));
#4331 = CARTESIAN_POINT('',(2.357667696025,-16.64805536102));
#4332 = CARTESIAN_POINT('',(3.866947772078,-18.26692571013));
#4333 = CARTESIAN_POINT('',(5.226739915106,-19.89428042686));
#4334 = CARTESIAN_POINT('',(6.37806374135,-21.44295017967));
#4335 = CARTESIAN_POINT('',(7.366530659752,-22.94571847106));
#4336 = CARTESIAN_POINT('',(8.203570555337,-24.4013666115));
#4337 = CARTESIAN_POINT('',(8.916145549059,-25.851661036));
#4338 = CARTESIAN_POINT('',(9.473628573521,-27.22172479727));
#4339 = CARTESIAN_POINT('',(9.913606364257,-28.54033327048));
#4340 = CARTESIAN_POINT('',(10.247853518289,-29.80914549246));
#4341 = CARTESIAN_POINT('',(10.474196043749,-31.06793361207));
#4342 = CARTESIAN_POINT('',(10.590956597107,-32.25034594947));
#4343 = CARTESIAN_POINT('',(10.61323512593,-33.38619411434));
#4344 = CARTESIAN_POINT('',(10.548073379687,-34.47649577751));
#4345 = CARTESIAN_POINT('',(10.393903454928,-35.55009331318));
#4346 = CARTESIAN_POINT('',(10.164663082679,-36.55153548998));
#4347 = CARTESIAN_POINT('',(9.865360056896,-37.50842968013));
#4348 = CARTESIAN_POINT('',(9.500817961601,-38.42234699074));
#4349 = CARTESIAN_POINT('',(9.061296898977,-39.31646800072));
#4350 = CARTESIAN_POINT('',(8.573483216962,-40.14559781859));
#4351 = CARTESIAN_POINT('',(8.031759024511,-40.93487016334));
#4352 = CARTESIAN_POINT('',(7.437884771838,-41.68575433835));
#4353 = CARTESIAN_POINT('',(6.774393559789,-42.41603396861));
#4354 = CARTESIAN_POINT('',(6.076210809169,-43.08841443414));
#4355 = CARTESIAN_POINT('',(5.327567464674,-43.7236346677));
#4356 = CARTESIAN_POINT('',(4.526841376256,-44.32138742344));
#4357 = CARTESIAN_POINT('',(3.6488585626,-44.89261192074));
#4358 = CARTESIAN_POINT('',(2.736476598302,-45.40575262067));
#4359 = CARTESIAN_POINT('',(1.764262932581,-45.87557055152));
#4360 = CARTESIAN_POINT('',(0.727551311337,-46.29865407));
#4361 = CARTESIAN_POINT('',(-0.406828990312,-46.67707495511));
#4362 = CARTESIAN_POINT('',(-1.585239404088,-46.98587683378));
#4363 = CARTESIAN_POINT('',(-2.8440556554,-47.23234506366));
#4364 = CARTESIAN_POINT('',(-4.19095431662,-47.40924798827));
#4365 = CARTESIAN_POINT('',(-5.668614781671,-47.50755451397));
#4366 = CARTESIAN_POINT('',(-7.208340474022,-47.51336519804));
#4367 = CARTESIAN_POINT('',(-8.86158053805,-47.42331691319));
#4368 = CARTESIAN_POINT('',(-10.63932375919,-47.22570579592));
#4369 = CARTESIAN_POINT('',(-12.59937102096,-46.89615744167));
#4370 = CARTESIAN_POINT('',(-14.64369550493,-46.44186165288));
#4371 = CARTESIAN_POINT('',(-16.87798478336,-45.82928049123));
#4372 = CARTESIAN_POINT('',(-19.16950200832,-45.09841857346));
#4373 = CARTESIAN_POINT('',(-22.24513330445,-43.95045750498));
#4374 = CARTESIAN_POINT('',(-22.87753163116,-43.65541376537));
#4375 = CARTESIAN_POINT('',(-24.64981838014,-42.91882646651));
#4376 = ( GEOMETRIC_REPRESENTATION_CONTEXT(2) 
PARAMETRIC_REPRESENTATION_CONTEXT() REPRESENTATION_CONTEXT('2D SPACE',''
  ) );
#4377 = ADVANCED_FACE('',(#4378),#4135,.T.);
#4378 = FACE_BOUND('',#4379,.T.);
#4379 = EDGE_LOOP('',(#4380,#4506,#4527,#4528));
#4380 = ORIENTED_EDGE('',*,*,#4381,.T.);
#4381 = EDGE_CURVE('',#4382,#4384,#4386,.T.);
#4382 = VERTEX_POINT('',#4383);
#4383 = CARTESIAN_POINT('',(-9.659132507773E-02,-13.93491307613,0.));
#4384 = VERTEX_POINT('',#4385);
#4385 = CARTESIAN_POINT('',(-9.659132507773E-02,-13.93491307613,22.4));
#4386 = SURFACE_CURVE('',#4387,(#4391,#4398),.PCURVE_S1.);
#4387 = LINE('',#4388,#4389);
#4388 = CARTESIAN_POINT('',(-9.659132507773E-02,-13.93491307613,0.));
#4389 = VECTOR('',#4390,1.);
#4390 = DIRECTION('',(0.,0.,1.));
#4391 = PCURVE('',#4135,#4392);
#4392 = DEFINITIONAL_REPRESENTATION('',(#4393),#4397);
#4393 = LINE('',#4394,#4395);
#4394 = CARTESIAN_POINT('',(0.,0.));
#4395 = VECTOR('',#4396,1.);
#4396 = DIRECTION('',(0.,-1.));
#4397 = ( GEOMETRIC_REPRESENTATION_CONTEXT(2) 
PARAMETRIC_REPRESENTATION_CONTEXT() REPRESENTATION_CONTEXT('2D SPACE',''
  ) );
#4398 = PCURVE('',#4399,#4500);
#4399 = B_SPLINE_SURFACE_WITH_KNOTS('',3,1,(
    (#4400,#4401)
    ,(#4402,#4403)
    ,(#4404,#4405)
    ,(#4406,#4407)
    ,(#4408,#4409)
    ,(#4410,#4411)
    ,(#4412,#4413)
    ,(#4414,#4415)
    ,(#4416,#4417)
    ,(#4418,#4419)
    ,(#4420,#4421)
    ,(#4422,#4423)
    ,(#4424,#4425)
    ,(#4426,#4427)
    ,(#4428,#4429)
    ,(#4430,#4431)
    ,(#4432,#4433)
    ,(#4434,#4435)
    ,(#4436,#4437)
    ,(#4438,#4439)
    ,(#4440,#4441)
    ,(#4442,#4443)
    ,(#4444,#4445)
    ,(#4446,#4447)
    ,(#4448,#4449)
    ,(#4450,#4451)
    ,(#4452,#4453)
    ,(#4454,#4455)
    ,(#4456,#4457)
    ,(#4458,#4459)
    ,(#4460,#4461)
    ,(#4462,#4463)
    ,(#4464,#4465)
    ,(#4466,#4467)
    ,(#4468,#4469)
    ,(#4470,#4471)
    ,(#4472,#4473)
    ,(#4474,#4475)
    ,(#4476,#4477)
    ,(#4478,#4479)
    ,(#4480,#4481)
    ,(#4482,#4483)
    ,(#4484,#4485)
    ,(#4486,#4487)
    ,(#4488,#4489)
    ,(#4490,#4491)
    ,(#4492,#4493)
    ,(#4494,#4495)
    ,(#4496,#4497)
    ,(#4498,#4499
    )),.UNSPECIFIED.,.F.,.F.,.F.,(4,1,1,1,1,1,1,1,1,1,1,1,1,1,1,1,1,1,1,
    1,1,1,1,1,1,1,1,1,1,1,1,1,1,1,1,1,1,1,1,1,1,1,1,1,1,1,1,4),(2,2),(0.
    ,3.010134173011,5.734866089906,8.204243200285,10.280216915947,
    12.332164523515,14.201956865391,15.911237845672,17.363900720308,
    18.819208714806,20.167747400886,21.42468716853,22.515414853025,
    23.632925452475,24.694050367351,25.707901186754,26.608581862701,
    27.552388564938,28.468532489134,29.361872223827,30.169943636586,
    31.030962627216,31.880548884696,32.72227944396,33.495545472128,
    34.332992621126,35.174663745336,36.025783427864,36.825011523752,
    37.711824801461,38.627874308414,39.58148948206,40.502911686362,
    41.554574841448,42.671594637474,43.864256147866,45.041219012251,
    46.408073524505,47.880684921353,49.469922617188,51.049935999727,
    52.894334824252,54.887680127977,57.041280206621,59.18142193199,
    61.675679145654,64.364419403117,67.031728548195),(-22.4,0.),
  .UNSPECIFIED.);
#4400 = CARTESIAN_POINT('',(-0.112044317377,-47.50629678931,22.4));
#4401 = CARTESIAN_POINT('',(-0.112044317377,-47.50629678931,0.));
#4402 = CARTESIAN_POINT('',(0.867145985926,-47.37860517601,22.4));
#4403 = CARTESIAN_POINT('',(0.867145985926,-47.37860517601,0.));
#4404 = CARTESIAN_POINT('',(2.789167280934,-47.1572404713,22.4));
#4405 = CARTESIAN_POINT('',(2.789167280934,-47.1572404713,0.));
#4406 = CARTESIAN_POINT('',(5.476471585653,-46.68909350414,22.4));
#4407 = CARTESIAN_POINT('',(5.476471585653,-46.68909350414,0.));
#4408 = CARTESIAN_POINT('',(7.848475237921,-46.18073832639,22.4));
#4409 = CARTESIAN_POINT('',(7.848475237921,-46.18073832639,0.));
#4410 = CARTESIAN_POINT('',(9.975558559665,-45.62116597504,22.4));
#4411 = CARTESIAN_POINT('',(9.975558559665,-45.62116597504,0.));
#4412 = CARTESIAN_POINT('',(11.883829842938,-45.02176722506,22.4));
#4413 = CARTESIAN_POINT('',(11.883829842938,-45.02176722506,0.));
#4414 = CARTESIAN_POINT('',(13.643274360682,-44.36537084708,22.4));
#4415 = CARTESIAN_POINT('',(13.643274360682,-44.36537084708,0.));
#4416 = CARTESIAN_POINT('',(15.180542784294,-43.69224568326,22.4));
#4417 = CARTESIAN_POINT('',(15.180542784294,-43.69224568326,0.));
#4418 = CARTESIAN_POINT('',(16.554044788905,-42.9961258652,22.4));
#4419 = CARTESIAN_POINT('',(16.554044788905,-42.9961258652,0.));
#4420 = CARTESIAN_POINT('',(17.780994515732,-42.28178489339,22.4));
#4421 = CARTESIAN_POINT('',(17.780994515732,-42.28178489339,0.));
#4422 = CARTESIAN_POINT('',(18.906575835633,-41.52830960151,22.4));
#4423 = CARTESIAN_POINT('',(18.906575835633,-41.52830960151,0.));
#4424 = CARTESIAN_POINT('',(19.88506061512,-40.77816037445,22.4));
#4425 = CARTESIAN_POINT('',(19.88506061512,-40.77816037445,0.));
#4426 = CARTESIAN_POINT('',(20.756347199764,-40.0188226353,22.4));
#4427 = CARTESIAN_POINT('',(20.756347199764,-40.0188226353,0.));
#4428 = CARTESIAN_POINT('',(21.531819916348,-39.25200117752,22.4));
#4429 = CARTESIAN_POINT('',(21.531819916348,-39.25200117752,0.));
#4430 = CARTESIAN_POINT('',(22.23824036849,-38.45511862668,22.4));
#4431 = CARTESIAN_POINT('',(22.23824036849,-38.45511862668,0.));
#4432 = CARTESIAN_POINT('',(22.84666151334,-37.67084446542,22.4));
#4433 = CARTESIAN_POINT('',(22.84666151334,-37.67084446542,0.));
#4434 = CARTESIAN_POINT('',(23.382663599229,-36.88246445925,22.4));
#4435 = CARTESIAN_POINT('',(23.382663599229,-36.88246445925,0.));
#4436 = CARTESIAN_POINT('',(23.852095898519,-36.09024093054,22.4));
#4437 = CARTESIAN_POINT('',(23.852095898519,-36.09024093054,0.));
#4438 = CARTESIAN_POINT('',(24.268388952949,-35.2716182404,22.4));
#4439 = CARTESIAN_POINT('',(24.268388952949,-35.2716182404,0.));
#4440 = CARTESIAN_POINT('',(24.613214841898,-34.4694573333,22.4));
#4441 = CARTESIAN_POINT('',(24.613214841898,-34.4694573333,0.));
#4442 = CARTESIAN_POINT('',(24.901151690028,-33.66478137554,22.4));
#4443 = CARTESIAN_POINT('',(24.901151690028,-33.66478137554,0.));
#4444 = CARTESIAN_POINT('',(25.133902221527,-32.85748445708,22.4));
#4445 = CARTESIAN_POINT('',(25.133902221527,-32.85748445708,0.));
#4446 = CARTESIAN_POINT('',(25.31471719703,-32.02548879627,22.4));
#4447 = CARTESIAN_POINT('',(25.31471719703,-32.02548879627,0.));
#4448 = CARTESIAN_POINT('',(25.434053646165,-31.21199708904,22.4));
#4449 = CARTESIAN_POINT('',(25.434053646165,-31.21199708904,0.));
#4450 = CARTESIAN_POINT('',(25.497789728408,-30.39642949238,22.4));
#4451 = CARTESIAN_POINT('',(25.497789728408,-30.39642949238,0.));
#4452 = CARTESIAN_POINT('',(25.504573771542,-29.57824430904,22.4));
#4453 = CARTESIAN_POINT('',(25.504573771542,-29.57824430904,0.));
#4454 = CARTESIAN_POINT('',(25.448348001862,-28.7358986742,22.4));
#4455 = CARTESIAN_POINT('',(25.448348001862,-28.7358986742,0.));
#4456 = CARTESIAN_POINT('',(25.329004496977,-27.91296586313,22.4));
#4457 = CARTESIAN_POINT('',(25.329004496977,-27.91296586313,0.));
#4458 = CARTESIAN_POINT('',(25.143906934361,-27.08697775678,22.4));
#4459 = CARTESIAN_POINT('',(25.143906934361,-27.08697775678,0.));
#4460 = CARTESIAN_POINT('',(24.888447770486,-26.25705411068,22.4));
#4461 = CARTESIAN_POINT('',(24.888447770486,-26.25705411068,0.));
#4462 = CARTESIAN_POINT('',(24.546336102921,-25.40317303539,22.4));
#4463 = CARTESIAN_POINT('',(24.546336102921,-25.40317303539,0.));
#4464 = CARTESIAN_POINT('',(24.129457978725,-24.57022196161,22.4));
#4465 = CARTESIAN_POINT('',(24.129457978725,-24.57022196161,0.));
#4466 = CARTESIAN_POINT('',(23.624558274495,-23.73441880244,22.4));
#4467 = CARTESIAN_POINT('',(23.624558274495,-23.73441880244,0.));
#4468 = CARTESIAN_POINT('',(23.02370237878,-22.89634877044,22.4));
#4469 = CARTESIAN_POINT('',(23.02370237878,-22.89634877044,0.));
#4470 = CARTESIAN_POINT('',(22.29895895778,-22.04043093658,22.4));
#4471 = CARTESIAN_POINT('',(22.29895895778,-22.04043093658,0.));
#4472 = CARTESIAN_POINT('',(21.482354024601,-21.21171850207,22.4));
#4473 = CARTESIAN_POINT('',(21.482354024601,-21.21171850207,0.));
#4474 = CARTESIAN_POINT('',(20.539078373483,-20.3965709416,22.4));
#4475 = CARTESIAN_POINT('',(20.539078373483,-20.3965709416,0.));
#4476 = CARTESIAN_POINT('',(19.462460055041,-19.59880637533,22.4));
#4477 = CARTESIAN_POINT('',(19.462460055041,-19.59880637533,0.));
#4478 = CARTESIAN_POINT('',(18.219147665775,-18.80095935,22.4));
#4479 = CARTESIAN_POINT('',(18.219147665775,-18.80095935,0.));
#4480 = CARTESIAN_POINT('',(16.863724007216,-18.05245637821,22.4));
#4481 = CARTESIAN_POINT('',(16.863724007216,-18.05245637821,0.));
#4482 = CARTESIAN_POINT('',(15.354334101951,-17.33290816511,22.4));
#4483 = CARTESIAN_POINT('',(15.354334101951,-17.33290816511,0.));
#4484 = CARTESIAN_POINT('',(13.681543188194,-16.65039846963,22.4));
#4485 = CARTESIAN_POINT('',(13.681543188194,-16.65039846963,0.));
#4486 = CARTESIAN_POINT('',(11.790292003904,-16.00169197748,22.4));
#4487 = CARTESIAN_POINT('',(11.790292003904,-16.00169197748,0.));
#4488 = CARTESIAN_POINT('',(9.778497430159,-15.43018662694,22.4));
#4489 = CARTESIAN_POINT('',(9.778497430159,-15.43018662694,0.));
#4490 = CARTESIAN_POINT('',(7.55174154643,-14.91911532609,22.4));
#4491 = CARTESIAN_POINT('',(7.55174154643,-14.91911532609,0.));
#4492 = CARTESIAN_POINT('',(5.242708683599,-14.4963157594,22.4));
#4493 = CARTESIAN_POINT('',(5.242708683599,-14.4963157594,0.));
#4494 = CARTESIAN_POINT('',(2.259005341862,-14.1111192811,22.4));
#4495 = CARTESIAN_POINT('',(2.259005341862,-14.1111192811,0.));
#4496 = CARTESIAN_POINT('',(1.452824247307,-14.06955108912,22.4));
#4497 = CARTESIAN_POINT('',(1.452824247307,-14.06955108912,0.));
#4498 = CARTESIAN_POINT('',(-9.659132507773E-02,-13.93491307613,22.4));
#4499 = CARTESIAN_POINT('',(-9.659132507773E-02,-13.93491307613,0.));
#4500 = DEFINITIONAL_REPRESENTATION('',(#4501),#4505);
#4501 = LINE('',#4502,#4503);
#4502 = CARTESIAN_POINT('',(67.031728548195,0.));
#4503 = VECTOR('',#4504,1.);
#4504 = DIRECTION('',(0.,-1.));
#4505 = ( GEOMETRIC_REPRESENTATION_CONTEXT(2) 
PARAMETRIC_REPRESENTATION_CONTEXT() REPRESENTATION_CONTEXT('2D SPACE',''
  ) );
#4506 = ORIENTED_EDGE('',*,*,#4507,.T.);
#4507 = EDGE_CURVE('',#4384,#4120,#4508,.T.);
#4508 = SURFACE_CURVE('',#4509,(#4513,#4520),.PCURVE_S1.);
#4509 = LINE('',#4510,#4511);
#4510 = CARTESIAN_POINT('',(-9.659132507773E-02,-13.93491307613,22.4));
#4511 = VECTOR('',#4512,1.);
#4512 = DIRECTION('',(-0.842872595724,0.538113173392,0.));
#4513 = PCURVE('',#4135,#4514);
#4514 = DEFINITIONAL_REPRESENTATION('',(#4515),#4519);
#4515 = LINE('',#4516,#4517);
#4516 = CARTESIAN_POINT('',(0.,-22.4));
#4517 = VECTOR('',#4518,1.);
#4518 = DIRECTION('',(1.,0.));
#4519 = ( GEOMETRIC_REPRESENTATION_CONTEXT(2) 
PARAMETRIC_REPRESENTATION_CONTEXT() REPRESENTATION_CONTEXT('2D SPACE',''
  ) );
#4520 = PCURVE('',#66,#4521);
#4521 = DEFINITIONAL_REPRESENTATION('',(#4522),#4526);
#4522 = LINE('',#4523,#4524);
#4523 = CARTESIAN_POINT('',(-9.659132507772E-02,-13.93491307613));
#4524 = VECTOR('',#4525,1.);
#4525 = DIRECTION('',(-0.842872595724,0.538113173392));
#4526 = ( GEOMETRIC_REPRESENTATION_CONTEXT(2) 
PARAMETRIC_REPRESENTATION_CONTEXT() REPRESENTATION_CONTEXT('2D SPACE',''
  ) );
#4527 = ORIENTED_EDGE('',*,*,#4117,.F.);
#4528 = ORIENTED_EDGE('',*,*,#4529,.F.);
#4529 = EDGE_CURVE('',#4382,#4118,#4530,.T.);
#4530 = SURFACE_CURVE('',#4531,(#4535,#4542),.PCURVE_S1.);
#4531 = LINE('',#4532,#4533);
#4532 = CARTESIAN_POINT('',(-9.659132507773E-02,-13.93491307613,0.));
#4533 = VECTOR('',#4534,1.);
#4534 = DIRECTION('',(-0.842872595724,0.538113173392,0.));
#4535 = PCURVE('',#4135,#4536);
#4536 = DEFINITIONAL_REPRESENTATION('',(#4537),#4541);
#4537 = LINE('',#4538,#4539);
#4538 = CARTESIAN_POINT('',(0.,0.));
#4539 = VECTOR('',#4540,1.);
#4540 = DIRECTION('',(1.,0.));
#4541 = ( GEOMETRIC_REPRESENTATION_CONTEXT(2) 
PARAMETRIC_REPRESENTATION_CONTEXT() REPRESENTATION_CONTEXT('2D SPACE',''
  ) );
#4542 = PCURVE('',#94,#4543);
#4543 = DEFINITIONAL_REPRESENTATION('',(#4544),#4548);
#4544 = LINE('',#4545,#4546);
#4545 = CARTESIAN_POINT('',(-9.659132507772E-02,-13.93491307613));
#4546 = VECTOR('',#4547,1.);
#4547 = DIRECTION('',(-0.842872595724,0.538113173392));
#4548 = ( GEOMETRIC_REPRESENTATION_CONTEXT(2) 
PARAMETRIC_REPRESENTATION_CONTEXT() REPRESENTATION_CONTEXT('2D SPACE',''
  ) );
#4549 = ADVANCED_FACE('',(#4550),#4399,.T.);
#4550 = FACE_BOUND('',#4551,.T.);
#4551 = EDGE_LOOP('',(#4552,#4577,#4692,#4693));
#4552 = ORIENTED_EDGE('',*,*,#4553,.T.);
#4553 = EDGE_CURVE('',#4554,#4556,#4558,.T.);
#4554 = VERTEX_POINT('',#4555);
#4555 = CARTESIAN_POINT('',(-0.112044317377,-47.50629678931,0.));
#4556 = VERTEX_POINT('',#4557);
#4557 = CARTESIAN_POINT('',(-0.112044317377,-47.50629678931,22.4));
#4558 = SURFACE_CURVE('',#4559,(#4563,#4570),.PCURVE_S1.);
#4559 = LINE('',#4560,#4561);
#4560 = CARTESIAN_POINT('',(-0.112044317377,-47.50629678931,0.));
#4561 = VECTOR('',#4562,1.);
#4562 = DIRECTION('',(0.,0.,1.));
#4563 = PCURVE('',#4399,#4564);
#4564 = DEFINITIONAL_REPRESENTATION('',(#4565),#4569);
#4565 = LINE('',#4566,#4567);
#4566 = CARTESIAN_POINT('',(0.,0.));
#4567 = VECTOR('',#4568,1.);
#4568 = DIRECTION('',(0.,-1.));
#4569 = ( GEOMETRIC_REPRESENTATION_CONTEXT(2) 
PARAMETRIC_REPRESENTATION_CONTEXT() REPRESENTATION_CONTEXT('2D SPACE',''
  ) );
#4570 = PCURVE('',#4080,#4571);
#4571 = DEFINITIONAL_REPRESENTATION('',(#4572),#4576);
#4572 = LINE('',#4573,#4574);
#4573 = CARTESIAN_POINT('',(5.343068391945,0.));
#4574 = VECTOR('',#4575,1.);
#4575 = DIRECTION('',(0.,-1.));
#4576 = ( GEOMETRIC_REPRESENTATION_CONTEXT(2) 
PARAMETRIC_REPRESENTATION_CONTEXT() REPRESENTATION_CONTEXT('2D SPACE',''
  ) );
#4577 = ORIENTED_EDGE('',*,*,#4578,.T.);
#4578 = EDGE_CURVE('',#4556,#4384,#4579,.T.);
#4579 = SURFACE_CURVE('',#4580,(#4631,#4638),.PCURVE_S1.);
#4580 = B_SPLINE_CURVE_WITH_KNOTS('',3,(#4581,#4582,#4583,#4584,#4585,
    #4586,#4587,#4588,#4589,#4590,#4591,#4592,#4593,#4594,#4595,#4596,
    #4597,#4598,#4599,#4600,#4601,#4602,#4603,#4604,#4605,#4606,#4607,
    #4608,#4609,#4610,#4611,#4612,#4613,#4614,#4615,#4616,#4617,#4618,
    #4619,#4620,#4621,#4622,#4623,#4624,#4625,#4626,#4627,#4628,#4629,
    #4630),.UNSPECIFIED.,.F.,.F.,(4,1,1,1,1,1,1,1,1,1,1,1,1,1,1,1,1,1,1,
    1,1,1,1,1,1,1,1,1,1,1,1,1,1,1,1,1,1,1,1,1,1,1,1,1,1,1,1,4),(0.,
    3.010134173011,5.734866089906,8.204243200285,10.280216915947,
    12.332164523515,14.201956865391,15.911237845672,17.363900720308,
    18.819208714806,20.167747400886,21.42468716853,22.515414853025,
    23.632925452475,24.694050367351,25.707901186754,26.608581862701,
    27.552388564938,28.468532489134,29.361872223827,30.169943636586,
    31.030962627216,31.880548884696,32.72227944396,33.495545472128,
    34.332992621126,35.174663745336,36.025783427864,36.825011523752,
    37.711824801461,38.627874308414,39.58148948206,40.502911686362,
    41.554574841448,42.671594637474,43.864256147866,45.041219012251,
    46.408073524505,47.880684921353,49.469922617188,51.049935999727,
    52.894334824252,54.887680127977,57.041280206621,59.18142193199,
    61.675679145654,64.364419403117,67.031728548195),.UNSPECIFIED.);
#4581 = CARTESIAN_POINT('',(-0.112044317377,-47.50629678931,22.4));
#4582 = CARTESIAN_POINT('',(0.867145985926,-47.37860517601,22.4));
#4583 = CARTESIAN_POINT('',(2.789167280934,-47.1572404713,22.4));
#4584 = CARTESIAN_POINT('',(5.476471585653,-46.68909350414,22.4));
#4585 = CARTESIAN_POINT('',(7.848475237921,-46.18073832639,22.4));
#4586 = CARTESIAN_POINT('',(9.975558559665,-45.62116597504,22.4));
#4587 = CARTESIAN_POINT('',(11.883829842938,-45.02176722506,22.4));
#4588 = CARTESIAN_POINT('',(13.643274360682,-44.36537084708,22.4));
#4589 = CARTESIAN_POINT('',(15.180542784294,-43.69224568326,22.4));
#4590 = CARTESIAN_POINT('',(16.554044788905,-42.9961258652,22.4));
#4591 = CARTESIAN_POINT('',(17.780994515732,-42.28178489339,22.4));
#4592 = CARTESIAN_POINT('',(18.906575835633,-41.52830960151,22.4));
#4593 = CARTESIAN_POINT('',(19.88506061512,-40.77816037445,22.4));
#4594 = CARTESIAN_POINT('',(20.756347199764,-40.0188226353,22.4));
#4595 = CARTESIAN_POINT('',(21.531819916348,-39.25200117752,22.4));
#4596 = CARTESIAN_POINT('',(22.23824036849,-38.45511862668,22.4));
#4597 = CARTESIAN_POINT('',(22.84666151334,-37.67084446542,22.4));
#4598 = CARTESIAN_POINT('',(23.382663599229,-36.88246445925,22.4));
#4599 = CARTESIAN_POINT('',(23.852095898519,-36.09024093054,22.4));
#4600 = CARTESIAN_POINT('',(24.268388952949,-35.2716182404,22.4));
#4601 = CARTESIAN_POINT('',(24.613214841898,-34.4694573333,22.4));
#4602 = CARTESIAN_POINT('',(24.901151690028,-33.66478137554,22.4));
#4603 = CARTESIAN_POINT('',(25.133902221527,-32.85748445708,22.4));
#4604 = CARTESIAN_POINT('',(25.31471719703,-32.02548879627,22.4));
#4605 = CARTESIAN_POINT('',(25.434053646165,-31.21199708904,22.4));
#4606 = CARTESIAN_POINT('',(25.497789728408,-30.39642949238,22.4));
#4607 = CARTESIAN_POINT('',(25.504573771542,-29.57824430904,22.4));
#4608 = CARTESIAN_POINT('',(25.448348001862,-28.7358986742,22.4));
#4609 = CARTESIAN_POINT('',(25.329004496977,-27.91296586313,22.4));
#4610 = CARTESIAN_POINT('',(25.143906934361,-27.08697775678,22.4));
#4611 = CARTESIAN_POINT('',(24.888447770486,-26.25705411068,22.4));
#4612 = CARTESIAN_POINT('',(24.546336102921,-25.40317303539,22.4));
#4613 = CARTESIAN_POINT('',(24.129457978725,-24.57022196161,22.4));
#4614 = CARTESIAN_POINT('',(23.624558274495,-23.73441880244,22.4));
#4615 = CARTESIAN_POINT('',(23.02370237878,-22.89634877044,22.4));
#4616 = CARTESIAN_POINT('',(22.29895895778,-22.04043093658,22.4));
#4617 = CARTESIAN_POINT('',(21.482354024601,-21.21171850207,22.4));
#4618 = CARTESIAN_POINT('',(20.539078373483,-20.3965709416,22.4));
#4619 = CARTESIAN_POINT('',(19.462460055041,-19.59880637533,22.4));
#4620 = CARTESIAN_POINT('',(18.219147665775,-18.80095935,22.4));
#4621 = CARTESIAN_POINT('',(16.863724007216,-18.05245637821,22.4));
#4622 = CARTESIAN_POINT('',(15.354334101951,-17.33290816511,22.4));
#4623 = CARTESIAN_POINT('',(13.681543188194,-16.65039846963,22.4));
#4624 = CARTESIAN_POINT('',(11.790292003904,-16.00169197748,22.4));
#4625 = CARTESIAN_POINT('',(9.778497430159,-15.43018662694,22.4));
#4626 = CARTESIAN_POINT('',(7.55174154643,-14.91911532609,22.4));
#4627 = CARTESIAN_POINT('',(5.242708683599,-14.4963157594,22.4));
#4628 = CARTESIAN_POINT('',(2.259005341862,-14.1111192811,22.4));
#4629 = CARTESIAN_POINT('',(1.452824247307,-14.06955108912,22.4));
#4630 = CARTESIAN_POINT('',(-9.659132507773E-02,-13.93491307613,22.4));
#4631 = PCURVE('',#4399,#4632);
#4632 = DEFINITIONAL_REPRESENTATION('',(#4633),#4637);
#4633 = LINE('',#4634,#4635);
#4634 = CARTESIAN_POINT('',(0.,-22.4));
#4635 = VECTOR('',#4636,1.);
#4636 = DIRECTION('',(1.,0.));
#4637 = ( GEOMETRIC_REPRESENTATION_CONTEXT(2) 
PARAMETRIC_REPRESENTATION_CONTEXT() REPRESENTATION_CONTEXT('2D SPACE',''
  ) );
#4638 = PCURVE('',#66,#4639);
#4639 = DEFINITIONAL_REPRESENTATION('',(#4640),#4691);
#4640 = B_SPLINE_CURVE_WITH_KNOTS('',3,(#4641,#4642,#4643,#4644,#4645,
    #4646,#4647,#4648,#4649,#4650,#4651,#4652,#4653,#4654,#4655,#4656,
    #4657,#4658,#4659,#4660,#4661,#4662,#4663,#4664,#4665,#4666,#4667,
    #4668,#4669,#4670,#4671,#4672,#4673,#4674,#4675,#4676,#4677,#4678,
    #4679,#4680,#4681,#4682,#4683,#4684,#4685,#4686,#4687,#4688,#4689,
    #4690),.UNSPECIFIED.,.F.,.F.,(4,1,1,1,1,1,1,1,1,1,1,1,1,1,1,1,1,1,1,
    1,1,1,1,1,1,1,1,1,1,1,1,1,1,1,1,1,1,1,1,1,1,1,1,1,1,1,1,4),(0.,
    3.010134173011,5.734866089906,8.204243200285,10.280216915947,
    12.332164523515,14.201956865391,15.911237845672,17.363900720308,
    18.819208714806,20.167747400886,21.42468716853,22.515414853025,
    23.632925452475,24.694050367351,25.707901186754,26.608581862701,
    27.552388564938,28.468532489134,29.361872223827,30.169943636586,
    31.030962627216,31.880548884696,32.72227944396,33.495545472128,
    34.332992621126,35.174663745336,36.025783427864,36.825011523752,
    37.711824801461,38.627874308414,39.58148948206,40.502911686362,
    41.554574841448,42.671594637474,43.864256147866,45.041219012251,
    46.408073524505,47.880684921353,49.469922617188,51.049935999727,
    52.894334824252,54.887680127977,57.041280206621,59.18142193199,
    61.675679145654,64.364419403117,67.031728548195),.UNSPECIFIED.);
#4641 = CARTESIAN_POINT('',(-0.112044317377,-47.50629678931));
#4642 = CARTESIAN_POINT('',(0.867145985926,-47.37860517601));
#4643 = CARTESIAN_POINT('',(2.789167280934,-47.1572404713));
#4644 = CARTESIAN_POINT('',(5.476471585653,-46.68909350414));
#4645 = CARTESIAN_POINT('',(7.848475237921,-46.18073832639));
#4646 = CARTESIAN_POINT('',(9.975558559665,-45.62116597504));
#4647 = CARTESIAN_POINT('',(11.883829842938,-45.02176722506));
#4648 = CARTESIAN_POINT('',(13.643274360682,-44.36537084708));
#4649 = CARTESIAN_POINT('',(15.180542784294,-43.69224568326));
#4650 = CARTESIAN_POINT('',(16.554044788905,-42.9961258652));
#4651 = CARTESIAN_POINT('',(17.780994515732,-42.28178489339));
#4652 = CARTESIAN_POINT('',(18.906575835633,-41.52830960151));
#4653 = CARTESIAN_POINT('',(19.88506061512,-40.77816037445));
#4654 = CARTESIAN_POINT('',(20.756347199764,-40.0188226353));
#4655 = CARTESIAN_POINT('',(21.531819916348,-39.25200117752));
#4656 = CARTESIAN_POINT('',(22.23824036849,-38.45511862668));
#4657 = CARTESIAN_POINT('',(22.84666151334,-37.67084446542));
#4658 = CARTESIAN_POINT('',(23.382663599229,-36.88246445925));
#4659 = CARTESIAN_POINT('',(23.852095898519,-36.09024093054));
#4660 = CARTESIAN_POINT('',(24.268388952949,-35.2716182404));
#4661 = CARTESIAN_POINT('',(24.613214841898,-34.4694573333));
#4662 = CARTESIAN_POINT('',(24.901151690028,-33.66478137554));
#4663 = CARTESIAN_POINT('',(25.133902221527,-32.85748445708));
#4664 = CARTESIAN_POINT('',(25.31471719703,-32.02548879627));
#4665 = CARTESIAN_POINT('',(25.434053646165,-31.21199708904));
#4666 = CARTESIAN_POINT('',(25.497789728408,-30.39642949238));
#4667 = CARTESIAN_POINT('',(25.504573771542,-29.57824430904));
#4668 = CARTESIAN_POINT('',(25.448348001862,-28.7358986742));
#4669 = CARTESIAN_POINT('',(25.329004496977,-27.91296586313));
#4670 = CARTESIAN_POINT('',(25.143906934361,-27.08697775678));
#4671 = CARTESIAN_POINT('',(24.888447770486,-26.25705411068));
#4672 = CARTESIAN_POINT('',(24.546336102921,-25.40317303539));
#4673 = CARTESIAN_POINT('',(24.129457978725,-24.57022196161));
#4674 = CARTESIAN_POINT('',(23.624558274495,-23.73441880244));
#4675 = CARTESIAN_POINT('',(23.02370237878,-22.89634877044));
#4676 = CARTESIAN_POINT('',(22.29895895778,-22.04043093658));
#4677 = CARTESIAN_POINT('',(21.482354024601,-21.21171850207));
#4678 = CARTESIAN_POINT('',(20.539078373483,-20.3965709416));
#4679 = CARTESIAN_POINT('',(19.462460055041,-19.59880637533));
#4680 = CARTESIAN_POINT('',(18.219147665775,-18.80095935));
#4681 = CARTESIAN_POINT('',(16.863724007216,-18.05245637821));
#4682 = CARTESIAN_POINT('',(15.354334101951,-17.33290816511));
#4683 = CARTESIAN_POINT('',(13.681543188194,-16.65039846963));
#4684 = CARTESIAN_POINT('',(11.790292003904,-16.00169197748));
#4685 = CARTESIAN_POINT('',(9.778497430159,-15.43018662694));
#4686 = CARTESIAN_POINT('',(7.55174154643,-14.91911532609));
#4687 = CARTESIAN_POINT('',(5.242708683599,-14.4963157594));
#4688 = CARTESIAN_POINT('',(2.259005341862,-14.1111192811));
#4689 = CARTESIAN_POINT('',(1.452824247307,-14.06955108912));
#4690 = CARTESIAN_POINT('',(-9.659132507772E-02,-13.93491307613));
#4691 = ( GEOMETRIC_REPRESENTATION_CONTEXT(2) 
PARAMETRIC_REPRESENTATION_CONTEXT() REPRESENTATION_CONTEXT('2D SPACE',''
  ) );
#4692 = ORIENTED_EDGE('',*,*,#4381,.F.);
#4693 = ORIENTED_EDGE('',*,*,#4694,.F.);
#4694 = EDGE_CURVE('',#4554,#4382,#4695,.T.);
#4695 = SURFACE_CURVE('',#4696,(#4747,#4754),.PCURVE_S1.);
#4696 = B_SPLINE_CURVE_WITH_KNOTS('',3,(#4697,#4698,#4699,#4700,#4701,
    #4702,#4703,#4704,#4705,#4706,#4707,#4708,#4709,#4710,#4711,#4712,
    #4713,#4714,#4715,#4716,#4717,#4718,#4719,#4720,#4721,#4722,#4723,
    #4724,#4725,#4726,#4727,#4728,#4729,#4730,#4731,#4732,#4733,#4734,
    #4735,#4736,#4737,#4738,#4739,#4740,#4741,#4742,#4743,#4744,#4745,
    #4746),.UNSPECIFIED.,.F.,.F.,(4,1,1,1,1,1,1,1,1,1,1,1,1,1,1,1,1,1,1,
    1,1,1,1,1,1,1,1,1,1,1,1,1,1,1,1,1,1,1,1,1,1,1,1,1,1,1,1,4),(0.,
    3.010134173011,5.734866089906,8.204243200285,10.280216915947,
    12.332164523515,14.201956865391,15.911237845672,17.363900720308,
    18.819208714806,20.167747400886,21.42468716853,22.515414853025,
    23.632925452475,24.694050367351,25.707901186754,26.608581862701,
    27.552388564938,28.468532489134,29.361872223827,30.169943636586,
    31.030962627216,31.880548884696,32.72227944396,33.495545472128,
    34.332992621126,35.174663745336,36.025783427864,36.825011523752,
    37.711824801461,38.627874308414,39.58148948206,40.502911686362,
    41.554574841448,42.671594637474,43.864256147866,45.041219012251,
    46.408073524505,47.880684921353,49.469922617188,51.049935999727,
    52.894334824252,54.887680127977,57.041280206621,59.18142193199,
    61.675679145654,64.364419403117,67.031728548195),.UNSPECIFIED.);
#4697 = CARTESIAN_POINT('',(-0.112044317377,-47.50629678931,0.));
#4698 = CARTESIAN_POINT('',(0.867145985926,-47.37860517601,0.));
#4699 = CARTESIAN_POINT('',(2.789167280934,-47.1572404713,0.));
#4700 = CARTESIAN_POINT('',(5.476471585653,-46.68909350414,0.));
#4701 = CARTESIAN_POINT('',(7.848475237921,-46.18073832639,0.));
#4702 = CARTESIAN_POINT('',(9.975558559665,-45.62116597504,0.));
#4703 = CARTESIAN_POINT('',(11.883829842938,-45.02176722506,0.));
#4704 = CARTESIAN_POINT('',(13.643274360682,-44.36537084708,0.));
#4705 = CARTESIAN_POINT('',(15.180542784294,-43.69224568326,0.));
#4706 = CARTESIAN_POINT('',(16.554044788905,-42.9961258652,0.));
#4707 = CARTESIAN_POINT('',(17.780994515732,-42.28178489339,0.));
#4708 = CARTESIAN_POINT('',(18.906575835633,-41.52830960151,0.));
#4709 = CARTESIAN_POINT('',(19.88506061512,-40.77816037445,0.));
#4710 = CARTESIAN_POINT('',(20.756347199764,-40.0188226353,0.));
#4711 = CARTESIAN_POINT('',(21.531819916348,-39.25200117752,0.));
#4712 = CARTESIAN_POINT('',(22.23824036849,-38.45511862668,0.));
#4713 = CARTESIAN_POINT('',(22.84666151334,-37.67084446542,0.));
#4714 = CARTESIAN_POINT('',(23.382663599229,-36.88246445925,0.));
#4715 = CARTESIAN_POINT('',(23.852095898519,-36.09024093054,0.));
#4716 = CARTESIAN_POINT('',(24.268388952949,-35.2716182404,0.));
#4717 = CARTESIAN_POINT('',(24.613214841898,-34.4694573333,0.));
#4718 = CARTESIAN_POINT('',(24.901151690028,-33.66478137554,0.));
#4719 = CARTESIAN_POINT('',(25.133902221527,-32.85748445708,0.));
#4720 = CARTESIAN_POINT('',(25.31471719703,-32.02548879627,0.));
#4721 = CARTESIAN_POINT('',(25.434053646165,-31.21199708904,0.));
#4722 = CARTESIAN_POINT('',(25.497789728408,-30.39642949238,0.));
#4723 = CARTESIAN_POINT('',(25.504573771542,-29.57824430904,0.));
#4724 = CARTESIAN_POINT('',(25.448348001862,-28.7358986742,0.));
#4725 = CARTESIAN_POINT('',(25.329004496977,-27.91296586313,0.));
#4726 = CARTESIAN_POINT('',(25.143906934361,-27.08697775678,0.));
#4727 = CARTESIAN_POINT('',(24.888447770486,-26.25705411068,0.));
#4728 = CARTESIAN_POINT('',(24.546336102921,-25.40317303539,0.));
#4729 = CARTESIAN_POINT('',(24.129457978725,-24.57022196161,0.));
#4730 = CARTESIAN_POINT('',(23.624558274495,-23.73441880244,0.));
#4731 = CARTESIAN_POINT('',(23.02370237878,-22.89634877044,0.));
#4732 = CARTESIAN_POINT('',(22.29895895778,-22.04043093658,0.));
#4733 = CARTESIAN_POINT('',(21.482354024601,-21.21171850207,0.));
#4734 = CARTESIAN_POINT('',(20.539078373483,-20.3965709416,0.));
#4735 = CARTESIAN_POINT('',(19.462460055041,-19.59880637533,0.));
#4736 = CARTESIAN_POINT('',(18.219147665775,-18.80095935,0.));
#4737 = CARTESIAN_POINT('',(16.863724007216,-18.05245637821,0.));
#4738 = CARTESIAN_POINT('',(15.354334101951,-17.33290816511,0.));
#4739 = CARTESIAN_POINT('',(13.681543188194,-16.65039846963,0.));
#4740 = CARTESIAN_POINT('',(11.790292003904,-16.00169197748,0.));
#4741 = CARTESIAN_POINT('',(9.778497430159,-15.43018662694,0.));
#4742 = CARTESIAN_POINT('',(7.55174154643,-14.91911532609,0.));
#4743 = CARTESIAN_POINT('',(5.242708683599,-14.4963157594,0.));
#4744 = CARTESIAN_POINT('',(2.259005341862,-14.1111192811,0.));
#4745 = CARTESIAN_POINT('',(1.452824247307,-14.06955108912,0.));
#4746 = CARTESIAN_POINT('',(-9.659132507773E-02,-13.93491307613,0.));
#4747 = PCURVE('',#4399,#4748);
#4748 = DEFINITIONAL_REPRESENTATION('',(#4749),#4753);
#4749 = LINE('',#4750,#4751);
#4750 = CARTESIAN_POINT('',(0.,0.));
#4751 = VECTOR('',#4752,1.);
#4752 = DIRECTION('',(1.,0.));
#4753 = ( GEOMETRIC_REPRESENTATION_CONTEXT(2) 
PARAMETRIC_REPRESENTATION_CONTEXT() REPRESENTATION_CONTEXT('2D SPACE',''
  ) );
#4754 = PCURVE('',#94,#4755);
#4755 = DEFINITIONAL_REPRESENTATION('',(#4756),#4807);
#4756 = B_SPLINE_CURVE_WITH_KNOTS('',3,(#4757,#4758,#4759,#4760,#4761,
    #4762,#4763,#4764,#4765,#4766,#4767,#4768,#4769,#4770,#4771,#4772,
    #4773,#4774,#4775,#4776,#4777,#4778,#4779,#4780,#4781,#4782,#4783,
    #4784,#4785,#4786,#4787,#4788,#4789,#4790,#4791,#4792,#4793,#4794,
    #4795,#4796,#4797,#4798,#4799,#4800,#4801,#4802,#4803,#4804,#4805,
    #4806),.UNSPECIFIED.,.F.,.F.,(4,1,1,1,1,1,1,1,1,1,1,1,1,1,1,1,1,1,1,
    1,1,1,1,1,1,1,1,1,1,1,1,1,1,1,1,1,1,1,1,1,1,1,1,1,1,1,1,4),(0.,
    3.010134173011,5.734866089906,8.204243200285,10.280216915947,
    12.332164523515,14.201956865391,15.911237845672,17.363900720308,
    18.819208714806,20.167747400886,21.42468716853,22.515414853025,
    23.632925452475,24.694050367351,25.707901186754,26.608581862701,
    27.552388564938,28.468532489134,29.361872223827,30.169943636586,
    31.030962627216,31.880548884696,32.72227944396,33.495545472128,
    34.332992621126,35.174663745336,36.025783427864,36.825011523752,
    37.711824801461,38.627874308414,39.58148948206,40.502911686362,
    41.554574841448,42.671594637474,43.864256147866,45.041219012251,
    46.408073524505,47.880684921353,49.469922617188,51.049935999727,
    52.894334824252,54.887680127977,57.041280206621,59.18142193199,
    61.675679145654,64.364419403117,67.031728548195),.UNSPECIFIED.);
#4757 = CARTESIAN_POINT('',(-0.112044317377,-47.50629678931));
#4758 = CARTESIAN_POINT('',(0.867145985926,-47.37860517601));
#4759 = CARTESIAN_POINT('',(2.789167280934,-47.1572404713));
#4760 = CARTESIAN_POINT('',(5.476471585653,-46.68909350414));
#4761 = CARTESIAN_POINT('',(7.848475237921,-46.18073832639));
#4762 = CARTESIAN_POINT('',(9.975558559665,-45.62116597504));
#4763 = CARTESIAN_POINT('',(11.883829842938,-45.02176722506));
#4764 = CARTESIAN_POINT('',(13.643274360682,-44.36537084708));
#4765 = CARTESIAN_POINT('',(15.180542784294,-43.69224568326));
#4766 = CARTESIAN_POINT('',(16.554044788905,-42.9961258652));
#4767 = CARTESIAN_POINT('',(17.780994515732,-42.28178489339));
#4768 = CARTESIAN_POINT('',(18.906575835633,-41.52830960151));
#4769 = CARTESIAN_POINT('',(19.88506061512,-40.77816037445));
#4770 = CARTESIAN_POINT('',(20.756347199764,-40.0188226353));
#4771 = CARTESIAN_POINT('',(21.531819916348,-39.25200117752));
#4772 = CARTESIAN_POINT('',(22.23824036849,-38.45511862668));
#4773 = CARTESIAN_POINT('',(22.84666151334,-37.67084446542));
#4774 = CARTESIAN_POINT('',(23.382663599229,-36.88246445925));
#4775 = CARTESIAN_POINT('',(23.852095898519,-36.09024093054));
#4776 = CARTESIAN_POINT('',(24.268388952949,-35.2716182404));
#4777 = CARTESIAN_POINT('',(24.613214841898,-34.4694573333));
#4778 = CARTESIAN_POINT('',(24.901151690028,-33.66478137554));
#4779 = CARTESIAN_POINT('',(25.133902221527,-32.85748445708));
#4780 = CARTESIAN_POINT('',(25.31471719703,-32.02548879627));
#4781 = CARTESIAN_POINT('',(25.434053646165,-31.21199708904));
#4782 = CARTESIAN_POINT('',(25.497789728408,-30.39642949238));
#4783 = CARTESIAN_POINT('',(25.504573771542,-29.57824430904));
#4784 = CARTESIAN_POINT('',(25.448348001862,-28.7358986742));
#4785 = CARTESIAN_POINT('',(25.329004496977,-27.91296586313));
#4786 = CARTESIAN_POINT('',(25.143906934361,-27.08697775678));
#4787 = CARTESIAN_POINT('',(24.888447770486,-26.25705411068));
#4788 = CARTESIAN_POINT('',(24.546336102921,-25.40317303539));
#4789 = CARTESIAN_POINT('',(24.129457978725,-24.57022196161));
#4790 = CARTESIAN_POINT('',(23.624558274495,-23.73441880244));
#4791 = CARTESIAN_POINT('',(23.02370237878,-22.89634877044));
#4792 = CARTESIAN_POINT('',(22.29895895778,-22.04043093658));
#4793 = CARTESIAN_POINT('',(21.482354024601,-21.21171850207));
#4794 = CARTESIAN_POINT('',(20.539078373483,-20.3965709416));
#4795 = CARTESIAN_POINT('',(19.462460055041,-19.59880637533));
#4796 = CARTESIAN_POINT('',(18.219147665775,-18.80095935));
#4797 = CARTESIAN_POINT('',(16.863724007216,-18.05245637821));
#4798 = CARTESIAN_POINT('',(15.354334101951,-17.33290816511));
#4799 = CARTESIAN_POINT('',(13.681543188194,-16.65039846963));
#4800 = CARTESIAN_POINT('',(11.790292003904,-16.00169197748));
#4801 = CARTESIAN_POINT('',(9.778497430159,-15.43018662694));
#4802 = CARTESIAN_POINT('',(7.55174154643,-14.91911532609));
#4803 = CARTESIAN_POINT('',(5.242708683599,-14.4963157594));
#4804 = CARTESIAN_POINT('',(2.259005341862,-14.1111192811));
#4805 = CARTESIAN_POINT('',(1.452824247307,-14.06955108912));
#4806 = CARTESIAN_POINT('',(-9.659132507772E-02,-13.93491307613));
#4807 = ( GEOMETRIC_REPRESENTATION_CONTEXT(2) 
PARAMETRIC_REPRESENTATION_CONTEXT() REPRESENTATION_CONTEXT('2D SPACE',''
  ) );
#4808 = ADVANCED_FACE('',(#4809),#4080,.T.);
#4809 = FACE_BOUND('',#4810,.T.);
#4810 = EDGE_LOOP('',(#4811,#4812,#4833,#4834));
#4811 = ORIENTED_EDGE('',*,*,#4064,.T.);
#4812 = ORIENTED_EDGE('',*,*,#4813,.T.);
#4813 = EDGE_CURVE('',#4041,#4556,#4814,.T.);
#4814 = SURFACE_CURVE('',#4815,(#4819,#4826),.PCURVE_S1.);
#4815 = LINE('',#4816,#4817);
#4816 = CARTESIAN_POINT('',(-11.45349560161,-48.98546512435,22.4));
#4817 = VECTOR('',#4818,1.);
#4818 = DIRECTION('',(0.991602108777,0.129326168539,0.));
#4819 = PCURVE('',#4080,#4820);
#4820 = DEFINITIONAL_REPRESENTATION('',(#4821),#4825);
#4821 = LINE('',#4822,#4823);
#4822 = CARTESIAN_POINT('',(-6.094433791488,-22.4));
#4823 = VECTOR('',#4824,1.);
#4824 = DIRECTION('',(1.,0.));
#4825 = ( GEOMETRIC_REPRESENTATION_CONTEXT(2) 
PARAMETRIC_REPRESENTATION_CONTEXT() REPRESENTATION_CONTEXT('2D SPACE',''
  ) );
#4826 = PCURVE('',#66,#4827);
#4827 = DEFINITIONAL_REPRESENTATION('',(#4828),#4832);
#4828 = LINE('',#4829,#4830);
#4829 = CARTESIAN_POINT('',(-11.45349560161,-48.98546512435));
#4830 = VECTOR('',#4831,1.);
#4831 = DIRECTION('',(0.991602108777,0.129326168539));
#4832 = ( GEOMETRIC_REPRESENTATION_CONTEXT(2) 
PARAMETRIC_REPRESENTATION_CONTEXT() REPRESENTATION_CONTEXT('2D SPACE',''
  ) );
#4833 = ORIENTED_EDGE('',*,*,#4553,.F.);
#4834 = ORIENTED_EDGE('',*,*,#4835,.F.);
#4835 = EDGE_CURVE('',#4065,#4554,#4836,.T.);
#4836 = SURFACE_CURVE('',#4837,(#4841,#4848),.PCURVE_S1.);
#4837 = LINE('',#4838,#4839);
#4838 = CARTESIAN_POINT('',(-11.45349560161,-48.98546512435,0.));
#4839 = VECTOR('',#4840,1.);
#4840 = DIRECTION('',(0.991602108777,0.129326168539,0.));
#4841 = PCURVE('',#4080,#4842);
#4842 = DEFINITIONAL_REPRESENTATION('',(#4843),#4847);
#4843 = LINE('',#4844,#4845);
#4844 = CARTESIAN_POINT('',(-6.094433791488,-0.));
#4845 = VECTOR('',#4846,1.);
#4846 = DIRECTION('',(1.,0.));
#4847 = ( GEOMETRIC_REPRESENTATION_CONTEXT(2) 
PARAMETRIC_REPRESENTATION_CONTEXT() REPRESENTATION_CONTEXT('2D SPACE',''
  ) );
#4848 = PCURVE('',#94,#4849);
#4849 = DEFINITIONAL_REPRESENTATION('',(#4850),#4854);
#4850 = LINE('',#4851,#4852);
#4851 = CARTESIAN_POINT('',(-11.45349560161,-48.98546512435));
#4852 = VECTOR('',#4853,1.);
#4853 = DIRECTION('',(0.991602108777,0.129326168539));
#4854 = ( GEOMETRIC_REPRESENTATION_CONTEXT(2) 
PARAMETRIC_REPRESENTATION_CONTEXT() REPRESENTATION_CONTEXT('2D SPACE',''
  ) );
#4855 = ADVANCED_FACE('',(#4856),#4870,.F.);
#4856 = FACE_BOUND('',#4857,.T.);
#4857 = EDGE_LOOP('',(#4858,#4989,#5013,#5041));
#4858 = ORIENTED_EDGE('',*,*,#4859,.T.);
#4859 = EDGE_CURVE('',#4860,#4862,#4864,.T.);
#4860 = VERTEX_POINT('',#4861);
#4861 = CARTESIAN_POINT('',(-33.90579064589,-34.67920645973,0.));
#4862 = VERTEX_POINT('',#4863);
#4863 = CARTESIAN_POINT('',(-33.90579064589,-34.67920645973,22.4));
#4864 = SURFACE_CURVE('',#4865,(#4869,#4881),.PCURVE_S1.);
#4865 = LINE('',#4866,#4867);
#4866 = CARTESIAN_POINT('',(-33.90579064589,-34.67920645973,0.));
#4867 = VECTOR('',#4868,1.);
#4868 = DIRECTION('',(0.,0.,1.));
#4869 = PCURVE('',#4870,#4875);
#4870 = CYLINDRICAL_SURFACE('',#4871,48.5);
#4871 = AXIS2_PLACEMENT_3D('',#4872,#4873,#4874);
#4872 = CARTESIAN_POINT('',(0.,0.,0.));
#4873 = DIRECTION('',(-0.,-0.,-1.));
#4874 = DIRECTION('',(1.,0.,-0.));
#4875 = DEFINITIONAL_REPRESENTATION('',(#4876),#4880);
#4876 = LINE('',#4877,#4878);
#4877 = CARTESIAN_POINT('',(-3.938267088259,0.));
#4878 = VECTOR('',#4879,1.);
#4879 = DIRECTION('',(-0.,-1.));
#4880 = ( GEOMETRIC_REPRESENTATION_CONTEXT(2) 
PARAMETRIC_REPRESENTATION_CONTEXT() REPRESENTATION_CONTEXT('2D SPACE',''
  ) );
#4881 = PCURVE('',#4882,#4983);
#4882 = B_SPLINE_SURFACE_WITH_KNOTS('',3,1,(
    (#4883,#4884)
    ,(#4885,#4886)
    ,(#4887,#4888)
    ,(#4889,#4890)
    ,(#4891,#4892)
    ,(#4893,#4894)
    ,(#4895,#4896)
    ,(#4897,#4898)
    ,(#4899,#4900)
    ,(#4901,#4902)
    ,(#4903,#4904)
    ,(#4905,#4906)
    ,(#4907,#4908)
    ,(#4909,#4910)
    ,(#4911,#4912)
    ,(#4913,#4914)
    ,(#4915,#4916)
    ,(#4917,#4918)
    ,(#4919,#4920)
    ,(#4921,#4922)
    ,(#4923,#4924)
    ,(#4925,#4926)
    ,(#4927,#4928)
    ,(#4929,#4930)
    ,(#4931,#4932)
    ,(#4933,#4934)
    ,(#4935,#4936)
    ,(#4937,#4938)
    ,(#4939,#4940)
    ,(#4941,#4942)
    ,(#4943,#4944)
    ,(#4945,#4946)
    ,(#4947,#4948)
    ,(#4949,#4950)
    ,(#4951,#4952)
    ,(#4953,#4954)
    ,(#4955,#4956)
    ,(#4957,#4958)
    ,(#4959,#4960)
    ,(#4961,#4962)
    ,(#4963,#4964)
    ,(#4965,#4966)
    ,(#4967,#4968)
    ,(#4969,#4970)
    ,(#4971,#4972)
    ,(#4973,#4974)
    ,(#4975,#4976)
    ,(#4977,#4978)
    ,(#4979,#4980)
    ,(#4981,#4982
    )),.UNSPECIFIED.,.F.,.F.,.F.,(4,1,1,1,1,1,1,1,1,1,1,1,1,1,1,1,1,1,1,
    1,1,1,1,1,1,1,1,1,1,1,1,1,1,1,1,1,1,1,1,1,1,1,1,1,1,1,1,4),(2,2),(0.
    ,2.766464139392,5.568319295326,8.177275145496,10.425160909405,
    12.698001103747,14.813706991925,16.784063111389,18.483896399813,
    20.207074900357,21.81810245116,23.327840693167,24.640860133639,
    25.985974841284,27.260500260188,28.473662841808,29.546573791048,
    30.665502050481,31.746604132965,32.796723932319,33.744037531687,
    34.751762028128,35.745458780463,36.730106112805,37.635070035337,
    38.615335519513,39.599805338773,40.592877392801,41.521106716853,
    42.54355210237,43.588460947472,44.661307186429,45.681682040739,
    46.825929386569,48.018033969658,49.266638650819,50.477859791669,
    51.863921967174,53.33914083985,54.917675284274,56.480212616324,
    58.303578905337,60.281721918016,62.435877257802,64.600562295301,
    67.15990258556,69.968318443063,73.053194077155),(-22.4,0.),
  .UNSPECIFIED.);
#4883 = CARTESIAN_POINT('',(-9.880760870129,-5.816194003237,22.4));
#4884 = CARTESIAN_POINT('',(-9.880760870129,-5.816194003237,0.));
#4885 = CARTESIAN_POINT('',(-9.514229607782,-6.644893632948,22.4));
#4886 = CARTESIAN_POINT('',(-9.514229607782,-6.644893632948,0.));
#4887 = CARTESIAN_POINT('',(-8.726866094648,-8.352347400098,22.4));
#4888 = CARTESIAN_POINT('',(-8.726866094648,-8.352347400098,0.));
#4889 = CARTESIAN_POINT('',(-7.7482593467,-10.8879937497,22.4));
#4890 = CARTESIAN_POINT('',(-7.7482593467,-10.8879937497,0.));
#4891 = CARTESIAN_POINT('',(-6.930325714986,-13.30955134065,22.4));
#4892 = CARTESIAN_POINT('',(-6.930325714986,-13.30955134065,0.));
#4893 = CARTESIAN_POINT('',(-6.282227562072,-15.59647271426,22.4));
#4894 = CARTESIAN_POINT('',(-6.282227562072,-15.59647271426,0.));
#4895 = CARTESIAN_POINT('',(-5.784587849339,-17.75309560005,22.4));
#4896 = CARTESIAN_POINT('',(-5.784587849339,-17.75309560005,0.));
#4897 = CARTESIAN_POINT('',(-5.420650667977,-19.84232219723,22.4));
#4898 = CARTESIAN_POINT('',(-5.420650667977,-19.84232219723,0.));
#4899 = CARTESIAN_POINT('',(-5.197909862873,-21.75917145835,22.4));
#4900 = CARTESIAN_POINT('',(-5.197909862873,-21.75917145835,0.));
#4901 = CARTESIAN_POINT('',(-5.09325654643,-23.5548404339,22.4));
#4902 = CARTESIAN_POINT('',(-5.09325654643,-23.5548404339,0.));
#4903 = CARTESIAN_POINT('',(-5.096182803092,-25.23398865028,22.4));
#4904 = CARTESIAN_POINT('',(-5.096182803092,-25.23398865028,0.));
#4905 = CARTESIAN_POINT('',(-5.204221968676,-26.84626796173,22.4));
#4906 = CARTESIAN_POINT('',(-5.204221968676,-26.84626796173,0.));
#4907 = CARTESIAN_POINT('',(-5.40645938795,-28.31151949602,22.4));
#4908 = CARTESIAN_POINT('',(-5.40645938795,-28.31151949602,0.));
#4909 = CARTESIAN_POINT('',(-5.684731680676,-29.67345682684,22.4));
#4910 = CARTESIAN_POINT('',(-5.684731680676,-29.67345682684,0.));
#4911 = CARTESIAN_POINT('',(-6.029671265133,-30.93940402072,22.4));
#4912 = CARTESIAN_POINT('',(-6.029671265133,-30.93940402072,0.));
#4913 = CARTESIAN_POINT('',(-6.463046947933,-32.14271777302,22.4));
#4914 = CARTESIAN_POINT('',(-6.463046947933,-32.14271777302,0.));
#4915 = CARTESIAN_POINT('',(-6.953135511264,-33.22509717163,22.4));
#4916 = CARTESIAN_POINT('',(-6.953135511264,-33.22509717163,0.));
#4917 = CARTESIAN_POINT('',(-7.501765821777,-34.21990980166,22.4));
#4918 = CARTESIAN_POINT('',(-7.501765821777,-34.21990980166,0.));
#4919 = CARTESIAN_POINT('',(-8.103348380965,-35.13155786663,22.4));
#4920 = CARTESIAN_POINT('',(-8.103348380965,-35.13155786663,0.));
#4921 = CARTESIAN_POINT('',(-8.773662220142,-35.98423564359,22.4));
#4922 = CARTESIAN_POINT('',(-8.773662220142,-35.98423564359,0.));
#4923 = CARTESIAN_POINT('',(-9.472911294482,-36.73688982299,22.4));
#4924 = CARTESIAN_POINT('',(-9.472911294482,-36.73688982299,0.));
#4925 = CARTESIAN_POINT('',(-10.21056241331,-37.4159329875,22.4));
#4926 = CARTESIAN_POINT('',(-10.21056241331,-37.4159329875,0.));
#4927 = CARTESIAN_POINT('',(-10.98322378389,-38.0251375478,22.4));
#4928 = CARTESIAN_POINT('',(-10.98322378389,-38.0251375478,0.));
#4929 = CARTESIAN_POINT('',(-11.81092069461,-38.57970852519,22.4));
#4930 = CARTESIAN_POINT('',(-11.81092069461,-38.57970852519,0.));
#4931 = CARTESIAN_POINT('',(-12.64794464449,-39.0538491695,22.4));
#4932 = CARTESIAN_POINT('',(-12.64794464449,-39.0538491695,0.));
#4933 = CARTESIAN_POINT('',(-13.51172772937,-39.46651697433,22.4));
#4934 = CARTESIAN_POINT('',(-13.51172772937,-39.46651697433,0.));
#4935 = CARTESIAN_POINT('',(-14.40148000634,-39.81986461885,22.4));
#4936 = CARTESIAN_POINT('',(-14.40148000634,-39.81986461885,0.));
#4937 = CARTESIAN_POINT('',(-15.34122006629,-40.12055972449,22.4));
#4938 = CARTESIAN_POINT('',(-15.34122006629,-40.12055972449,0.));
#4939 = CARTESIAN_POINT('',(-16.28205429758,-40.35376691334,22.4));
#4940 = CARTESIAN_POINT('',(-16.28205429758,-40.35376691334,0.));
#4941 = CARTESIAN_POINT('',(-17.24800856906,-40.52956210035,22.4));
#4942 = CARTESIAN_POINT('',(-17.24800856906,-40.52956210035,0.));
#4943 = CARTESIAN_POINT('',(-18.24033408098,-40.6468681278,22.4));
#4944 = CARTESIAN_POINT('',(-18.24033408098,-40.6468681278,0.));
#4945 = CARTESIAN_POINT('',(-19.28630175034,-40.7025716469,22.4));
#4946 = CARTESIAN_POINT('',(-19.28630175034,-40.7025716469,0.));
#4947 = CARTESIAN_POINT('',(-20.33301805934,-40.6907735466,22.4));
#4948 = CARTESIAN_POINT('',(-20.33301805934,-40.6907735466,0.));
#4949 = CARTESIAN_POINT('',(-21.40988875719,-40.61154097701,22.4));
#4950 = CARTESIAN_POINT('',(-21.40988875719,-40.61154097701,0.));
#4951 = CARTESIAN_POINT('',(-22.51924911683,-40.45958624132,22.4));
#4952 = CARTESIAN_POINT('',(-22.51924911683,-40.45958624132,0.));
#4953 = CARTESIAN_POINT('',(-23.69086171816,-40.22011819032,22.4));
#4954 = CARTESIAN_POINT('',(-23.69086171816,-40.22011819032,0.));
#4955 = CARTESIAN_POINT('',(-24.86579601191,-39.8983432551,22.4));
#4956 = CARTESIAN_POINT('',(-24.86579601191,-39.8983432551,0.));
#4957 = CARTESIAN_POINT('',(-26.07919697918,-39.48238287774,22.4));
#4958 = CARTESIAN_POINT('',(-26.07919697918,-39.48238287774,0.));
#4959 = CARTESIAN_POINT('',(-27.33409689842,-38.96213597384,22.4));
#4960 = CARTESIAN_POINT('',(-27.33409689842,-38.96213597384,0.));
#4961 = CARTESIAN_POINT('',(-28.66294166218,-38.30844168994,22.4));
#4962 = CARTESIAN_POINT('',(-28.66294166218,-38.30844168994,0.));
#4963 = CARTESIAN_POINT('',(-29.99928856865,-37.54361104377,22.4));
#4964 = CARTESIAN_POINT('',(-29.99928856865,-37.54361104377,0.));
#4965 = CARTESIAN_POINT('',(-31.38601232023,-36.63900690952,22.4));
#4966 = CARTESIAN_POINT('',(-31.38601232023,-36.63900690952,0.));
#4967 = CARTESIAN_POINT('',(-32.82677755251,-35.57899905132,22.4));
#4968 = CARTESIAN_POINT('',(-32.82677755251,-35.57899905132,0.));
#4969 = CARTESIAN_POINT('',(-34.35945409669,-34.31357817388,22.4));
#4970 = CARTESIAN_POINT('',(-34.35945409669,-34.31357817388,0.));
#4971 = CARTESIAN_POINT('',(-35.90274313899,-32.89798423797,22.4));
#4972 = CARTESIAN_POINT('',(-35.90274313899,-32.89798423797,0.));
#4973 = CARTESIAN_POINT('',(-37.53140383269,-31.25032875088,22.4));
#4974 = CARTESIAN_POINT('',(-37.53140383269,-31.25032875088,0.));
#4975 = CARTESIAN_POINT('',(-39.15048500383,-29.47162515096,22.4));
#4976 = CARTESIAN_POINT('',(-39.15048500383,-29.47162515096,0.));
#4977 = CARTESIAN_POINT('',(-41.24007930472,-26.93964605503,22.4));
#4978 = CARTESIAN_POINT('',(-41.24007930472,-26.93964605503,0.));
#4979 = CARTESIAN_POINT('',(-41.64023045115,-26.36793151795,22.4));
#4980 = CARTESIAN_POINT('',(-41.64023045115,-26.36793151795,0.));
#4981 = CARTESIAN_POINT('',(-42.80678214913,-24.84388483054,22.4));
#4982 = CARTESIAN_POINT('',(-42.80678214913,-24.84388483054,0.));
#4983 = DEFINITIONAL_REPRESENTATION('',(#4984),#4988);
#4984 = LINE('',#4985,#4986);
#4985 = CARTESIAN_POINT('',(59.759046788485,0.));
#4986 = VECTOR('',#4987,1.);
#4987 = DIRECTION('',(0.,-1.));
#4988 = ( GEOMETRIC_REPRESENTATION_CONTEXT(2) 
PARAMETRIC_REPRESENTATION_CONTEXT() REPRESENTATION_CONTEXT('2D SPACE',''
  ) );
#4989 = ORIENTED_EDGE('',*,*,#4990,.T.);
#4990 = EDGE_CURVE('',#4862,#4991,#4993,.T.);
#4991 = VERTEX_POINT('',#4992);
#4992 = CARTESIAN_POINT('',(-28.78405486404,-39.03496106804,22.4));
#4993 = SURFACE_CURVE('',#4994,(#4999,#5006),.PCURVE_S1.);
#4994 = CIRCLE('',#4995,48.5);
#4995 = AXIS2_PLACEMENT_3D('',#4996,#4997,#4998);
#4996 = CARTESIAN_POINT('',(0.,0.,22.4));
#4997 = DIRECTION('',(0.,0.,1.));
#4998 = DIRECTION('',(1.,0.,-0.));
#4999 = PCURVE('',#4870,#5000);
#5000 = DEFINITIONAL_REPRESENTATION('',(#5001),#5005);
#5001 = LINE('',#5002,#5003);
#5002 = CARTESIAN_POINT('',(-0.,-22.4));
#5003 = VECTOR('',#5004,1.);
#5004 = DIRECTION('',(-1.,0.));
#5005 = ( GEOMETRIC_REPRESENTATION_CONTEXT(2) 
PARAMETRIC_REPRESENTATION_CONTEXT() REPRESENTATION_CONTEXT('2D SPACE',''
  ) );
#5006 = PCURVE('',#66,#5007);
#5007 = DEFINITIONAL_REPRESENTATION('',(#5008),#5012);
#5008 = CIRCLE('',#5009,48.5);
#5009 = AXIS2_PLACEMENT_2D('',#5010,#5011);
#5010 = CARTESIAN_POINT('',(1.75032336965E-15,-3.209892110372E-15));
#5011 = DIRECTION('',(1.,0.));
#5012 = ( GEOMETRIC_REPRESENTATION_CONTEXT(2) 
PARAMETRIC_REPRESENTATION_CONTEXT() REPRESENTATION_CONTEXT('2D SPACE',''
  ) );
#5013 = ORIENTED_EDGE('',*,*,#5014,.F.);
#5014 = EDGE_CURVE('',#5015,#4991,#5017,.T.);
#5015 = VERTEX_POINT('',#5016);
#5016 = CARTESIAN_POINT('',(-28.78405486404,-39.03496106804,0.));
#5017 = SURFACE_CURVE('',#5018,(#5022,#5029),.PCURVE_S1.);
#5018 = LINE('',#5019,#5020);
#5019 = CARTESIAN_POINT('',(-28.78405486404,-39.03496106804,0.));
#5020 = VECTOR('',#5021,1.);
#5021 = DIRECTION('',(0.,0.,1.));
#5022 = PCURVE('',#4870,#5023);
#5023 = DEFINITIONAL_REPRESENTATION('',(#5024),#5028);
#5024 = LINE('',#5025,#5026);
#5025 = CARTESIAN_POINT('',(-4.077006161788,0.));
#5026 = VECTOR('',#5027,1.);
#5027 = DIRECTION('',(-0.,-1.));
#5028 = ( GEOMETRIC_REPRESENTATION_CONTEXT(2) 
PARAMETRIC_REPRESENTATION_CONTEXT() REPRESENTATION_CONTEXT('2D SPACE',''
  ) );
#5029 = PCURVE('',#5030,#5035);
#5030 = PLANE('',#5031);
#5031 = AXIS2_PLACEMENT_3D('',#5032,#5033,#5034);
#5032 = CARTESIAN_POINT('',(-28.78405486404,-39.03496106804,0.));
#5033 = DIRECTION('',(0.383801307059,0.923415700917,-0.));
#5034 = DIRECTION('',(0.923415700917,-0.383801307059,0.));
#5035 = DEFINITIONAL_REPRESENTATION('',(#5036),#5040);
#5036 = LINE('',#5037,#5038);
#5037 = CARTESIAN_POINT('',(-3.280631591866E-15,-0.));
#5038 = VECTOR('',#5039,1.);
#5039 = DIRECTION('',(0.,-1.));
#5040 = ( GEOMETRIC_REPRESENTATION_CONTEXT(2) 
PARAMETRIC_REPRESENTATION_CONTEXT() REPRESENTATION_CONTEXT('2D SPACE',''
  ) );
#5041 = ORIENTED_EDGE('',*,*,#5042,.F.);
#5042 = EDGE_CURVE('',#4860,#5015,#5043,.T.);
#5043 = SURFACE_CURVE('',#5044,(#5049,#5056),.PCURVE_S1.);
#5044 = CIRCLE('',#5045,48.5);
#5045 = AXIS2_PLACEMENT_3D('',#5046,#5047,#5048);
#5046 = CARTESIAN_POINT('',(0.,0.,0.));
#5047 = DIRECTION('',(0.,0.,1.));
#5048 = DIRECTION('',(1.,0.,-0.));
#5049 = PCURVE('',#4870,#5050);
#5050 = DEFINITIONAL_REPRESENTATION('',(#5051),#5055);
#5051 = LINE('',#5052,#5053);
#5052 = CARTESIAN_POINT('',(-0.,0.));
#5053 = VECTOR('',#5054,1.);
#5054 = DIRECTION('',(-1.,0.));
#5055 = ( GEOMETRIC_REPRESENTATION_CONTEXT(2) 
PARAMETRIC_REPRESENTATION_CONTEXT() REPRESENTATION_CONTEXT('2D SPACE',''
  ) );
#5056 = PCURVE('',#94,#5057);
#5057 = DEFINITIONAL_REPRESENTATION('',(#5058),#5062);
#5058 = CIRCLE('',#5059,48.5);
#5059 = AXIS2_PLACEMENT_2D('',#5060,#5061);
#5060 = CARTESIAN_POINT('',(1.75032336965E-15,-3.209892110372E-15));
#5061 = DIRECTION('',(1.,0.));
#5062 = ( GEOMETRIC_REPRESENTATION_CONTEXT(2) 
PARAMETRIC_REPRESENTATION_CONTEXT() REPRESENTATION_CONTEXT('2D SPACE',''
  ) );
#5063 = ADVANCED_FACE('',(#5064),#4882,.T.);
#5064 = FACE_BOUND('',#5065,.T.);
#5065 = EDGE_LOOP('',(#5066,#5096,#5211,#5212));
#5066 = ORIENTED_EDGE('',*,*,#5067,.T.);
#5067 = EDGE_CURVE('',#5068,#5070,#5072,.T.);
#5068 = VERTEX_POINT('',#5069);
#5069 = CARTESIAN_POINT('',(-8.093277400445,-10.0129771935,0.));
#5070 = VERTEX_POINT('',#5071);
#5071 = CARTESIAN_POINT('',(-8.093277400445,-10.0129771935,22.4));
#5072 = SURFACE_CURVE('',#5073,(#5077,#5084),.PCURVE_S1.);
#5073 = LINE('',#5074,#5075);
#5074 = CARTESIAN_POINT('',(-8.093277400445,-10.0129771935,0.));
#5075 = VECTOR('',#5076,1.);
#5076 = DIRECTION('',(0.,0.,1.));
#5077 = PCURVE('',#4882,#5078);
#5078 = DEFINITIONAL_REPRESENTATION('',(#5079),#5083);
#5079 = LINE('',#5080,#5081);
#5080 = CARTESIAN_POINT('',(4.560656898555,0.));
#5081 = VECTOR('',#5082,1.);
#5082 = DIRECTION('',(0.,-1.));
#5083 = ( GEOMETRIC_REPRESENTATION_CONTEXT(2) 
PARAMETRIC_REPRESENTATION_CONTEXT() REPRESENTATION_CONTEXT('2D SPACE',''
  ) );
#5084 = PCURVE('',#5085,#5090);
#5085 = PLANE('',#5086);
#5086 = AXIS2_PLACEMENT_3D('',#5087,#5088,#5089);
#5087 = CARTESIAN_POINT('',(-7.051107079368,-12.01969306091,0.));
#5088 = DIRECTION('',(-0.88745597613,-0.460892493355,0.));
#5089 = DIRECTION('',(-0.460892493355,0.88745597613,0.));
#5090 = DEFINITIONAL_REPRESENTATION('',(#5091),#5095);
#5091 = LINE('',#5092,#5093);
#5092 = CARTESIAN_POINT('',(2.261200466709,0.));
#5093 = VECTOR('',#5094,1.);
#5094 = DIRECTION('',(0.,-1.));
#5095 = ( GEOMETRIC_REPRESENTATION_CONTEXT(2) 
PARAMETRIC_REPRESENTATION_CONTEXT() REPRESENTATION_CONTEXT('2D SPACE',''
  ) );
#5096 = ORIENTED_EDGE('',*,*,#5097,.T.);
#5097 = EDGE_CURVE('',#5070,#4862,#5098,.T.);
#5098 = SURFACE_CURVE('',#5099,(#5150,#5157),.PCURVE_S1.);
#5099 = B_SPLINE_CURVE_WITH_KNOTS('',3,(#5100,#5101,#5102,#5103,#5104,
    #5105,#5106,#5107,#5108,#5109,#5110,#5111,#5112,#5113,#5114,#5115,
    #5116,#5117,#5118,#5119,#5120,#5121,#5122,#5123,#5124,#5125,#5126,
    #5127,#5128,#5129,#5130,#5131,#5132,#5133,#5134,#5135,#5136,#5137,
    #5138,#5139,#5140,#5141,#5142,#5143,#5144,#5145,#5146,#5147,#5148,
    #5149),.UNSPECIFIED.,.F.,.F.,(4,1,1,1,1,1,1,1,1,1,1,1,1,1,1,1,1,1,1,
    1,1,1,1,1,1,1,1,1,1,1,1,1,1,1,1,1,1,1,1,1,1,1,1,1,1,1,1,4),(0.,
    2.766464139392,5.568319295326,8.177275145496,10.425160909405,
    12.698001103747,14.813706991925,16.784063111389,18.483896399813,
    20.207074900357,21.81810245116,23.327840693167,24.640860133639,
    25.985974841284,27.260500260188,28.473662841808,29.546573791048,
    30.665502050481,31.746604132965,32.796723932319,33.744037531687,
    34.751762028128,35.745458780463,36.730106112805,37.635070035337,
    38.615335519513,39.599805338773,40.592877392801,41.521106716853,
    42.54355210237,43.588460947472,44.661307186429,45.681682040739,
    46.825929386569,48.018033969658,49.266638650819,50.477859791669,
    51.863921967174,53.33914083985,54.917675284274,56.480212616324,
    58.303578905337,60.281721918016,62.435877257802,64.600562295301,
    67.15990258556,69.968318443063,73.053194077155),.UNSPECIFIED.);
#5100 = CARTESIAN_POINT('',(-9.880760870129,-5.816194003237,22.4));
#5101 = CARTESIAN_POINT('',(-9.514229607782,-6.644893632948,22.4));
#5102 = CARTESIAN_POINT('',(-8.726866094648,-8.352347400098,22.4));
#5103 = CARTESIAN_POINT('',(-7.7482593467,-10.8879937497,22.4));
#5104 = CARTESIAN_POINT('',(-6.930325714986,-13.30955134065,22.4));
#5105 = CARTESIAN_POINT('',(-6.282227562072,-15.59647271426,22.4));
#5106 = CARTESIAN_POINT('',(-5.784587849339,-17.75309560005,22.4));
#5107 = CARTESIAN_POINT('',(-5.420650667977,-19.84232219723,22.4));
#5108 = CARTESIAN_POINT('',(-5.197909862873,-21.75917145835,22.4));
#5109 = CARTESIAN_POINT('',(-5.09325654643,-23.5548404339,22.4));
#5110 = CARTESIAN_POINT('',(-5.096182803092,-25.23398865028,22.4));
#5111 = CARTESIAN_POINT('',(-5.204221968676,-26.84626796173,22.4));
#5112 = CARTESIAN_POINT('',(-5.40645938795,-28.31151949602,22.4));
#5113 = CARTESIAN_POINT('',(-5.684731680676,-29.67345682684,22.4));
#5114 = CARTESIAN_POINT('',(-6.029671265133,-30.93940402072,22.4));
#5115 = CARTESIAN_POINT('',(-6.463046947933,-32.14271777302,22.4));
#5116 = CARTESIAN_POINT('',(-6.953135511264,-33.22509717163,22.4));
#5117 = CARTESIAN_POINT('',(-7.501765821777,-34.21990980166,22.4));
#5118 = CARTESIAN_POINT('',(-8.103348380965,-35.13155786663,22.4));
#5119 = CARTESIAN_POINT('',(-8.773662220142,-35.98423564359,22.4));
#5120 = CARTESIAN_POINT('',(-9.472911294482,-36.73688982299,22.4));
#5121 = CARTESIAN_POINT('',(-10.21056241331,-37.4159329875,22.4));
#5122 = CARTESIAN_POINT('',(-10.98322378389,-38.0251375478,22.4));
#5123 = CARTESIAN_POINT('',(-11.81092069461,-38.57970852519,22.4));
#5124 = CARTESIAN_POINT('',(-12.64794464449,-39.0538491695,22.4));
#5125 = CARTESIAN_POINT('',(-13.51172772937,-39.46651697433,22.4));
#5126 = CARTESIAN_POINT('',(-14.40148000634,-39.81986461885,22.4));
#5127 = CARTESIAN_POINT('',(-15.34122006629,-40.12055972449,22.4));
#5128 = CARTESIAN_POINT('',(-16.28205429758,-40.35376691334,22.4));
#5129 = CARTESIAN_POINT('',(-17.24800856906,-40.52956210035,22.4));
#5130 = CARTESIAN_POINT('',(-18.24033408098,-40.6468681278,22.4));
#5131 = CARTESIAN_POINT('',(-19.28630175034,-40.7025716469,22.4));
#5132 = CARTESIAN_POINT('',(-20.33301805934,-40.6907735466,22.4));
#5133 = CARTESIAN_POINT('',(-21.40988875719,-40.61154097701,22.4));
#5134 = CARTESIAN_POINT('',(-22.51924911683,-40.45958624132,22.4));
#5135 = CARTESIAN_POINT('',(-23.69086171816,-40.22011819032,22.4));
#5136 = CARTESIAN_POINT('',(-24.86579601191,-39.8983432551,22.4));
#5137 = CARTESIAN_POINT('',(-26.07919697918,-39.48238287774,22.4));
#5138 = CARTESIAN_POINT('',(-27.33409689842,-38.96213597384,22.4));
#5139 = CARTESIAN_POINT('',(-28.66294166218,-38.30844168994,22.4));
#5140 = CARTESIAN_POINT('',(-29.99928856865,-37.54361104377,22.4));
#5141 = CARTESIAN_POINT('',(-31.38601232023,-36.63900690952,22.4));
#5142 = CARTESIAN_POINT('',(-32.82677755251,-35.57899905132,22.4));
#5143 = CARTESIAN_POINT('',(-34.35945409669,-34.31357817388,22.4));
#5144 = CARTESIAN_POINT('',(-35.90274313899,-32.89798423797,22.4));
#5145 = CARTESIAN_POINT('',(-37.53140383269,-31.25032875088,22.4));
#5146 = CARTESIAN_POINT('',(-39.15048500383,-29.47162515096,22.4));
#5147 = CARTESIAN_POINT('',(-41.24007930472,-26.93964605503,22.4));
#5148 = CARTESIAN_POINT('',(-41.64023045115,-26.36793151795,22.4));
#5149 = CARTESIAN_POINT('',(-42.80678214913,-24.84388483054,22.4));
#5150 = PCURVE('',#4882,#5151);
#5151 = DEFINITIONAL_REPRESENTATION('',(#5152),#5156);
#5152 = LINE('',#5153,#5154);
#5153 = CARTESIAN_POINT('',(0.,-22.4));
#5154 = VECTOR('',#5155,1.);
#5155 = DIRECTION('',(1.,0.));
#5156 = ( GEOMETRIC_REPRESENTATION_CONTEXT(2) 
PARAMETRIC_REPRESENTATION_CONTEXT() REPRESENTATION_CONTEXT('2D SPACE',''
  ) );
#5157 = PCURVE('',#66,#5158);
#5158 = DEFINITIONAL_REPRESENTATION('',(#5159),#5210);
#5159 = B_SPLINE_CURVE_WITH_KNOTS('',3,(#5160,#5161,#5162,#5163,#5164,
    #5165,#5166,#5167,#5168,#5169,#5170,#5171,#5172,#5173,#5174,#5175,
    #5176,#5177,#5178,#5179,#5180,#5181,#5182,#5183,#5184,#5185,#5186,
    #5187,#5188,#5189,#5190,#5191,#5192,#5193,#5194,#5195,#5196,#5197,
    #5198,#5199,#5200,#5201,#5202,#5203,#5204,#5205,#5206,#5207,#5208,
    #5209),.UNSPECIFIED.,.F.,.F.,(4,1,1,1,1,1,1,1,1,1,1,1,1,1,1,1,1,1,1,
    1,1,1,1,1,1,1,1,1,1,1,1,1,1,1,1,1,1,1,1,1,1,1,1,1,1,1,1,4),(0.,
    2.766464139392,5.568319295326,8.177275145496,10.425160909405,
    12.698001103747,14.813706991925,16.784063111389,18.483896399813,
    20.207074900357,21.81810245116,23.327840693167,24.640860133639,
    25.985974841284,27.260500260188,28.473662841808,29.546573791048,
    30.665502050481,31.746604132965,32.796723932319,33.744037531687,
    34.751762028128,35.745458780463,36.730106112805,37.635070035337,
    38.615335519513,39.599805338773,40.592877392801,41.521106716853,
    42.54355210237,43.588460947472,44.661307186429,45.681682040739,
    46.825929386569,48.018033969658,49.266638650819,50.477859791669,
    51.863921967174,53.33914083985,54.917675284274,56.480212616324,
    58.303578905337,60.281721918016,62.435877257802,64.600562295301,
    67.15990258556,69.968318443063,73.053194077155),.UNSPECIFIED.);
#5160 = CARTESIAN_POINT('',(-9.880760870129,-5.816194003237));
#5161 = CARTESIAN_POINT('',(-9.514229607782,-6.644893632948));
#5162 = CARTESIAN_POINT('',(-8.726866094648,-8.352347400098));
#5163 = CARTESIAN_POINT('',(-7.7482593467,-10.8879937497));
#5164 = CARTESIAN_POINT('',(-6.930325714986,-13.30955134065));
#5165 = CARTESIAN_POINT('',(-6.282227562072,-15.59647271426));
#5166 = CARTESIAN_POINT('',(-5.784587849339,-17.75309560005));
#5167 = CARTESIAN_POINT('',(-5.420650667977,-19.84232219723));
#5168 = CARTESIAN_POINT('',(-5.197909862872,-21.75917145835));
#5169 = CARTESIAN_POINT('',(-5.09325654643,-23.5548404339));
#5170 = CARTESIAN_POINT('',(-5.096182803092,-25.23398865028));
#5171 = CARTESIAN_POINT('',(-5.204221968676,-26.84626796173));
#5172 = CARTESIAN_POINT('',(-5.40645938795,-28.31151949602));
#5173 = CARTESIAN_POINT('',(-5.684731680676,-29.67345682684));
#5174 = CARTESIAN_POINT('',(-6.029671265133,-30.93940402072));
#5175 = CARTESIAN_POINT('',(-6.463046947933,-32.14271777302));
#5176 = CARTESIAN_POINT('',(-6.953135511264,-33.22509717163));
#5177 = CARTESIAN_POINT('',(-7.501765821777,-34.21990980166));
#5178 = CARTESIAN_POINT('',(-8.103348380965,-35.13155786663));
#5179 = CARTESIAN_POINT('',(-8.773662220142,-35.98423564359));
#5180 = CARTESIAN_POINT('',(-9.472911294482,-36.73688982299));
#5181 = CARTESIAN_POINT('',(-10.21056241331,-37.4159329875));
#5182 = CARTESIAN_POINT('',(-10.98322378389,-38.0251375478));
#5183 = CARTESIAN_POINT('',(-11.81092069461,-38.57970852519));
#5184 = CARTESIAN_POINT('',(-12.64794464449,-39.0538491695));
#5185 = CARTESIAN_POINT('',(-13.51172772937,-39.46651697433));
#5186 = CARTESIAN_POINT('',(-14.40148000634,-39.81986461885));
#5187 = CARTESIAN_POINT('',(-15.34122006629,-40.12055972449));
#5188 = CARTESIAN_POINT('',(-16.28205429758,-40.35376691334));
#5189 = CARTESIAN_POINT('',(-17.24800856906,-40.52956210035));
#5190 = CARTESIAN_POINT('',(-18.24033408098,-40.6468681278));
#5191 = CARTESIAN_POINT('',(-19.28630175034,-40.7025716469));
#5192 = CARTESIAN_POINT('',(-20.33301805934,-40.6907735466));
#5193 = CARTESIAN_POINT('',(-21.40988875719,-40.61154097701));
#5194 = CARTESIAN_POINT('',(-22.51924911683,-40.45958624132));
#5195 = CARTESIAN_POINT('',(-23.69086171816,-40.22011819032));
#5196 = CARTESIAN_POINT('',(-24.86579601191,-39.8983432551));
#5197 = CARTESIAN_POINT('',(-26.07919697918,-39.48238287774));
#5198 = CARTESIAN_POINT('',(-27.33409689842,-38.96213597384));
#5199 = CARTESIAN_POINT('',(-28.66294166218,-38.30844168994));
#5200 = CARTESIAN_POINT('',(-29.99928856865,-37.54361104377));
#5201 = CARTESIAN_POINT('',(-31.38601232023,-36.63900690952));
#5202 = CARTESIAN_POINT('',(-32.82677755251,-35.57899905132));
#5203 = CARTESIAN_POINT('',(-34.35945409669,-34.31357817388));
#5204 = CARTESIAN_POINT('',(-35.90274313899,-32.89798423797));
#5205 = CARTESIAN_POINT('',(-37.53140383269,-31.25032875088));
#5206 = CARTESIAN_POINT('',(-39.15048500383,-29.47162515096));
#5207 = CARTESIAN_POINT('',(-41.24007930472,-26.93964605503));
#5208 = CARTESIAN_POINT('',(-41.64023045115,-26.36793151795));
#5209 = CARTESIAN_POINT('',(-42.80678214913,-24.84388483054));
#5210 = ( GEOMETRIC_REPRESENTATION_CONTEXT(2) 
PARAMETRIC_REPRESENTATION_CONTEXT() REPRESENTATION_CONTEXT('2D SPACE',''
  ) );
#5211 = ORIENTED_EDGE('',*,*,#4859,.F.);
#5212 = ORIENTED_EDGE('',*,*,#5213,.F.);
#5213 = EDGE_CURVE('',#5068,#4860,#5214,.T.);
#5214 = SURFACE_CURVE('',#5215,(#5266,#5273),.PCURVE_S1.);
#5215 = B_SPLINE_CURVE_WITH_KNOTS('',3,(#5216,#5217,#5218,#5219,#5220,
    #5221,#5222,#5223,#5224,#5225,#5226,#5227,#5228,#5229,#5230,#5231,
    #5232,#5233,#5234,#5235,#5236,#5237,#5238,#5239,#5240,#5241,#5242,
    #5243,#5244,#5245,#5246,#5247,#5248,#5249,#5250,#5251,#5252,#5253,
    #5254,#5255,#5256,#5257,#5258,#5259,#5260,#5261,#5262,#5263,#5264,
    #5265),.UNSPECIFIED.,.F.,.F.,(4,1,1,1,1,1,1,1,1,1,1,1,1,1,1,1,1,1,1,
    1,1,1,1,1,1,1,1,1,1,1,1,1,1,1,1,1,1,1,1,1,1,1,1,1,1,1,1,4),(0.,
    2.766464139392,5.568319295326,8.177275145496,10.425160909405,
    12.698001103747,14.813706991925,16.784063111389,18.483896399813,
    20.207074900357,21.81810245116,23.327840693167,24.640860133639,
    25.985974841284,27.260500260188,28.473662841808,29.546573791048,
    30.665502050481,31.746604132965,32.796723932319,33.744037531687,
    34.751762028128,35.745458780463,36.730106112805,37.635070035337,
    38.615335519513,39.599805338773,40.592877392801,41.521106716853,
    42.54355210237,43.588460947472,44.661307186429,45.681682040739,
    46.825929386569,48.018033969658,49.266638650819,50.477859791669,
    51.863921967174,53.33914083985,54.917675284274,56.480212616324,
    58.303578905337,60.281721918016,62.435877257802,64.600562295301,
    67.15990258556,69.968318443063,73.053194077155),.UNSPECIFIED.);
#5216 = CARTESIAN_POINT('',(-9.880760870129,-5.816194003237,0.));
#5217 = CARTESIAN_POINT('',(-9.514229607782,-6.644893632948,0.));
#5218 = CARTESIAN_POINT('',(-8.726866094648,-8.352347400098,0.));
#5219 = CARTESIAN_POINT('',(-7.7482593467,-10.8879937497,0.));
#5220 = CARTESIAN_POINT('',(-6.930325714986,-13.30955134065,0.));
#5221 = CARTESIAN_POINT('',(-6.282227562072,-15.59647271426,0.));
#5222 = CARTESIAN_POINT('',(-5.784587849339,-17.75309560005,0.));
#5223 = CARTESIAN_POINT('',(-5.420650667977,-19.84232219723,0.));
#5224 = CARTESIAN_POINT('',(-5.197909862873,-21.75917145835,0.));
#5225 = CARTESIAN_POINT('',(-5.09325654643,-23.5548404339,0.));
#5226 = CARTESIAN_POINT('',(-5.096182803092,-25.23398865028,0.));
#5227 = CARTESIAN_POINT('',(-5.204221968676,-26.84626796173,0.));
#5228 = CARTESIAN_POINT('',(-5.40645938795,-28.31151949602,0.));
#5229 = CARTESIAN_POINT('',(-5.684731680676,-29.67345682684,0.));
#5230 = CARTESIAN_POINT('',(-6.029671265133,-30.93940402072,0.));
#5231 = CARTESIAN_POINT('',(-6.463046947933,-32.14271777302,0.));
#5232 = CARTESIAN_POINT('',(-6.953135511264,-33.22509717163,0.));
#5233 = CARTESIAN_POINT('',(-7.501765821777,-34.21990980166,0.));
#5234 = CARTESIAN_POINT('',(-8.103348380965,-35.13155786663,0.));
#5235 = CARTESIAN_POINT('',(-8.773662220142,-35.98423564359,0.));
#5236 = CARTESIAN_POINT('',(-9.472911294482,-36.73688982299,0.));
#5237 = CARTESIAN_POINT('',(-10.21056241331,-37.4159329875,0.));
#5238 = CARTESIAN_POINT('',(-10.98322378389,-38.0251375478,0.));
#5239 = CARTESIAN_POINT('',(-11.81092069461,-38.57970852519,0.));
#5240 = CARTESIAN_POINT('',(-12.64794464449,-39.0538491695,0.));
#5241 = CARTESIAN_POINT('',(-13.51172772937,-39.46651697433,0.));
#5242 = CARTESIAN_POINT('',(-14.40148000634,-39.81986461885,0.));
#5243 = CARTESIAN_POINT('',(-15.34122006629,-40.12055972449,0.));
#5244 = CARTESIAN_POINT('',(-16.28205429758,-40.35376691334,0.));
#5245 = CARTESIAN_POINT('',(-17.24800856906,-40.52956210035,0.));
#5246 = CARTESIAN_POINT('',(-18.24033408098,-40.6468681278,0.));
#5247 = CARTESIAN_POINT('',(-19.28630175034,-40.7025716469,0.));
#5248 = CARTESIAN_POINT('',(-20.33301805934,-40.6907735466,0.));
#5249 = CARTESIAN_POINT('',(-21.40988875719,-40.61154097701,0.));
#5250 = CARTESIAN_POINT('',(-22.51924911683,-40.45958624132,0.));
#5251 = CARTESIAN_POINT('',(-23.69086171816,-40.22011819032,0.));
#5252 = CARTESIAN_POINT('',(-24.86579601191,-39.8983432551,0.));
#5253 = CARTESIAN_POINT('',(-26.07919697918,-39.48238287774,0.));
#5254 = CARTESIAN_POINT('',(-27.33409689842,-38.96213597384,0.));
#5255 = CARTESIAN_POINT('',(-28.66294166218,-38.30844168994,0.));
#5256 = CARTESIAN_POINT('',(-29.99928856865,-37.54361104377,0.));
#5257 = CARTESIAN_POINT('',(-31.38601232023,-36.63900690952,0.));
#5258 = CARTESIAN_POINT('',(-32.82677755251,-35.57899905132,0.));
#5259 = CARTESIAN_POINT('',(-34.35945409669,-34.31357817388,0.));
#5260 = CARTESIAN_POINT('',(-35.90274313899,-32.89798423797,0.));
#5261 = CARTESIAN_POINT('',(-37.53140383269,-31.25032875088,0.));
#5262 = CARTESIAN_POINT('',(-39.15048500383,-29.47162515096,0.));
#5263 = CARTESIAN_POINT('',(-41.24007930472,-26.93964605503,0.));
#5264 = CARTESIAN_POINT('',(-41.64023045115,-26.36793151795,0.));
#5265 = CARTESIAN_POINT('',(-42.80678214913,-24.84388483054,0.));
#5266 = PCURVE('',#4882,#5267);
#5267 = DEFINITIONAL_REPRESENTATION('',(#5268),#5272);
#5268 = LINE('',#5269,#5270);
#5269 = CARTESIAN_POINT('',(0.,0.));
#5270 = VECTOR('',#5271,1.);
#5271 = DIRECTION('',(1.,0.));
#5272 = ( GEOMETRIC_REPRESENTATION_CONTEXT(2) 
PARAMETRIC_REPRESENTATION_CONTEXT() REPRESENTATION_CONTEXT('2D SPACE',''
  ) );
#5273 = PCURVE('',#94,#5274);
#5274 = DEFINITIONAL_REPRESENTATION('',(#5275),#5326);
#5275 = B_SPLINE_CURVE_WITH_KNOTS('',3,(#5276,#5277,#5278,#5279,#5280,
    #5281,#5282,#5283,#5284,#5285,#5286,#5287,#5288,#5289,#5290,#5291,
    #5292,#5293,#5294,#5295,#5296,#5297,#5298,#5299,#5300,#5301,#5302,
    #5303,#5304,#5305,#5306,#5307,#5308,#5309,#5310,#5311,#5312,#5313,
    #5314,#5315,#5316,#5317,#5318,#5319,#5320,#5321,#5322,#5323,#5324,
    #5325),.UNSPECIFIED.,.F.,.F.,(4,1,1,1,1,1,1,1,1,1,1,1,1,1,1,1,1,1,1,
    1,1,1,1,1,1,1,1,1,1,1,1,1,1,1,1,1,1,1,1,1,1,1,1,1,1,1,1,4),(0.,
    2.766464139392,5.568319295326,8.177275145496,10.425160909405,
    12.698001103747,14.813706991925,16.784063111389,18.483896399813,
    20.207074900357,21.81810245116,23.327840693167,24.640860133639,
    25.985974841284,27.260500260188,28.473662841808,29.546573791048,
    30.665502050481,31.746604132965,32.796723932319,33.744037531687,
    34.751762028128,35.745458780463,36.730106112805,37.635070035337,
    38.615335519513,39.599805338773,40.592877392801,41.521106716853,
    42.54355210237,43.588460947472,44.661307186429,45.681682040739,
    46.825929386569,48.018033969658,49.266638650819,50.477859791669,
    51.863921967174,53.33914083985,54.917675284274,56.480212616324,
    58.303578905337,60.281721918016,62.435877257802,64.600562295301,
    67.15990258556,69.968318443063,73.053194077155),.UNSPECIFIED.);
#5276 = CARTESIAN_POINT('',(-9.880760870129,-5.816194003237));
#5277 = CARTESIAN_POINT('',(-9.514229607782,-6.644893632948));
#5278 = CARTESIAN_POINT('',(-8.726866094648,-8.352347400098));
#5279 = CARTESIAN_POINT('',(-7.7482593467,-10.8879937497));
#5280 = CARTESIAN_POINT('',(-6.930325714986,-13.30955134065));
#5281 = CARTESIAN_POINT('',(-6.282227562072,-15.59647271426));
#5282 = CARTESIAN_POINT('',(-5.784587849339,-17.75309560005));
#5283 = CARTESIAN_POINT('',(-5.420650667977,-19.84232219723));
#5284 = CARTESIAN_POINT('',(-5.197909862872,-21.75917145835));
#5285 = CARTESIAN_POINT('',(-5.09325654643,-23.5548404339));
#5286 = CARTESIAN_POINT('',(-5.096182803092,-25.23398865028));
#5287 = CARTESIAN_POINT('',(-5.204221968676,-26.84626796173));
#5288 = CARTESIAN_POINT('',(-5.40645938795,-28.31151949602));
#5289 = CARTESIAN_POINT('',(-5.684731680676,-29.67345682684));
#5290 = CARTESIAN_POINT('',(-6.029671265133,-30.93940402072));
#5291 = CARTESIAN_POINT('',(-6.463046947933,-32.14271777302));
#5292 = CARTESIAN_POINT('',(-6.953135511264,-33.22509717163));
#5293 = CARTESIAN_POINT('',(-7.501765821777,-34.21990980166));
#5294 = CARTESIAN_POINT('',(-8.103348380965,-35.13155786663));
#5295 = CARTESIAN_POINT('',(-8.773662220142,-35.98423564359));
#5296 = CARTESIAN_POINT('',(-9.472911294482,-36.73688982299));
#5297 = CARTESIAN_POINT('',(-10.21056241331,-37.4159329875));
#5298 = CARTESIAN_POINT('',(-10.98322378389,-38.0251375478));
#5299 = CARTESIAN_POINT('',(-11.81092069461,-38.57970852519));
#5300 = CARTESIAN_POINT('',(-12.64794464449,-39.0538491695));
#5301 = CARTESIAN_POINT('',(-13.51172772937,-39.46651697433));
#5302 = CARTESIAN_POINT('',(-14.40148000634,-39.81986461885));
#5303 = CARTESIAN_POINT('',(-15.34122006629,-40.12055972449));
#5304 = CARTESIAN_POINT('',(-16.28205429758,-40.35376691334));
#5305 = CARTESIAN_POINT('',(-17.24800856906,-40.52956210035));
#5306 = CARTESIAN_POINT('',(-18.24033408098,-40.6468681278));
#5307 = CARTESIAN_POINT('',(-19.28630175034,-40.7025716469));
#5308 = CARTESIAN_POINT('',(-20.33301805934,-40.6907735466));
#5309 = CARTESIAN_POINT('',(-21.40988875719,-40.61154097701));
#5310 = CARTESIAN_POINT('',(-22.51924911683,-40.45958624132));
#5311 = CARTESIAN_POINT('',(-23.69086171816,-40.22011819032));
#5312 = CARTESIAN_POINT('',(-24.86579601191,-39.8983432551));
#5313 = CARTESIAN_POINT('',(-26.07919697918,-39.48238287774));
#5314 = CARTESIAN_POINT('',(-27.33409689842,-38.96213597384));
#5315 = CARTESIAN_POINT('',(-28.66294166218,-38.30844168994));
#5316 = CARTESIAN_POINT('',(-29.99928856865,-37.54361104377));
#5317 = CARTESIAN_POINT('',(-31.38601232023,-36.63900690952));
#5318 = CARTESIAN_POINT('',(-32.82677755251,-35.57899905132));
#5319 = CARTESIAN_POINT('',(-34.35945409669,-34.31357817388));
#5320 = CARTESIAN_POINT('',(-35.90274313899,-32.89798423797));
#5321 = CARTESIAN_POINT('',(-37.53140383269,-31.25032875088));
#5322 = CARTESIAN_POINT('',(-39.15048500383,-29.47162515096));
#5323 = CARTESIAN_POINT('',(-41.24007930472,-26.93964605503));
#5324 = CARTESIAN_POINT('',(-41.64023045115,-26.36793151795));
#5325 = CARTESIAN_POINT('',(-42.80678214913,-24.84388483054));
#5326 = ( GEOMETRIC_REPRESENTATION_CONTEXT(2) 
PARAMETRIC_REPRESENTATION_CONTEXT() REPRESENTATION_CONTEXT('2D SPACE',''
  ) );
#5327 = ADVANCED_FACE('',(#5328),#5085,.T.);
#5328 = FACE_BOUND('',#5329,.T.);
#5329 = EDGE_LOOP('',(#5330,#5456,#5477,#5478));
#5330 = ORIENTED_EDGE('',*,*,#5331,.T.);
#5331 = EDGE_CURVE('',#5332,#5334,#5336,.T.);
#5332 = VERTEX_POINT('',#5333);
#5333 = CARTESIAN_POINT('',(-7.051107079368,-12.01969306091,0.));
#5334 = VERTEX_POINT('',#5335);
#5335 = CARTESIAN_POINT('',(-7.051107079368,-12.01969306091,22.4));
#5336 = SURFACE_CURVE('',#5337,(#5341,#5348),.PCURVE_S1.);
#5337 = LINE('',#5338,#5339);
#5338 = CARTESIAN_POINT('',(-7.051107079368,-12.01969306091,0.));
#5339 = VECTOR('',#5340,1.);
#5340 = DIRECTION('',(0.,0.,1.));
#5341 = PCURVE('',#5085,#5342);
#5342 = DEFINITIONAL_REPRESENTATION('',(#5343),#5347);
#5343 = LINE('',#5344,#5345);
#5344 = CARTESIAN_POINT('',(0.,0.));
#5345 = VECTOR('',#5346,1.);
#5346 = DIRECTION('',(0.,-1.));
#5347 = ( GEOMETRIC_REPRESENTATION_CONTEXT(2) 
PARAMETRIC_REPRESENTATION_CONTEXT() REPRESENTATION_CONTEXT('2D SPACE',''
  ) );
#5348 = PCURVE('',#5349,#5450);
#5349 = B_SPLINE_SURFACE_WITH_KNOTS('',3,1,(
    (#5350,#5351)
    ,(#5352,#5353)
    ,(#5354,#5355)
    ,(#5356,#5357)
    ,(#5358,#5359)
    ,(#5360,#5361)
    ,(#5362,#5363)
    ,(#5364,#5365)
    ,(#5366,#5367)
    ,(#5368,#5369)
    ,(#5370,#5371)
    ,(#5372,#5373)
    ,(#5374,#5375)
    ,(#5376,#5377)
    ,(#5378,#5379)
    ,(#5380,#5381)
    ,(#5382,#5383)
    ,(#5384,#5385)
    ,(#5386,#5387)
    ,(#5388,#5389)
    ,(#5390,#5391)
    ,(#5392,#5393)
    ,(#5394,#5395)
    ,(#5396,#5397)
    ,(#5398,#5399)
    ,(#5400,#5401)
    ,(#5402,#5403)
    ,(#5404,#5405)
    ,(#5406,#5407)
    ,(#5408,#5409)
    ,(#5410,#5411)
    ,(#5412,#5413)
    ,(#5414,#5415)
    ,(#5416,#5417)
    ,(#5418,#5419)
    ,(#5420,#5421)
    ,(#5422,#5423)
    ,(#5424,#5425)
    ,(#5426,#5427)
    ,(#5428,#5429)
    ,(#5430,#5431)
    ,(#5432,#5433)
    ,(#5434,#5435)
    ,(#5436,#5437)
    ,(#5438,#5439)
    ,(#5440,#5441)
    ,(#5442,#5443)
    ,(#5444,#5445)
    ,(#5446,#5447)
    ,(#5448,#5449
    )),.UNSPECIFIED.,.F.,.F.,.F.,(4,1,1,1,1,1,1,1,1,1,1,1,1,1,1,1,1,1,1,
    1,1,1,1,1,1,1,1,1,1,1,1,1,1,1,1,1,1,1,1,1,1,1,1,1,1,1,1,4),(2,2),(0.
    ,3.010134173011,5.734866089906,8.204243200285,10.280216915947,
    12.332164523515,14.201956865391,15.911237845672,17.363900720308,
    18.819208714806,20.167747400886,21.42468716853,22.515414853025,
    23.632925452475,24.694050367351,25.707901186754,26.608581862701,
    27.552388564938,28.468532489134,29.361872223827,30.169943636586,
    31.030962627216,31.880548884696,32.72227944396,33.495545472128,
    34.332992621126,35.174663745336,36.025783427864,36.825011523752,
    37.711824801461,38.627874308414,39.58148948206,40.502911686362,
    41.554574841448,42.671594637474,43.864256147866,45.041219012251,
    46.408073524505,47.880684921353,49.469922617188,51.049935999727,
    52.894334824252,54.887680127977,57.041280206621,59.18142193199,
    61.675679145654,64.364419403117,67.031728548195),(-22.4,0.),
  .UNSPECIFIED.);
#5350 = CARTESIAN_POINT('',(-23.85018161985,-41.08563770057,22.4));
#5351 = CARTESIAN_POINT('',(-23.85018161985,-41.08563770057,0.));
#5352 = CARTESIAN_POINT('',(-22.9383321354,-41.46464867126,22.4));
#5353 = CARTESIAN_POINT('',(-22.9383321354,-41.46464867126,0.));
#5354 = CARTESIAN_POINT('',(-21.16313051495,-42.23395186098,22.4));
#5355 = CARTESIAN_POINT('',(-21.16313051495,-42.23395186098,0.));
#5356 = CARTESIAN_POINT('',(-18.60178323579,-43.17217684708,22.4));
#5357 = CARTESIAN_POINT('',(-18.60178323579,-43.17217684708,0.));
#5358 = CARTESIAN_POINT('',(-16.29339022618,-43.91793017513,22.4));
#5359 = CARTESIAN_POINT('',(-16.29339022618,-43.91793017513,0.));
#5360 = CARTESIAN_POINT('',(-14.17149585791,-44.49686796448,22.4));
#5361 = CARTESIAN_POINT('',(-14.17149585791,-44.49686796448,0.));
#5362 = CARTESIAN_POINT('',(-12.21918507429,-44.93190906164,22.4));
#5363 = CARTESIAN_POINT('',(-12.21918507429,-44.93190906164,0.));
#5364 = CARTESIAN_POINT('',(-10.36726323638,-45.24317538223,22.4));
#5365 = CARTESIAN_POINT('',(-10.36726323638,-45.24317538223,0.));
#5366 = CARTESIAN_POINT('',(-8.699387147197,-45.42886610224,22.4));
#5367 = CARTESIAN_POINT('',(-8.699387147197,-45.42886610224,0.));
#5368 = CARTESIAN_POINT('',(-7.161839610024,-45.51275965803,22.4));
#5369 = CARTESIAN_POINT('',(-7.161839610024,-45.51275965803,0.));
#5370 = CARTESIAN_POINT('',(-5.74209949152,-45.50759709289,22.4));
#5371 = CARTESIAN_POINT('',(-5.74209949152,-45.50759709289,0.));
#5372 = CARTESIAN_POINT('',(-4.390579828522,-45.41785900895,22.4));
#5373 = CARTESIAN_POINT('',(-4.390579828522,-45.41785900895,0.));
#5374 = CARTESIAN_POINT('',(-3.168112538737,-45.25745311143,22.4));
#5375 = CARTESIAN_POINT('',(-3.168112538737,-45.25745311143,0.));
#5376 = CARTESIAN_POINT('',(-2.033887352887,-45.0354906316,22.4));
#5377 = CARTESIAN_POINT('',(-2.033887352887,-45.0354906316,0.));
#5378 = CARTESIAN_POINT('',(-0.978897551494,-44.75914012728,22.4));
#5379 = CARTESIAN_POINT('',(-0.978897551494,-44.75914012728,0.));
#5380 = CARTESIAN_POINT('',(3.132178123361E-02,-44.4222298205,22.4));
#5381 = CARTESIAN_POINT('',(3.132178123361E-02,-44.4222298205,0.));
#5382 = CARTESIAN_POINT('',(0.950367029506,-44.04723904573,22.4));
#5383 = CARTESIAN_POINT('',(0.950367029506,-44.04723904573,0.));
#5384 = CARTESIAN_POINT('',(1.808748455452,-43.6324829755,22.4));
#5385 = CARTESIAN_POINT('',(1.808748455452,-43.6324829755,0.));
#5386 = CARTESIAN_POINT('',(2.611400516349,-43.18111342381,22.4));
#5387 = CARTESIAN_POINT('',(2.611400516349,-43.18111342381,0.));
#5388 = CARTESIAN_POINT('',(3.381232221976,-42.68031190524,22.4));
#5389 = CARTESIAN_POINT('',(3.381232221976,-42.68031190524,0.));
#5390 = CARTESIAN_POINT('',(4.080940655235,-42.15803312625,22.4));
#5391 = CARTESIAN_POINT('',(4.080940655235,-42.15803312625,0.));
#5392 = CARTESIAN_POINT('',(4.73263925928,-41.60513172908,22.4));
#5393 = CARTESIAN_POINT('',(4.73263925928,-41.60513172908,0.));
#5394 = CARTESIAN_POINT('',(5.337855591533,-41.02236735505,22.4));
#5395 = CARTESIAN_POINT('',(5.337855591533,-41.02236735505,0.));
#5396 = CARTESIAN_POINT('',(5.910443784111,-40.3922454647,22.4));
#5397 = CARTESIAN_POINT('',(5.910443784111,-40.3922454647,0.));
#5398 = CARTESIAN_POINT('',(6.420538034273,-39.74740920504,22.4));
#5399 = CARTESIAN_POINT('',(6.420538034273,-39.74740920504,0.));
#5400 = CARTESIAN_POINT('',(6.883518898961,-39.07297498895,22.4));
#5401 = CARTESIAN_POINT('',(6.883518898961,-39.07297498895,0.));
#5402 = CARTESIAN_POINT('',(7.298486644326,-38.36779785674,22.4));
#5403 = CARTESIAN_POINT('',(7.298486644326,-38.36779785674,0.));
#5404 = CARTESIAN_POINT('',(7.67096651686,-37.61019225336,22.4));
#5405 = CARTESIAN_POINT('',(7.67096651686,-37.61019225336,0.));
#5406 = CARTESIAN_POINT('',(7.979078415385,-36.83783978093,22.4));
#5407 = CARTESIAN_POINT('',(7.979078415385,-36.83783978093,0.));
#5408 = CARTESIAN_POINT('',(8.231773277157,-36.02996431629,22.4));
#5409 = CARTESIAN_POINT('',(8.231773277157,-36.02996431629,0.));
#5410 = CARTESIAN_POINT('',(8.42550097466,-35.18349977364,22.4));
#5411 = CARTESIAN_POINT('',(8.42550097466,-35.18349977364,0.));
#5412 = CARTESIAN_POINT('',(8.556164117265,-34.27296123684,22.4));
#5413 = CARTESIAN_POINT('',(8.556164117265,-34.27296123684,0.));
#5414 = CARTESIAN_POINT('',(8.611612608317,-33.34316538474,22.4));
#5415 = CARTESIAN_POINT('',(8.611612608317,-33.34316538474,0.));
#5416 = CARTESIAN_POINT('',(8.592258217678,-32.36688876422,22.4));
#5417 = CARTESIAN_POINT('',(8.592258217678,-32.36688876422,0.));
#5418 = CARTESIAN_POINT('',(8.490936763974,-31.3406708785,22.4));
#5419 = CARTESIAN_POINT('',(8.490936763974,-31.3406708785,0.));
#5420 = CARTESIAN_POINT('',(8.291249467091,-30.23705258033,22.4));
#5421 = CARTESIAN_POINT('',(8.291249467091,-30.23705258033,0.));
#5422 = CARTESIAN_POINT('',(7.998405067358,-29.11106409302,22.4));
#5423 = CARTESIAN_POINT('',(7.998405067358,-29.11106409302,0.));
#5424 = CARTESIAN_POINT('',(7.589078170952,-27.93348777226,22.4));
#5425 = CARTESIAN_POINT('',(7.589078170952,-27.93348777226,0.));
#5426 = CARTESIAN_POINT('',(7.055581640139,-26.70429423241,22.4));
#5427 = CARTESIAN_POINT('',(7.055581640139,-26.70429423241,0.));
#5428 = CARTESIAN_POINT('',(6.377765038857,-25.39168224551,22.4));
#5429 = CARTESIAN_POINT('',(6.377765038857,-25.39168224551,0.));
#5430 = CARTESIAN_POINT('',(5.578185203553,-24.06574782784,22.4));
#5431 = CARTESIAN_POINT('',(5.578185203553,-24.06574782784,0.));
#5432 = CARTESIAN_POINT('',(4.630789307926,-22.68790584342,22.4));
#5433 = CARTESIAN_POINT('',(4.630789307926,-22.68790584342,0.));
#5434 = CARTESIAN_POINT('',(3.523364729133,-21.26043965193,22.4));
#5435 = CARTESIAN_POINT('',(3.523364729133,-21.26043965193,0.));
#5436 = CARTESIAN_POINT('',(2.209846404675,-19.75301775798,22.4));
#5437 = CARTESIAN_POINT('',(2.209846404675,-19.75301775798,0.));
#5438 = CARTESIAN_POINT('',(0.753333871887,-18.25218231914,22.4));
#5439 = CARTESIAN_POINT('',(0.753333871887,-18.25218231914,0.));
#5440 = CARTESIAN_POINT('',(-0.919557641022,-16.69620364759,22.4));
#5441 = CARTESIAN_POINT('',(-0.919557641022,-16.69620364759,0.));
#5442 = CARTESIAN_POINT('',(-2.707838975062,-15.17553205072,22.4));
#5443 = CARTESIAN_POINT('',(-2.707838975062,-15.17553205072,0.));
#5444 = CARTESIAN_POINT('',(-5.099203627213,-13.35009044419,22.4));
#5445 = CARTESIAN_POINT('',(-5.099203627213,-13.35009044419,0.));
#5446 = CARTESIAN_POINT('',(-5.776592839161,-12.91100078668,22.4));
#5447 = CARTESIAN_POINT('',(-5.776592839161,-12.91100078668,0.));
#5448 = CARTESIAN_POINT('',(-7.051107079368,-12.01969306091,22.4));
#5449 = CARTESIAN_POINT('',(-7.051107079368,-12.01969306091,0.));
#5450 = DEFINITIONAL_REPRESENTATION('',(#5451),#5455);
#5451 = LINE('',#5452,#5453);
#5452 = CARTESIAN_POINT('',(67.031728548195,0.));
#5453 = VECTOR('',#5454,1.);
#5454 = DIRECTION('',(0.,-1.));
#5455 = ( GEOMETRIC_REPRESENTATION_CONTEXT(2) 
PARAMETRIC_REPRESENTATION_CONTEXT() REPRESENTATION_CONTEXT('2D SPACE',''
  ) );
#5456 = ORIENTED_EDGE('',*,*,#5457,.T.);
#5457 = EDGE_CURVE('',#5334,#5070,#5458,.T.);
#5458 = SURFACE_CURVE('',#5459,(#5463,#5470),.PCURVE_S1.);
#5459 = LINE('',#5460,#5461);
#5460 = CARTESIAN_POINT('',(-7.051107079368,-12.01969306091,22.4));
#5461 = VECTOR('',#5462,1.);
#5462 = DIRECTION('',(-0.460892493355,0.88745597613,0.));
#5463 = PCURVE('',#5085,#5464);
#5464 = DEFINITIONAL_REPRESENTATION('',(#5465),#5469);
#5465 = LINE('',#5466,#5467);
#5466 = CARTESIAN_POINT('',(0.,-22.4));
#5467 = VECTOR('',#5468,1.);
#5468 = DIRECTION('',(1.,0.));
#5469 = ( GEOMETRIC_REPRESENTATION_CONTEXT(2) 
PARAMETRIC_REPRESENTATION_CONTEXT() REPRESENTATION_CONTEXT('2D SPACE',''
  ) );
#5470 = PCURVE('',#66,#5471);
#5471 = DEFINITIONAL_REPRESENTATION('',(#5472),#5476);
#5472 = LINE('',#5473,#5474);
#5473 = CARTESIAN_POINT('',(-7.051107079368,-12.01969306091));
#5474 = VECTOR('',#5475,1.);
#5475 = DIRECTION('',(-0.460892493355,0.88745597613));
#5476 = ( GEOMETRIC_REPRESENTATION_CONTEXT(2) 
PARAMETRIC_REPRESENTATION_CONTEXT() REPRESENTATION_CONTEXT('2D SPACE',''
  ) );
#5477 = ORIENTED_EDGE('',*,*,#5067,.F.);
#5478 = ORIENTED_EDGE('',*,*,#5479,.F.);
#5479 = EDGE_CURVE('',#5332,#5068,#5480,.T.);
#5480 = SURFACE_CURVE('',#5481,(#5485,#5492),.PCURVE_S1.);
#5481 = LINE('',#5482,#5483);
#5482 = CARTESIAN_POINT('',(-7.051107079368,-12.01969306091,0.));
#5483 = VECTOR('',#5484,1.);
#5484 = DIRECTION('',(-0.460892493355,0.88745597613,0.));
#5485 = PCURVE('',#5085,#5486);
#5486 = DEFINITIONAL_REPRESENTATION('',(#5487),#5491);
#5487 = LINE('',#5488,#5489);
#5488 = CARTESIAN_POINT('',(0.,0.));
#5489 = VECTOR('',#5490,1.);
#5490 = DIRECTION('',(1.,0.));
#5491 = ( GEOMETRIC_REPRESENTATION_CONTEXT(2) 
PARAMETRIC_REPRESENTATION_CONTEXT() REPRESENTATION_CONTEXT('2D SPACE',''
  ) );
#5492 = PCURVE('',#94,#5493);
#5493 = DEFINITIONAL_REPRESENTATION('',(#5494),#5498);
#5494 = LINE('',#5495,#5496);
#5495 = CARTESIAN_POINT('',(-7.051107079368,-12.01969306091));
#5496 = VECTOR('',#5497,1.);
#5497 = DIRECTION('',(-0.460892493355,0.88745597613));
#5498 = ( GEOMETRIC_REPRESENTATION_CONTEXT(2) 
PARAMETRIC_REPRESENTATION_CONTEXT() REPRESENTATION_CONTEXT('2D SPACE',''
  ) );
#5499 = ADVANCED_FACE('',(#5500),#5349,.T.);
#5500 = FACE_BOUND('',#5501,.T.);
#5501 = EDGE_LOOP('',(#5502,#5527,#5642,#5643));
#5502 = ORIENTED_EDGE('',*,*,#5503,.T.);
#5503 = EDGE_CURVE('',#5504,#5506,#5508,.T.);
#5504 = VERTEX_POINT('',#5505);
#5505 = CARTESIAN_POINT('',(-23.85018161985,-41.08563770057,0.));
#5506 = VERTEX_POINT('',#5507);
#5507 = CARTESIAN_POINT('',(-23.85018161985,-41.08563770057,22.4));
#5508 = SURFACE_CURVE('',#5509,(#5513,#5520),.PCURVE_S1.);
#5509 = LINE('',#5510,#5511);
#5510 = CARTESIAN_POINT('',(-23.85018161985,-41.08563770057,0.));
#5511 = VECTOR('',#5512,1.);
#5512 = DIRECTION('',(0.,0.,1.));
#5513 = PCURVE('',#5349,#5514);
#5514 = DEFINITIONAL_REPRESENTATION('',(#5515),#5519);
#5515 = LINE('',#5516,#5517);
#5516 = CARTESIAN_POINT('',(0.,0.));
#5517 = VECTOR('',#5518,1.);
#5518 = DIRECTION('',(0.,-1.));
#5519 = ( GEOMETRIC_REPRESENTATION_CONTEXT(2) 
PARAMETRIC_REPRESENTATION_CONTEXT() REPRESENTATION_CONTEXT('2D SPACE',''
  ) );
#5520 = PCURVE('',#5030,#5521);
#5521 = DEFINITIONAL_REPRESENTATION('',(#5522),#5526);
#5522 = LINE('',#5523,#5524);
#5523 = CARTESIAN_POINT('',(5.343068391947,0.));
#5524 = VECTOR('',#5525,1.);
#5525 = DIRECTION('',(0.,-1.));
#5526 = ( GEOMETRIC_REPRESENTATION_CONTEXT(2) 
PARAMETRIC_REPRESENTATION_CONTEXT() REPRESENTATION_CONTEXT('2D SPACE',''
  ) );
#5527 = ORIENTED_EDGE('',*,*,#5528,.T.);
#5528 = EDGE_CURVE('',#5506,#5334,#5529,.T.);
#5529 = SURFACE_CURVE('',#5530,(#5581,#5588),.PCURVE_S1.);
#5530 = B_SPLINE_CURVE_WITH_KNOTS('',3,(#5531,#5532,#5533,#5534,#5535,
    #5536,#5537,#5538,#5539,#5540,#5541,#5542,#5543,#5544,#5545,#5546,
    #5547,#5548,#5549,#5550,#5551,#5552,#5553,#5554,#5555,#5556,#5557,
    #5558,#5559,#5560,#5561,#5562,#5563,#5564,#5565,#5566,#5567,#5568,
    #5569,#5570,#5571,#5572,#5573,#5574,#5575,#5576,#5577,#5578,#5579,
    #5580),.UNSPECIFIED.,.F.,.F.,(4,1,1,1,1,1,1,1,1,1,1,1,1,1,1,1,1,1,1,
    1,1,1,1,1,1,1,1,1,1,1,1,1,1,1,1,1,1,1,1,1,1,1,1,1,1,1,1,4),(0.,
    3.010134173011,5.734866089906,8.204243200285,10.280216915947,
    12.332164523515,14.201956865391,15.911237845672,17.363900720308,
    18.819208714806,20.167747400886,21.42468716853,22.515414853025,
    23.632925452475,24.694050367351,25.707901186754,26.608581862701,
    27.552388564938,28.468532489134,29.361872223827,30.169943636586,
    31.030962627216,31.880548884696,32.72227944396,33.495545472128,
    34.332992621126,35.174663745336,36.025783427864,36.825011523752,
    37.711824801461,38.627874308414,39.58148948206,40.502911686362,
    41.554574841448,42.671594637474,43.864256147866,45.041219012251,
    46.408073524505,47.880684921353,49.469922617188,51.049935999727,
    52.894334824252,54.887680127977,57.041280206621,59.18142193199,
    61.675679145654,64.364419403117,67.031728548195),.UNSPECIFIED.);
#5531 = CARTESIAN_POINT('',(-23.85018161985,-41.08563770057,22.4));
#5532 = CARTESIAN_POINT('',(-22.9383321354,-41.46464867126,22.4));
#5533 = CARTESIAN_POINT('',(-21.16313051495,-42.23395186098,22.4));
#5534 = CARTESIAN_POINT('',(-18.60178323579,-43.17217684708,22.4));
#5535 = CARTESIAN_POINT('',(-16.29339022618,-43.91793017513,22.4));
#5536 = CARTESIAN_POINT('',(-14.17149585791,-44.49686796448,22.4));
#5537 = CARTESIAN_POINT('',(-12.21918507429,-44.93190906164,22.4));
#5538 = CARTESIAN_POINT('',(-10.36726323638,-45.24317538223,22.4));
#5539 = CARTESIAN_POINT('',(-8.699387147197,-45.42886610224,22.4));
#5540 = CARTESIAN_POINT('',(-7.161839610024,-45.51275965803,22.4));
#5541 = CARTESIAN_POINT('',(-5.74209949152,-45.50759709289,22.4));
#5542 = CARTESIAN_POINT('',(-4.390579828522,-45.41785900895,22.4));
#5543 = CARTESIAN_POINT('',(-3.168112538737,-45.25745311143,22.4));
#5544 = CARTESIAN_POINT('',(-2.033887352887,-45.0354906316,22.4));
#5545 = CARTESIAN_POINT('',(-0.978897551494,-44.75914012728,22.4));
#5546 = CARTESIAN_POINT('',(3.132178123361E-02,-44.4222298205,22.4));
#5547 = CARTESIAN_POINT('',(0.950367029506,-44.04723904573,22.4));
#5548 = CARTESIAN_POINT('',(1.808748455452,-43.6324829755,22.4));
#5549 = CARTESIAN_POINT('',(2.611400516349,-43.18111342381,22.4));
#5550 = CARTESIAN_POINT('',(3.381232221976,-42.68031190524,22.4));
#5551 = CARTESIAN_POINT('',(4.080940655235,-42.15803312625,22.4));
#5552 = CARTESIAN_POINT('',(4.73263925928,-41.60513172908,22.4));
#5553 = CARTESIAN_POINT('',(5.337855591533,-41.02236735505,22.4));
#5554 = CARTESIAN_POINT('',(5.910443784111,-40.3922454647,22.4));
#5555 = CARTESIAN_POINT('',(6.420538034273,-39.74740920504,22.4));
#5556 = CARTESIAN_POINT('',(6.883518898961,-39.07297498895,22.4));
#5557 = CARTESIAN_POINT('',(7.298486644326,-38.36779785674,22.4));
#5558 = CARTESIAN_POINT('',(7.67096651686,-37.61019225336,22.4));
#5559 = CARTESIAN_POINT('',(7.979078415385,-36.83783978093,22.4));
#5560 = CARTESIAN_POINT('',(8.231773277157,-36.02996431629,22.4));
#5561 = CARTESIAN_POINT('',(8.42550097466,-35.18349977364,22.4));
#5562 = CARTESIAN_POINT('',(8.556164117265,-34.27296123684,22.4));
#5563 = CARTESIAN_POINT('',(8.611612608317,-33.34316538474,22.4));
#5564 = CARTESIAN_POINT('',(8.592258217678,-32.36688876422,22.4));
#5565 = CARTESIAN_POINT('',(8.490936763974,-31.3406708785,22.4));
#5566 = CARTESIAN_POINT('',(8.291249467091,-30.23705258033,22.4));
#5567 = CARTESIAN_POINT('',(7.998405067358,-29.11106409302,22.4));
#5568 = CARTESIAN_POINT('',(7.589078170952,-27.93348777226,22.4));
#5569 = CARTESIAN_POINT('',(7.055581640139,-26.70429423241,22.4));
#5570 = CARTESIAN_POINT('',(6.377765038857,-25.39168224551,22.4));
#5571 = CARTESIAN_POINT('',(5.578185203553,-24.06574782784,22.4));
#5572 = CARTESIAN_POINT('',(4.630789307926,-22.68790584342,22.4));
#5573 = CARTESIAN_POINT('',(3.523364729133,-21.26043965193,22.4));
#5574 = CARTESIAN_POINT('',(2.209846404675,-19.75301775798,22.4));
#5575 = CARTESIAN_POINT('',(0.753333871887,-18.25218231914,22.4));
#5576 = CARTESIAN_POINT('',(-0.919557641022,-16.69620364759,22.4));
#5577 = CARTESIAN_POINT('',(-2.707838975062,-15.17553205072,22.4));
#5578 = CARTESIAN_POINT('',(-5.099203627213,-13.35009044419,22.4));
#5579 = CARTESIAN_POINT('',(-5.776592839161,-12.91100078668,22.4));
#5580 = CARTESIAN_POINT('',(-7.051107079368,-12.01969306091,22.4));
#5581 = PCURVE('',#5349,#5582);
#5582 = DEFINITIONAL_REPRESENTATION('',(#5583),#5587);
#5583 = LINE('',#5584,#5585);
#5584 = CARTESIAN_POINT('',(0.,-22.4));
#5585 = VECTOR('',#5586,1.);
#5586 = DIRECTION('',(1.,0.));
#5587 = ( GEOMETRIC_REPRESENTATION_CONTEXT(2) 
PARAMETRIC_REPRESENTATION_CONTEXT() REPRESENTATION_CONTEXT('2D SPACE',''
  ) );
#5588 = PCURVE('',#66,#5589);
#5589 = DEFINITIONAL_REPRESENTATION('',(#5590),#5641);
#5590 = B_SPLINE_CURVE_WITH_KNOTS('',3,(#5591,#5592,#5593,#5594,#5595,
    #5596,#5597,#5598,#5599,#5600,#5601,#5602,#5603,#5604,#5605,#5606,
    #5607,#5608,#5609,#5610,#5611,#5612,#5613,#5614,#5615,#5616,#5617,
    #5618,#5619,#5620,#5621,#5622,#5623,#5624,#5625,#5626,#5627,#5628,
    #5629,#5630,#5631,#5632,#5633,#5634,#5635,#5636,#5637,#5638,#5639,
    #5640),.UNSPECIFIED.,.F.,.F.,(4,1,1,1,1,1,1,1,1,1,1,1,1,1,1,1,1,1,1,
    1,1,1,1,1,1,1,1,1,1,1,1,1,1,1,1,1,1,1,1,1,1,1,1,1,1,1,1,4),(0.,
    3.010134173011,5.734866089906,8.204243200285,10.280216915947,
    12.332164523515,14.201956865391,15.911237845672,17.363900720308,
    18.819208714806,20.167747400886,21.42468716853,22.515414853025,
    23.632925452475,24.694050367351,25.707901186754,26.608581862701,
    27.552388564938,28.468532489134,29.361872223827,30.169943636586,
    31.030962627216,31.880548884696,32.72227944396,33.495545472128,
    34.332992621126,35.174663745336,36.025783427864,36.825011523752,
    37.711824801461,38.627874308414,39.58148948206,40.502911686362,
    41.554574841448,42.671594637474,43.864256147866,45.041219012251,
    46.408073524505,47.880684921353,49.469922617188,51.049935999727,
    52.894334824252,54.887680127977,57.041280206621,59.18142193199,
    61.675679145654,64.364419403117,67.031728548195),.UNSPECIFIED.);
#5591 = CARTESIAN_POINT('',(-23.85018161985,-41.08563770057));
#5592 = CARTESIAN_POINT('',(-22.9383321354,-41.46464867126));
#5593 = CARTESIAN_POINT('',(-21.16313051495,-42.23395186098));
#5594 = CARTESIAN_POINT('',(-18.60178323579,-43.17217684708));
#5595 = CARTESIAN_POINT('',(-16.29339022618,-43.91793017513));
#5596 = CARTESIAN_POINT('',(-14.17149585791,-44.49686796448));
#5597 = CARTESIAN_POINT('',(-12.21918507429,-44.93190906164));
#5598 = CARTESIAN_POINT('',(-10.36726323638,-45.24317538223));
#5599 = CARTESIAN_POINT('',(-8.699387147197,-45.42886610224));
#5600 = CARTESIAN_POINT('',(-7.161839610024,-45.51275965803));
#5601 = CARTESIAN_POINT('',(-5.74209949152,-45.50759709289));
#5602 = CARTESIAN_POINT('',(-4.390579828522,-45.41785900895));
#5603 = CARTESIAN_POINT('',(-3.168112538737,-45.25745311143));
#5604 = CARTESIAN_POINT('',(-2.033887352887,-45.0354906316));
#5605 = CARTESIAN_POINT('',(-0.978897551494,-44.75914012728));
#5606 = CARTESIAN_POINT('',(3.132178123362E-02,-44.4222298205));
#5607 = CARTESIAN_POINT('',(0.950367029506,-44.04723904573));
#5608 = CARTESIAN_POINT('',(1.808748455452,-43.6324829755));
#5609 = CARTESIAN_POINT('',(2.611400516349,-43.18111342381));
#5610 = CARTESIAN_POINT('',(3.381232221976,-42.68031190524));
#5611 = CARTESIAN_POINT('',(4.080940655235,-42.15803312625));
#5612 = CARTESIAN_POINT('',(4.73263925928,-41.60513172908));
#5613 = CARTESIAN_POINT('',(5.337855591533,-41.02236735505));
#5614 = CARTESIAN_POINT('',(5.910443784111,-40.3922454647));
#5615 = CARTESIAN_POINT('',(6.420538034273,-39.74740920504));
#5616 = CARTESIAN_POINT('',(6.883518898961,-39.07297498895));
#5617 = CARTESIAN_POINT('',(7.298486644326,-38.36779785674));
#5618 = CARTESIAN_POINT('',(7.67096651686,-37.61019225336));
#5619 = CARTESIAN_POINT('',(7.979078415385,-36.83783978093));
#5620 = CARTESIAN_POINT('',(8.231773277157,-36.02996431629));
#5621 = CARTESIAN_POINT('',(8.42550097466,-35.18349977364));
#5622 = CARTESIAN_POINT('',(8.556164117265,-34.27296123684));
#5623 = CARTESIAN_POINT('',(8.611612608317,-33.34316538474));
#5624 = CARTESIAN_POINT('',(8.592258217678,-32.36688876422));
#5625 = CARTESIAN_POINT('',(8.490936763974,-31.3406708785));
#5626 = CARTESIAN_POINT('',(8.291249467091,-30.23705258033));
#5627 = CARTESIAN_POINT('',(7.998405067358,-29.11106409302));
#5628 = CARTESIAN_POINT('',(7.589078170952,-27.93348777226));
#5629 = CARTESIAN_POINT('',(7.055581640139,-26.70429423241));
#5630 = CARTESIAN_POINT('',(6.377765038857,-25.39168224551));
#5631 = CARTESIAN_POINT('',(5.578185203553,-24.06574782784));
#5632 = CARTESIAN_POINT('',(4.630789307926,-22.68790584342));
#5633 = CARTESIAN_POINT('',(3.523364729133,-21.26043965193));
#5634 = CARTESIAN_POINT('',(2.209846404675,-19.75301775798));
#5635 = CARTESIAN_POINT('',(0.753333871887,-18.25218231914));
#5636 = CARTESIAN_POINT('',(-0.919557641022,-16.69620364759));
#5637 = CARTESIAN_POINT('',(-2.707838975062,-15.17553205072));
#5638 = CARTESIAN_POINT('',(-5.099203627213,-13.35009044419));
#5639 = CARTESIAN_POINT('',(-5.776592839161,-12.91100078668));
#5640 = CARTESIAN_POINT('',(-7.051107079368,-12.01969306091));
#5641 = ( GEOMETRIC_REPRESENTATION_CONTEXT(2) 
PARAMETRIC_REPRESENTATION_CONTEXT() REPRESENTATION_CONTEXT('2D SPACE',''
  ) );
#5642 = ORIENTED_EDGE('',*,*,#5331,.F.);
#5643 = ORIENTED_EDGE('',*,*,#5644,.F.);
#5644 = EDGE_CURVE('',#5504,#5332,#5645,.T.);
#5645 = SURFACE_CURVE('',#5646,(#5697,#5704),.PCURVE_S1.);
#5646 = B_SPLINE_CURVE_WITH_KNOTS('',3,(#5647,#5648,#5649,#5650,#5651,
    #5652,#5653,#5654,#5655,#5656,#5657,#5658,#5659,#5660,#5661,#5662,
    #5663,#5664,#5665,#5666,#5667,#5668,#5669,#5670,#5671,#5672,#5673,
    #5674,#5675,#5676,#5677,#5678,#5679,#5680,#5681,#5682,#5683,#5684,
    #5685,#5686,#5687,#5688,#5689,#5690,#5691,#5692,#5693,#5694,#5695,
    #5696),.UNSPECIFIED.,.F.,.F.,(4,1,1,1,1,1,1,1,1,1,1,1,1,1,1,1,1,1,1,
    1,1,1,1,1,1,1,1,1,1,1,1,1,1,1,1,1,1,1,1,1,1,1,1,1,1,1,1,4),(0.,
    3.010134173011,5.734866089906,8.204243200285,10.280216915947,
    12.332164523515,14.201956865391,15.911237845672,17.363900720308,
    18.819208714806,20.167747400886,21.42468716853,22.515414853025,
    23.632925452475,24.694050367351,25.707901186754,26.608581862701,
    27.552388564938,28.468532489134,29.361872223827,30.169943636586,
    31.030962627216,31.880548884696,32.72227944396,33.495545472128,
    34.332992621126,35.174663745336,36.025783427864,36.825011523752,
    37.711824801461,38.627874308414,39.58148948206,40.502911686362,
    41.554574841448,42.671594637474,43.864256147866,45.041219012251,
    46.408073524505,47.880684921353,49.469922617188,51.049935999727,
    52.894334824252,54.887680127977,57.041280206621,59.18142193199,
    61.675679145654,64.364419403117,67.031728548195),.UNSPECIFIED.);
#5647 = CARTESIAN_POINT('',(-23.85018161985,-41.08563770057,0.));
#5648 = CARTESIAN_POINT('',(-22.9383321354,-41.46464867126,0.));
#5649 = CARTESIAN_POINT('',(-21.16313051495,-42.23395186098,0.));
#5650 = CARTESIAN_POINT('',(-18.60178323579,-43.17217684708,0.));
#5651 = CARTESIAN_POINT('',(-16.29339022618,-43.91793017513,0.));
#5652 = CARTESIAN_POINT('',(-14.17149585791,-44.49686796448,0.));
#5653 = CARTESIAN_POINT('',(-12.21918507429,-44.93190906164,0.));
#5654 = CARTESIAN_POINT('',(-10.36726323638,-45.24317538223,0.));
#5655 = CARTESIAN_POINT('',(-8.699387147197,-45.42886610224,0.));
#5656 = CARTESIAN_POINT('',(-7.161839610024,-45.51275965803,0.));
#5657 = CARTESIAN_POINT('',(-5.74209949152,-45.50759709289,0.));
#5658 = CARTESIAN_POINT('',(-4.390579828522,-45.41785900895,0.));
#5659 = CARTESIAN_POINT('',(-3.168112538737,-45.25745311143,0.));
#5660 = CARTESIAN_POINT('',(-2.033887352887,-45.0354906316,0.));
#5661 = CARTESIAN_POINT('',(-0.978897551494,-44.75914012728,0.));
#5662 = CARTESIAN_POINT('',(3.132178123361E-02,-44.4222298205,0.));
#5663 = CARTESIAN_POINT('',(0.950367029506,-44.04723904573,0.));
#5664 = CARTESIAN_POINT('',(1.808748455452,-43.6324829755,0.));
#5665 = CARTESIAN_POINT('',(2.611400516349,-43.18111342381,0.));
#5666 = CARTESIAN_POINT('',(3.381232221976,-42.68031190524,0.));
#5667 = CARTESIAN_POINT('',(4.080940655235,-42.15803312625,0.));
#5668 = CARTESIAN_POINT('',(4.73263925928,-41.60513172908,0.));
#5669 = CARTESIAN_POINT('',(5.337855591533,-41.02236735505,0.));
#5670 = CARTESIAN_POINT('',(5.910443784111,-40.3922454647,0.));
#5671 = CARTESIAN_POINT('',(6.420538034273,-39.74740920504,0.));
#5672 = CARTESIAN_POINT('',(6.883518898961,-39.07297498895,0.));
#5673 = CARTESIAN_POINT('',(7.298486644326,-38.36779785674,0.));
#5674 = CARTESIAN_POINT('',(7.67096651686,-37.61019225336,0.));
#5675 = CARTESIAN_POINT('',(7.979078415385,-36.83783978093,0.));
#5676 = CARTESIAN_POINT('',(8.231773277157,-36.02996431629,0.));
#5677 = CARTESIAN_POINT('',(8.42550097466,-35.18349977364,0.));
#5678 = CARTESIAN_POINT('',(8.556164117265,-34.27296123684,0.));
#5679 = CARTESIAN_POINT('',(8.611612608317,-33.34316538474,0.));
#5680 = CARTESIAN_POINT('',(8.592258217678,-32.36688876422,0.));
#5681 = CARTESIAN_POINT('',(8.490936763974,-31.3406708785,0.));
#5682 = CARTESIAN_POINT('',(8.291249467091,-30.23705258033,0.));
#5683 = CARTESIAN_POINT('',(7.998405067358,-29.11106409302,0.));
#5684 = CARTESIAN_POINT('',(7.589078170952,-27.93348777226,0.));
#5685 = CARTESIAN_POINT('',(7.055581640139,-26.70429423241,0.));
#5686 = CARTESIAN_POINT('',(6.377765038857,-25.39168224551,0.));
#5687 = CARTESIAN_POINT('',(5.578185203553,-24.06574782784,0.));
#5688 = CARTESIAN_POINT('',(4.630789307926,-22.68790584342,0.));
#5689 = CARTESIAN_POINT('',(3.523364729133,-21.26043965193,0.));
#5690 = CARTESIAN_POINT('',(2.209846404675,-19.75301775798,0.));
#5691 = CARTESIAN_POINT('',(0.753333871887,-18.25218231914,0.));
#5692 = CARTESIAN_POINT('',(-0.919557641022,-16.69620364759,0.));
#5693 = CARTESIAN_POINT('',(-2.707838975062,-15.17553205072,0.));
#5694 = CARTESIAN_POINT('',(-5.099203627213,-13.35009044419,0.));
#5695 = CARTESIAN_POINT('',(-5.776592839161,-12.91100078668,0.));
#5696 = CARTESIAN_POINT('',(-7.051107079368,-12.01969306091,0.));
#5697 = PCURVE('',#5349,#5698);
#5698 = DEFINITIONAL_REPRESENTATION('',(#5699),#5703);
#5699 = LINE('',#5700,#5701);
#5700 = CARTESIAN_POINT('',(0.,0.));
#5701 = VECTOR('',#5702,1.);
#5702 = DIRECTION('',(1.,0.));
#5703 = ( GEOMETRIC_REPRESENTATION_CONTEXT(2) 
PARAMETRIC_REPRESENTATION_CONTEXT() REPRESENTATION_CONTEXT('2D SPACE',''
  ) );
#5704 = PCURVE('',#94,#5705);
#5705 = DEFINITIONAL_REPRESENTATION('',(#5706),#5757);
#5706 = B_SPLINE_CURVE_WITH_KNOTS('',3,(#5707,#5708,#5709,#5710,#5711,
    #5712,#5713,#5714,#5715,#5716,#5717,#5718,#5719,#5720,#5721,#5722,
    #5723,#5724,#5725,#5726,#5727,#5728,#5729,#5730,#5731,#5732,#5733,
    #5734,#5735,#5736,#5737,#5738,#5739,#5740,#5741,#5742,#5743,#5744,
    #5745,#5746,#5747,#5748,#5749,#5750,#5751,#5752,#5753,#5754,#5755,
    #5756),.UNSPECIFIED.,.F.,.F.,(4,1,1,1,1,1,1,1,1,1,1,1,1,1,1,1,1,1,1,
    1,1,1,1,1,1,1,1,1,1,1,1,1,1,1,1,1,1,1,1,1,1,1,1,1,1,1,1,4),(0.,
    3.010134173011,5.734866089906,8.204243200285,10.280216915947,
    12.332164523515,14.201956865391,15.911237845672,17.363900720308,
    18.819208714806,20.167747400886,21.42468716853,22.515414853025,
    23.632925452475,24.694050367351,25.707901186754,26.608581862701,
    27.552388564938,28.468532489134,29.361872223827,30.169943636586,
    31.030962627216,31.880548884696,32.72227944396,33.495545472128,
    34.332992621126,35.174663745336,36.025783427864,36.825011523752,
    37.711824801461,38.627874308414,39.58148948206,40.502911686362,
    41.554574841448,42.671594637474,43.864256147866,45.041219012251,
    46.408073524505,47.880684921353,49.469922617188,51.049935999727,
    52.894334824252,54.887680127977,57.041280206621,59.18142193199,
    61.675679145654,64.364419403117,67.031728548195),.UNSPECIFIED.);
#5707 = CARTESIAN_POINT('',(-23.85018161985,-41.08563770057));
#5708 = CARTESIAN_POINT('',(-22.9383321354,-41.46464867126));
#5709 = CARTESIAN_POINT('',(-21.16313051495,-42.23395186098));
#5710 = CARTESIAN_POINT('',(-18.60178323579,-43.17217684708));
#5711 = CARTESIAN_POINT('',(-16.29339022618,-43.91793017513));
#5712 = CARTESIAN_POINT('',(-14.17149585791,-44.49686796448));
#5713 = CARTESIAN_POINT('',(-12.21918507429,-44.93190906164));
#5714 = CARTESIAN_POINT('',(-10.36726323638,-45.24317538223));
#5715 = CARTESIAN_POINT('',(-8.699387147197,-45.42886610224));
#5716 = CARTESIAN_POINT('',(-7.161839610024,-45.51275965803));
#5717 = CARTESIAN_POINT('',(-5.74209949152,-45.50759709289));
#5718 = CARTESIAN_POINT('',(-4.390579828522,-45.41785900895));
#5719 = CARTESIAN_POINT('',(-3.168112538737,-45.25745311143));
#5720 = CARTESIAN_POINT('',(-2.033887352887,-45.0354906316));
#5721 = CARTESIAN_POINT('',(-0.978897551494,-44.75914012728));
#5722 = CARTESIAN_POINT('',(3.132178123362E-02,-44.4222298205));
#5723 = CARTESIAN_POINT('',(0.950367029506,-44.04723904573));
#5724 = CARTESIAN_POINT('',(1.808748455452,-43.6324829755));
#5725 = CARTESIAN_POINT('',(2.611400516349,-43.18111342381));
#5726 = CARTESIAN_POINT('',(3.381232221976,-42.68031190524));
#5727 = CARTESIAN_POINT('',(4.080940655235,-42.15803312625));
#5728 = CARTESIAN_POINT('',(4.73263925928,-41.60513172908));
#5729 = CARTESIAN_POINT('',(5.337855591533,-41.02236735505));
#5730 = CARTESIAN_POINT('',(5.910443784111,-40.3922454647));
#5731 = CARTESIAN_POINT('',(6.420538034273,-39.74740920504));
#5732 = CARTESIAN_POINT('',(6.883518898961,-39.07297498895));
#5733 = CARTESIAN_POINT('',(7.298486644326,-38.36779785674));
#5734 = CARTESIAN_POINT('',(7.67096651686,-37.61019225336));
#5735 = CARTESIAN_POINT('',(7.979078415385,-36.83783978093));
#5736 = CARTESIAN_POINT('',(8.231773277157,-36.02996431629));
#5737 = CARTESIAN_POINT('',(8.42550097466,-35.18349977364));
#5738 = CARTESIAN_POINT('',(8.556164117265,-34.27296123684));
#5739 = CARTESIAN_POINT('',(8.611612608317,-33.34316538474));
#5740 = CARTESIAN_POINT('',(8.592258217678,-32.36688876422));
#5741 = CARTESIAN_POINT('',(8.490936763974,-31.3406708785));
#5742 = CARTESIAN_POINT('',(8.291249467091,-30.23705258033));
#5743 = CARTESIAN_POINT('',(7.998405067358,-29.11106409302));
#5744 = CARTESIAN_POINT('',(7.589078170952,-27.93348777226));
#5745 = CARTESIAN_POINT('',(7.055581640139,-26.70429423241));
#5746 = CARTESIAN_POINT('',(6.377765038857,-25.39168224551));
#5747 = CARTESIAN_POINT('',(5.578185203553,-24.06574782784));
#5748 = CARTESIAN_POINT('',(4.630789307926,-22.68790584342));
#5749 = CARTESIAN_POINT('',(3.523364729133,-21.26043965193));
#5750 = CARTESIAN_POINT('',(2.209846404675,-19.75301775798));
#5751 = CARTESIAN_POINT('',(0.753333871887,-18.25218231914));
#5752 = CARTESIAN_POINT('',(-0.919557641022,-16.69620364759));
#5753 = CARTESIAN_POINT('',(-2.707838975062,-15.17553205072));
#5754 = CARTESIAN_POINT('',(-5.099203627213,-13.35009044419));
#5755 = CARTESIAN_POINT('',(-5.776592839161,-12.91100078668));
#5756 = CARTESIAN_POINT('',(-7.051107079368,-12.01969306091));
#5757 = ( GEOMETRIC_REPRESENTATION_CONTEXT(2) 
PARAMETRIC_REPRESENTATION_CONTEXT() REPRESENTATION_CONTEXT('2D SPACE',''
  ) );
#5758 = ADVANCED_FACE('',(#5759),#5030,.T.);
#5759 = FACE_BOUND('',#5760,.T.);
#5760 = EDGE_LOOP('',(#5761,#5762,#5783,#5784));
#5761 = ORIENTED_EDGE('',*,*,#5014,.T.);
#5762 = ORIENTED_EDGE('',*,*,#5763,.T.);
#5763 = EDGE_CURVE('',#4991,#5506,#5764,.T.);
#5764 = SURFACE_CURVE('',#5765,(#5769,#5776),.PCURVE_S1.);
#5765 = LINE('',#5766,#5767);
#5766 = CARTESIAN_POINT('',(-34.4117507153,-36.69590941308,22.4));
#5767 = VECTOR('',#5768,1.);
#5768 = DIRECTION('',(0.923415700917,-0.383801307059,0.));
#5769 = PCURVE('',#5030,#5770);
#5770 = DEFINITIONAL_REPRESENTATION('',(#5771),#5775);
#5771 = LINE('',#5772,#5773);
#5772 = CARTESIAN_POINT('',(-6.094433791486,-22.4));
#5773 = VECTOR('',#5774,1.);
#5774 = DIRECTION('',(1.,0.));
#5775 = ( GEOMETRIC_REPRESENTATION_CONTEXT(2) 
PARAMETRIC_REPRESENTATION_CONTEXT() REPRESENTATION_CONTEXT('2D SPACE',''
  ) );
#5776 = PCURVE('',#66,#5777);
#5777 = DEFINITIONAL_REPRESENTATION('',(#5778),#5782);
#5778 = LINE('',#5779,#5780);
#5779 = CARTESIAN_POINT('',(-34.4117507153,-36.69590941308));
#5780 = VECTOR('',#5781,1.);
#5781 = DIRECTION('',(0.923415700917,-0.383801307059));
#5782 = ( GEOMETRIC_REPRESENTATION_CONTEXT(2) 
PARAMETRIC_REPRESENTATION_CONTEXT() REPRESENTATION_CONTEXT('2D SPACE',''
  ) );
#5783 = ORIENTED_EDGE('',*,*,#5503,.F.);
#5784 = ORIENTED_EDGE('',*,*,#5785,.F.);
#5785 = EDGE_CURVE('',#5015,#5504,#5786,.T.);
#5786 = SURFACE_CURVE('',#5787,(#5791,#5798),.PCURVE_S1.);
#5787 = LINE('',#5788,#5789);
#5788 = CARTESIAN_POINT('',(-34.4117507153,-36.69590941308,0.));
#5789 = VECTOR('',#5790,1.);
#5790 = DIRECTION('',(0.923415700917,-0.383801307059,0.));
#5791 = PCURVE('',#5030,#5792);
#5792 = DEFINITIONAL_REPRESENTATION('',(#5793),#5797);
#5793 = LINE('',#5794,#5795);
#5794 = CARTESIAN_POINT('',(-6.094433791486,-0.));
#5795 = VECTOR('',#5796,1.);
#5796 = DIRECTION('',(1.,0.));
#5797 = ( GEOMETRIC_REPRESENTATION_CONTEXT(2) 
PARAMETRIC_REPRESENTATION_CONTEXT() REPRESENTATION_CONTEXT('2D SPACE',''
  ) );
#5798 = PCURVE('',#94,#5799);
#5799 = DEFINITIONAL_REPRESENTATION('',(#5800),#5804);
#5800 = LINE('',#5801,#5802);
#5801 = CARTESIAN_POINT('',(-34.4117507153,-36.69590941308));
#5802 = VECTOR('',#5803,1.);
#5803 = DIRECTION('',(0.923415700917,-0.383801307059));
#5804 = ( GEOMETRIC_REPRESENTATION_CONTEXT(2) 
PARAMETRIC_REPRESENTATION_CONTEXT() REPRESENTATION_CONTEXT('2D SPACE',''
  ) );
#5805 = ADVANCED_FACE('',(#5806),#5820,.F.);
#5806 = FACE_BOUND('',#5807,.T.);
#5807 = EDGE_LOOP('',(#5808,#5939,#5963,#5991));
#5808 = ORIENTED_EDGE('',*,*,#5809,.T.);
#5809 = EDGE_CURVE('',#5810,#5812,#5814,.T.);
#5810 = VERTEX_POINT('',#5811);
#5811 = CARTESIAN_POINT('',(-46.7028792646,-13.08017845426,0.));
#5812 = VERTEX_POINT('',#5813);
#5813 = CARTESIAN_POINT('',(-46.7028792646,-13.08017845426,22.4));
#5814 = SURFACE_CURVE('',#5815,(#5819,#5831),.PCURVE_S1.);
#5815 = LINE('',#5816,#5817);
#5816 = CARTESIAN_POINT('',(-46.7028792646,-13.08017845426,0.));
#5817 = VECTOR('',#5818,1.);
#5818 = DIRECTION('',(0.,0.,1.));
#5819 = PCURVE('',#5820,#5825);
#5820 = CYLINDRICAL_SURFACE('',#5821,48.5);
#5821 = AXIS2_PLACEMENT_3D('',#5822,#5823,#5824);
#5822 = CARTESIAN_POINT('',(0.,0.,0.));
#5823 = DIRECTION('',(-0.,-0.,-1.));
#5824 = DIRECTION('',(1.,0.,-0.));
#5825 = DEFINITIONAL_REPRESENTATION('',(#5826),#5830);
#5826 = LINE('',#5827,#5828);
#5827 = CARTESIAN_POINT('',(-3.41466831266,0.));
#5828 = VECTOR('',#5829,1.);
#5829 = DIRECTION('',(-0.,-1.));
#5830 = ( GEOMETRIC_REPRESENTATION_CONTEXT(2) 
PARAMETRIC_REPRESENTATION_CONTEXT() REPRESENTATION_CONTEXT('2D SPACE',''
  ) );
#5831 = PCURVE('',#5832,#5933);
#5832 = B_SPLINE_SURFACE_WITH_KNOTS('',3,1,(
    (#5833,#5834)
    ,(#5835,#5836)
    ,(#5837,#5838)
    ,(#5839,#5840)
    ,(#5841,#5842)
    ,(#5843,#5844)
    ,(#5845,#5846)
    ,(#5847,#5848)
    ,(#5849,#5850)
    ,(#5851,#5852)
    ,(#5853,#5854)
    ,(#5855,#5856)
    ,(#5857,#5858)
    ,(#5859,#5860)
    ,(#5861,#5862)
    ,(#5863,#5864)
    ,(#5865,#5866)
    ,(#5867,#5868)
    ,(#5869,#5870)
    ,(#5871,#5872)
    ,(#5873,#5874)
    ,(#5875,#5876)
    ,(#5877,#5878)
    ,(#5879,#5880)
    ,(#5881,#5882)
    ,(#5883,#5884)
    ,(#5885,#5886)
    ,(#5887,#5888)
    ,(#5889,#5890)
    ,(#5891,#5892)
    ,(#5893,#5894)
    ,(#5895,#5896)
    ,(#5897,#5898)
    ,(#5899,#5900)
    ,(#5901,#5902)
    ,(#5903,#5904)
    ,(#5905,#5906)
    ,(#5907,#5908)
    ,(#5909,#5910)
    ,(#5911,#5912)
    ,(#5913,#5914)
    ,(#5915,#5916)
    ,(#5917,#5918)
    ,(#5919,#5920)
    ,(#5921,#5922)
    ,(#5923,#5924)
    ,(#5925,#5926)
    ,(#5927,#5928)
    ,(#5929,#5930)
    ,(#5931,#5932
    )),.UNSPECIFIED.,.F.,.F.,.F.,(4,1,1,1,1,1,1,1,1,1,1,1,1,1,1,1,1,1,1,
    1,1,1,1,1,1,1,1,1,1,1,1,1,1,1,1,1,1,1,1,1,1,1,1,1,1,1,1,4),(2,2),(0.
    ,2.766464139392,5.568319295326,8.177275145496,10.425160909405,
    12.698001103747,14.813706991925,16.784063111389,18.483896399813,
    20.207074900357,21.81810245116,23.327840693167,24.640860133639,
    25.985974841284,27.260500260188,28.473662841808,29.546573791048,
    30.665502050481,31.746604132965,32.796723932319,33.744037531687,
    34.751762028128,35.745458780463,36.730106112805,37.635070035337,
    38.615335519513,39.599805338773,40.592877392801,41.521106716853,
    42.54355210237,43.588460947472,44.661307186429,45.681682040739,
    46.825929386569,48.018033969658,49.266638650819,50.477859791669,
    51.863921967174,53.33914083985,54.917675284274,56.480212616324,
    58.303578905337,60.281721918016,62.435877257802,64.600562295301,
    67.15990258556,69.968318443063,73.053194077155),(-22.4,0.),
  .UNSPECIFIED.);
#5833 = CARTESIAN_POINT('',(-11.46508692386,-9.659132507772E-02,22.4));
#5834 = CARTESIAN_POINT('',(-11.46508692386,-9.659132507772E-02,0.));
#5835 = CARTESIAN_POINT('',(-11.56201135425,-0.997531887688,22.4));
#5836 = CARTESIAN_POINT('',(-11.56201135425,-0.997531887688,0.));
#5837 = CARTESIAN_POINT('',(-11.73386143343,-2.869911982393,22.4));
#5838 = CARTESIAN_POINT('',(-11.73386143343,-2.869911982393,0.));
#5839 = CARTESIAN_POINT('',(-12.1541863042,-5.555149510144,22.4));
#5840 = CARTESIAN_POINT('',(-12.1541863042,-5.555149510144,0.));
#5841 = CARTESIAN_POINT('',(-12.656613796,-8.061246716484,22.4));
#5842 = CARTESIAN_POINT('',(-12.656613796,-8.061246716484,0.));
#5843 = CARTESIAN_POINT('',(-13.23880501824,-10.36582779895,22.4));
#5844 = CARTESIAN_POINT('',(-13.23880501824,-10.36582779895,0.));
#5845 = CARTESIAN_POINT('',(-13.88614782797,-12.48233786079,22.4));
#5846 = CARTESIAN_POINT('',(-13.88614782797,-12.48233786079,0.));
#5847 = CARTESIAN_POINT('',(-14.61558228212,-14.47362975888,22.4));
#5848 = CARTESIAN_POINT('',(-14.61558228212,-14.47362975888,0.));
#5849 = CARTESIAN_POINT('',(-15.381107717,-16.2450403168,22.4));
#5850 = CARTESIAN_POINT('',(-15.381107717,-16.2450403168,0.));
#5851 = CARTESIAN_POINT('',(-16.18830977415,-17.85246192463,22.4));
#5852 = CARTESIAN_POINT('',(-16.18830977415,-17.85246192463,0.));
#5853 = CARTESIAN_POINT('',(-17.03041809495,-19.30518380841,22.4));
#5854 = CARTESIAN_POINT('',(-17.03041809495,-19.30518380841,0.));
#5855 = CARTESIAN_POINT('',(-17.93012241267,-20.64743906732,22.4));
#5856 = CARTESIAN_POINT('',(-17.93012241267,-20.64743906732,0.));
#5857 = CARTESIAN_POINT('',(-18.8378909225,-21.81526540932,22.4));
#5858 = CARTESIAN_POINT('',(-18.8378909225,-21.81526540932,0.));
#5859 = CARTESIAN_POINT('',(-19.75985046258,-22.8556015898,22.4));
#5860 = CARTESIAN_POINT('',(-19.75985046258,-22.8556015898,0.));
#5861 = CARTESIAN_POINT('',(-20.69155050243,-23.77947422733,22.4));
#5862 = CARTESIAN_POINT('',(-20.69155050243,-23.77947422733,0.));
#5863 = CARTESIAN_POINT('',(-21.66852172927,-24.60488666414,22.4));
#5864 = CARTESIAN_POINT('',(-21.66852172927,-24.60488666414,0.));
#5865 = CARTESIAN_POINT('',(-22.63414057452,-25.29721043821,22.4));
#5866 = CARTESIAN_POINT('',(-22.63414057452,-25.29721043821,0.));
#5867 = CARTESIAN_POINT('',(-23.60667467573,-25.88442829256,22.4));
#5868 = CARTESIAN_POINT('',(-23.60667467573,-25.88442829256,0.));
#5869 = CARTESIAN_POINT('',(-24.58348448695,-26.37314739654,22.4));
#5870 = CARTESIAN_POINT('',(-24.58348448695,-26.37314739654,0.));
#5871 = CARTESIAN_POINT('',(-25.59033218866,-26.77643109304,22.4));
#5872 = CARTESIAN_POINT('',(-25.59033218866,-26.77643109304,0.));
#5873 = CARTESIAN_POINT('',(-26.57222674031,-27.0786241955,22.4));
#5874 = CARTESIAN_POINT('',(-26.57222674031,-27.0786241955,0.));
#5875 = CARTESIAN_POINT('',(-27.55057293061,-27.29786726682,22.4));
#5876 = CARTESIAN_POINT('',(-27.55057293061,-27.29786726682,0.));
#5877 = CARTESIAN_POINT('',(-28.5243195862,-27.43912320685,22.4));
#5878 = CARTESIAN_POINT('',(-28.5243195862,-27.43912320685,0.));
#5879 = CARTESIAN_POINT('',(-29.51841162621,-27.50554730611,22.4));
#5880 = CARTESIAN_POINT('',(-29.51841162621,-27.50554730611,0.));
#5881 = CARTESIAN_POINT('',(-30.48036595253,-27.4976531741,22.4));
#5882 = CARTESIAN_POINT('',(-30.48036595253,-27.4976531741,0.));
#5883 = CARTESIAN_POINT('',(-31.43475794982,-27.42314243397,22.4));
#5884 = CARTESIAN_POINT('',(-31.43475794982,-27.42314243397,0.));
#5885 = CARTESIAN_POINT('',(-32.38197984701,-27.28427433201,22.4));
#5886 = CARTESIAN_POINT('',(-32.38197984701,-27.28427433201,0.));
#5887 = CARTESIAN_POINT('',(-33.3461661647,-27.07481390231,22.4));
#5888 = CARTESIAN_POINT('',(-33.3461661647,-27.07481390231,0.));
#5889 = CARTESIAN_POINT('',(-34.27755610417,-26.80636013656,22.4));
#5890 = CARTESIAN_POINT('',(-34.27755610417,-26.80636013656,0.));
#5891 = CARTESIAN_POINT('',(-35.20199463568,-26.47562609863,22.4));
#5892 = CARTESIAN_POINT('',(-35.20199463568,-26.47562609863,0.));
#5893 = CARTESIAN_POINT('',(-36.12002675154,-26.08105334246,22.4));
#5894 = CARTESIAN_POINT('',(-36.12002675154,-26.08105334246,0.));
#5895 = CARTESIAN_POINT('',(-37.0537130843,-25.6063101704,22.4));
#5896 = CARTESIAN_POINT('',(-37.0537130843,-25.6063101704,0.));
#5897 = CARTESIAN_POINT('',(-37.9542969483,-25.07273456133,22.4));
#5898 = CARTESIAN_POINT('',(-37.9542969483,-25.07273456133,0.));
#5899 = CARTESIAN_POINT('',(-38.84727804443,-24.46568179433,22.4));
#5900 = CARTESIAN_POINT('',(-38.84727804443,-24.46568179433,0.));
#5901 = CARTESIAN_POINT('',(-39.73203492998,-23.77940495317,22.4));
#5902 = CARTESIAN_POINT('',(-39.73203492998,-23.77940495317,0.));
#5903 = CARTESIAN_POINT('',(-40.62694718063,-22.98621323695,22.4));
#5904 = CARTESIAN_POINT('',(-40.62694718063,-22.98621323695,0.));
#5905 = CARTESIAN_POINT('',(-41.48358265919,-22.12008082187,22.4));
#5906 = CARTESIAN_POINT('',(-41.48358265919,-22.12008082187,0.));
#5907 = CARTESIAN_POINT('',(-42.32643853314,-21.15314808447,22.4));
#5908 = CARTESIAN_POINT('',(-42.32643853314,-21.15314808447,0.));
#5909 = CARTESIAN_POINT('',(-43.15309029046,-20.07515108984,22.4));
#5910 = CARTESIAN_POINT('',(-43.15309029046,-20.07515108984,0.));
#5911 = CARTESIAN_POINT('',(-43.97705647161,-18.84461285179,22.4));
#5912 = CARTESIAN_POINT('',(-43.97705647161,-18.84461285179,0.));
#5913 = CARTESIAN_POINT('',(-44.7519515178,-17.51407662939,22.4));
#5914 = CARTESIAN_POINT('',(-44.7519515178,-17.51407662939,0.));
#5915 = CARTESIAN_POINT('',(-45.50058744757,-16.03730459296,22.4));
#5916 = CARTESIAN_POINT('',(-45.50058744757,-16.03730459296,0.));
#5917 = CARTESIAN_POINT('',(-46.21832281051,-14.39892824341,22.4));
#5918 = CARTESIAN_POINT('',(-46.21832281051,-14.39892824341,0.));
#5919 = CARTESIAN_POINT('',(-46.91294919484,-12.53670334497,22.4));
#5920 = CARTESIAN_POINT('',(-46.91294919484,-12.53670334497,0.));
#5921 = CARTESIAN_POINT('',(-47.5416797429,-10.53911851389,22.4));
#5922 = CARTESIAN_POINT('',(-47.5416797429,-10.53911851389,0.));
#5923 = CARTESIAN_POINT('',(-48.12831353425,-8.297876658534,22.4));
#5924 = CARTESIAN_POINT('',(-48.12831353425,-8.297876658534,0.));
#5925 = CARTESIAN_POINT('',(-48.64112715928,-5.947933569625,22.4));
#5926 = CARTESIAN_POINT('',(-48.64112715928,-5.947933569625,0.));
#5927 = CARTESIAN_POINT('',(-49.18477935949,-2.710378200263,22.4));
#5928 = CARTESIAN_POINT('',(-49.18477935949,-2.710378200263,0.));
#5929 = CARTESIAN_POINT('',(-49.24546314911,-2.015183314218,22.4));
#5930 = CARTESIAN_POINT('',(-49.24546314911,-2.015183314218,0.));
#5931 = CARTESIAN_POINT('',(-49.49370321069,-0.112044317377,22.4));
#5932 = CARTESIAN_POINT('',(-49.49370321069,-0.112044317377,0.));
#5933 = DEFINITIONAL_REPRESENTATION('',(#5934),#5938);
#5934 = LINE('',#5935,#5936);
#5935 = CARTESIAN_POINT('',(59.759046788485,0.));
#5936 = VECTOR('',#5937,1.);
#5937 = DIRECTION('',(0.,-1.));
#5938 = ( GEOMETRIC_REPRESENTATION_CONTEXT(2) 
PARAMETRIC_REPRESENTATION_CONTEXT() REPRESENTATION_CONTEXT('2D SPACE',''
  ) );
#5939 = ORIENTED_EDGE('',*,*,#5940,.T.);
#5940 = EDGE_CURVE('',#5812,#5941,#5943,.T.);
#5941 = VERTEX_POINT('',#5942);
#5942 = CARTESIAN_POINT('',(-44.44520327021,-19.41324048863,22.4));
#5943 = SURFACE_CURVE('',#5944,(#5949,#5956),.PCURVE_S1.);
#5944 = CIRCLE('',#5945,48.5);
#5945 = AXIS2_PLACEMENT_3D('',#5946,#5947,#5948);
#5946 = CARTESIAN_POINT('',(0.,0.,22.4));
#5947 = DIRECTION('',(0.,0.,1.));
#5948 = DIRECTION('',(1.,0.,-0.));
#5949 = PCURVE('',#5820,#5950);
#5950 = DEFINITIONAL_REPRESENTATION('',(#5951),#5955);
#5951 = LINE('',#5952,#5953);
#5952 = CARTESIAN_POINT('',(-0.,-22.4));
#5953 = VECTOR('',#5954,1.);
#5954 = DIRECTION('',(-1.,0.));
#5955 = ( GEOMETRIC_REPRESENTATION_CONTEXT(2) 
PARAMETRIC_REPRESENTATION_CONTEXT() REPRESENTATION_CONTEXT('2D SPACE',''
  ) );
#5956 = PCURVE('',#66,#5957);
#5957 = DEFINITIONAL_REPRESENTATION('',(#5958),#5962);
#5958 = CIRCLE('',#5959,48.5);
#5959 = AXIS2_PLACEMENT_2D('',#5960,#5961);
#5960 = CARTESIAN_POINT('',(1.75032336965E-15,-3.209892110372E-15));
#5961 = DIRECTION('',(1.,0.));
#5962 = ( GEOMETRIC_REPRESENTATION_CONTEXT(2) 
PARAMETRIC_REPRESENTATION_CONTEXT() REPRESENTATION_CONTEXT('2D SPACE',''
  ) );
#5963 = ORIENTED_EDGE('',*,*,#5964,.F.);
#5964 = EDGE_CURVE('',#5965,#5941,#5967,.T.);
#5965 = VERTEX_POINT('',#5966);
#5966 = CARTESIAN_POINT('',(-44.44520327021,-19.41324048863,0.));
#5967 = SURFACE_CURVE('',#5968,(#5972,#5979),.PCURVE_S1.);
#5968 = LINE('',#5969,#5970);
#5969 = CARTESIAN_POINT('',(-44.44520327021,-19.41324048863,0.));
#5970 = VECTOR('',#5971,1.);
#5971 = DIRECTION('',(0.,0.,1.));
#5972 = PCURVE('',#5820,#5973);
#5973 = DEFINITIONAL_REPRESENTATION('',(#5974),#5978);
#5974 = LINE('',#5975,#5976);
#5975 = CARTESIAN_POINT('',(-3.55340738619,0.));
#5976 = VECTOR('',#5977,1.);
#5977 = DIRECTION('',(-0.,-1.));
#5978 = ( GEOMETRIC_REPRESENTATION_CONTEXT(2) 
PARAMETRIC_REPRESENTATION_CONTEXT() REPRESENTATION_CONTEXT('2D SPACE',''
  ) );
#5979 = PCURVE('',#5980,#5985);
#5980 = PLANE('',#5981);
#5981 = AXIS2_PLACEMENT_3D('',#5982,#5983,#5984);
#5982 = CARTESIAN_POINT('',(-44.44520327021,-19.41324048863,0.));
#5983 = DIRECTION('',(0.794089532378,0.607800801718,-0.));
#5984 = DIRECTION('',(0.607800801718,-0.794089532378,0.));
#5985 = DEFINITIONAL_REPRESENTATION('',(#5986),#5990);
#5986 = LINE('',#5987,#5988);
#5987 = CARTESIAN_POINT('',(-2.82117274387E-15,0.));
#5988 = VECTOR('',#5989,1.);
#5989 = DIRECTION('',(0.,-1.));
#5990 = ( GEOMETRIC_REPRESENTATION_CONTEXT(2) 
PARAMETRIC_REPRESENTATION_CONTEXT() REPRESENTATION_CONTEXT('2D SPACE',''
  ) );
#5991 = ORIENTED_EDGE('',*,*,#5992,.F.);
#5992 = EDGE_CURVE('',#5810,#5965,#5993,.T.);
#5993 = SURFACE_CURVE('',#5994,(#5999,#6006),.PCURVE_S1.);
#5994 = CIRCLE('',#5995,48.5);
#5995 = AXIS2_PLACEMENT_3D('',#5996,#5997,#5998);
#5996 = CARTESIAN_POINT('',(0.,0.,0.));
#5997 = DIRECTION('',(0.,0.,1.));
#5998 = DIRECTION('',(1.,0.,-0.));
#5999 = PCURVE('',#5820,#6000);
#6000 = DEFINITIONAL_REPRESENTATION('',(#6001),#6005);
#6001 = LINE('',#6002,#6003);
#6002 = CARTESIAN_POINT('',(-0.,0.));
#6003 = VECTOR('',#6004,1.);
#6004 = DIRECTION('',(-1.,0.));
#6005 = ( GEOMETRIC_REPRESENTATION_CONTEXT(2) 
PARAMETRIC_REPRESENTATION_CONTEXT() REPRESENTATION_CONTEXT('2D SPACE',''
  ) );
#6006 = PCURVE('',#94,#6007);
#6007 = DEFINITIONAL_REPRESENTATION('',(#6008),#6012);
#6008 = CIRCLE('',#6009,48.5);
#6009 = AXIS2_PLACEMENT_2D('',#6010,#6011);
#6010 = CARTESIAN_POINT('',(1.75032336965E-15,-3.209892110372E-15));
#6011 = DIRECTION('',(1.,0.));
#6012 = ( GEOMETRIC_REPRESENTATION_CONTEXT(2) 
PARAMETRIC_REPRESENTATION_CONTEXT() REPRESENTATION_CONTEXT('2D SPACE',''
  ) );
#6013 = ADVANCED_FACE('',(#6014),#5832,.T.);
#6014 = FACE_BOUND('',#6015,.T.);
#6015 = EDGE_LOOP('',(#6016,#6046,#6161,#6162));
#6016 = ORIENTED_EDGE('',*,*,#6017,.T.);
#6017 = EDGE_CURVE('',#6018,#6020,#6022,.T.);
#6018 = VERTEX_POINT('',#6019);
#6019 = CARTESIAN_POINT('',(-12.01547242541,-4.624853916871,0.));
#6020 = VERTEX_POINT('',#6021);
#6021 = CARTESIAN_POINT('',(-12.01547242541,-4.624853916871,22.4));
#6022 = SURFACE_CURVE('',#6023,(#6027,#6034),.PCURVE_S1.);
#6023 = LINE('',#6024,#6025);
#6024 = CARTESIAN_POINT('',(-12.01547242541,-4.624853916871,0.));
#6025 = VECTOR('',#6026,1.);
#6026 = DIRECTION('',(0.,0.,1.));
#6027 = PCURVE('',#5832,#6028);
#6028 = DEFINITIONAL_REPRESENTATION('',(#6029),#6033);
#6029 = LINE('',#6030,#6031);
#6030 = CARTESIAN_POINT('',(4.560656898555,0.));
#6031 = VECTOR('',#6032,1.);
#6032 = DIRECTION('',(0.,-1.));
#6033 = ( GEOMETRIC_REPRESENTATION_CONTEXT(2) 
PARAMETRIC_REPRESENTATION_CONTEXT() REPRESENTATION_CONTEXT('2D SPACE',''
  ) );
#6034 = PCURVE('',#6035,#6040);
#6035 = PLANE('',#6036);
#6036 = AXIS2_PLACEMENT_3D('',#6037,#6038,#6039);
#6037 = CARTESIAN_POINT('',(-12.11628438599,-6.883805996763,0.));
#6038 = DIRECTION('',(-0.999005666746,4.458338040621E-02,0.));
#6039 = DIRECTION('',(4.458338040621E-02,0.999005666746,0.));
#6040 = DEFINITIONAL_REPRESENTATION('',(#6041),#6045);
#6041 = LINE('',#6042,#6043);
#6042 = CARTESIAN_POINT('',(2.261200466709,0.));
#6043 = VECTOR('',#6044,1.);
#6044 = DIRECTION('',(0.,-1.));
#6045 = ( GEOMETRIC_REPRESENTATION_CONTEXT(2) 
PARAMETRIC_REPRESENTATION_CONTEXT() REPRESENTATION_CONTEXT('2D SPACE',''
  ) );
#6046 = ORIENTED_EDGE('',*,*,#6047,.T.);
#6047 = EDGE_CURVE('',#6020,#5812,#6048,.T.);
#6048 = SURFACE_CURVE('',#6049,(#6100,#6107),.PCURVE_S1.);
#6049 = B_SPLINE_CURVE_WITH_KNOTS('',3,(#6050,#6051,#6052,#6053,#6054,
    #6055,#6056,#6057,#6058,#6059,#6060,#6061,#6062,#6063,#6064,#6065,
    #6066,#6067,#6068,#6069,#6070,#6071,#6072,#6073,#6074,#6075,#6076,
    #6077,#6078,#6079,#6080,#6081,#6082,#6083,#6084,#6085,#6086,#6087,
    #6088,#6089,#6090,#6091,#6092,#6093,#6094,#6095,#6096,#6097,#6098,
    #6099),.UNSPECIFIED.,.F.,.F.,(4,1,1,1,1,1,1,1,1,1,1,1,1,1,1,1,1,1,1,
    1,1,1,1,1,1,1,1,1,1,1,1,1,1,1,1,1,1,1,1,1,1,1,1,1,1,1,1,4),(0.,
    2.766464139392,5.568319295326,8.177275145496,10.425160909405,
    12.698001103747,14.813706991925,16.784063111389,18.483896399813,
    20.207074900357,21.81810245116,23.327840693167,24.640860133639,
    25.985974841284,27.260500260188,28.473662841808,29.546573791048,
    30.665502050481,31.746604132965,32.796723932319,33.744037531687,
    34.751762028128,35.745458780463,36.730106112805,37.635070035337,
    38.615335519513,39.599805338773,40.592877392801,41.521106716853,
    42.54355210237,43.588460947472,44.661307186429,45.681682040739,
    46.825929386569,48.018033969658,49.266638650819,50.477859791669,
    51.863921967174,53.33914083985,54.917675284274,56.480212616324,
    58.303578905337,60.281721918016,62.435877257802,64.600562295301,
    67.15990258556,69.968318443063,73.053194077155),.UNSPECIFIED.);
#6050 = CARTESIAN_POINT('',(-11.46508692386,-9.659132507772E-02,22.4));
#6051 = CARTESIAN_POINT('',(-11.56201135425,-0.997531887688,22.4));
#6052 = CARTESIAN_POINT('',(-11.73386143343,-2.869911982393,22.4));
#6053 = CARTESIAN_POINT('',(-12.1541863042,-5.555149510144,22.4));
#6054 = CARTESIAN_POINT('',(-12.656613796,-8.061246716484,22.4));
#6055 = CARTESIAN_POINT('',(-13.23880501824,-10.36582779895,22.4));
#6056 = CARTESIAN_POINT('',(-13.88614782797,-12.48233786079,22.4));
#6057 = CARTESIAN_POINT('',(-14.61558228212,-14.47362975888,22.4));
#6058 = CARTESIAN_POINT('',(-15.381107717,-16.2450403168,22.4));
#6059 = CARTESIAN_POINT('',(-16.18830977415,-17.85246192463,22.4));
#6060 = CARTESIAN_POINT('',(-17.03041809495,-19.30518380841,22.4));
#6061 = CARTESIAN_POINT('',(-17.93012241267,-20.64743906732,22.4));
#6062 = CARTESIAN_POINT('',(-18.8378909225,-21.81526540932,22.4));
#6063 = CARTESIAN_POINT('',(-19.75985046258,-22.8556015898,22.4));
#6064 = CARTESIAN_POINT('',(-20.69155050243,-23.77947422733,22.4));
#6065 = CARTESIAN_POINT('',(-21.66852172927,-24.60488666414,22.4));
#6066 = CARTESIAN_POINT('',(-22.63414057452,-25.29721043821,22.4));
#6067 = CARTESIAN_POINT('',(-23.60667467573,-25.88442829256,22.4));
#6068 = CARTESIAN_POINT('',(-24.58348448695,-26.37314739654,22.4));
#6069 = CARTESIAN_POINT('',(-25.59033218866,-26.77643109304,22.4));
#6070 = CARTESIAN_POINT('',(-26.57222674031,-27.0786241955,22.4));
#6071 = CARTESIAN_POINT('',(-27.55057293061,-27.29786726682,22.4));
#6072 = CARTESIAN_POINT('',(-28.5243195862,-27.43912320685,22.4));
#6073 = CARTESIAN_POINT('',(-29.51841162621,-27.50554730611,22.4));
#6074 = CARTESIAN_POINT('',(-30.48036595253,-27.4976531741,22.4));
#6075 = CARTESIAN_POINT('',(-31.43475794982,-27.42314243397,22.4));
#6076 = CARTESIAN_POINT('',(-32.38197984701,-27.28427433201,22.4));
#6077 = CARTESIAN_POINT('',(-33.3461661647,-27.07481390231,22.4));
#6078 = CARTESIAN_POINT('',(-34.27755610417,-26.80636013656,22.4));
#6079 = CARTESIAN_POINT('',(-35.20199463568,-26.47562609863,22.4));
#6080 = CARTESIAN_POINT('',(-36.12002675154,-26.08105334246,22.4));
#6081 = CARTESIAN_POINT('',(-37.0537130843,-25.6063101704,22.4));
#6082 = CARTESIAN_POINT('',(-37.9542969483,-25.07273456133,22.4));
#6083 = CARTESIAN_POINT('',(-38.84727804443,-24.46568179433,22.4));
#6084 = CARTESIAN_POINT('',(-39.73203492998,-23.77940495317,22.4));
#6085 = CARTESIAN_POINT('',(-40.62694718063,-22.98621323695,22.4));
#6086 = CARTESIAN_POINT('',(-41.48358265919,-22.12008082187,22.4));
#6087 = CARTESIAN_POINT('',(-42.32643853314,-21.15314808447,22.4));
#6088 = CARTESIAN_POINT('',(-43.15309029046,-20.07515108984,22.4));
#6089 = CARTESIAN_POINT('',(-43.97705647161,-18.84461285179,22.4));
#6090 = CARTESIAN_POINT('',(-44.7519515178,-17.51407662939,22.4));
#6091 = CARTESIAN_POINT('',(-45.50058744757,-16.03730459296,22.4));
#6092 = CARTESIAN_POINT('',(-46.21832281051,-14.39892824341,22.4));
#6093 = CARTESIAN_POINT('',(-46.91294919484,-12.53670334497,22.4));
#6094 = CARTESIAN_POINT('',(-47.5416797429,-10.53911851389,22.4));
#6095 = CARTESIAN_POINT('',(-48.12831353425,-8.297876658534,22.4));
#6096 = CARTESIAN_POINT('',(-48.64112715928,-5.947933569625,22.4));
#6097 = CARTESIAN_POINT('',(-49.18477935949,-2.710378200263,22.4));
#6098 = CARTESIAN_POINT('',(-49.24546314911,-2.015183314218,22.4));
#6099 = CARTESIAN_POINT('',(-49.49370321069,-0.112044317377,22.4));
#6100 = PCURVE('',#5832,#6101);
#6101 = DEFINITIONAL_REPRESENTATION('',(#6102),#6106);
#6102 = LINE('',#6103,#6104);
#6103 = CARTESIAN_POINT('',(0.,-22.4));
#6104 = VECTOR('',#6105,1.);
#6105 = DIRECTION('',(1.,0.));
#6106 = ( GEOMETRIC_REPRESENTATION_CONTEXT(2) 
PARAMETRIC_REPRESENTATION_CONTEXT() REPRESENTATION_CONTEXT('2D SPACE',''
  ) );
#6107 = PCURVE('',#66,#6108);
#6108 = DEFINITIONAL_REPRESENTATION('',(#6109),#6160);
#6109 = B_SPLINE_CURVE_WITH_KNOTS('',3,(#6110,#6111,#6112,#6113,#6114,
    #6115,#6116,#6117,#6118,#6119,#6120,#6121,#6122,#6123,#6124,#6125,
    #6126,#6127,#6128,#6129,#6130,#6131,#6132,#6133,#6134,#6135,#6136,
    #6137,#6138,#6139,#6140,#6141,#6142,#6143,#6144,#6145,#6146,#6147,
    #6148,#6149,#6150,#6151,#6152,#6153,#6154,#6155,#6156,#6157,#6158,
    #6159),.UNSPECIFIED.,.F.,.F.,(4,1,1,1,1,1,1,1,1,1,1,1,1,1,1,1,1,1,1,
    1,1,1,1,1,1,1,1,1,1,1,1,1,1,1,1,1,1,1,1,1,1,1,1,1,1,1,1,4),(0.,
    2.766464139392,5.568319295326,8.177275145496,10.425160909405,
    12.698001103747,14.813706991925,16.784063111389,18.483896399813,
    20.207074900357,21.81810245116,23.327840693167,24.640860133639,
    25.985974841284,27.260500260188,28.473662841808,29.546573791048,
    30.665502050481,31.746604132965,32.796723932319,33.744037531687,
    34.751762028128,35.745458780463,36.730106112805,37.635070035337,
    38.615335519513,39.599805338773,40.592877392801,41.521106716853,
    42.54355210237,43.588460947472,44.661307186429,45.681682040739,
    46.825929386569,48.018033969658,49.266638650819,50.477859791669,
    51.863921967174,53.33914083985,54.917675284274,56.480212616324,
    58.303578905337,60.281721918016,62.435877257802,64.600562295301,
    67.15990258556,69.968318443063,73.053194077155),.UNSPECIFIED.);
#6110 = CARTESIAN_POINT('',(-11.46508692386,-9.659132507772E-02));
#6111 = CARTESIAN_POINT('',(-11.56201135425,-0.997531887688));
#6112 = CARTESIAN_POINT('',(-11.73386143343,-2.869911982393));
#6113 = CARTESIAN_POINT('',(-12.1541863042,-5.555149510144));
#6114 = CARTESIAN_POINT('',(-12.656613796,-8.061246716484));
#6115 = CARTESIAN_POINT('',(-13.23880501824,-10.36582779895));
#6116 = CARTESIAN_POINT('',(-13.88614782797,-12.48233786079));
#6117 = CARTESIAN_POINT('',(-14.61558228212,-14.47362975888));
#6118 = CARTESIAN_POINT('',(-15.381107717,-16.2450403168));
#6119 = CARTESIAN_POINT('',(-16.18830977415,-17.85246192463));
#6120 = CARTESIAN_POINT('',(-17.03041809495,-19.30518380841));
#6121 = CARTESIAN_POINT('',(-17.93012241267,-20.64743906732));
#6122 = CARTESIAN_POINT('',(-18.8378909225,-21.81526540932));
#6123 = CARTESIAN_POINT('',(-19.75985046258,-22.8556015898));
#6124 = CARTESIAN_POINT('',(-20.69155050243,-23.77947422733));
#6125 = CARTESIAN_POINT('',(-21.66852172927,-24.60488666414));
#6126 = CARTESIAN_POINT('',(-22.63414057452,-25.29721043821));
#6127 = CARTESIAN_POINT('',(-23.60667467573,-25.88442829256));
#6128 = CARTESIAN_POINT('',(-24.58348448695,-26.37314739654));
#6129 = CARTESIAN_POINT('',(-25.59033218866,-26.77643109304));
#6130 = CARTESIAN_POINT('',(-26.57222674031,-27.0786241955));
#6131 = CARTESIAN_POINT('',(-27.55057293061,-27.29786726682));
#6132 = CARTESIAN_POINT('',(-28.5243195862,-27.43912320685));
#6133 = CARTESIAN_POINT('',(-29.51841162621,-27.50554730611));
#6134 = CARTESIAN_POINT('',(-30.48036595253,-27.4976531741));
#6135 = CARTESIAN_POINT('',(-31.43475794982,-27.42314243397));
#6136 = CARTESIAN_POINT('',(-32.38197984701,-27.28427433201));
#6137 = CARTESIAN_POINT('',(-33.3461661647,-27.07481390231));
#6138 = CARTESIAN_POINT('',(-34.27755610417,-26.80636013656));
#6139 = CARTESIAN_POINT('',(-35.20199463568,-26.47562609863));
#6140 = CARTESIAN_POINT('',(-36.12002675154,-26.08105334246));
#6141 = CARTESIAN_POINT('',(-37.0537130843,-25.6063101704));
#6142 = CARTESIAN_POINT('',(-37.9542969483,-25.07273456133));
#6143 = CARTESIAN_POINT('',(-38.84727804443,-24.46568179433));
#6144 = CARTESIAN_POINT('',(-39.73203492998,-23.77940495317));
#6145 = CARTESIAN_POINT('',(-40.62694718063,-22.98621323695));
#6146 = CARTESIAN_POINT('',(-41.48358265919,-22.12008082187));
#6147 = CARTESIAN_POINT('',(-42.32643853314,-21.15314808447));
#6148 = CARTESIAN_POINT('',(-43.15309029046,-20.07515108984));
#6149 = CARTESIAN_POINT('',(-43.97705647161,-18.84461285179));
#6150 = CARTESIAN_POINT('',(-44.7519515178,-17.51407662939));
#6151 = CARTESIAN_POINT('',(-45.50058744757,-16.03730459296));
#6152 = CARTESIAN_POINT('',(-46.21832281051,-14.39892824341));
#6153 = CARTESIAN_POINT('',(-46.91294919484,-12.53670334497));
#6154 = CARTESIAN_POINT('',(-47.5416797429,-10.53911851389));
#6155 = CARTESIAN_POINT('',(-48.12831353425,-8.297876658534));
#6156 = CARTESIAN_POINT('',(-48.64112715928,-5.947933569625));
#6157 = CARTESIAN_POINT('',(-49.18477935949,-2.710378200263));
#6158 = CARTESIAN_POINT('',(-49.24546314911,-2.015183314218));
#6159 = CARTESIAN_POINT('',(-49.49370321069,-0.112044317377));
#6160 = ( GEOMETRIC_REPRESENTATION_CONTEXT(2) 
PARAMETRIC_REPRESENTATION_CONTEXT() REPRESENTATION_CONTEXT('2D SPACE',''
  ) );
#6161 = ORIENTED_EDGE('',*,*,#5809,.F.);
#6162 = ORIENTED_EDGE('',*,*,#6163,.F.);
#6163 = EDGE_CURVE('',#6018,#5810,#6164,.T.);
#6164 = SURFACE_CURVE('',#6165,(#6216,#6223),.PCURVE_S1.);
#6165 = B_SPLINE_CURVE_WITH_KNOTS('',3,(#6166,#6167,#6168,#6169,#6170,
    #6171,#6172,#6173,#6174,#6175,#6176,#6177,#6178,#6179,#6180,#6181,
    #6182,#6183,#6184,#6185,#6186,#6187,#6188,#6189,#6190,#6191,#6192,
    #6193,#6194,#6195,#6196,#6197,#6198,#6199,#6200,#6201,#6202,#6203,
    #6204,#6205,#6206,#6207,#6208,#6209,#6210,#6211,#6212,#6213,#6214,
    #6215),.UNSPECIFIED.,.F.,.F.,(4,1,1,1,1,1,1,1,1,1,1,1,1,1,1,1,1,1,1,
    1,1,1,1,1,1,1,1,1,1,1,1,1,1,1,1,1,1,1,1,1,1,1,1,1,1,1,1,4),(0.,
    2.766464139392,5.568319295326,8.177275145496,10.425160909405,
    12.698001103747,14.813706991925,16.784063111389,18.483896399813,
    20.207074900357,21.81810245116,23.327840693167,24.640860133639,
    25.985974841284,27.260500260188,28.473662841808,29.546573791048,
    30.665502050481,31.746604132965,32.796723932319,33.744037531687,
    34.751762028128,35.745458780463,36.730106112805,37.635070035337,
    38.615335519513,39.599805338773,40.592877392801,41.521106716853,
    42.54355210237,43.588460947472,44.661307186429,45.681682040739,
    46.825929386569,48.018033969658,49.266638650819,50.477859791669,
    51.863921967174,53.33914083985,54.917675284274,56.480212616324,
    58.303578905337,60.281721918016,62.435877257802,64.600562295301,
    67.15990258556,69.968318443063,73.053194077155),.UNSPECIFIED.);
#6166 = CARTESIAN_POINT('',(-11.46508692386,-9.659132507772E-02,0.));
#6167 = CARTESIAN_POINT('',(-11.56201135425,-0.997531887688,0.));
#6168 = CARTESIAN_POINT('',(-11.73386143343,-2.869911982393,0.));
#6169 = CARTESIAN_POINT('',(-12.1541863042,-5.555149510144,0.));
#6170 = CARTESIAN_POINT('',(-12.656613796,-8.061246716484,0.));
#6171 = CARTESIAN_POINT('',(-13.23880501824,-10.36582779895,0.));
#6172 = CARTESIAN_POINT('',(-13.88614782797,-12.48233786079,0.));
#6173 = CARTESIAN_POINT('',(-14.61558228212,-14.47362975888,0.));
#6174 = CARTESIAN_POINT('',(-15.381107717,-16.2450403168,0.));
#6175 = CARTESIAN_POINT('',(-16.18830977415,-17.85246192463,0.));
#6176 = CARTESIAN_POINT('',(-17.03041809495,-19.30518380841,0.));
#6177 = CARTESIAN_POINT('',(-17.93012241267,-20.64743906732,0.));
#6178 = CARTESIAN_POINT('',(-18.8378909225,-21.81526540932,0.));
#6179 = CARTESIAN_POINT('',(-19.75985046258,-22.8556015898,0.));
#6180 = CARTESIAN_POINT('',(-20.69155050243,-23.77947422733,0.));
#6181 = CARTESIAN_POINT('',(-21.66852172927,-24.60488666414,0.));
#6182 = CARTESIAN_POINT('',(-22.63414057452,-25.29721043821,0.));
#6183 = CARTESIAN_POINT('',(-23.60667467573,-25.88442829256,0.));
#6184 = CARTESIAN_POINT('',(-24.58348448695,-26.37314739654,0.));
#6185 = CARTESIAN_POINT('',(-25.59033218866,-26.77643109304,0.));
#6186 = CARTESIAN_POINT('',(-26.57222674031,-27.0786241955,0.));
#6187 = CARTESIAN_POINT('',(-27.55057293061,-27.29786726682,0.));
#6188 = CARTESIAN_POINT('',(-28.5243195862,-27.43912320685,0.));
#6189 = CARTESIAN_POINT('',(-29.51841162621,-27.50554730611,0.));
#6190 = CARTESIAN_POINT('',(-30.48036595253,-27.4976531741,0.));
#6191 = CARTESIAN_POINT('',(-31.43475794982,-27.42314243397,0.));
#6192 = CARTESIAN_POINT('',(-32.38197984701,-27.28427433201,0.));
#6193 = CARTESIAN_POINT('',(-33.3461661647,-27.07481390231,0.));
#6194 = CARTESIAN_POINT('',(-34.27755610417,-26.80636013656,0.));
#6195 = CARTESIAN_POINT('',(-35.20199463568,-26.47562609863,0.));
#6196 = CARTESIAN_POINT('',(-36.12002675154,-26.08105334246,0.));
#6197 = CARTESIAN_POINT('',(-37.0537130843,-25.6063101704,0.));
#6198 = CARTESIAN_POINT('',(-37.9542969483,-25.07273456133,0.));
#6199 = CARTESIAN_POINT('',(-38.84727804443,-24.46568179433,0.));
#6200 = CARTESIAN_POINT('',(-39.73203492998,-23.77940495317,0.));
#6201 = CARTESIAN_POINT('',(-40.62694718063,-22.98621323695,0.));
#6202 = CARTESIAN_POINT('',(-41.48358265919,-22.12008082187,0.));
#6203 = CARTESIAN_POINT('',(-42.32643853314,-21.15314808447,0.));
#6204 = CARTESIAN_POINT('',(-43.15309029046,-20.07515108984,0.));
#6205 = CARTESIAN_POINT('',(-43.97705647161,-18.84461285179,0.));
#6206 = CARTESIAN_POINT('',(-44.7519515178,-17.51407662939,0.));
#6207 = CARTESIAN_POINT('',(-45.50058744757,-16.03730459296,0.));
#6208 = CARTESIAN_POINT('',(-46.21832281051,-14.39892824341,0.));
#6209 = CARTESIAN_POINT('',(-46.91294919484,-12.53670334497,0.));
#6210 = CARTESIAN_POINT('',(-47.5416797429,-10.53911851389,0.));
#6211 = CARTESIAN_POINT('',(-48.12831353425,-8.297876658534,0.));
#6212 = CARTESIAN_POINT('',(-48.64112715928,-5.947933569625,0.));
#6213 = CARTESIAN_POINT('',(-49.18477935949,-2.710378200263,0.));
#6214 = CARTESIAN_POINT('',(-49.24546314911,-2.015183314218,0.));
#6215 = CARTESIAN_POINT('',(-49.49370321069,-0.112044317377,0.));
#6216 = PCURVE('',#5832,#6217);
#6217 = DEFINITIONAL_REPRESENTATION('',(#6218),#6222);
#6218 = LINE('',#6219,#6220);
#6219 = CARTESIAN_POINT('',(0.,0.));
#6220 = VECTOR('',#6221,1.);
#6221 = DIRECTION('',(1.,0.));
#6222 = ( GEOMETRIC_REPRESENTATION_CONTEXT(2) 
PARAMETRIC_REPRESENTATION_CONTEXT() REPRESENTATION_CONTEXT('2D SPACE',''
  ) );
#6223 = PCURVE('',#94,#6224);
#6224 = DEFINITIONAL_REPRESENTATION('',(#6225),#6276);
#6225 = B_SPLINE_CURVE_WITH_KNOTS('',3,(#6226,#6227,#6228,#6229,#6230,
    #6231,#6232,#6233,#6234,#6235,#6236,#6237,#6238,#6239,#6240,#6241,
    #6242,#6243,#6244,#6245,#6246,#6247,#6248,#6249,#6250,#6251,#6252,
    #6253,#6254,#6255,#6256,#6257,#6258,#6259,#6260,#6261,#6262,#6263,
    #6264,#6265,#6266,#6267,#6268,#6269,#6270,#6271,#6272,#6273,#6274,
    #6275),.UNSPECIFIED.,.F.,.F.,(4,1,1,1,1,1,1,1,1,1,1,1,1,1,1,1,1,1,1,
    1,1,1,1,1,1,1,1,1,1,1,1,1,1,1,1,1,1,1,1,1,1,1,1,1,1,1,1,4),(0.,
    2.766464139392,5.568319295326,8.177275145496,10.425160909405,
    12.698001103747,14.813706991925,16.784063111389,18.483896399813,
    20.207074900357,21.81810245116,23.327840693167,24.640860133639,
    25.985974841284,27.260500260188,28.473662841808,29.546573791048,
    30.665502050481,31.746604132965,32.796723932319,33.744037531687,
    34.751762028128,35.745458780463,36.730106112805,37.635070035337,
    38.615335519513,39.599805338773,40.592877392801,41.521106716853,
    42.54355210237,43.588460947472,44.661307186429,45.681682040739,
    46.825929386569,48.018033969658,49.266638650819,50.477859791669,
    51.863921967174,53.33914083985,54.917675284274,56.480212616324,
    58.303578905337,60.281721918016,62.435877257802,64.600562295301,
    67.15990258556,69.968318443063,73.053194077155),.UNSPECIFIED.);
#6226 = CARTESIAN_POINT('',(-11.46508692386,-9.659132507772E-02));
#6227 = CARTESIAN_POINT('',(-11.56201135425,-0.997531887688));
#6228 = CARTESIAN_POINT('',(-11.73386143343,-2.869911982393));
#6229 = CARTESIAN_POINT('',(-12.1541863042,-5.555149510144));
#6230 = CARTESIAN_POINT('',(-12.656613796,-8.061246716484));
#6231 = CARTESIAN_POINT('',(-13.23880501824,-10.36582779895));
#6232 = CARTESIAN_POINT('',(-13.88614782797,-12.48233786079));
#6233 = CARTESIAN_POINT('',(-14.61558228212,-14.47362975888));
#6234 = CARTESIAN_POINT('',(-15.381107717,-16.2450403168));
#6235 = CARTESIAN_POINT('',(-16.18830977415,-17.85246192463));
#6236 = CARTESIAN_POINT('',(-17.03041809495,-19.30518380841));
#6237 = CARTESIAN_POINT('',(-17.93012241267,-20.64743906732));
#6238 = CARTESIAN_POINT('',(-18.8378909225,-21.81526540932));
#6239 = CARTESIAN_POINT('',(-19.75985046258,-22.8556015898));
#6240 = CARTESIAN_POINT('',(-20.69155050243,-23.77947422733));
#6241 = CARTESIAN_POINT('',(-21.66852172927,-24.60488666414));
#6242 = CARTESIAN_POINT('',(-22.63414057452,-25.29721043821));
#6243 = CARTESIAN_POINT('',(-23.60667467573,-25.88442829256));
#6244 = CARTESIAN_POINT('',(-24.58348448695,-26.37314739654));
#6245 = CARTESIAN_POINT('',(-25.59033218866,-26.77643109304));
#6246 = CARTESIAN_POINT('',(-26.57222674031,-27.0786241955));
#6247 = CARTESIAN_POINT('',(-27.55057293061,-27.29786726682));
#6248 = CARTESIAN_POINT('',(-28.5243195862,-27.43912320685));
#6249 = CARTESIAN_POINT('',(-29.51841162621,-27.50554730611));
#6250 = CARTESIAN_POINT('',(-30.48036595253,-27.4976531741));
#6251 = CARTESIAN_POINT('',(-31.43475794982,-27.42314243397));
#6252 = CARTESIAN_POINT('',(-32.38197984701,-27.28427433201));
#6253 = CARTESIAN_POINT('',(-33.3461661647,-27.07481390231));
#6254 = CARTESIAN_POINT('',(-34.27755610417,-26.80636013656));
#6255 = CARTESIAN_POINT('',(-35.20199463568,-26.47562609863));
#6256 = CARTESIAN_POINT('',(-36.12002675154,-26.08105334246));
#6257 = CARTESIAN_POINT('',(-37.0537130843,-25.6063101704));
#6258 = CARTESIAN_POINT('',(-37.9542969483,-25.07273456133));
#6259 = CARTESIAN_POINT('',(-38.84727804443,-24.46568179433));
#6260 = CARTESIAN_POINT('',(-39.73203492998,-23.77940495317));
#6261 = CARTESIAN_POINT('',(-40.62694718063,-22.98621323695));
#6262 = CARTESIAN_POINT('',(-41.48358265919,-22.12008082187));
#6263 = CARTESIAN_POINT('',(-42.32643853314,-21.15314808447));
#6264 = CARTESIAN_POINT('',(-43.15309029046,-20.07515108984));
#6265 = CARTESIAN_POINT('',(-43.97705647161,-18.84461285179));
#6266 = CARTESIAN_POINT('',(-44.7519515178,-17.51407662939));
#6267 = CARTESIAN_POINT('',(-45.50058744757,-16.03730459296));
#6268 = CARTESIAN_POINT('',(-46.21832281051,-14.39892824341));
#6269 = CARTESIAN_POINT('',(-46.91294919484,-12.53670334497));
#6270 = CARTESIAN_POINT('',(-47.5416797429,-10.53911851389));
#6271 = CARTESIAN_POINT('',(-48.12831353425,-8.297876658534));
#6272 = CARTESIAN_POINT('',(-48.64112715928,-5.947933569625));
#6273 = CARTESIAN_POINT('',(-49.18477935949,-2.710378200263));
#6274 = CARTESIAN_POINT('',(-49.24546314911,-2.015183314218));
#6275 = CARTESIAN_POINT('',(-49.49370321069,-0.112044317377));
#6276 = ( GEOMETRIC_REPRESENTATION_CONTEXT(2) 
PARAMETRIC_REPRESENTATION_CONTEXT() REPRESENTATION_CONTEXT('2D SPACE',''
  ) );
#6277 = ADVANCED_FACE('',(#6278),#6035,.T.);
#6278 = FACE_BOUND('',#6279,.T.);
#6279 = EDGE_LOOP('',(#6280,#6406,#6427,#6428));
#6280 = ORIENTED_EDGE('',*,*,#6281,.T.);
#6281 = EDGE_CURVE('',#6282,#6284,#6286,.T.);
#6282 = VERTEX_POINT('',#6283);
#6283 = CARTESIAN_POINT('',(-12.11628438599,-6.883805996763,0.));
#6284 = VERTEX_POINT('',#6285);
#6285 = CARTESIAN_POINT('',(-12.11628438599,-6.883805996763,22.4));
#6286 = SURFACE_CURVE('',#6287,(#6291,#6298),.PCURVE_S1.);
#6287 = LINE('',#6288,#6289);
#6288 = CARTESIAN_POINT('',(-12.11628438599,-6.883805996763,0.));
#6289 = VECTOR('',#6290,1.);
#6290 = DIRECTION('',(0.,0.,1.));
#6291 = PCURVE('',#6035,#6292);
#6292 = DEFINITIONAL_REPRESENTATION('',(#6293),#6297);
#6293 = LINE('',#6294,#6295);
#6294 = CARTESIAN_POINT('',(0.,0.));
#6295 = VECTOR('',#6296,1.);
#6296 = DIRECTION('',(0.,-1.));
#6297 = ( GEOMETRIC_REPRESENTATION_CONTEXT(2) 
PARAMETRIC_REPRESENTATION_CONTEXT() REPRESENTATION_CONTEXT('2D SPACE',''
  ) );
#6298 = PCURVE('',#6299,#6400);
#6299 = B_SPLINE_SURFACE_WITH_KNOTS('',3,1,(
    (#6300,#6301)
    ,(#6302,#6303)
    ,(#6304,#6305)
    ,(#6306,#6307)
    ,(#6308,#6309)
    ,(#6310,#6311)
    ,(#6312,#6313)
    ,(#6314,#6315)
    ,(#6316,#6317)
    ,(#6318,#6319)
    ,(#6320,#6321)
    ,(#6322,#6323)
    ,(#6324,#6325)
    ,(#6326,#6327)
    ,(#6328,#6329)
    ,(#6330,#6331)
    ,(#6332,#6333)
    ,(#6334,#6335)
    ,(#6336,#6337)
    ,(#6338,#6339)
    ,(#6340,#6341)
    ,(#6342,#6343)
    ,(#6344,#6345)
    ,(#6346,#6347)
    ,(#6348,#6349)
    ,(#6350,#6351)
    ,(#6352,#6353)
    ,(#6354,#6355)
    ,(#6356,#6357)
    ,(#6358,#6359)
    ,(#6360,#6361)
    ,(#6362,#6363)
    ,(#6364,#6365)
    ,(#6366,#6367)
    ,(#6368,#6369)
    ,(#6370,#6371)
    ,(#6372,#6373)
    ,(#6374,#6375)
    ,(#6376,#6377)
    ,(#6378,#6379)
    ,(#6380,#6381)
    ,(#6382,#6383)
    ,(#6384,#6385)
    ,(#6386,#6387)
    ,(#6388,#6389)
    ,(#6390,#6391)
    ,(#6392,#6393)
    ,(#6394,#6395)
    ,(#6396,#6397)
    ,(#6398,#6399
    )),.UNSPECIFIED.,.F.,.F.,.F.,(4,1,1,1,1,1,1,1,1,1,1,1,1,1,1,1,1,1,1,
    1,1,1,1,1,1,1,1,1,1,1,1,1,1,1,1,1,1,1,1,1,1,1,1,1,1,1,1,4),(2,2),(0.
    ,3.010134173011,5.734866089906,8.204243200285,10.280216915947,
    12.332164523515,14.201956865391,15.911237845672,17.363900720308,
    18.819208714806,20.167747400886,21.42468716853,22.515414853025,
    23.632925452475,24.694050367351,25.707901186754,26.608581862701,
    27.552388564938,28.468532489134,29.361872223827,30.169943636586,
    31.030962627216,31.880548884696,32.72227944396,33.495545472128,
    34.332992621126,35.174663745336,36.025783427864,36.825011523752,
    37.711824801461,38.627874308414,39.58148948206,40.502911686362,
    41.554574841448,42.671594637474,43.864256147866,45.041219012251,
    46.408073524505,47.880684921353,49.469922617188,51.049935999727,
    52.894334824252,54.887680127977,57.041280206621,59.18142193199,
    61.675679145654,64.364419403117,67.031728548195),(-22.4,0.),
  .UNSPECIFIED.);
#6300 = CARTESIAN_POINT('',(-41.19768201795,-23.65611516945,22.4));
#6301 = CARTESIAN_POINT('',(-41.19768201795,-23.65611516945,0.));
#6302 = CARTESIAN_POINT('',(-40.59750268534,-24.44027304061,22.4));
#6303 = CARTESIAN_POINT('',(-40.59750268534,-24.44027304061,0.));
#6304 = CARTESIAN_POINT('',(-39.44478458005,-25.99410995634,22.4));
#6305 = CARTESIAN_POINT('',(-39.44478458005,-25.99410995634,0.));
#6306 = CARTESIAN_POINT('',(-37.69570526143,-28.08731026835,22.4));
#6307 = CARTESIAN_POINT('',(-37.69570526143,-28.08731026835,0.));
#6308 = CARTESIAN_POINT('',(-36.06945493721,-29.8873481002,22.4));
#6309 = CARTESIAN_POINT('',(-36.06945493721,-29.8873481002,0.));
#6310 = CARTESIAN_POINT('',(-34.52130940482,-31.44967011713,22.4));
#6311 = CARTESIAN_POINT('',(-34.52130940482,-31.44967011713,0.));
#6312 = CARTESIAN_POINT('',(-33.0480792187,-32.80258215076,22.4));
#6313 = CARTESIAN_POINT('',(-33.0480792187,-32.80258215076,0.));
#6314 = CARTESIAN_POINT('',(-31.59990102154,-33.99810761069,22.4));
#6315 = CARTESIAN_POINT('',(-31.59990102154,-33.99810761069,0.));
#6316 = CARTESIAN_POINT('',(-30.24832331795,-34.99285853606,22.4));
#6317 = CARTESIAN_POINT('',(-30.24832331795,-34.99285853606,0.));
#6318 = CARTESIAN_POINT('',(-28.95871486912,-35.83428625517,22.4));
#6319 = CARTESIAN_POINT('',(-28.95871486912,-35.83428625517,0.));
#6320 = CARTESIAN_POINT('',(-27.72660257715,-36.53968540187,22.4));
#6321 = CARTESIAN_POINT('',(-27.72660257715,-36.53968540187,0.));
#6322 = CARTESIAN_POINT('',(-26.51128317332,-37.13772977299,22.4));
#6323 = CARTESIAN_POINT('',(-26.51128317332,-37.13772977299,0.));
#6324 = CARTESIAN_POINT('',(-25.3723924963,-37.61004783571,22.4));
#6325 = CARTESIAN_POINT('',(-25.3723924963,-37.61004783571,0.));
#6326 = CARTESIAN_POINT('',(-24.27914343183,-37.98493528241,22.4));
#6327 = CARTESIAN_POINT('',(-24.27914343183,-37.98493528241,0.));
#6328 = CARTESIAN_POINT('',(-23.22732021094,-38.27310362603,22.4));
#6329 = CARTESIAN_POINT('',(-23.22732021094,-38.27310362603,0.));
#6330 = CARTESIAN_POINT('',(-22.18398945201,-38.48644040792,22.4));
#6331 = CARTESIAN_POINT('',(-22.18398945201,-38.48644040792,0.));
#6332 = CARTESIAN_POINT('',(-21.20057753239,-38.62121149492,22.4));
#6333 = CARTESIAN_POINT('',(-21.20057753239,-38.62121149492,0.));
#6334 = CARTESIAN_POINT('',(-20.24981937627,-38.6912129147,22.4));
#6335 = CARTESIAN_POINT('',(-20.24981937627,-38.6912129147,0.));
#6336 = CARTESIAN_POINT('',(-19.32901752529,-38.70164144689,22.4));
#6337 = CARTESIAN_POINT('',(-19.32901752529,-38.70164144689,0.));
#6338 = CARTESIAN_POINT('',(-18.41192295229,-38.65285046237,22.4));
#6339 = CARTESIAN_POINT('',(-18.41192295229,-38.65285046237,0.));
#6340 = CARTESIAN_POINT('',(-17.54481828435,-38.55039798854,22.4));
#6341 = CARTESIAN_POINT('',(-17.54481828435,-38.55039798854,0.));
#6342 = CARTESIAN_POINT('',(-16.70398003906,-38.39742063482,22.4));
#6343 = CARTESIAN_POINT('',(-16.70398003906,-38.39742063482,0.));
#6344 = CARTESIAN_POINT('',(-15.88846513352,-38.19534004862,22.4));
#6345 = CARTESIAN_POINT('',(-15.88846513352,-38.19534004862,0.));
#6346 = CARTESIAN_POINT('',(-15.07752826767,-37.93593258038,22.4));
#6347 = CARTESIAN_POINT('',(-15.07752826767,-37.93593258038,0.));
#6348 = CARTESIAN_POINT('',(-14.31335555887,-37.63253512331,22.4));
#6349 = CARTESIAN_POINT('',(-14.31335555887,-37.63253512331,0.));
#6350 = CARTESIAN_POINT('',(-13.57518526054,-37.27994839134,22.4));
#6351 = CARTESIAN_POINT('',(-13.57518526054,-37.27994839134,0.));
#6352 = CARTESIAN_POINT('',(-12.8632240852,-36.87673095337,22.4));
#6353 = CARTESIAN_POINT('',(-12.8632240852,-36.87673095337,0.));
#6354 = CARTESIAN_POINT('',(-12.1618442515,-36.40686519105,22.4));
#6355 = CARTESIAN_POINT('',(-12.1618442515,-36.40686519105,0.));
#6356 = CARTESIAN_POINT('',(-11.50883528395,-35.89204427852,22.4));
#6357 = CARTESIAN_POINT('',(-11.50883528395,-35.89204427852,0.));
#6358 = CARTESIAN_POINT('',(-10.88605738193,-35.31875103393,22.4));
#6359 = CARTESIAN_POINT('',(-10.88605738193,-35.31875103393,0.));
#6360 = CARTESIAN_POINT('',(-10.29505200315,-34.68255508534,22.4));
#6361 = CARTESIAN_POINT('',(-10.29505200315,-34.68255508534,0.));
#6362 = CARTESIAN_POINT('',(-9.726625133919,-33.95933715265,22.4));
#6363 = CARTESIAN_POINT('',(-9.726625133919,-33.95933715265,0.));
#6364 = CARTESIAN_POINT('',(-9.213707406018,-33.18183456993,22.4));
#6365 = CARTESIAN_POINT('',(-9.213707406018,-33.18183456993,0.));
#6366 = CARTESIAN_POINT('',(-8.742330489725,-32.32667702011,22.4));
#6367 = CARTESIAN_POINT('',(-8.742330489725,-32.32667702011,0.));
#6368 = CARTESIAN_POINT('',(-8.316968499721,-31.38728553441,22.4));
#6369 = CARTESIAN_POINT('',(-8.316968499721,-31.38728553441,0.));
#6370 = CARTESIAN_POINT('',(-7.93809362255,-30.33168040367,22.4));
#6371 = CARTESIAN_POINT('',(-7.93809362255,-30.33168040367,0.));
#6372 = CARTESIAN_POINT('',(-7.628710068421,-29.21012356943,22.4));
#6373 = CARTESIAN_POINT('',(-7.628710068421,-29.21012356943,0.));
#6374 = CARTESIAN_POINT('',(-7.394409398782,-27.98564911256,22.4));
#6375 = CARTESIAN_POINT('',(-7.394409398782,-27.98564911256,0.));
#6376 = CARTESIAN_POINT('',(-7.241834177369,-26.65438801547,22.4));
#6377 = CARTESIAN_POINT('',(-7.241834177369,-26.65438801547,0.));
#6378 = CARTESIAN_POINT('',(-7.172534579738,-25.17872438886,22.4));
#6379 = CARTESIAN_POINT('',(-7.172534579738,-25.17872438886,0.));
#6380 = CARTESIAN_POINT('',(-7.202023820633,-23.63064158176,22.4));
#6381 = CARTESIAN_POINT('',(-7.202023820633,-23.63064158176,0.));
#6382 = CARTESIAN_POINT('',(-7.333571741476,-21.96369747304,22.4));
#6383 = CARTESIAN_POINT('',(-7.333571741476,-21.96369747304,0.));
#6384 = CARTESIAN_POINT('',(-7.578896463739,-20.17376319876,22.4));
#6385 = CARTESIAN_POINT('',(-7.578896463739,-20.17376319876,0.));
#6386 = CARTESIAN_POINT('',(-7.962725754083,-18.21153838216,22.4));
#6387 = CARTESIAN_POINT('',(-7.962725754083,-18.21153838216,0.));
#6388 = CARTESIAN_POINT('',(-8.473684888989,-16.18352049883,22.4));
#6389 = CARTESIAN_POINT('',(-8.473684888989,-16.18352049883,0.));
#6390 = CARTESIAN_POINT('',(-9.144462101168,-13.99955768506,22.4));
#6391 = CARTESIAN_POINT('',(-9.144462101168,-13.99955768506,0.));
#6392 = CARTESIAN_POINT('',(-9.932823367122,-11.78847678433,22.4));
#6393 = CARTESIAN_POINT('',(-9.932823367122,-11.78847678433,0.));
#6394 = CARTESIAN_POINT('',(-11.09108510233,-9.011915653887,22.4));
#6395 = CARTESIAN_POINT('',(-11.09108510233,-9.011915653887,0.));
#6396 = CARTESIAN_POINT('',(-11.45817653937,-8.292958249965,22.4));
#6397 = CARTESIAN_POINT('',(-11.45817653937,-8.292958249965,0.));
#6398 = CARTESIAN_POINT('',(-12.11628438599,-6.883805996763,22.4));
#6399 = CARTESIAN_POINT('',(-12.11628438599,-6.883805996763,0.));
#6400 = DEFINITIONAL_REPRESENTATION('',(#6401),#6405);
#6401 = LINE('',#6402,#6403);
#6402 = CARTESIAN_POINT('',(67.031728548195,0.));
#6403 = VECTOR('',#6404,1.);
#6404 = DIRECTION('',(0.,-1.));
#6405 = ( GEOMETRIC_REPRESENTATION_CONTEXT(2) 
PARAMETRIC_REPRESENTATION_CONTEXT() REPRESENTATION_CONTEXT('2D SPACE',''
  ) );
#6406 = ORIENTED_EDGE('',*,*,#6407,.T.);
#6407 = EDGE_CURVE('',#6284,#6020,#6408,.T.);
#6408 = SURFACE_CURVE('',#6409,(#6413,#6420),.PCURVE_S1.);
#6409 = LINE('',#6410,#6411);
#6410 = CARTESIAN_POINT('',(-12.11628438599,-6.883805996763,22.4));
#6411 = VECTOR('',#6412,1.);
#6412 = DIRECTION('',(4.458338040621E-02,0.999005666746,0.));
#6413 = PCURVE('',#6035,#6414);
#6414 = DEFINITIONAL_REPRESENTATION('',(#6415),#6419);
#6415 = LINE('',#6416,#6417);
#6416 = CARTESIAN_POINT('',(0.,-22.4));
#6417 = VECTOR('',#6418,1.);
#6418 = DIRECTION('',(1.,0.));
#6419 = ( GEOMETRIC_REPRESENTATION_CONTEXT(2) 
PARAMETRIC_REPRESENTATION_CONTEXT() REPRESENTATION_CONTEXT('2D SPACE',''
  ) );
#6420 = PCURVE('',#66,#6421);
#6421 = DEFINITIONAL_REPRESENTATION('',(#6422),#6426);
#6422 = LINE('',#6423,#6424);
#6423 = CARTESIAN_POINT('',(-12.11628438599,-6.883805996763));
#6424 = VECTOR('',#6425,1.);
#6425 = DIRECTION('',(4.458338040621E-02,0.999005666746));
#6426 = ( GEOMETRIC_REPRESENTATION_CONTEXT(2) 
PARAMETRIC_REPRESENTATION_CONTEXT() REPRESENTATION_CONTEXT('2D SPACE',''
  ) );
#6427 = ORIENTED_EDGE('',*,*,#6017,.F.);
#6428 = ORIENTED_EDGE('',*,*,#6429,.F.);
#6429 = EDGE_CURVE('',#6282,#6018,#6430,.T.);
#6430 = SURFACE_CURVE('',#6431,(#6435,#6442),.PCURVE_S1.);
#6431 = LINE('',#6432,#6433);
#6432 = CARTESIAN_POINT('',(-12.11628438599,-6.883805996763,0.));
#6433 = VECTOR('',#6434,1.);
#6434 = DIRECTION('',(4.458338040621E-02,0.999005666746,0.));
#6435 = PCURVE('',#6035,#6436);
#6436 = DEFINITIONAL_REPRESENTATION('',(#6437),#6441);
#6437 = LINE('',#6438,#6439);
#6438 = CARTESIAN_POINT('',(0.,0.));
#6439 = VECTOR('',#6440,1.);
#6440 = DIRECTION('',(1.,0.));
#6441 = ( GEOMETRIC_REPRESENTATION_CONTEXT(2) 
PARAMETRIC_REPRESENTATION_CONTEXT() REPRESENTATION_CONTEXT('2D SPACE',''
  ) );
#6442 = PCURVE('',#94,#6443);
#6443 = DEFINITIONAL_REPRESENTATION('',(#6444),#6448);
#6444 = LINE('',#6445,#6446);
#6445 = CARTESIAN_POINT('',(-12.11628438599,-6.883805996763));
#6446 = VECTOR('',#6447,1.);
#6447 = DIRECTION('',(4.458338040621E-02,0.999005666746));
#6448 = ( GEOMETRIC_REPRESENTATION_CONTEXT(2) 
PARAMETRIC_REPRESENTATION_CONTEXT() REPRESENTATION_CONTEXT('2D SPACE',''
  ) );
#6449 = ADVANCED_FACE('',(#6450),#6299,.T.);
#6450 = FACE_BOUND('',#6451,.T.);
#6451 = EDGE_LOOP('',(#6452,#6477,#6592,#6593));
#6452 = ORIENTED_EDGE('',*,*,#6453,.T.);
#6453 = EDGE_CURVE('',#6454,#6456,#6458,.T.);
#6454 = VERTEX_POINT('',#6455);
#6455 = CARTESIAN_POINT('',(-41.19768201795,-23.65611516945,0.));
#6456 = VERTEX_POINT('',#6457);
#6457 = CARTESIAN_POINT('',(-41.19768201795,-23.65611516945,22.4));
#6458 = SURFACE_CURVE('',#6459,(#6463,#6470),.PCURVE_S1.);
#6459 = LINE('',#6460,#6461);
#6460 = CARTESIAN_POINT('',(-41.19768201795,-23.65611516945,0.));
#6461 = VECTOR('',#6462,1.);
#6462 = DIRECTION('',(0.,0.,1.));
#6463 = PCURVE('',#6299,#6464);
#6464 = DEFINITIONAL_REPRESENTATION('',(#6465),#6469);
#6465 = LINE('',#6466,#6467);
#6466 = CARTESIAN_POINT('',(0.,0.));
#6467 = VECTOR('',#6468,1.);
#6468 = DIRECTION('',(0.,-1.));
#6469 = ( GEOMETRIC_REPRESENTATION_CONTEXT(2) 
PARAMETRIC_REPRESENTATION_CONTEXT() REPRESENTATION_CONTEXT('2D SPACE',''
  ) );
#6470 = PCURVE('',#5980,#6471);
#6471 = DEFINITIONAL_REPRESENTATION('',(#6472),#6476);
#6472 = LINE('',#6473,#6474);
#6473 = CARTESIAN_POINT('',(5.343068391951,0.));
#6474 = VECTOR('',#6475,1.);
#6475 = DIRECTION('',(0.,-1.));
#6476 = ( GEOMETRIC_REPRESENTATION_CONTEXT(2) 
PARAMETRIC_REPRESENTATION_CONTEXT() REPRESENTATION_CONTEXT('2D SPACE',''
  ) );
#6477 = ORIENTED_EDGE('',*,*,#6478,.T.);
#6478 = EDGE_CURVE('',#6456,#6284,#6479,.T.);
#6479 = SURFACE_CURVE('',#6480,(#6531,#6538),.PCURVE_S1.);
#6480 = B_SPLINE_CURVE_WITH_KNOTS('',3,(#6481,#6482,#6483,#6484,#6485,
    #6486,#6487,#6488,#6489,#6490,#6491,#6492,#6493,#6494,#6495,#6496,
    #6497,#6498,#6499,#6500,#6501,#6502,#6503,#6504,#6505,#6506,#6507,
    #6508,#6509,#6510,#6511,#6512,#6513,#6514,#6515,#6516,#6517,#6518,
    #6519,#6520,#6521,#6522,#6523,#6524,#6525,#6526,#6527,#6528,#6529,
    #6530),.UNSPECIFIED.,.F.,.F.,(4,1,1,1,1,1,1,1,1,1,1,1,1,1,1,1,1,1,1,
    1,1,1,1,1,1,1,1,1,1,1,1,1,1,1,1,1,1,1,1,1,1,1,1,1,1,1,1,4),(0.,
    3.010134173011,5.734866089906,8.204243200285,10.280216915947,
    12.332164523515,14.201956865391,15.911237845672,17.363900720308,
    18.819208714806,20.167747400886,21.42468716853,22.515414853025,
    23.632925452475,24.694050367351,25.707901186754,26.608581862701,
    27.552388564938,28.468532489134,29.361872223827,30.169943636586,
    31.030962627216,31.880548884696,32.72227944396,33.495545472128,
    34.332992621126,35.174663745336,36.025783427864,36.825011523752,
    37.711824801461,38.627874308414,39.58148948206,40.502911686362,
    41.554574841448,42.671594637474,43.864256147866,45.041219012251,
    46.408073524505,47.880684921353,49.469922617188,51.049935999727,
    52.894334824252,54.887680127977,57.041280206621,59.18142193199,
    61.675679145654,64.364419403117,67.031728548195),.UNSPECIFIED.);
#6481 = CARTESIAN_POINT('',(-41.19768201795,-23.65611516945,22.4));
#6482 = CARTESIAN_POINT('',(-40.59750268534,-24.44027304061,22.4));
#6483 = CARTESIAN_POINT('',(-39.44478458005,-25.99410995634,22.4));
#6484 = CARTESIAN_POINT('',(-37.69570526143,-28.08731026835,22.4));
#6485 = CARTESIAN_POINT('',(-36.06945493721,-29.8873481002,22.4));
#6486 = CARTESIAN_POINT('',(-34.52130940482,-31.44967011713,22.4));
#6487 = CARTESIAN_POINT('',(-33.0480792187,-32.80258215076,22.4));
#6488 = CARTESIAN_POINT('',(-31.59990102154,-33.99810761069,22.4));
#6489 = CARTESIAN_POINT('',(-30.24832331795,-34.99285853606,22.4));
#6490 = CARTESIAN_POINT('',(-28.95871486912,-35.83428625517,22.4));
#6491 = CARTESIAN_POINT('',(-27.72660257715,-36.53968540187,22.4));
#6492 = CARTESIAN_POINT('',(-26.51128317332,-37.13772977299,22.4));
#6493 = CARTESIAN_POINT('',(-25.3723924963,-37.61004783571,22.4));
#6494 = CARTESIAN_POINT('',(-24.27914343183,-37.98493528241,22.4));
#6495 = CARTESIAN_POINT('',(-23.22732021094,-38.27310362603,22.4));
#6496 = CARTESIAN_POINT('',(-22.18398945201,-38.48644040792,22.4));
#6497 = CARTESIAN_POINT('',(-21.20057753239,-38.62121149492,22.4));
#6498 = CARTESIAN_POINT('',(-20.24981937627,-38.6912129147,22.4));
#6499 = CARTESIAN_POINT('',(-19.32901752529,-38.70164144689,22.4));
#6500 = CARTESIAN_POINT('',(-18.41192295229,-38.65285046237,22.4));
#6501 = CARTESIAN_POINT('',(-17.54481828435,-38.55039798854,22.4));
#6502 = CARTESIAN_POINT('',(-16.70398003906,-38.39742063482,22.4));
#6503 = CARTESIAN_POINT('',(-15.88846513352,-38.19534004862,22.4));
#6504 = CARTESIAN_POINT('',(-15.07752826767,-37.93593258038,22.4));
#6505 = CARTESIAN_POINT('',(-14.31335555887,-37.63253512331,22.4));
#6506 = CARTESIAN_POINT('',(-13.57518526054,-37.27994839134,22.4));
#6507 = CARTESIAN_POINT('',(-12.8632240852,-36.87673095337,22.4));
#6508 = CARTESIAN_POINT('',(-12.1618442515,-36.40686519105,22.4));
#6509 = CARTESIAN_POINT('',(-11.50883528395,-35.89204427852,22.4));
#6510 = CARTESIAN_POINT('',(-10.88605738193,-35.31875103393,22.4));
#6511 = CARTESIAN_POINT('',(-10.29505200315,-34.68255508534,22.4));
#6512 = CARTESIAN_POINT('',(-9.726625133919,-33.95933715265,22.4));
#6513 = CARTESIAN_POINT('',(-9.213707406018,-33.18183456993,22.4));
#6514 = CARTESIAN_POINT('',(-8.742330489725,-32.32667702011,22.4));
#6515 = CARTESIAN_POINT('',(-8.316968499721,-31.38728553441,22.4));
#6516 = CARTESIAN_POINT('',(-7.93809362255,-30.33168040367,22.4));
#6517 = CARTESIAN_POINT('',(-7.628710068421,-29.21012356943,22.4));
#6518 = CARTESIAN_POINT('',(-7.394409398782,-27.98564911256,22.4));
#6519 = CARTESIAN_POINT('',(-7.241834177369,-26.65438801547,22.4));
#6520 = CARTESIAN_POINT('',(-7.172534579738,-25.17872438886,22.4));
#6521 = CARTESIAN_POINT('',(-7.202023820633,-23.63064158176,22.4));
#6522 = CARTESIAN_POINT('',(-7.333571741476,-21.96369747304,22.4));
#6523 = CARTESIAN_POINT('',(-7.578896463739,-20.17376319876,22.4));
#6524 = CARTESIAN_POINT('',(-7.962725754083,-18.21153838216,22.4));
#6525 = CARTESIAN_POINT('',(-8.473684888989,-16.18352049883,22.4));
#6526 = CARTESIAN_POINT('',(-9.144462101168,-13.99955768506,22.4));
#6527 = CARTESIAN_POINT('',(-9.932823367122,-11.78847678433,22.4));
#6528 = CARTESIAN_POINT('',(-11.09108510233,-9.011915653887,22.4));
#6529 = CARTESIAN_POINT('',(-11.45817653937,-8.292958249965,22.4));
#6530 = CARTESIAN_POINT('',(-12.11628438599,-6.883805996763,22.4));
#6531 = PCURVE('',#6299,#6532);
#6532 = DEFINITIONAL_REPRESENTATION('',(#6533),#6537);
#6533 = LINE('',#6534,#6535);
#6534 = CARTESIAN_POINT('',(0.,-22.4));
#6535 = VECTOR('',#6536,1.);
#6536 = DIRECTION('',(1.,0.));
#6537 = ( GEOMETRIC_REPRESENTATION_CONTEXT(2) 
PARAMETRIC_REPRESENTATION_CONTEXT() REPRESENTATION_CONTEXT('2D SPACE',''
  ) );
#6538 = PCURVE('',#66,#6539);
#6539 = DEFINITIONAL_REPRESENTATION('',(#6540),#6591);
#6540 = B_SPLINE_CURVE_WITH_KNOTS('',3,(#6541,#6542,#6543,#6544,#6545,
    #6546,#6547,#6548,#6549,#6550,#6551,#6552,#6553,#6554,#6555,#6556,
    #6557,#6558,#6559,#6560,#6561,#6562,#6563,#6564,#6565,#6566,#6567,
    #6568,#6569,#6570,#6571,#6572,#6573,#6574,#6575,#6576,#6577,#6578,
    #6579,#6580,#6581,#6582,#6583,#6584,#6585,#6586,#6587,#6588,#6589,
    #6590),.UNSPECIFIED.,.F.,.F.,(4,1,1,1,1,1,1,1,1,1,1,1,1,1,1,1,1,1,1,
    1,1,1,1,1,1,1,1,1,1,1,1,1,1,1,1,1,1,1,1,1,1,1,1,1,1,1,1,4),(0.,
    3.010134173011,5.734866089906,8.204243200285,10.280216915947,
    12.332164523515,14.201956865391,15.911237845672,17.363900720308,
    18.819208714806,20.167747400886,21.42468716853,22.515414853025,
    23.632925452475,24.694050367351,25.707901186754,26.608581862701,
    27.552388564938,28.468532489134,29.361872223827,30.169943636586,
    31.030962627216,31.880548884696,32.72227944396,33.495545472128,
    34.332992621126,35.174663745336,36.025783427864,36.825011523752,
    37.711824801461,38.627874308414,39.58148948206,40.502911686362,
    41.554574841448,42.671594637474,43.864256147866,45.041219012251,
    46.408073524505,47.880684921353,49.469922617188,51.049935999727,
    52.894334824252,54.887680127977,57.041280206621,59.18142193199,
    61.675679145654,64.364419403117,67.031728548195),.UNSPECIFIED.);
#6541 = CARTESIAN_POINT('',(-41.19768201795,-23.65611516945));
#6542 = CARTESIAN_POINT('',(-40.59750268534,-24.44027304061));
#6543 = CARTESIAN_POINT('',(-39.44478458005,-25.99410995634));
#6544 = CARTESIAN_POINT('',(-37.69570526143,-28.08731026835));
#6545 = CARTESIAN_POINT('',(-36.06945493721,-29.8873481002));
#6546 = CARTESIAN_POINT('',(-34.52130940482,-31.44967011713));
#6547 = CARTESIAN_POINT('',(-33.0480792187,-32.80258215076));
#6548 = CARTESIAN_POINT('',(-31.59990102154,-33.99810761069));
#6549 = CARTESIAN_POINT('',(-30.24832331795,-34.99285853606));
#6550 = CARTESIAN_POINT('',(-28.95871486912,-35.83428625517));
#6551 = CARTESIAN_POINT('',(-27.72660257715,-36.53968540187));
#6552 = CARTESIAN_POINT('',(-26.51128317332,-37.13772977299));
#6553 = CARTESIAN_POINT('',(-25.3723924963,-37.61004783571));
#6554 = CARTESIAN_POINT('',(-24.27914343183,-37.98493528241));
#6555 = CARTESIAN_POINT('',(-23.22732021094,-38.27310362603));
#6556 = CARTESIAN_POINT('',(-22.18398945201,-38.48644040792));
#6557 = CARTESIAN_POINT('',(-21.20057753239,-38.62121149492));
#6558 = CARTESIAN_POINT('',(-20.24981937627,-38.6912129147));
#6559 = CARTESIAN_POINT('',(-19.32901752529,-38.70164144689));
#6560 = CARTESIAN_POINT('',(-18.41192295229,-38.65285046237));
#6561 = CARTESIAN_POINT('',(-17.54481828435,-38.55039798854));
#6562 = CARTESIAN_POINT('',(-16.70398003906,-38.39742063482));
#6563 = CARTESIAN_POINT('',(-15.88846513352,-38.19534004862));
#6564 = CARTESIAN_POINT('',(-15.07752826767,-37.93593258038));
#6565 = CARTESIAN_POINT('',(-14.31335555887,-37.63253512331));
#6566 = CARTESIAN_POINT('',(-13.57518526054,-37.27994839134));
#6567 = CARTESIAN_POINT('',(-12.8632240852,-36.87673095337));
#6568 = CARTESIAN_POINT('',(-12.1618442515,-36.40686519105));
#6569 = CARTESIAN_POINT('',(-11.50883528395,-35.89204427852));
#6570 = CARTESIAN_POINT('',(-10.88605738193,-35.31875103393));
#6571 = CARTESIAN_POINT('',(-10.29505200315,-34.68255508534));
#6572 = CARTESIAN_POINT('',(-9.726625133919,-33.95933715265));
#6573 = CARTESIAN_POINT('',(-9.213707406018,-33.18183456993));
#6574 = CARTESIAN_POINT('',(-8.742330489725,-32.32667702011));
#6575 = CARTESIAN_POINT('',(-8.316968499721,-31.38728553441));
#6576 = CARTESIAN_POINT('',(-7.93809362255,-30.33168040367));
#6577 = CARTESIAN_POINT('',(-7.628710068421,-29.21012356943));
#6578 = CARTESIAN_POINT('',(-7.394409398782,-27.98564911256));
#6579 = CARTESIAN_POINT('',(-7.241834177369,-26.65438801547));
#6580 = CARTESIAN_POINT('',(-7.172534579738,-25.17872438886));
#6581 = CARTESIAN_POINT('',(-7.202023820633,-23.63064158176));
#6582 = CARTESIAN_POINT('',(-7.333571741476,-21.96369747304));
#6583 = CARTESIAN_POINT('',(-7.578896463739,-20.17376319876));
#6584 = CARTESIAN_POINT('',(-7.962725754083,-18.21153838216));
#6585 = CARTESIAN_POINT('',(-8.473684888989,-16.18352049883));
#6586 = CARTESIAN_POINT('',(-9.144462101168,-13.99955768506));
#6587 = CARTESIAN_POINT('',(-9.932823367122,-11.78847678433));
#6588 = CARTESIAN_POINT('',(-11.09108510233,-9.011915653887));
#6589 = CARTESIAN_POINT('',(-11.45817653937,-8.292958249965));
#6590 = CARTESIAN_POINT('',(-12.11628438599,-6.883805996763));
#6591 = ( GEOMETRIC_REPRESENTATION_CONTEXT(2) 
PARAMETRIC_REPRESENTATION_CONTEXT() REPRESENTATION_CONTEXT('2D SPACE',''
  ) );
#6592 = ORIENTED_EDGE('',*,*,#6281,.F.);
#6593 = ORIENTED_EDGE('',*,*,#6594,.F.);
#6594 = EDGE_CURVE('',#6454,#6282,#6595,.T.);
#6595 = SURFACE_CURVE('',#6596,(#6647,#6654),.PCURVE_S1.);
#6596 = B_SPLINE_CURVE_WITH_KNOTS('',3,(#6597,#6598,#6599,#6600,#6601,
    #6602,#6603,#6604,#6605,#6606,#6607,#6608,#6609,#6610,#6611,#6612,
    #6613,#6614,#6615,#6616,#6617,#6618,#6619,#6620,#6621,#6622,#6623,
    #6624,#6625,#6626,#6627,#6628,#6629,#6630,#6631,#6632,#6633,#6634,
    #6635,#6636,#6637,#6638,#6639,#6640,#6641,#6642,#6643,#6644,#6645,
    #6646),.UNSPECIFIED.,.F.,.F.,(4,1,1,1,1,1,1,1,1,1,1,1,1,1,1,1,1,1,1,
    1,1,1,1,1,1,1,1,1,1,1,1,1,1,1,1,1,1,1,1,1,1,1,1,1,1,1,1,4),(0.,
    3.010134173011,5.734866089906,8.204243200285,10.280216915947,
    12.332164523515,14.201956865391,15.911237845672,17.363900720308,
    18.819208714806,20.167747400886,21.42468716853,22.515414853025,
    23.632925452475,24.694050367351,25.707901186754,26.608581862701,
    27.552388564938,28.468532489134,29.361872223827,30.169943636586,
    31.030962627216,31.880548884696,32.72227944396,33.495545472128,
    34.332992621126,35.174663745336,36.025783427864,36.825011523752,
    37.711824801461,38.627874308414,39.58148948206,40.502911686362,
    41.554574841448,42.671594637474,43.864256147866,45.041219012251,
    46.408073524505,47.880684921353,49.469922617188,51.049935999727,
    52.894334824252,54.887680127977,57.041280206621,59.18142193199,
    61.675679145654,64.364419403117,67.031728548195),.UNSPECIFIED.);
#6597 = CARTESIAN_POINT('',(-41.19768201795,-23.65611516945,0.));
#6598 = CARTESIAN_POINT('',(-40.59750268534,-24.44027304061,0.));
#6599 = CARTESIAN_POINT('',(-39.44478458005,-25.99410995634,0.));
#6600 = CARTESIAN_POINT('',(-37.69570526143,-28.08731026835,0.));
#6601 = CARTESIAN_POINT('',(-36.06945493721,-29.8873481002,0.));
#6602 = CARTESIAN_POINT('',(-34.52130940482,-31.44967011713,0.));
#6603 = CARTESIAN_POINT('',(-33.0480792187,-32.80258215076,0.));
#6604 = CARTESIAN_POINT('',(-31.59990102154,-33.99810761069,0.));
#6605 = CARTESIAN_POINT('',(-30.24832331795,-34.99285853606,0.));
#6606 = CARTESIAN_POINT('',(-28.95871486912,-35.83428625517,0.));
#6607 = CARTESIAN_POINT('',(-27.72660257715,-36.53968540187,0.));
#6608 = CARTESIAN_POINT('',(-26.51128317332,-37.13772977299,0.));
#6609 = CARTESIAN_POINT('',(-25.3723924963,-37.61004783571,0.));
#6610 = CARTESIAN_POINT('',(-24.27914343183,-37.98493528241,0.));
#6611 = CARTESIAN_POINT('',(-23.22732021094,-38.27310362603,0.));
#6612 = CARTESIAN_POINT('',(-22.18398945201,-38.48644040792,0.));
#6613 = CARTESIAN_POINT('',(-21.20057753239,-38.62121149492,0.));
#6614 = CARTESIAN_POINT('',(-20.24981937627,-38.6912129147,0.));
#6615 = CARTESIAN_POINT('',(-19.32901752529,-38.70164144689,0.));
#6616 = CARTESIAN_POINT('',(-18.41192295229,-38.65285046237,0.));
#6617 = CARTESIAN_POINT('',(-17.54481828435,-38.55039798854,0.));
#6618 = CARTESIAN_POINT('',(-16.70398003906,-38.39742063482,0.));
#6619 = CARTESIAN_POINT('',(-15.88846513352,-38.19534004862,0.));
#6620 = CARTESIAN_POINT('',(-15.07752826767,-37.93593258038,0.));
#6621 = CARTESIAN_POINT('',(-14.31335555887,-37.63253512331,0.));
#6622 = CARTESIAN_POINT('',(-13.57518526054,-37.27994839134,0.));
#6623 = CARTESIAN_POINT('',(-12.8632240852,-36.87673095337,0.));
#6624 = CARTESIAN_POINT('',(-12.1618442515,-36.40686519105,0.));
#6625 = CARTESIAN_POINT('',(-11.50883528395,-35.89204427852,0.));
#6626 = CARTESIAN_POINT('',(-10.88605738193,-35.31875103393,0.));
#6627 = CARTESIAN_POINT('',(-10.29505200315,-34.68255508534,0.));
#6628 = CARTESIAN_POINT('',(-9.726625133919,-33.95933715265,0.));
#6629 = CARTESIAN_POINT('',(-9.213707406018,-33.18183456993,0.));
#6630 = CARTESIAN_POINT('',(-8.742330489725,-32.32667702011,0.));
#6631 = CARTESIAN_POINT('',(-8.316968499721,-31.38728553441,0.));
#6632 = CARTESIAN_POINT('',(-7.93809362255,-30.33168040367,0.));
#6633 = CARTESIAN_POINT('',(-7.628710068421,-29.21012356943,0.));
#6634 = CARTESIAN_POINT('',(-7.394409398782,-27.98564911256,0.));
#6635 = CARTESIAN_POINT('',(-7.241834177369,-26.65438801547,0.));
#6636 = CARTESIAN_POINT('',(-7.172534579738,-25.17872438886,0.));
#6637 = CARTESIAN_POINT('',(-7.202023820633,-23.63064158176,0.));
#6638 = CARTESIAN_POINT('',(-7.333571741476,-21.96369747304,0.));
#6639 = CARTESIAN_POINT('',(-7.578896463739,-20.17376319876,0.));
#6640 = CARTESIAN_POINT('',(-7.962725754083,-18.21153838216,0.));
#6641 = CARTESIAN_POINT('',(-8.473684888989,-16.18352049883,0.));
#6642 = CARTESIAN_POINT('',(-9.144462101168,-13.99955768506,0.));
#6643 = CARTESIAN_POINT('',(-9.932823367122,-11.78847678433,0.));
#6644 = CARTESIAN_POINT('',(-11.09108510233,-9.011915653887,0.));
#6645 = CARTESIAN_POINT('',(-11.45817653937,-8.292958249965,0.));
#6646 = CARTESIAN_POINT('',(-12.11628438599,-6.883805996763,0.));
#6647 = PCURVE('',#6299,#6648);
#6648 = DEFINITIONAL_REPRESENTATION('',(#6649),#6653);
#6649 = LINE('',#6650,#6651);
#6650 = CARTESIAN_POINT('',(0.,0.));
#6651 = VECTOR('',#6652,1.);
#6652 = DIRECTION('',(1.,0.));
#6653 = ( GEOMETRIC_REPRESENTATION_CONTEXT(2) 
PARAMETRIC_REPRESENTATION_CONTEXT() REPRESENTATION_CONTEXT('2D SPACE',''
  ) );
#6654 = PCURVE('',#94,#6655);
#6655 = DEFINITIONAL_REPRESENTATION('',(#6656),#6707);
#6656 = B_SPLINE_CURVE_WITH_KNOTS('',3,(#6657,#6658,#6659,#6660,#6661,
    #6662,#6663,#6664,#6665,#6666,#6667,#6668,#6669,#6670,#6671,#6672,
    #6673,#6674,#6675,#6676,#6677,#6678,#6679,#6680,#6681,#6682,#6683,
    #6684,#6685,#6686,#6687,#6688,#6689,#6690,#6691,#6692,#6693,#6694,
    #6695,#6696,#6697,#6698,#6699,#6700,#6701,#6702,#6703,#6704,#6705,
    #6706),.UNSPECIFIED.,.F.,.F.,(4,1,1,1,1,1,1,1,1,1,1,1,1,1,1,1,1,1,1,
    1,1,1,1,1,1,1,1,1,1,1,1,1,1,1,1,1,1,1,1,1,1,1,1,1,1,1,1,4),(0.,
    3.010134173011,5.734866089906,8.204243200285,10.280216915947,
    12.332164523515,14.201956865391,15.911237845672,17.363900720308,
    18.819208714806,20.167747400886,21.42468716853,22.515414853025,
    23.632925452475,24.694050367351,25.707901186754,26.608581862701,
    27.552388564938,28.468532489134,29.361872223827,30.169943636586,
    31.030962627216,31.880548884696,32.72227944396,33.495545472128,
    34.332992621126,35.174663745336,36.025783427864,36.825011523752,
    37.711824801461,38.627874308414,39.58148948206,40.502911686362,
    41.554574841448,42.671594637474,43.864256147866,45.041219012251,
    46.408073524505,47.880684921353,49.469922617188,51.049935999727,
    52.894334824252,54.887680127977,57.041280206621,59.18142193199,
    61.675679145654,64.364419403117,67.031728548195),.UNSPECIFIED.);
#6657 = CARTESIAN_POINT('',(-41.19768201795,-23.65611516945));
#6658 = CARTESIAN_POINT('',(-40.59750268534,-24.44027304061));
#6659 = CARTESIAN_POINT('',(-39.44478458005,-25.99410995634));
#6660 = CARTESIAN_POINT('',(-37.69570526143,-28.08731026835));
#6661 = CARTESIAN_POINT('',(-36.06945493721,-29.8873481002));
#6662 = CARTESIAN_POINT('',(-34.52130940482,-31.44967011713));
#6663 = CARTESIAN_POINT('',(-33.0480792187,-32.80258215076));
#6664 = CARTESIAN_POINT('',(-31.59990102154,-33.99810761069));
#6665 = CARTESIAN_POINT('',(-30.24832331795,-34.99285853606));
#6666 = CARTESIAN_POINT('',(-28.95871486912,-35.83428625517));
#6667 = CARTESIAN_POINT('',(-27.72660257715,-36.53968540187));
#6668 = CARTESIAN_POINT('',(-26.51128317332,-37.13772977299));
#6669 = CARTESIAN_POINT('',(-25.3723924963,-37.61004783571));
#6670 = CARTESIAN_POINT('',(-24.27914343183,-37.98493528241));
#6671 = CARTESIAN_POINT('',(-23.22732021094,-38.27310362603));
#6672 = CARTESIAN_POINT('',(-22.18398945201,-38.48644040792));
#6673 = CARTESIAN_POINT('',(-21.20057753239,-38.62121149492));
#6674 = CARTESIAN_POINT('',(-20.24981937627,-38.6912129147));
#6675 = CARTESIAN_POINT('',(-19.32901752529,-38.70164144689));
#6676 = CARTESIAN_POINT('',(-18.41192295229,-38.65285046237));
#6677 = CARTESIAN_POINT('',(-17.54481828435,-38.55039798854));
#6678 = CARTESIAN_POINT('',(-16.70398003906,-38.39742063482));
#6679 = CARTESIAN_POINT('',(-15.88846513352,-38.19534004862));
#6680 = CARTESIAN_POINT('',(-15.07752826767,-37.93593258038));
#6681 = CARTESIAN_POINT('',(-14.31335555887,-37.63253512331));
#6682 = CARTESIAN_POINT('',(-13.57518526054,-37.27994839134));
#6683 = CARTESIAN_POINT('',(-12.8632240852,-36.87673095337));
#6684 = CARTESIAN_POINT('',(-12.1618442515,-36.40686519105));
#6685 = CARTESIAN_POINT('',(-11.50883528395,-35.89204427852));
#6686 = CARTESIAN_POINT('',(-10.88605738193,-35.31875103393));
#6687 = CARTESIAN_POINT('',(-10.29505200315,-34.68255508534));
#6688 = CARTESIAN_POINT('',(-9.726625133919,-33.95933715265));
#6689 = CARTESIAN_POINT('',(-9.213707406018,-33.18183456993));
#6690 = CARTESIAN_POINT('',(-8.742330489725,-32.32667702011));
#6691 = CARTESIAN_POINT('',(-8.316968499721,-31.38728553441));
#6692 = CARTESIAN_POINT('',(-7.93809362255,-30.33168040367));
#6693 = CARTESIAN_POINT('',(-7.628710068421,-29.21012356943));
#6694 = CARTESIAN_POINT('',(-7.394409398782,-27.98564911256));
#6695 = CARTESIAN_POINT('',(-7.241834177369,-26.65438801547));
#6696 = CARTESIAN_POINT('',(-7.172534579738,-25.17872438886));
#6697 = CARTESIAN_POINT('',(-7.202023820633,-23.63064158176));
#6698 = CARTESIAN_POINT('',(-7.333571741476,-21.96369747304));
#6699 = CARTESIAN_POINT('',(-7.578896463739,-20.17376319876));
#6700 = CARTESIAN_POINT('',(-7.962725754083,-18.21153838216));
#6701 = CARTESIAN_POINT('',(-8.473684888989,-16.18352049883));
#6702 = CARTESIAN_POINT('',(-9.144462101168,-13.99955768506));
#6703 = CARTESIAN_POINT('',(-9.932823367122,-11.78847678433));
#6704 = CARTESIAN_POINT('',(-11.09108510233,-9.011915653887));
#6705 = CARTESIAN_POINT('',(-11.45817653937,-8.292958249965));
#6706 = CARTESIAN_POINT('',(-12.11628438599,-6.883805996763));
#6707 = ( GEOMETRIC_REPRESENTATION_CONTEXT(2) 
PARAMETRIC_REPRESENTATION_CONTEXT() REPRESENTATION_CONTEXT('2D SPACE',''
  ) );
#6708 = ADVANCED_FACE('',(#6709),#5980,.T.);
#6709 = FACE_BOUND('',#6710,.T.);
#6710 = EDGE_LOOP('',(#6711,#6712,#6733,#6734));
#6711 = ORIENTED_EDGE('',*,*,#5964,.T.);
#6712 = ORIENTED_EDGE('',*,*,#6713,.T.);
#6713 = EDGE_CURVE('',#5941,#6456,#6714,.T.);
#6714 = SURFACE_CURVE('',#6715,(#6719,#6726),.PCURVE_S1.);
#6715 = LINE('',#6716,#6717);
#6716 = CARTESIAN_POINT('',(-48.14940501469,-14.57371440904,22.4));
#6717 = VECTOR('',#6718,1.);
#6718 = DIRECTION('',(0.607800801718,-0.794089532378,0.));
#6719 = PCURVE('',#5980,#6720);
#6720 = DEFINITIONAL_REPRESENTATION('',(#6721),#6725);
#6721 = LINE('',#6722,#6723);
#6722 = CARTESIAN_POINT('',(-6.094433791482,-22.4));
#6723 = VECTOR('',#6724,1.);
#6724 = DIRECTION('',(1.,0.));
#6725 = ( GEOMETRIC_REPRESENTATION_CONTEXT(2) 
PARAMETRIC_REPRESENTATION_CONTEXT() REPRESENTATION_CONTEXT('2D SPACE',''
  ) );
#6726 = PCURVE('',#66,#6727);
#6727 = DEFINITIONAL_REPRESENTATION('',(#6728),#6732);
#6728 = LINE('',#6729,#6730);
#6729 = CARTESIAN_POINT('',(-48.14940501469,-14.57371440904));
#6730 = VECTOR('',#6731,1.);
#6731 = DIRECTION('',(0.607800801718,-0.794089532378));
#6732 = ( GEOMETRIC_REPRESENTATION_CONTEXT(2) 
PARAMETRIC_REPRESENTATION_CONTEXT() REPRESENTATION_CONTEXT('2D SPACE',''
  ) );
#6733 = ORIENTED_EDGE('',*,*,#6453,.F.);
#6734 = ORIENTED_EDGE('',*,*,#6735,.F.);
#6735 = EDGE_CURVE('',#5965,#6454,#6736,.T.);
#6736 = SURFACE_CURVE('',#6737,(#6741,#6748),.PCURVE_S1.);
#6737 = LINE('',#6738,#6739);
#6738 = CARTESIAN_POINT('',(-48.14940501469,-14.57371440904,0.));
#6739 = VECTOR('',#6740,1.);
#6740 = DIRECTION('',(0.607800801718,-0.794089532378,0.));
#6741 = PCURVE('',#5980,#6742);
#6742 = DEFINITIONAL_REPRESENTATION('',(#6743),#6747);
#6743 = LINE('',#6744,#6745);
#6744 = CARTESIAN_POINT('',(-6.094433791482,-0.));
#6745 = VECTOR('',#6746,1.);
#6746 = DIRECTION('',(1.,0.));
#6747 = ( GEOMETRIC_REPRESENTATION_CONTEXT(2) 
PARAMETRIC_REPRESENTATION_CONTEXT() REPRESENTATION_CONTEXT('2D SPACE',''
  ) );
#6748 = PCURVE('',#94,#6749);
#6749 = DEFINITIONAL_REPRESENTATION('',(#6750),#6754);
#6750 = LINE('',#6751,#6752);
#6751 = CARTESIAN_POINT('',(-48.14940501469,-14.57371440904));
#6752 = VECTOR('',#6753,1.);
#6753 = DIRECTION('',(0.607800801718,-0.794089532378));
#6754 = ( GEOMETRIC_REPRESENTATION_CONTEXT(2) 
PARAMETRIC_REPRESENTATION_CONTEXT() REPRESENTATION_CONTEXT('2D SPACE',''
  ) );
#6755 = ADVANCED_FACE('',(#6756),#6770,.F.);
#6756 = FACE_BOUND('',#6757,.T.);
#6757 = EDGE_LOOP('',(#6758,#6889,#6913,#6941));
#6758 = ORIENTED_EDGE('',*,*,#6759,.T.);
#6759 = EDGE_CURVE('',#6760,#6762,#6764,.T.);
#6760 = VERTEX_POINT('',#6761);
#6761 = CARTESIAN_POINT('',(-46.98596910016,12.023672804875,0.));
#6762 = VERTEX_POINT('',#6763);
#6763 = CARTESIAN_POINT('',(-46.98596910016,12.023672804875,22.4));
#6764 = SURFACE_CURVE('',#6765,(#6769,#6781),.PCURVE_S1.);
#6765 = LINE('',#6766,#6767);
#6766 = CARTESIAN_POINT('',(-46.98596910016,12.023672804875,0.));
#6767 = VECTOR('',#6768,1.);
#6768 = DIRECTION('',(0.,0.,1.));
#6769 = PCURVE('',#6770,#6775);
#6770 = CYLINDRICAL_SURFACE('',#6771,48.5);
#6771 = AXIS2_PLACEMENT_3D('',#6772,#6773,#6774);
#6772 = CARTESIAN_POINT('',(0.,0.,0.));
#6773 = DIRECTION('',(-0.,-0.,-1.));
#6774 = DIRECTION('',(1.,0.,-0.));
#6775 = DEFINITIONAL_REPRESENTATION('',(#6776),#6780);
#6776 = LINE('',#6777,#6778);
#6777 = CARTESIAN_POINT('',(-2.891069537062,0.));
#6778 = VECTOR('',#6779,1.);
#6779 = DIRECTION('',(-0.,-1.));
#6780 = ( GEOMETRIC_REPRESENTATION_CONTEXT(2) 
PARAMETRIC_REPRESENTATION_CONTEXT() REPRESENTATION_CONTEXT('2D SPACE',''
  ) );
#6781 = PCURVE('',#6782,#6883);
#6782 = B_SPLINE_SURFACE_WITH_KNOTS('',3,1,(
    (#6783,#6784)
    ,(#6785,#6786)
    ,(#6787,#6788)
    ,(#6789,#6790)
    ,(#6791,#6792)
    ,(#6793,#6794)
    ,(#6795,#6796)
    ,(#6797,#6798)
    ,(#6799,#6800)
    ,(#6801,#6802)
    ,(#6803,#6804)
    ,(#6805,#6806)
    ,(#6807,#6808)
    ,(#6809,#6810)
    ,(#6811,#6812)
    ,(#6813,#6814)
    ,(#6815,#6816)
    ,(#6817,#6818)
    ,(#6819,#6820)
    ,(#6821,#6822)
    ,(#6823,#6824)
    ,(#6825,#6826)
    ,(#6827,#6828)
    ,(#6829,#6830)
    ,(#6831,#6832)
    ,(#6833,#6834)
    ,(#6835,#6836)
    ,(#6837,#6838)
    ,(#6839,#6840)
    ,(#6841,#6842)
    ,(#6843,#6844)
    ,(#6845,#6846)
    ,(#6847,#6848)
    ,(#6849,#6850)
    ,(#6851,#6852)
    ,(#6853,#6854)
    ,(#6855,#6856)
    ,(#6857,#6858)
    ,(#6859,#6860)
    ,(#6861,#6862)
    ,(#6863,#6864)
    ,(#6865,#6866)
    ,(#6867,#6868)
    ,(#6869,#6870)
    ,(#6871,#6872)
    ,(#6873,#6874)
    ,(#6875,#6876)
    ,(#6877,#6878)
    ,(#6879,#6880)
    ,(#6881,#6882
    )),.UNSPECIFIED.,.F.,.F.,.F.,(4,1,1,1,1,1,1,1,1,1,1,1,1,1,1,1,1,1,1,
    1,1,1,1,1,1,1,1,1,1,1,1,1,1,1,1,1,1,1,1,1,1,1,1,1,1,1,1,4),(2,2),(0.
    ,2.766464139392,5.568319295326,8.177275145496,10.425160909405,
    12.698001103747,14.813706991925,16.784063111389,18.483896399813,
    20.207074900357,21.81810245116,23.327840693167,24.640860133639,
    25.985974841284,27.260500260188,28.473662841808,29.546573791048,
    30.665502050481,31.746604132965,32.796723932319,33.744037531687,
    34.751762028128,35.745458780463,36.730106112805,37.635070035337,
    38.615335519513,39.599805338773,40.592877392801,41.521106716853,
    42.54355210237,43.588460947472,44.661307186429,45.681682040739,
    46.825929386569,48.018033969658,49.266638650819,50.477859791669,
    51.863921967174,53.33914083985,54.917675284274,56.480212616324,
    58.303578905337,60.281721918016,62.435877257802,64.600562295301,
    67.15990258556,69.968318443063,73.053194077155),(-22.4,0.),
  .UNSPECIFIED.);
#6783 = CARTESIAN_POINT('',(-9.977352195207,5.648892920632,22.4));
#6784 = CARTESIAN_POINT('',(-9.977352195207,5.648892920632,0.));
#6785 = CARTESIAN_POINT('',(-10.51176149547,4.917117721303,22.4));
#6786 = CARTESIAN_POINT('',(-10.51176149547,4.917117721303,0.));
#6787 = CARTESIAN_POINT('',(-11.59677807704,3.381514033342,22.4));
#6788 = CARTESIAN_POINT('',(-11.59677807704,3.381514033342,0.));
#6789 = CARTESIAN_POINT('',(-13.30340885684,1.266192554498,22.4));
#6790 = CARTESIAN_POINT('',(-13.30340885684,1.266192554498,0.));
#6791 = CARTESIAN_POINT('',(-14.99157243147,-0.652937544647,22.4));
#6792 = CARTESIAN_POINT('',(-14.99157243147,-0.652937544647,0.));
#6793 = CARTESIAN_POINT('',(-16.64805536102,-2.357667696025,22.4));
#6794 = CARTESIAN_POINT('',(-16.64805536102,-2.357667696025,0.));
#6795 = CARTESIAN_POINT('',(-18.26692571013,-3.866947772078,22.4));
#6796 = CARTESIAN_POINT('',(-18.26692571013,-3.866947772078,0.));
#6797 = CARTESIAN_POINT('',(-19.89428042686,-5.226739915106,22.4));
#6798 = CARTESIAN_POINT('',(-19.89428042686,-5.226739915106,0.));
#6799 = CARTESIAN_POINT('',(-21.44295017967,-6.37806374135,22.4));
#6800 = CARTESIAN_POINT('',(-21.44295017967,-6.37806374135,0.));
#6801 = CARTESIAN_POINT('',(-22.94571847106,-7.366530659752,22.4));
#6802 = CARTESIAN_POINT('',(-22.94571847106,-7.366530659752,0.));
#6803 = CARTESIAN_POINT('',(-24.4013666115,-8.203570555337,22.4));
#6804 = CARTESIAN_POINT('',(-24.4013666115,-8.203570555337,0.));
#6805 = CARTESIAN_POINT('',(-25.851661036,-8.916145549059,22.4));
#6806 = CARTESIAN_POINT('',(-25.851661036,-8.916145549059,0.));
#6807 = CARTESIAN_POINT('',(-27.22172479727,-9.473628573521,22.4));
#6808 = CARTESIAN_POINT('',(-27.22172479727,-9.473628573521,0.));
#6809 = CARTESIAN_POINT('',(-28.54033327048,-9.913606364257,22.4));
#6810 = CARTESIAN_POINT('',(-28.54033327048,-9.913606364257,0.));
#6811 = CARTESIAN_POINT('',(-29.80914549246,-10.24785351828,22.4));
#6812 = CARTESIAN_POINT('',(-29.80914549246,-10.24785351828,0.));
#6813 = CARTESIAN_POINT('',(-31.06793361207,-10.47419604374,22.4));
#6814 = CARTESIAN_POINT('',(-31.06793361207,-10.47419604374,0.));
#6815 = CARTESIAN_POINT('',(-32.25034594947,-10.5909565971,22.4));
#6816 = CARTESIAN_POINT('',(-32.25034594947,-10.5909565971,0.));
#6817 = CARTESIAN_POINT('',(-33.38619411434,-10.61323512593,22.4));
#6818 = CARTESIAN_POINT('',(-33.38619411434,-10.61323512593,0.));
#6819 = CARTESIAN_POINT('',(-34.47649577751,-10.54807337968,22.4));
#6820 = CARTESIAN_POINT('',(-34.47649577751,-10.54807337968,0.));
#6821 = CARTESIAN_POINT('',(-35.55009331318,-10.39390345492,22.4));
#6822 = CARTESIAN_POINT('',(-35.55009331318,-10.39390345492,0.));
#6823 = CARTESIAN_POINT('',(-36.55153548998,-10.16466308267,22.4));
#6824 = CARTESIAN_POINT('',(-36.55153548998,-10.16466308267,0.));
#6825 = CARTESIAN_POINT('',(-37.50842968013,-9.865360056896,22.4));
#6826 = CARTESIAN_POINT('',(-37.50842968013,-9.865360056896,0.));
#6827 = CARTESIAN_POINT('',(-38.42234699074,-9.500817961601,22.4));
#6828 = CARTESIAN_POINT('',(-38.42234699074,-9.500817961601,0.));
#6829 = CARTESIAN_POINT('',(-39.31646800072,-9.061296898977,22.4));
#6830 = CARTESIAN_POINT('',(-39.31646800072,-9.061296898977,0.));
#6831 = CARTESIAN_POINT('',(-40.14559781859,-8.573483216962,22.4));
#6832 = CARTESIAN_POINT('',(-40.14559781859,-8.573483216962,0.));
#6833 = CARTESIAN_POINT('',(-40.93487016334,-8.031759024511,22.4));
#6834 = CARTESIAN_POINT('',(-40.93487016334,-8.031759024511,0.));
#6835 = CARTESIAN_POINT('',(-41.68575433835,-7.437884771838,22.4));
#6836 = CARTESIAN_POINT('',(-41.68575433835,-7.437884771838,0.));
#6837 = CARTESIAN_POINT('',(-42.41603396861,-6.774393559789,22.4));
#6838 = CARTESIAN_POINT('',(-42.41603396861,-6.774393559789,0.));
#6839 = CARTESIAN_POINT('',(-43.08841443414,-6.076210809169,22.4));
#6840 = CARTESIAN_POINT('',(-43.08841443414,-6.076210809169,0.));
#6841 = CARTESIAN_POINT('',(-43.7236346677,-5.327567464674,22.4));
#6842 = CARTESIAN_POINT('',(-43.7236346677,-5.327567464674,0.));
#6843 = CARTESIAN_POINT('',(-44.32138742344,-4.526841376256,22.4));
#6844 = CARTESIAN_POINT('',(-44.32138742344,-4.526841376256,0.));
#6845 = CARTESIAN_POINT('',(-44.89261192074,-3.6488585626,22.4));
#6846 = CARTESIAN_POINT('',(-44.89261192074,-3.6488585626,0.));
#6847 = CARTESIAN_POINT('',(-45.40575262067,-2.736476598302,22.4));
#6848 = CARTESIAN_POINT('',(-45.40575262067,-2.736476598302,0.));
#6849 = CARTESIAN_POINT('',(-45.87557055152,-1.764262932581,22.4));
#6850 = CARTESIAN_POINT('',(-45.87557055152,-1.764262932581,0.));
#6851 = CARTESIAN_POINT('',(-46.29865407,-0.727551311337,22.4));
#6852 = CARTESIAN_POINT('',(-46.29865407,-0.727551311337,0.));
#6853 = CARTESIAN_POINT('',(-46.67707495511,0.406828990312,22.4));
#6854 = CARTESIAN_POINT('',(-46.67707495511,0.406828990312,0.));
#6855 = CARTESIAN_POINT('',(-46.98587683378,1.585239404088,22.4));
#6856 = CARTESIAN_POINT('',(-46.98587683378,1.585239404088,0.));
#6857 = CARTESIAN_POINT('',(-47.23234506366,2.8440556554,22.4));
#6858 = CARTESIAN_POINT('',(-47.23234506366,2.8440556554,0.));
#6859 = CARTESIAN_POINT('',(-47.40924798827,4.19095431662,22.4));
#6860 = CARTESIAN_POINT('',(-47.40924798827,4.19095431662,0.));
#6861 = CARTESIAN_POINT('',(-47.50755451397,5.668614781671,22.4));
#6862 = CARTESIAN_POINT('',(-47.50755451397,5.668614781671,0.));
#6863 = CARTESIAN_POINT('',(-47.51336519804,7.208340474022,22.4));
#6864 = CARTESIAN_POINT('',(-47.51336519804,7.208340474022,0.));
#6865 = CARTESIAN_POINT('',(-47.42331691319,8.86158053805,22.4));
#6866 = CARTESIAN_POINT('',(-47.42331691319,8.86158053805,0.));
#6867 = CARTESIAN_POINT('',(-47.22570579592,10.639323759191,22.4));
#6868 = CARTESIAN_POINT('',(-47.22570579592,10.639323759191,0.));
#6869 = CARTESIAN_POINT('',(-46.89615744167,12.599371020966,22.4));
#6870 = CARTESIAN_POINT('',(-46.89615744167,12.599371020966,0.));
#6871 = CARTESIAN_POINT('',(-46.44186165288,14.64369550493,22.4));
#6872 = CARTESIAN_POINT('',(-46.44186165288,14.64369550493,0.));
#6873 = CARTESIAN_POINT('',(-45.82928049123,16.877984783365,22.4));
#6874 = CARTESIAN_POINT('',(-45.82928049123,16.877984783365,0.));
#6875 = CARTESIAN_POINT('',(-45.09841857346,19.169502008325,22.4));
#6876 = CARTESIAN_POINT('',(-45.09841857346,19.169502008325,0.));
#6877 = CARTESIAN_POINT('',(-43.95045750498,22.245133304455,22.4));
#6878 = CARTESIAN_POINT('',(-43.95045750498,22.245133304455,0.));
#6879 = CARTESIAN_POINT('',(-43.65541376537,22.877531631162,22.4));
#6880 = CARTESIAN_POINT('',(-43.65541376537,22.877531631162,0.));
#6881 = CARTESIAN_POINT('',(-42.91882646651,24.649818380147,22.4));
#6882 = CARTESIAN_POINT('',(-42.91882646651,24.649818380147,0.));
#6883 = DEFINITIONAL_REPRESENTATION('',(#6884),#6888);
#6884 = LINE('',#6885,#6886);
#6885 = CARTESIAN_POINT('',(59.759046788485,0.));
#6886 = VECTOR('',#6887,1.);
#6887 = DIRECTION('',(0.,-1.));
#6888 = ( GEOMETRIC_REPRESENTATION_CONTEXT(2) 
PARAMETRIC_REPRESENTATION_CONTEXT() REPRESENTATION_CONTEXT('2D SPACE',''
  ) );
#6889 = ORIENTED_EDGE('',*,*,#6890,.T.);
#6890 = EDGE_CURVE('',#6762,#6891,#6893,.T.);
#6891 = VERTEX_POINT('',#6892);
#6892 = CARTESIAN_POINT('',(-48.19729535268,5.41024220217,22.4));
#6893 = SURFACE_CURVE('',#6894,(#6899,#6906),.PCURVE_S1.);
#6894 = CIRCLE('',#6895,48.5);
#6895 = AXIS2_PLACEMENT_3D('',#6896,#6897,#6898);
#6896 = CARTESIAN_POINT('',(0.,0.,22.4));
#6897 = DIRECTION('',(0.,0.,1.));
#6898 = DIRECTION('',(1.,0.,-0.));
#6899 = PCURVE('',#6770,#6900);
#6900 = DEFINITIONAL_REPRESENTATION('',(#6901),#6905);
#6901 = LINE('',#6902,#6903);
#6902 = CARTESIAN_POINT('',(-0.,-22.4));
#6903 = VECTOR('',#6904,1.);
#6904 = DIRECTION('',(-1.,0.));
#6905 = ( GEOMETRIC_REPRESENTATION_CONTEXT(2) 
PARAMETRIC_REPRESENTATION_CONTEXT() REPRESENTATION_CONTEXT('2D SPACE',''
  ) );
#6906 = PCURVE('',#66,#6907);
#6907 = DEFINITIONAL_REPRESENTATION('',(#6908),#6912);
#6908 = CIRCLE('',#6909,48.5);
#6909 = AXIS2_PLACEMENT_2D('',#6910,#6911);
#6910 = CARTESIAN_POINT('',(1.75032336965E-15,-3.209892110372E-15));
#6911 = DIRECTION('',(1.,0.));
#6912 = ( GEOMETRIC_REPRESENTATION_CONTEXT(2) 
PARAMETRIC_REPRESENTATION_CONTEXT() REPRESENTATION_CONTEXT('2D SPACE',''
  ) );
#6913 = ORIENTED_EDGE('',*,*,#6914,.F.);
#6914 = EDGE_CURVE('',#6915,#6891,#6917,.T.);
#6915 = VERTEX_POINT('',#6916);
#6916 = CARTESIAN_POINT('',(-48.19729535268,5.41024220217,0.));
#6917 = SURFACE_CURVE('',#6918,(#6922,#6929),.PCURVE_S1.);
#6918 = LINE('',#6919,#6920);
#6919 = CARTESIAN_POINT('',(-48.19729535268,5.41024220217,0.));
#6920 = VECTOR('',#6921,1.);
#6921 = DIRECTION('',(0.,0.,1.));
#6922 = PCURVE('',#6770,#6923);
#6923 = DEFINITIONAL_REPRESENTATION('',(#6924),#6928);
#6924 = LINE('',#6925,#6926);
#6925 = CARTESIAN_POINT('',(-3.029808610592,0.));
#6926 = VECTOR('',#6927,1.);
#6927 = DIRECTION('',(-0.,-1.));
#6928 = ( GEOMETRIC_REPRESENTATION_CONTEXT(2) 
PARAMETRIC_REPRESENTATION_CONTEXT() REPRESENTATION_CONTEXT('2D SPACE',''
  ) );
#6929 = PCURVE('',#6930,#6935);
#6930 = PLANE('',#6931);
#6931 = AXIS2_PLACEMENT_3D('',#6932,#6933,#6934);
#6932 = CARTESIAN_POINT('',(-48.19729535268,5.41024220217,0.));
#6933 = DIRECTION('',(0.991602108777,0.129326168539,-0.));
#6934 = DIRECTION('',(0.129326168539,-0.991602108777,0.));
#6935 = DEFINITIONAL_REPRESENTATION('',(#6936),#6940);
#6936 = LINE('',#6937,#6938);
#6937 = CARTESIAN_POINT('',(0.,0.));
#6938 = VECTOR('',#6939,1.);
#6939 = DIRECTION('',(0.,-1.));
#6940 = ( GEOMETRIC_REPRESENTATION_CONTEXT(2) 
PARAMETRIC_REPRESENTATION_CONTEXT() REPRESENTATION_CONTEXT('2D SPACE',''
  ) );
#6941 = ORIENTED_EDGE('',*,*,#6942,.F.);
#6942 = EDGE_CURVE('',#6760,#6915,#6943,.T.);
#6943 = SURFACE_CURVE('',#6944,(#6949,#6956),.PCURVE_S1.);
#6944 = CIRCLE('',#6945,48.5);
#6945 = AXIS2_PLACEMENT_3D('',#6946,#6947,#6948);
#6946 = CARTESIAN_POINT('',(0.,0.,0.));
#6947 = DIRECTION('',(0.,0.,1.));
#6948 = DIRECTION('',(1.,0.,-0.));
#6949 = PCURVE('',#6770,#6950);
#6950 = DEFINITIONAL_REPRESENTATION('',(#6951),#6955);
#6951 = LINE('',#6952,#6953);
#6952 = CARTESIAN_POINT('',(-0.,0.));
#6953 = VECTOR('',#6954,1.);
#6954 = DIRECTION('',(-1.,0.));
#6955 = ( GEOMETRIC_REPRESENTATION_CONTEXT(2) 
PARAMETRIC_REPRESENTATION_CONTEXT() REPRESENTATION_CONTEXT('2D SPACE',''
  ) );
#6956 = PCURVE('',#94,#6957);
#6957 = DEFINITIONAL_REPRESENTATION('',(#6958),#6962);
#6958 = CIRCLE('',#6959,48.5);
#6959 = AXIS2_PLACEMENT_2D('',#6960,#6961);
#6960 = CARTESIAN_POINT('',(1.75032336965E-15,-3.209892110372E-15));
#6961 = DIRECTION('',(1.,0.));
#6962 = ( GEOMETRIC_REPRESENTATION_CONTEXT(2) 
PARAMETRIC_REPRESENTATION_CONTEXT() REPRESENTATION_CONTEXT('2D SPACE',''
  ) );
#6963 = ADVANCED_FACE('',(#6964),#6782,.T.);
#6964 = FACE_BOUND('',#6965,.T.);
#6965 = EDGE_LOOP('',(#6966,#6996,#7111,#7112));
#6966 = ORIENTED_EDGE('',*,*,#6967,.T.);
#6967 = EDGE_CURVE('',#6968,#6970,#6972,.T.);
#6968 = VERTEX_POINT('',#6969);
#6969 = CARTESIAN_POINT('',(-12.71813131731,2.002495231905,0.));
#6970 = VERTEX_POINT('',#6971);
#6971 = CARTESIAN_POINT('',(-12.71813131731,2.002495231905,22.4));
#6972 = SURFACE_CURVE('',#6973,(#6977,#6984),.PCURVE_S1.);
#6973 = LINE('',#6974,#6975);
#6974 = CARTESIAN_POINT('',(-12.71813131731,2.002495231905,0.));
#6975 = VECTOR('',#6976,1.);
#6976 = DIRECTION('',(0.,0.,1.));
#6977 = PCURVE('',#6782,#6978);
#6978 = DEFINITIONAL_REPRESENTATION('',(#6979),#6983);
#6979 = LINE('',#6980,#6981);
#6980 = CARTESIAN_POINT('',(4.560656898555,0.));
#6981 = VECTOR('',#6982,1.);
#6982 = DIRECTION('',(0.,-1.));
#6983 = ( GEOMETRIC_REPRESENTATION_CONTEXT(2) 
PARAMETRIC_REPRESENTATION_CONTEXT() REPRESENTATION_CONTEXT('2D SPACE',''
  ) );
#6984 = PCURVE('',#6985,#6990);
#6985 = PLANE('',#6986);
#6986 = AXIS2_PLACEMENT_3D('',#6987,#6988,#6989);
#6987 = CARTESIAN_POINT('',(-13.93491307613,9.659132507772E-02,0.));
#6988 = DIRECTION('',(-0.842872595724,0.538113173392,0.));
#6989 = DIRECTION('',(0.538113173392,0.842872595724,0.));
#6990 = DEFINITIONAL_REPRESENTATION('',(#6991),#6995);
#6991 = LINE('',#6992,#6993);
#6992 = CARTESIAN_POINT('',(2.261200466709,0.));
#6993 = VECTOR('',#6994,1.);
#6994 = DIRECTION('',(0.,-1.));
#6995 = ( GEOMETRIC_REPRESENTATION_CONTEXT(2) 
PARAMETRIC_REPRESENTATION_CONTEXT() REPRESENTATION_CONTEXT('2D SPACE',''
  ) );
#6996 = ORIENTED_EDGE('',*,*,#6997,.T.);
#6997 = EDGE_CURVE('',#6970,#6762,#6998,.T.);
#6998 = SURFACE_CURVE('',#6999,(#7050,#7057),.PCURVE_S1.);
#6999 = B_SPLINE_CURVE_WITH_KNOTS('',3,(#7000,#7001,#7002,#7003,#7004,
    #7005,#7006,#7007,#7008,#7009,#7010,#7011,#7012,#7013,#7014,#7015,
    #7016,#7017,#7018,#7019,#7020,#7021,#7022,#7023,#7024,#7025,#7026,
    #7027,#7028,#7029,#7030,#7031,#7032,#7033,#7034,#7035,#7036,#7037,
    #7038,#7039,#7040,#7041,#7042,#7043,#7044,#7045,#7046,#7047,#7048,
    #7049),.UNSPECIFIED.,.F.,.F.,(4,1,1,1,1,1,1,1,1,1,1,1,1,1,1,1,1,1,1,
    1,1,1,1,1,1,1,1,1,1,1,1,1,1,1,1,1,1,1,1,1,1,1,1,1,1,1,1,4),(0.,
    2.766464139392,5.568319295326,8.177275145496,10.425160909405,
    12.698001103747,14.813706991925,16.784063111389,18.483896399813,
    20.207074900357,21.81810245116,23.327840693167,24.640860133639,
    25.985974841284,27.260500260188,28.473662841808,29.546573791048,
    30.665502050481,31.746604132965,32.796723932319,33.744037531687,
    34.751762028128,35.745458780463,36.730106112805,37.635070035337,
    38.615335519513,39.599805338773,40.592877392801,41.521106716853,
    42.54355210237,43.588460947472,44.661307186429,45.681682040739,
    46.825929386569,48.018033969658,49.266638650819,50.477859791669,
    51.863921967174,53.33914083985,54.917675284274,56.480212616324,
    58.303578905337,60.281721918016,62.435877257802,64.600562295301,
    67.15990258556,69.968318443063,73.053194077155),.UNSPECIFIED.);
#7000 = CARTESIAN_POINT('',(-9.977352195207,5.648892920632,22.4));
#7001 = CARTESIAN_POINT('',(-10.51176149547,4.917117721303,22.4));
#7002 = CARTESIAN_POINT('',(-11.59677807704,3.381514033342,22.4));
#7003 = CARTESIAN_POINT('',(-13.30340885684,1.266192554498,22.4));
#7004 = CARTESIAN_POINT('',(-14.99157243147,-0.652937544647,22.4));
#7005 = CARTESIAN_POINT('',(-16.64805536102,-2.357667696025,22.4));
#7006 = CARTESIAN_POINT('',(-18.26692571013,-3.866947772078,22.4));
#7007 = CARTESIAN_POINT('',(-19.89428042686,-5.226739915106,22.4));
#7008 = CARTESIAN_POINT('',(-21.44295017967,-6.37806374135,22.4));
#7009 = CARTESIAN_POINT('',(-22.94571847106,-7.366530659752,22.4));
#7010 = CARTESIAN_POINT('',(-24.4013666115,-8.203570555337,22.4));
#7011 = CARTESIAN_POINT('',(-25.851661036,-8.916145549059,22.4));
#7012 = CARTESIAN_POINT('',(-27.22172479727,-9.473628573521,22.4));
#7013 = CARTESIAN_POINT('',(-28.54033327048,-9.913606364257,22.4));
#7014 = CARTESIAN_POINT('',(-29.80914549246,-10.24785351828,22.4));
#7015 = CARTESIAN_POINT('',(-31.06793361207,-10.47419604374,22.4));
#7016 = CARTESIAN_POINT('',(-32.25034594947,-10.5909565971,22.4));
#7017 = CARTESIAN_POINT('',(-33.38619411434,-10.61323512593,22.4));
#7018 = CARTESIAN_POINT('',(-34.47649577751,-10.54807337968,22.4));
#7019 = CARTESIAN_POINT('',(-35.55009331318,-10.39390345492,22.4));
#7020 = CARTESIAN_POINT('',(-36.55153548998,-10.16466308267,22.4));
#7021 = CARTESIAN_POINT('',(-37.50842968013,-9.865360056896,22.4));
#7022 = CARTESIAN_POINT('',(-38.42234699074,-9.500817961601,22.4));
#7023 = CARTESIAN_POINT('',(-39.31646800072,-9.061296898977,22.4));
#7024 = CARTESIAN_POINT('',(-40.14559781859,-8.573483216962,22.4));
#7025 = CARTESIAN_POINT('',(-40.93487016334,-8.031759024511,22.4));
#7026 = CARTESIAN_POINT('',(-41.68575433835,-7.437884771838,22.4));
#7027 = CARTESIAN_POINT('',(-42.41603396861,-6.774393559789,22.4));
#7028 = CARTESIAN_POINT('',(-43.08841443414,-6.076210809169,22.4));
#7029 = CARTESIAN_POINT('',(-43.7236346677,-5.327567464674,22.4));
#7030 = CARTESIAN_POINT('',(-44.32138742344,-4.526841376256,22.4));
#7031 = CARTESIAN_POINT('',(-44.89261192074,-3.6488585626,22.4));
#7032 = CARTESIAN_POINT('',(-45.40575262067,-2.736476598302,22.4));
#7033 = CARTESIAN_POINT('',(-45.87557055152,-1.764262932581,22.4));
#7034 = CARTESIAN_POINT('',(-46.29865407,-0.727551311337,22.4));
#7035 = CARTESIAN_POINT('',(-46.67707495511,0.406828990312,22.4));
#7036 = CARTESIAN_POINT('',(-46.98587683378,1.585239404088,22.4));
#7037 = CARTESIAN_POINT('',(-47.23234506366,2.8440556554,22.4));
#7038 = CARTESIAN_POINT('',(-47.40924798827,4.19095431662,22.4));
#7039 = CARTESIAN_POINT('',(-47.50755451397,5.668614781671,22.4));
#7040 = CARTESIAN_POINT('',(-47.51336519804,7.208340474022,22.4));
#7041 = CARTESIAN_POINT('',(-47.42331691319,8.86158053805,22.4));
#7042 = CARTESIAN_POINT('',(-47.22570579592,10.639323759191,22.4));
#7043 = CARTESIAN_POINT('',(-46.89615744167,12.599371020966,22.4));
#7044 = CARTESIAN_POINT('',(-46.44186165288,14.64369550493,22.4));
#7045 = CARTESIAN_POINT('',(-45.82928049123,16.877984783365,22.4));
#7046 = CARTESIAN_POINT('',(-45.09841857346,19.169502008325,22.4));
#7047 = CARTESIAN_POINT('',(-43.95045750498,22.245133304455,22.4));
#7048 = CARTESIAN_POINT('',(-43.65541376537,22.877531631162,22.4));
#7049 = CARTESIAN_POINT('',(-42.91882646651,24.649818380147,22.4));
#7050 = PCURVE('',#6782,#7051);
#7051 = DEFINITIONAL_REPRESENTATION('',(#7052),#7056);
#7052 = LINE('',#7053,#7054);
#7053 = CARTESIAN_POINT('',(0.,-22.4));
#7054 = VECTOR('',#7055,1.);
#7055 = DIRECTION('',(1.,0.));
#7056 = ( GEOMETRIC_REPRESENTATION_CONTEXT(2) 
PARAMETRIC_REPRESENTATION_CONTEXT() REPRESENTATION_CONTEXT('2D SPACE',''
  ) );
#7057 = PCURVE('',#66,#7058);
#7058 = DEFINITIONAL_REPRESENTATION('',(#7059),#7110);
#7059 = B_SPLINE_CURVE_WITH_KNOTS('',3,(#7060,#7061,#7062,#7063,#7064,
    #7065,#7066,#7067,#7068,#7069,#7070,#7071,#7072,#7073,#7074,#7075,
    #7076,#7077,#7078,#7079,#7080,#7081,#7082,#7083,#7084,#7085,#7086,
    #7087,#7088,#7089,#7090,#7091,#7092,#7093,#7094,#7095,#7096,#7097,
    #7098,#7099,#7100,#7101,#7102,#7103,#7104,#7105,#7106,#7107,#7108,
    #7109),.UNSPECIFIED.,.F.,.F.,(4,1,1,1,1,1,1,1,1,1,1,1,1,1,1,1,1,1,1,
    1,1,1,1,1,1,1,1,1,1,1,1,1,1,1,1,1,1,1,1,1,1,1,1,1,1,1,1,4),(0.,
    2.766464139392,5.568319295326,8.177275145496,10.425160909405,
    12.698001103747,14.813706991925,16.784063111389,18.483896399813,
    20.207074900357,21.81810245116,23.327840693167,24.640860133639,
    25.985974841284,27.260500260188,28.473662841808,29.546573791048,
    30.665502050481,31.746604132965,32.796723932319,33.744037531687,
    34.751762028128,35.745458780463,36.730106112805,37.635070035337,
    38.615335519513,39.599805338773,40.592877392801,41.521106716853,
    42.54355210237,43.588460947472,44.661307186429,45.681682040739,
    46.825929386569,48.018033969658,49.266638650819,50.477859791669,
    51.863921967174,53.33914083985,54.917675284274,56.480212616324,
    58.303578905337,60.281721918016,62.435877257802,64.600562295301,
    67.15990258556,69.968318443063,73.053194077155),.UNSPECIFIED.);
#7060 = CARTESIAN_POINT('',(-9.977352195207,5.648892920632));
#7061 = CARTESIAN_POINT('',(-10.51176149547,4.917117721303));
#7062 = CARTESIAN_POINT('',(-11.59677807704,3.381514033342));
#7063 = CARTESIAN_POINT('',(-13.30340885684,1.266192554498));
#7064 = CARTESIAN_POINT('',(-14.99157243147,-0.652937544647));
#7065 = CARTESIAN_POINT('',(-16.64805536102,-2.357667696025));
#7066 = CARTESIAN_POINT('',(-18.26692571013,-3.866947772078));
#7067 = CARTESIAN_POINT('',(-19.89428042686,-5.226739915106));
#7068 = CARTESIAN_POINT('',(-21.44295017967,-6.37806374135));
#7069 = CARTESIAN_POINT('',(-22.94571847106,-7.366530659752));
#7070 = CARTESIAN_POINT('',(-24.4013666115,-8.203570555337));
#7071 = CARTESIAN_POINT('',(-25.851661036,-8.916145549059));
#7072 = CARTESIAN_POINT('',(-27.22172479727,-9.473628573521));
#7073 = CARTESIAN_POINT('',(-28.54033327048,-9.913606364257));
#7074 = CARTESIAN_POINT('',(-29.80914549246,-10.24785351828));
#7075 = CARTESIAN_POINT('',(-31.06793361207,-10.47419604374));
#7076 = CARTESIAN_POINT('',(-32.25034594947,-10.5909565971));
#7077 = CARTESIAN_POINT('',(-33.38619411434,-10.61323512593));
#7078 = CARTESIAN_POINT('',(-34.47649577751,-10.54807337968));
#7079 = CARTESIAN_POINT('',(-35.55009331318,-10.39390345492));
#7080 = CARTESIAN_POINT('',(-36.55153548998,-10.16466308267));
#7081 = CARTESIAN_POINT('',(-37.50842968013,-9.865360056896));
#7082 = CARTESIAN_POINT('',(-38.42234699074,-9.500817961601));
#7083 = CARTESIAN_POINT('',(-39.31646800072,-9.061296898977));
#7084 = CARTESIAN_POINT('',(-40.14559781859,-8.573483216962));
#7085 = CARTESIAN_POINT('',(-40.93487016334,-8.031759024511));
#7086 = CARTESIAN_POINT('',(-41.68575433835,-7.437884771838));
#7087 = CARTESIAN_POINT('',(-42.41603396861,-6.774393559789));
#7088 = CARTESIAN_POINT('',(-43.08841443414,-6.076210809169));
#7089 = CARTESIAN_POINT('',(-43.7236346677,-5.327567464674));
#7090 = CARTESIAN_POINT('',(-44.32138742344,-4.526841376256));
#7091 = CARTESIAN_POINT('',(-44.89261192074,-3.6488585626));
#7092 = CARTESIAN_POINT('',(-45.40575262067,-2.736476598302));
#7093 = CARTESIAN_POINT('',(-45.87557055152,-1.764262932581));
#7094 = CARTESIAN_POINT('',(-46.29865407,-0.727551311337));
#7095 = CARTESIAN_POINT('',(-46.67707495511,0.406828990312));
#7096 = CARTESIAN_POINT('',(-46.98587683378,1.585239404088));
#7097 = CARTESIAN_POINT('',(-47.23234506366,2.8440556554));
#7098 = CARTESIAN_POINT('',(-47.40924798827,4.19095431662));
#7099 = CARTESIAN_POINT('',(-47.50755451397,5.668614781671));
#7100 = CARTESIAN_POINT('',(-47.51336519804,7.208340474022));
#7101 = CARTESIAN_POINT('',(-47.42331691319,8.86158053805));
#7102 = CARTESIAN_POINT('',(-47.22570579592,10.639323759191));
#7103 = CARTESIAN_POINT('',(-46.89615744167,12.599371020966));
#7104 = CARTESIAN_POINT('',(-46.44186165288,14.64369550493));
#7105 = CARTESIAN_POINT('',(-45.82928049123,16.877984783365));
#7106 = CARTESIAN_POINT('',(-45.09841857346,19.169502008325));
#7107 = CARTESIAN_POINT('',(-43.95045750498,22.245133304455));
#7108 = CARTESIAN_POINT('',(-43.65541376537,22.877531631162));
#7109 = CARTESIAN_POINT('',(-42.91882646651,24.649818380147));
#7110 = ( GEOMETRIC_REPRESENTATION_CONTEXT(2) 
PARAMETRIC_REPRESENTATION_CONTEXT() REPRESENTATION_CONTEXT('2D SPACE',''
  ) );
#7111 = ORIENTED_EDGE('',*,*,#6759,.F.);
#7112 = ORIENTED_EDGE('',*,*,#7113,.F.);
#7113 = EDGE_CURVE('',#6968,#6760,#7114,.T.);
#7114 = SURFACE_CURVE('',#7115,(#7166,#7173),.PCURVE_S1.);
#7115 = B_SPLINE_CURVE_WITH_KNOTS('',3,(#7116,#7117,#7118,#7119,#7120,
    #7121,#7122,#7123,#7124,#7125,#7126,#7127,#7128,#7129,#7130,#7131,
    #7132,#7133,#7134,#7135,#7136,#7137,#7138,#7139,#7140,#7141,#7142,
    #7143,#7144,#7145,#7146,#7147,#7148,#7149,#7150,#7151,#7152,#7153,
    #7154,#7155,#7156,#7157,#7158,#7159,#7160,#7161,#7162,#7163,#7164,
    #7165),.UNSPECIFIED.,.F.,.F.,(4,1,1,1,1,1,1,1,1,1,1,1,1,1,1,1,1,1,1,
    1,1,1,1,1,1,1,1,1,1,1,1,1,1,1,1,1,1,1,1,1,1,1,1,1,1,1,1,4),(0.,
    2.766464139392,5.568319295326,8.177275145496,10.425160909405,
    12.698001103747,14.813706991925,16.784063111389,18.483896399813,
    20.207074900357,21.81810245116,23.327840693167,24.640860133639,
    25.985974841284,27.260500260188,28.473662841808,29.546573791048,
    30.665502050481,31.746604132965,32.796723932319,33.744037531687,
    34.751762028128,35.745458780463,36.730106112805,37.635070035337,
    38.615335519513,39.599805338773,40.592877392801,41.521106716853,
    42.54355210237,43.588460947472,44.661307186429,45.681682040739,
    46.825929386569,48.018033969658,49.266638650819,50.477859791669,
    51.863921967174,53.33914083985,54.917675284274,56.480212616324,
    58.303578905337,60.281721918016,62.435877257802,64.600562295301,
    67.15990258556,69.968318443063,73.053194077155),.UNSPECIFIED.);
#7116 = CARTESIAN_POINT('',(-9.977352195207,5.648892920632,0.));
#7117 = CARTESIAN_POINT('',(-10.51176149547,4.917117721303,0.));
#7118 = CARTESIAN_POINT('',(-11.59677807704,3.381514033342,0.));
#7119 = CARTESIAN_POINT('',(-13.30340885684,1.266192554498,0.));
#7120 = CARTESIAN_POINT('',(-14.99157243147,-0.652937544647,0.));
#7121 = CARTESIAN_POINT('',(-16.64805536102,-2.357667696025,0.));
#7122 = CARTESIAN_POINT('',(-18.26692571013,-3.866947772078,0.));
#7123 = CARTESIAN_POINT('',(-19.89428042686,-5.226739915106,0.));
#7124 = CARTESIAN_POINT('',(-21.44295017967,-6.37806374135,0.));
#7125 = CARTESIAN_POINT('',(-22.94571847106,-7.366530659752,0.));
#7126 = CARTESIAN_POINT('',(-24.4013666115,-8.203570555337,0.));
#7127 = CARTESIAN_POINT('',(-25.851661036,-8.916145549059,0.));
#7128 = CARTESIAN_POINT('',(-27.22172479727,-9.473628573521,0.));
#7129 = CARTESIAN_POINT('',(-28.54033327048,-9.913606364257,0.));
#7130 = CARTESIAN_POINT('',(-29.80914549246,-10.24785351828,0.));
#7131 = CARTESIAN_POINT('',(-31.06793361207,-10.47419604374,0.));
#7132 = CARTESIAN_POINT('',(-32.25034594947,-10.5909565971,0.));
#7133 = CARTESIAN_POINT('',(-33.38619411434,-10.61323512593,0.));
#7134 = CARTESIAN_POINT('',(-34.47649577751,-10.54807337968,0.));
#7135 = CARTESIAN_POINT('',(-35.55009331318,-10.39390345492,0.));
#7136 = CARTESIAN_POINT('',(-36.55153548998,-10.16466308267,0.));
#7137 = CARTESIAN_POINT('',(-37.50842968013,-9.865360056896,0.));
#7138 = CARTESIAN_POINT('',(-38.42234699074,-9.500817961601,0.));
#7139 = CARTESIAN_POINT('',(-39.31646800072,-9.061296898977,0.));
#7140 = CARTESIAN_POINT('',(-40.14559781859,-8.573483216962,0.));
#7141 = CARTESIAN_POINT('',(-40.93487016334,-8.031759024511,0.));
#7142 = CARTESIAN_POINT('',(-41.68575433835,-7.437884771838,0.));
#7143 = CARTESIAN_POINT('',(-42.41603396861,-6.774393559789,0.));
#7144 = CARTESIAN_POINT('',(-43.08841443414,-6.076210809169,0.));
#7145 = CARTESIAN_POINT('',(-43.7236346677,-5.327567464674,0.));
#7146 = CARTESIAN_POINT('',(-44.32138742344,-4.526841376256,0.));
#7147 = CARTESIAN_POINT('',(-44.89261192074,-3.6488585626,0.));
#7148 = CARTESIAN_POINT('',(-45.40575262067,-2.736476598302,0.));
#7149 = CARTESIAN_POINT('',(-45.87557055152,-1.764262932581,0.));
#7150 = CARTESIAN_POINT('',(-46.29865407,-0.727551311337,0.));
#7151 = CARTESIAN_POINT('',(-46.67707495511,0.406828990312,0.));
#7152 = CARTESIAN_POINT('',(-46.98587683378,1.585239404088,0.));
#7153 = CARTESIAN_POINT('',(-47.23234506366,2.8440556554,0.));
#7154 = CARTESIAN_POINT('',(-47.40924798827,4.19095431662,0.));
#7155 = CARTESIAN_POINT('',(-47.50755451397,5.668614781671,0.));
#7156 = CARTESIAN_POINT('',(-47.51336519804,7.208340474022,0.));
#7157 = CARTESIAN_POINT('',(-47.42331691319,8.86158053805,0.));
#7158 = CARTESIAN_POINT('',(-47.22570579592,10.639323759191,0.));
#7159 = CARTESIAN_POINT('',(-46.89615744167,12.599371020966,0.));
#7160 = CARTESIAN_POINT('',(-46.44186165288,14.64369550493,0.));
#7161 = CARTESIAN_POINT('',(-45.82928049123,16.877984783365,0.));
#7162 = CARTESIAN_POINT('',(-45.09841857346,19.169502008325,0.));
#7163 = CARTESIAN_POINT('',(-43.95045750498,22.245133304455,0.));
#7164 = CARTESIAN_POINT('',(-43.65541376537,22.877531631162,0.));
#7165 = CARTESIAN_POINT('',(-42.91882646651,24.649818380147,0.));
#7166 = PCURVE('',#6782,#7167);
#7167 = DEFINITIONAL_REPRESENTATION('',(#7168),#7172);
#7168 = LINE('',#7169,#7170);
#7169 = CARTESIAN_POINT('',(0.,0.));
#7170 = VECTOR('',#7171,1.);
#7171 = DIRECTION('',(1.,0.));
#7172 = ( GEOMETRIC_REPRESENTATION_CONTEXT(2) 
PARAMETRIC_REPRESENTATION_CONTEXT() REPRESENTATION_CONTEXT('2D SPACE',''
  ) );
#7173 = PCURVE('',#94,#7174);
#7174 = DEFINITIONAL_REPRESENTATION('',(#7175),#7226);
#7175 = B_SPLINE_CURVE_WITH_KNOTS('',3,(#7176,#7177,#7178,#7179,#7180,
    #7181,#7182,#7183,#7184,#7185,#7186,#7187,#7188,#7189,#7190,#7191,
    #7192,#7193,#7194,#7195,#7196,#7197,#7198,#7199,#7200,#7201,#7202,
    #7203,#7204,#7205,#7206,#7207,#7208,#7209,#7210,#7211,#7212,#7213,
    #7214,#7215,#7216,#7217,#7218,#7219,#7220,#7221,#7222,#7223,#7224,
    #7225),.UNSPECIFIED.,.F.,.F.,(4,1,1,1,1,1,1,1,1,1,1,1,1,1,1,1,1,1,1,
    1,1,1,1,1,1,1,1,1,1,1,1,1,1,1,1,1,1,1,1,1,1,1,1,1,1,1,1,4),(0.,
    2.766464139392,5.568319295326,8.177275145496,10.425160909405,
    12.698001103747,14.813706991925,16.784063111389,18.483896399813,
    20.207074900357,21.81810245116,23.327840693167,24.640860133639,
    25.985974841284,27.260500260188,28.473662841808,29.546573791048,
    30.665502050481,31.746604132965,32.796723932319,33.744037531687,
    34.751762028128,35.745458780463,36.730106112805,37.635070035337,
    38.615335519513,39.599805338773,40.592877392801,41.521106716853,
    42.54355210237,43.588460947472,44.661307186429,45.681682040739,
    46.825929386569,48.018033969658,49.266638650819,50.477859791669,
    51.863921967174,53.33914083985,54.917675284274,56.480212616324,
    58.303578905337,60.281721918016,62.435877257802,64.600562295301,
    67.15990258556,69.968318443063,73.053194077155),.UNSPECIFIED.);
#7176 = CARTESIAN_POINT('',(-9.977352195207,5.648892920632));
#7177 = CARTESIAN_POINT('',(-10.51176149547,4.917117721303));
#7178 = CARTESIAN_POINT('',(-11.59677807704,3.381514033342));
#7179 = CARTESIAN_POINT('',(-13.30340885684,1.266192554498));
#7180 = CARTESIAN_POINT('',(-14.99157243147,-0.652937544647));
#7181 = CARTESIAN_POINT('',(-16.64805536102,-2.357667696025));
#7182 = CARTESIAN_POINT('',(-18.26692571013,-3.866947772078));
#7183 = CARTESIAN_POINT('',(-19.89428042686,-5.226739915106));
#7184 = CARTESIAN_POINT('',(-21.44295017967,-6.37806374135));
#7185 = CARTESIAN_POINT('',(-22.94571847106,-7.366530659752));
#7186 = CARTESIAN_POINT('',(-24.4013666115,-8.203570555337));
#7187 = CARTESIAN_POINT('',(-25.851661036,-8.916145549059));
#7188 = CARTESIAN_POINT('',(-27.22172479727,-9.473628573521));
#7189 = CARTESIAN_POINT('',(-28.54033327048,-9.913606364257));
#7190 = CARTESIAN_POINT('',(-29.80914549246,-10.24785351828));
#7191 = CARTESIAN_POINT('',(-31.06793361207,-10.47419604374));
#7192 = CARTESIAN_POINT('',(-32.25034594947,-10.5909565971));
#7193 = CARTESIAN_POINT('',(-33.38619411434,-10.61323512593));
#7194 = CARTESIAN_POINT('',(-34.47649577751,-10.54807337968));
#7195 = CARTESIAN_POINT('',(-35.55009331318,-10.39390345492));
#7196 = CARTESIAN_POINT('',(-36.55153548998,-10.16466308267));
#7197 = CARTESIAN_POINT('',(-37.50842968013,-9.865360056896));
#7198 = CARTESIAN_POINT('',(-38.42234699074,-9.500817961601));
#7199 = CARTESIAN_POINT('',(-39.31646800072,-9.061296898977));
#7200 = CARTESIAN_POINT('',(-40.14559781859,-8.573483216962));
#7201 = CARTESIAN_POINT('',(-40.93487016334,-8.031759024511));
#7202 = CARTESIAN_POINT('',(-41.68575433835,-7.437884771838));
#7203 = CARTESIAN_POINT('',(-42.41603396861,-6.774393559789));
#7204 = CARTESIAN_POINT('',(-43.08841443414,-6.076210809169));
#7205 = CARTESIAN_POINT('',(-43.7236346677,-5.327567464674));
#7206 = CARTESIAN_POINT('',(-44.32138742344,-4.526841376256));
#7207 = CARTESIAN_POINT('',(-44.89261192074,-3.6488585626));
#7208 = CARTESIAN_POINT('',(-45.40575262067,-2.736476598302));
#7209 = CARTESIAN_POINT('',(-45.87557055152,-1.764262932581));
#7210 = CARTESIAN_POINT('',(-46.29865407,-0.727551311337));
#7211 = CARTESIAN_POINT('',(-46.67707495511,0.406828990312));
#7212 = CARTESIAN_POINT('',(-46.98587683378,1.585239404088));
#7213 = CARTESIAN_POINT('',(-47.23234506366,2.8440556554));
#7214 = CARTESIAN_POINT('',(-47.40924798827,4.19095431662));
#7215 = CARTESIAN_POINT('',(-47.50755451397,5.668614781671));
#7216 = CARTESIAN_POINT('',(-47.51336519804,7.208340474022));
#7217 = CARTESIAN_POINT('',(-47.42331691319,8.86158053805));
#7218 = CARTESIAN_POINT('',(-47.22570579592,10.639323759191));
#7219 = CARTESIAN_POINT('',(-46.89615744167,12.599371020966));
#7220 = CARTESIAN_POINT('',(-46.44186165288,14.64369550493));
#7221 = CARTESIAN_POINT('',(-45.82928049123,16.877984783365));
#7222 = CARTESIAN_POINT('',(-45.09841857346,19.169502008325));
#7223 = CARTESIAN_POINT('',(-43.95045750498,22.245133304455));
#7224 = CARTESIAN_POINT('',(-43.65541376537,22.877531631162));
#7225 = CARTESIAN_POINT('',(-42.91882646651,24.649818380147));
#7226 = ( GEOMETRIC_REPRESENTATION_CONTEXT(2) 
PARAMETRIC_REPRESENTATION_CONTEXT() REPRESENTATION_CONTEXT('2D SPACE',''
  ) );
#7227 = ADVANCED_FACE('',(#7228),#6985,.T.);
#7228 = FACE_BOUND('',#7229,.T.);
#7229 = EDGE_LOOP('',(#7230,#7356,#7377,#7378));
#7230 = ORIENTED_EDGE('',*,*,#7231,.T.);
#7231 = EDGE_CURVE('',#7232,#7234,#7236,.T.);
#7232 = VERTEX_POINT('',#7233);
#7233 = CARTESIAN_POINT('',(-13.93491307613,9.659132507772E-02,0.));
#7234 = VERTEX_POINT('',#7235);
#7235 = CARTESIAN_POINT('',(-13.93491307613,9.659132507772E-02,22.4));
#7236 = SURFACE_CURVE('',#7237,(#7241,#7248),.PCURVE_S1.);
#7237 = LINE('',#7238,#7239);
#7238 = CARTESIAN_POINT('',(-13.93491307613,9.659132507772E-02,0.));
#7239 = VECTOR('',#7240,1.);
#7240 = DIRECTION('',(0.,0.,1.));
#7241 = PCURVE('',#6985,#7242);
#7242 = DEFINITIONAL_REPRESENTATION('',(#7243),#7247);
#7243 = LINE('',#7244,#7245);
#7244 = CARTESIAN_POINT('',(0.,0.));
#7245 = VECTOR('',#7246,1.);
#7246 = DIRECTION('',(0.,-1.));
#7247 = ( GEOMETRIC_REPRESENTATION_CONTEXT(2) 
PARAMETRIC_REPRESENTATION_CONTEXT() REPRESENTATION_CONTEXT('2D SPACE',''
  ) );
#7248 = PCURVE('',#7249,#7350);
#7249 = B_SPLINE_SURFACE_WITH_KNOTS('',3,1,(
    (#7250,#7251)
    ,(#7252,#7253)
    ,(#7254,#7255)
    ,(#7256,#7257)
    ,(#7258,#7259)
    ,(#7260,#7261)
    ,(#7262,#7263)
    ,(#7264,#7265)
    ,(#7266,#7267)
    ,(#7268,#7269)
    ,(#7270,#7271)
    ,(#7272,#7273)
    ,(#7274,#7275)
    ,(#7276,#7277)
    ,(#7278,#7279)
    ,(#7280,#7281)
    ,(#7282,#7283)
    ,(#7284,#7285)
    ,(#7286,#7287)
    ,(#7288,#7289)
    ,(#7290,#7291)
    ,(#7292,#7293)
    ,(#7294,#7295)
    ,(#7296,#7297)
    ,(#7298,#7299)
    ,(#7300,#7301)
    ,(#7302,#7303)
    ,(#7304,#7305)
    ,(#7306,#7307)
    ,(#7308,#7309)
    ,(#7310,#7311)
    ,(#7312,#7313)
    ,(#7314,#7315)
    ,(#7316,#7317)
    ,(#7318,#7319)
    ,(#7320,#7321)
    ,(#7322,#7323)
    ,(#7324,#7325)
    ,(#7326,#7327)
    ,(#7328,#7329)
    ,(#7330,#7331)
    ,(#7332,#7333)
    ,(#7334,#7335)
    ,(#7336,#7337)
    ,(#7338,#7339)
    ,(#7340,#7341)
    ,(#7342,#7343)
    ,(#7344,#7345)
    ,(#7346,#7347)
    ,(#7348,#7349
    )),.UNSPECIFIED.,.F.,.F.,.F.,(4,1,1,1,1,1,1,1,1,1,1,1,1,1,1,1,1,1,1,
    1,1,1,1,1,1,1,1,1,1,1,1,1,1,1,1,1,1,1,1,1,1,1,1,1,1,1,1,4),(2,2),(0.
    ,3.010134173011,5.734866089906,8.204243200285,10.280216915947,
    12.332164523515,14.201956865391,15.911237845672,17.363900720308,
    18.819208714806,20.167747400886,21.42468716853,22.515414853025,
    23.632925452475,24.694050367351,25.707901186754,26.608581862701,
    27.552388564938,28.468532489134,29.361872223827,30.169943636586,
    31.030962627216,31.880548884696,32.72227944396,33.495545472128,
    34.332992621126,35.174663745336,36.025783427864,36.825011523752,
    37.711824801461,38.627874308414,39.58148948206,40.502911686362,
    41.554574841448,42.671594637474,43.864256147866,45.041219012251,
    46.408073524505,47.880684921353,49.469922617188,51.049935999727,
    52.894334824252,54.887680127977,57.041280206621,59.18142193199,
    61.675679145654,64.364419403117,67.031728548195),(-22.4,0.),
  .UNSPECIFIED.);
#7250 = CARTESIAN_POINT('',(-47.50629678931,0.112044317377,22.4));
#7251 = CARTESIAN_POINT('',(-47.50629678931,0.112044317377,0.));
#7252 = CARTESIAN_POINT('',(-47.37860517601,-0.867145985927,22.4));
#7253 = CARTESIAN_POINT('',(-47.37860517601,-0.867145985927,0.));
#7254 = CARTESIAN_POINT('',(-47.1572404713,-2.789167280934,22.4));
#7255 = CARTESIAN_POINT('',(-47.1572404713,-2.789167280934,0.));
#7256 = CARTESIAN_POINT('',(-46.68909350414,-5.476471585653,22.4));
#7257 = CARTESIAN_POINT('',(-46.68909350414,-5.476471585653,0.));
#7258 = CARTESIAN_POINT('',(-46.18073832639,-7.848475237921,22.4));
#7259 = CARTESIAN_POINT('',(-46.18073832639,-7.848475237921,0.));
#7260 = CARTESIAN_POINT('',(-45.62116597504,-9.975558559665,22.4));
#7261 = CARTESIAN_POINT('',(-45.62116597504,-9.975558559665,0.));
#7262 = CARTESIAN_POINT('',(-45.02176722506,-11.88382984293,22.4));
#7263 = CARTESIAN_POINT('',(-45.02176722506,-11.88382984293,0.));
#7264 = CARTESIAN_POINT('',(-44.36537084708,-13.64327436068,22.4));
#7265 = CARTESIAN_POINT('',(-44.36537084708,-13.64327436068,0.));
#7266 = CARTESIAN_POINT('',(-43.69224568326,-15.18054278429,22.4));
#7267 = CARTESIAN_POINT('',(-43.69224568326,-15.18054278429,0.));
#7268 = CARTESIAN_POINT('',(-42.9961258652,-16.5540447889,22.4));
#7269 = CARTESIAN_POINT('',(-42.9961258652,-16.5540447889,0.));
#7270 = CARTESIAN_POINT('',(-42.28178489339,-17.78099451573,22.4));
#7271 = CARTESIAN_POINT('',(-42.28178489339,-17.78099451573,0.));
#7272 = CARTESIAN_POINT('',(-41.52830960151,-18.90657583563,22.4));
#7273 = CARTESIAN_POINT('',(-41.52830960151,-18.90657583563,0.));
#7274 = CARTESIAN_POINT('',(-40.77816037445,-19.88506061512,22.4));
#7275 = CARTESIAN_POINT('',(-40.77816037445,-19.88506061512,0.));
#7276 = CARTESIAN_POINT('',(-40.0188226353,-20.75634719976,22.4));
#7277 = CARTESIAN_POINT('',(-40.0188226353,-20.75634719976,0.));
#7278 = CARTESIAN_POINT('',(-39.25200117752,-21.53181991634,22.4));
#7279 = CARTESIAN_POINT('',(-39.25200117752,-21.53181991634,0.));
#7280 = CARTESIAN_POINT('',(-38.45511862668,-22.23824036849,22.4));
#7281 = CARTESIAN_POINT('',(-38.45511862668,-22.23824036849,0.));
#7282 = CARTESIAN_POINT('',(-37.67084446542,-22.84666151334,22.4));
#7283 = CARTESIAN_POINT('',(-37.67084446542,-22.84666151334,0.));
#7284 = CARTESIAN_POINT('',(-36.88246445925,-23.38266359922,22.4));
#7285 = CARTESIAN_POINT('',(-36.88246445925,-23.38266359922,0.));
#7286 = CARTESIAN_POINT('',(-36.09024093054,-23.85209589851,22.4));
#7287 = CARTESIAN_POINT('',(-36.09024093054,-23.85209589851,0.));
#7288 = CARTESIAN_POINT('',(-35.2716182404,-24.26838895294,22.4));
#7289 = CARTESIAN_POINT('',(-35.2716182404,-24.26838895294,0.));
#7290 = CARTESIAN_POINT('',(-34.4694573333,-24.61321484189,22.4));
#7291 = CARTESIAN_POINT('',(-34.4694573333,-24.61321484189,0.));
#7292 = CARTESIAN_POINT('',(-33.66478137554,-24.90115169002,22.4));
#7293 = CARTESIAN_POINT('',(-33.66478137554,-24.90115169002,0.));
#7294 = CARTESIAN_POINT('',(-32.85748445708,-25.13390222152,22.4));
#7295 = CARTESIAN_POINT('',(-32.85748445708,-25.13390222152,0.));
#7296 = CARTESIAN_POINT('',(-32.02548879627,-25.31471719703,22.4));
#7297 = CARTESIAN_POINT('',(-32.02548879627,-25.31471719703,0.));
#7298 = CARTESIAN_POINT('',(-31.21199708904,-25.43405364616,22.4));
#7299 = CARTESIAN_POINT('',(-31.21199708904,-25.43405364616,0.));
#7300 = CARTESIAN_POINT('',(-30.39642949238,-25.4977897284,22.4));
#7301 = CARTESIAN_POINT('',(-30.39642949238,-25.4977897284,0.));
#7302 = CARTESIAN_POINT('',(-29.57824430904,-25.50457377154,22.4));
#7303 = CARTESIAN_POINT('',(-29.57824430904,-25.50457377154,0.));
#7304 = CARTESIAN_POINT('',(-28.7358986742,-25.44834800186,22.4));
#7305 = CARTESIAN_POINT('',(-28.7358986742,-25.44834800186,0.));
#7306 = CARTESIAN_POINT('',(-27.91296586313,-25.32900449697,22.4));
#7307 = CARTESIAN_POINT('',(-27.91296586313,-25.32900449697,0.));
#7308 = CARTESIAN_POINT('',(-27.08697775678,-25.14390693436,22.4));
#7309 = CARTESIAN_POINT('',(-27.08697775678,-25.14390693436,0.));
#7310 = CARTESIAN_POINT('',(-26.25705411068,-24.88844777048,22.4));
#7311 = CARTESIAN_POINT('',(-26.25705411068,-24.88844777048,0.));
#7312 = CARTESIAN_POINT('',(-25.40317303539,-24.54633610292,22.4));
#7313 = CARTESIAN_POINT('',(-25.40317303539,-24.54633610292,0.));
#7314 = CARTESIAN_POINT('',(-24.57022196161,-24.12945797872,22.4));
#7315 = CARTESIAN_POINT('',(-24.57022196161,-24.12945797872,0.));
#7316 = CARTESIAN_POINT('',(-23.73441880244,-23.62455827449,22.4));
#7317 = CARTESIAN_POINT('',(-23.73441880244,-23.62455827449,0.));
#7318 = CARTESIAN_POINT('',(-22.89634877044,-23.02370237878,22.4));
#7319 = CARTESIAN_POINT('',(-22.89634877044,-23.02370237878,0.));
#7320 = CARTESIAN_POINT('',(-22.04043093658,-22.29895895778,22.4));
#7321 = CARTESIAN_POINT('',(-22.04043093658,-22.29895895778,0.));
#7322 = CARTESIAN_POINT('',(-21.21171850207,-21.4823540246,22.4));
#7323 = CARTESIAN_POINT('',(-21.21171850207,-21.4823540246,0.));
#7324 = CARTESIAN_POINT('',(-20.3965709416,-20.53907837348,22.4));
#7325 = CARTESIAN_POINT('',(-20.3965709416,-20.53907837348,0.));
#7326 = CARTESIAN_POINT('',(-19.59880637533,-19.46246005504,22.4));
#7327 = CARTESIAN_POINT('',(-19.59880637533,-19.46246005504,0.));
#7328 = CARTESIAN_POINT('',(-18.80095935,-18.21914766577,22.4));
#7329 = CARTESIAN_POINT('',(-18.80095935,-18.21914766577,0.));
#7330 = CARTESIAN_POINT('',(-18.05245637821,-16.86372400721,22.4));
#7331 = CARTESIAN_POINT('',(-18.05245637821,-16.86372400721,0.));
#7332 = CARTESIAN_POINT('',(-17.33290816511,-15.35433410195,22.4));
#7333 = CARTESIAN_POINT('',(-17.33290816511,-15.35433410195,0.));
#7334 = CARTESIAN_POINT('',(-16.65039846963,-13.68154318819,22.4));
#7335 = CARTESIAN_POINT('',(-16.65039846963,-13.68154318819,0.));
#7336 = CARTESIAN_POINT('',(-16.00169197748,-11.7902920039,22.4));
#7337 = CARTESIAN_POINT('',(-16.00169197748,-11.7902920039,0.));
#7338 = CARTESIAN_POINT('',(-15.43018662694,-9.778497430159,22.4));
#7339 = CARTESIAN_POINT('',(-15.43018662694,-9.778497430159,0.));
#7340 = CARTESIAN_POINT('',(-14.91911532609,-7.55174154643,22.4));
#7341 = CARTESIAN_POINT('',(-14.91911532609,-7.55174154643,0.));
#7342 = CARTESIAN_POINT('',(-14.4963157594,-5.242708683599,22.4));
#7343 = CARTESIAN_POINT('',(-14.4963157594,-5.242708683599,0.));
#7344 = CARTESIAN_POINT('',(-14.1111192811,-2.259005341862,22.4));
#7345 = CARTESIAN_POINT('',(-14.1111192811,-2.259005341862,0.));
#7346 = CARTESIAN_POINT('',(-14.06955108912,-1.452824247307,22.4));
#7347 = CARTESIAN_POINT('',(-14.06955108912,-1.452824247307,0.));
#7348 = CARTESIAN_POINT('',(-13.93491307613,9.659132507772E-02,22.4));
#7349 = CARTESIAN_POINT('',(-13.93491307613,9.659132507772E-02,0.));
#7350 = DEFINITIONAL_REPRESENTATION('',(#7351),#7355);
#7351 = LINE('',#7352,#7353);
#7352 = CARTESIAN_POINT('',(67.031728548195,0.));
#7353 = VECTOR('',#7354,1.);
#7354 = DIRECTION('',(0.,-1.));
#7355 = ( GEOMETRIC_REPRESENTATION_CONTEXT(2) 
PARAMETRIC_REPRESENTATION_CONTEXT() REPRESENTATION_CONTEXT('2D SPACE',''
  ) );
#7356 = ORIENTED_EDGE('',*,*,#7357,.T.);
#7357 = EDGE_CURVE('',#7234,#6970,#7358,.T.);
#7358 = SURFACE_CURVE('',#7359,(#7363,#7370),.PCURVE_S1.);
#7359 = LINE('',#7360,#7361);
#7360 = CARTESIAN_POINT('',(-13.93491307613,9.659132507772E-02,22.4));
#7361 = VECTOR('',#7362,1.);
#7362 = DIRECTION('',(0.538113173392,0.842872595724,0.));
#7363 = PCURVE('',#6985,#7364);
#7364 = DEFINITIONAL_REPRESENTATION('',(#7365),#7369);
#7365 = LINE('',#7366,#7367);
#7366 = CARTESIAN_POINT('',(0.,-22.4));
#7367 = VECTOR('',#7368,1.);
#7368 = DIRECTION('',(1.,0.));
#7369 = ( GEOMETRIC_REPRESENTATION_CONTEXT(2) 
PARAMETRIC_REPRESENTATION_CONTEXT() REPRESENTATION_CONTEXT('2D SPACE',''
  ) );
#7370 = PCURVE('',#66,#7371);
#7371 = DEFINITIONAL_REPRESENTATION('',(#7372),#7376);
#7372 = LINE('',#7373,#7374);
#7373 = CARTESIAN_POINT('',(-13.93491307613,9.659132507772E-02));
#7374 = VECTOR('',#7375,1.);
#7375 = DIRECTION('',(0.538113173392,0.842872595724));
#7376 = ( GEOMETRIC_REPRESENTATION_CONTEXT(2) 
PARAMETRIC_REPRESENTATION_CONTEXT() REPRESENTATION_CONTEXT('2D SPACE',''
  ) );
#7377 = ORIENTED_EDGE('',*,*,#6967,.F.);
#7378 = ORIENTED_EDGE('',*,*,#7379,.F.);
#7379 = EDGE_CURVE('',#7232,#6968,#7380,.T.);
#7380 = SURFACE_CURVE('',#7381,(#7385,#7392),.PCURVE_S1.);
#7381 = LINE('',#7382,#7383);
#7382 = CARTESIAN_POINT('',(-13.93491307613,9.659132507772E-02,0.));
#7383 = VECTOR('',#7384,1.);
#7384 = DIRECTION('',(0.538113173392,0.842872595724,0.));
#7385 = PCURVE('',#6985,#7386);
#7386 = DEFINITIONAL_REPRESENTATION('',(#7387),#7391);
#7387 = LINE('',#7388,#7389);
#7388 = CARTESIAN_POINT('',(0.,0.));
#7389 = VECTOR('',#7390,1.);
#7390 = DIRECTION('',(1.,0.));
#7391 = ( GEOMETRIC_REPRESENTATION_CONTEXT(2) 
PARAMETRIC_REPRESENTATION_CONTEXT() REPRESENTATION_CONTEXT('2D SPACE',''
  ) );
#7392 = PCURVE('',#94,#7393);
#7393 = DEFINITIONAL_REPRESENTATION('',(#7394),#7398);
#7394 = LINE('',#7395,#7396);
#7395 = CARTESIAN_POINT('',(-13.93491307613,9.659132507772E-02));
#7396 = VECTOR('',#7397,1.);
#7397 = DIRECTION('',(0.538113173392,0.842872595724));
#7398 = ( GEOMETRIC_REPRESENTATION_CONTEXT(2) 
PARAMETRIC_REPRESENTATION_CONTEXT() REPRESENTATION_CONTEXT('2D SPACE',''
  ) );
#7399 = ADVANCED_FACE('',(#7400),#7249,.T.);
#7400 = FACE_BOUND('',#7401,.T.);
#7401 = EDGE_LOOP('',(#7402,#7427,#7542,#7543));
#7402 = ORIENTED_EDGE('',*,*,#7403,.T.);
#7403 = EDGE_CURVE('',#7404,#7406,#7408,.T.);
#7404 = VERTEX_POINT('',#7405);
#7405 = CARTESIAN_POINT('',(-47.50629678931,0.112044317377,0.));
#7406 = VERTEX_POINT('',#7407);
#7407 = CARTESIAN_POINT('',(-47.50629678931,0.112044317377,22.4));
#7408 = SURFACE_CURVE('',#7409,(#7413,#7420),.PCURVE_S1.);
#7409 = LINE('',#7410,#7411);
#7410 = CARTESIAN_POINT('',(-47.50629678931,0.112044317377,0.));
#7411 = VECTOR('',#7412,1.);
#7412 = DIRECTION('',(0.,0.,1.));
#7413 = PCURVE('',#7249,#7414);
#7414 = DEFINITIONAL_REPRESENTATION('',(#7415),#7419);
#7415 = LINE('',#7416,#7417);
#7416 = CARTESIAN_POINT('',(0.,0.));
#7417 = VECTOR('',#7418,1.);
#7418 = DIRECTION('',(0.,-1.));
#7419 = ( GEOMETRIC_REPRESENTATION_CONTEXT(2) 
PARAMETRIC_REPRESENTATION_CONTEXT() REPRESENTATION_CONTEXT('2D SPACE',''
  ) );
#7420 = PCURVE('',#6930,#7421);
#7421 = DEFINITIONAL_REPRESENTATION('',(#7422),#7426);
#7422 = LINE('',#7423,#7424);
#7423 = CARTESIAN_POINT('',(5.343068391945,0.));
#7424 = VECTOR('',#7425,1.);
#7425 = DIRECTION('',(0.,-1.));
#7426 = ( GEOMETRIC_REPRESENTATION_CONTEXT(2) 
PARAMETRIC_REPRESENTATION_CONTEXT() REPRESENTATION_CONTEXT('2D SPACE',''
  ) );
#7427 = ORIENTED_EDGE('',*,*,#7428,.T.);
#7428 = EDGE_CURVE('',#7406,#7234,#7429,.T.);
#7429 = SURFACE_CURVE('',#7430,(#7481,#7488),.PCURVE_S1.);
#7430 = B_SPLINE_CURVE_WITH_KNOTS('',3,(#7431,#7432,#7433,#7434,#7435,
    #7436,#7437,#7438,#7439,#7440,#7441,#7442,#7443,#7444,#7445,#7446,
    #7447,#7448,#7449,#7450,#7451,#7452,#7453,#7454,#7455,#7456,#7457,
    #7458,#7459,#7460,#7461,#7462,#7463,#7464,#7465,#7466,#7467,#7468,
    #7469,#7470,#7471,#7472,#7473,#7474,#7475,#7476,#7477,#7478,#7479,
    #7480),.UNSPECIFIED.,.F.,.F.,(4,1,1,1,1,1,1,1,1,1,1,1,1,1,1,1,1,1,1,
    1,1,1,1,1,1,1,1,1,1,1,1,1,1,1,1,1,1,1,1,1,1,1,1,1,1,1,1,4),(0.,
    3.010134173011,5.734866089906,8.204243200285,10.280216915947,
    12.332164523515,14.201956865391,15.911237845672,17.363900720308,
    18.819208714806,20.167747400886,21.42468716853,22.515414853025,
    23.632925452475,24.694050367351,25.707901186754,26.608581862701,
    27.552388564938,28.468532489134,29.361872223827,30.169943636586,
    31.030962627216,31.880548884696,32.72227944396,33.495545472128,
    34.332992621126,35.174663745336,36.025783427864,36.825011523752,
    37.711824801461,38.627874308414,39.58148948206,40.502911686362,
    41.554574841448,42.671594637474,43.864256147866,45.041219012251,
    46.408073524505,47.880684921353,49.469922617188,51.049935999727,
    52.894334824252,54.887680127977,57.041280206621,59.18142193199,
    61.675679145654,64.364419403117,67.031728548195),.UNSPECIFIED.);
#7431 = CARTESIAN_POINT('',(-47.50629678931,0.112044317377,22.4));
#7432 = CARTESIAN_POINT('',(-47.37860517601,-0.867145985927,22.4));
#7433 = CARTESIAN_POINT('',(-47.1572404713,-2.789167280934,22.4));
#7434 = CARTESIAN_POINT('',(-46.68909350414,-5.476471585653,22.4));
#7435 = CARTESIAN_POINT('',(-46.18073832639,-7.848475237921,22.4));
#7436 = CARTESIAN_POINT('',(-45.62116597504,-9.975558559665,22.4));
#7437 = CARTESIAN_POINT('',(-45.02176722506,-11.88382984293,22.4));
#7438 = CARTESIAN_POINT('',(-44.36537084708,-13.64327436068,22.4));
#7439 = CARTESIAN_POINT('',(-43.69224568326,-15.18054278429,22.4));
#7440 = CARTESIAN_POINT('',(-42.9961258652,-16.5540447889,22.4));
#7441 = CARTESIAN_POINT('',(-42.28178489339,-17.78099451573,22.4));
#7442 = CARTESIAN_POINT('',(-41.52830960151,-18.90657583563,22.4));
#7443 = CARTESIAN_POINT('',(-40.77816037445,-19.88506061512,22.4));
#7444 = CARTESIAN_POINT('',(-40.0188226353,-20.75634719976,22.4));
#7445 = CARTESIAN_POINT('',(-39.25200117752,-21.53181991634,22.4));
#7446 = CARTESIAN_POINT('',(-38.45511862668,-22.23824036849,22.4));
#7447 = CARTESIAN_POINT('',(-37.67084446542,-22.84666151334,22.4));
#7448 = CARTESIAN_POINT('',(-36.88246445925,-23.38266359922,22.4));
#7449 = CARTESIAN_POINT('',(-36.09024093054,-23.85209589851,22.4));
#7450 = CARTESIAN_POINT('',(-35.2716182404,-24.26838895294,22.4));
#7451 = CARTESIAN_POINT('',(-34.4694573333,-24.61321484189,22.4));
#7452 = CARTESIAN_POINT('',(-33.66478137554,-24.90115169002,22.4));
#7453 = CARTESIAN_POINT('',(-32.85748445708,-25.13390222152,22.4));
#7454 = CARTESIAN_POINT('',(-32.02548879627,-25.31471719703,22.4));
#7455 = CARTESIAN_POINT('',(-31.21199708904,-25.43405364616,22.4));
#7456 = CARTESIAN_POINT('',(-30.39642949238,-25.4977897284,22.4));
#7457 = CARTESIAN_POINT('',(-29.57824430904,-25.50457377154,22.4));
#7458 = CARTESIAN_POINT('',(-28.7358986742,-25.44834800186,22.4));
#7459 = CARTESIAN_POINT('',(-27.91296586313,-25.32900449697,22.4));
#7460 = CARTESIAN_POINT('',(-27.08697775678,-25.14390693436,22.4));
#7461 = CARTESIAN_POINT('',(-26.25705411068,-24.88844777048,22.4));
#7462 = CARTESIAN_POINT('',(-25.40317303539,-24.54633610292,22.4));
#7463 = CARTESIAN_POINT('',(-24.57022196161,-24.12945797872,22.4));
#7464 = CARTESIAN_POINT('',(-23.73441880244,-23.62455827449,22.4));
#7465 = CARTESIAN_POINT('',(-22.89634877044,-23.02370237878,22.4));
#7466 = CARTESIAN_POINT('',(-22.04043093658,-22.29895895778,22.4));
#7467 = CARTESIAN_POINT('',(-21.21171850207,-21.4823540246,22.4));
#7468 = CARTESIAN_POINT('',(-20.3965709416,-20.53907837348,22.4));
#7469 = CARTESIAN_POINT('',(-19.59880637533,-19.46246005504,22.4));
#7470 = CARTESIAN_POINT('',(-18.80095935,-18.21914766577,22.4));
#7471 = CARTESIAN_POINT('',(-18.05245637821,-16.86372400721,22.4));
#7472 = CARTESIAN_POINT('',(-17.33290816511,-15.35433410195,22.4));
#7473 = CARTESIAN_POINT('',(-16.65039846963,-13.68154318819,22.4));
#7474 = CARTESIAN_POINT('',(-16.00169197748,-11.7902920039,22.4));
#7475 = CARTESIAN_POINT('',(-15.43018662694,-9.778497430159,22.4));
#7476 = CARTESIAN_POINT('',(-14.91911532609,-7.55174154643,22.4));
#7477 = CARTESIAN_POINT('',(-14.4963157594,-5.242708683599,22.4));
#7478 = CARTESIAN_POINT('',(-14.1111192811,-2.259005341862,22.4));
#7479 = CARTESIAN_POINT('',(-14.06955108912,-1.452824247307,22.4));
#7480 = CARTESIAN_POINT('',(-13.93491307613,9.659132507772E-02,22.4));
#7481 = PCURVE('',#7249,#7482);
#7482 = DEFINITIONAL_REPRESENTATION('',(#7483),#7487);
#7483 = LINE('',#7484,#7485);
#7484 = CARTESIAN_POINT('',(0.,-22.4));
#7485 = VECTOR('',#7486,1.);
#7486 = DIRECTION('',(1.,0.));
#7487 = ( GEOMETRIC_REPRESENTATION_CONTEXT(2) 
PARAMETRIC_REPRESENTATION_CONTEXT() REPRESENTATION_CONTEXT('2D SPACE',''
  ) );
#7488 = PCURVE('',#66,#7489);
#7489 = DEFINITIONAL_REPRESENTATION('',(#7490),#7541);
#7490 = B_SPLINE_CURVE_WITH_KNOTS('',3,(#7491,#7492,#7493,#7494,#7495,
    #7496,#7497,#7498,#7499,#7500,#7501,#7502,#7503,#7504,#7505,#7506,
    #7507,#7508,#7509,#7510,#7511,#7512,#7513,#7514,#7515,#7516,#7517,
    #7518,#7519,#7520,#7521,#7522,#7523,#7524,#7525,#7526,#7527,#7528,
    #7529,#7530,#7531,#7532,#7533,#7534,#7535,#7536,#7537,#7538,#7539,
    #7540),.UNSPECIFIED.,.F.,.F.,(4,1,1,1,1,1,1,1,1,1,1,1,1,1,1,1,1,1,1,
    1,1,1,1,1,1,1,1,1,1,1,1,1,1,1,1,1,1,1,1,1,1,1,1,1,1,1,1,4),(0.,
    3.010134173011,5.734866089906,8.204243200285,10.280216915947,
    12.332164523515,14.201956865391,15.911237845672,17.363900720308,
    18.819208714806,20.167747400886,21.42468716853,22.515414853025,
    23.632925452475,24.694050367351,25.707901186754,26.608581862701,
    27.552388564938,28.468532489134,29.361872223827,30.169943636586,
    31.030962627216,31.880548884696,32.72227944396,33.495545472128,
    34.332992621126,35.174663745336,36.025783427864,36.825011523752,
    37.711824801461,38.627874308414,39.58148948206,40.502911686362,
    41.554574841448,42.671594637474,43.864256147866,45.041219012251,
    46.408073524505,47.880684921353,49.469922617188,51.049935999727,
    52.894334824252,54.887680127977,57.041280206621,59.18142193199,
    61.675679145654,64.364419403117,67.031728548195),.UNSPECIFIED.);
#7491 = CARTESIAN_POINT('',(-47.50629678931,0.112044317377));
#7492 = CARTESIAN_POINT('',(-47.37860517601,-0.867145985927));
#7493 = CARTESIAN_POINT('',(-47.1572404713,-2.789167280934));
#7494 = CARTESIAN_POINT('',(-46.68909350414,-5.476471585653));
#7495 = CARTESIAN_POINT('',(-46.18073832639,-7.848475237921));
#7496 = CARTESIAN_POINT('',(-45.62116597504,-9.975558559665));
#7497 = CARTESIAN_POINT('',(-45.02176722506,-11.88382984293));
#7498 = CARTESIAN_POINT('',(-44.36537084708,-13.64327436068));
#7499 = CARTESIAN_POINT('',(-43.69224568326,-15.18054278429));
#7500 = CARTESIAN_POINT('',(-42.9961258652,-16.5540447889));
#7501 = CARTESIAN_POINT('',(-42.28178489339,-17.78099451573));
#7502 = CARTESIAN_POINT('',(-41.52830960151,-18.90657583563));
#7503 = CARTESIAN_POINT('',(-40.77816037445,-19.88506061512));
#7504 = CARTESIAN_POINT('',(-40.0188226353,-20.75634719976));
#7505 = CARTESIAN_POINT('',(-39.25200117752,-21.53181991634));
#7506 = CARTESIAN_POINT('',(-38.45511862668,-22.23824036849));
#7507 = CARTESIAN_POINT('',(-37.67084446542,-22.84666151334));
#7508 = CARTESIAN_POINT('',(-36.88246445925,-23.38266359922));
#7509 = CARTESIAN_POINT('',(-36.09024093054,-23.85209589851));
#7510 = CARTESIAN_POINT('',(-35.2716182404,-24.26838895294));
#7511 = CARTESIAN_POINT('',(-34.4694573333,-24.61321484189));
#7512 = CARTESIAN_POINT('',(-33.66478137554,-24.90115169002));
#7513 = CARTESIAN_POINT('',(-32.85748445708,-25.13390222152));
#7514 = CARTESIAN_POINT('',(-32.02548879627,-25.31471719703));
#7515 = CARTESIAN_POINT('',(-31.21199708904,-25.43405364616));
#7516 = CARTESIAN_POINT('',(-30.39642949238,-25.4977897284));
#7517 = CARTESIAN_POINT('',(-29.57824430904,-25.50457377154));
#7518 = CARTESIAN_POINT('',(-28.7358986742,-25.44834800186));
#7519 = CARTESIAN_POINT('',(-27.91296586313,-25.32900449697));
#7520 = CARTESIAN_POINT('',(-27.08697775678,-25.14390693436));
#7521 = CARTESIAN_POINT('',(-26.25705411068,-24.88844777048));
#7522 = CARTESIAN_POINT('',(-25.40317303539,-24.54633610292));
#7523 = CARTESIAN_POINT('',(-24.57022196161,-24.12945797872));
#7524 = CARTESIAN_POINT('',(-23.73441880244,-23.62455827449));
#7525 = CARTESIAN_POINT('',(-22.89634877044,-23.02370237878));
#7526 = CARTESIAN_POINT('',(-22.04043093658,-22.29895895778));
#7527 = CARTESIAN_POINT('',(-21.21171850207,-21.4823540246));
#7528 = CARTESIAN_POINT('',(-20.3965709416,-20.53907837348));
#7529 = CARTESIAN_POINT('',(-19.59880637533,-19.46246005504));
#7530 = CARTESIAN_POINT('',(-18.80095935,-18.21914766577));
#7531 = CARTESIAN_POINT('',(-18.05245637821,-16.86372400721));
#7532 = CARTESIAN_POINT('',(-17.33290816511,-15.35433410195));
#7533 = CARTESIAN_POINT('',(-16.65039846963,-13.68154318819));
#7534 = CARTESIAN_POINT('',(-16.00169197748,-11.7902920039));
#7535 = CARTESIAN_POINT('',(-15.43018662694,-9.778497430159));
#7536 = CARTESIAN_POINT('',(-14.91911532609,-7.55174154643));
#7537 = CARTESIAN_POINT('',(-14.4963157594,-5.242708683599));
#7538 = CARTESIAN_POINT('',(-14.1111192811,-2.259005341862));
#7539 = CARTESIAN_POINT('',(-14.06955108912,-1.452824247307));
#7540 = CARTESIAN_POINT('',(-13.93491307613,9.659132507772E-02));
#7541 = ( GEOMETRIC_REPRESENTATION_CONTEXT(2) 
PARAMETRIC_REPRESENTATION_CONTEXT() REPRESENTATION_CONTEXT('2D SPACE',''
  ) );
#7542 = ORIENTED_EDGE('',*,*,#7231,.F.);
#7543 = ORIENTED_EDGE('',*,*,#7544,.F.);
#7544 = EDGE_CURVE('',#7404,#7232,#7545,.T.);
#7545 = SURFACE_CURVE('',#7546,(#7597,#7604),.PCURVE_S1.);
#7546 = B_SPLINE_CURVE_WITH_KNOTS('',3,(#7547,#7548,#7549,#7550,#7551,
    #7552,#7553,#7554,#7555,#7556,#7557,#7558,#7559,#7560,#7561,#7562,
    #7563,#7564,#7565,#7566,#7567,#7568,#7569,#7570,#7571,#7572,#7573,
    #7574,#7575,#7576,#7577,#7578,#7579,#7580,#7581,#7582,#7583,#7584,
    #7585,#7586,#7587,#7588,#7589,#7590,#7591,#7592,#7593,#7594,#7595,
    #7596),.UNSPECIFIED.,.F.,.F.,(4,1,1,1,1,1,1,1,1,1,1,1,1,1,1,1,1,1,1,
    1,1,1,1,1,1,1,1,1,1,1,1,1,1,1,1,1,1,1,1,1,1,1,1,1,1,1,1,4),(0.,
    3.010134173011,5.734866089906,8.204243200285,10.280216915947,
    12.332164523515,14.201956865391,15.911237845672,17.363900720308,
    18.819208714806,20.167747400886,21.42468716853,22.515414853025,
    23.632925452475,24.694050367351,25.707901186754,26.608581862701,
    27.552388564938,28.468532489134,29.361872223827,30.169943636586,
    31.030962627216,31.880548884696,32.72227944396,33.495545472128,
    34.332992621126,35.174663745336,36.025783427864,36.825011523752,
    37.711824801461,38.627874308414,39.58148948206,40.502911686362,
    41.554574841448,42.671594637474,43.864256147866,45.041219012251,
    46.408073524505,47.880684921353,49.469922617188,51.049935999727,
    52.894334824252,54.887680127977,57.041280206621,59.18142193199,
    61.675679145654,64.364419403117,67.031728548195),.UNSPECIFIED.);
#7547 = CARTESIAN_POINT('',(-47.50629678931,0.112044317377,0.));
#7548 = CARTESIAN_POINT('',(-47.37860517601,-0.867145985927,0.));
#7549 = CARTESIAN_POINT('',(-47.1572404713,-2.789167280934,0.));
#7550 = CARTESIAN_POINT('',(-46.68909350414,-5.476471585653,0.));
#7551 = CARTESIAN_POINT('',(-46.18073832639,-7.848475237921,0.));
#7552 = CARTESIAN_POINT('',(-45.62116597504,-9.975558559665,0.));
#7553 = CARTESIAN_POINT('',(-45.02176722506,-11.88382984293,0.));
#7554 = CARTESIAN_POINT('',(-44.36537084708,-13.64327436068,0.));
#7555 = CARTESIAN_POINT('',(-43.69224568326,-15.18054278429,0.));
#7556 = CARTESIAN_POINT('',(-42.9961258652,-16.5540447889,0.));
#7557 = CARTESIAN_POINT('',(-42.28178489339,-17.78099451573,0.));
#7558 = CARTESIAN_POINT('',(-41.52830960151,-18.90657583563,0.));
#7559 = CARTESIAN_POINT('',(-40.77816037445,-19.88506061512,0.));
#7560 = CARTESIAN_POINT('',(-40.0188226353,-20.75634719976,0.));
#7561 = CARTESIAN_POINT('',(-39.25200117752,-21.53181991634,0.));
#7562 = CARTESIAN_POINT('',(-38.45511862668,-22.23824036849,0.));
#7563 = CARTESIAN_POINT('',(-37.67084446542,-22.84666151334,0.));
#7564 = CARTESIAN_POINT('',(-36.88246445925,-23.38266359922,0.));
#7565 = CARTESIAN_POINT('',(-36.09024093054,-23.85209589851,0.));
#7566 = CARTESIAN_POINT('',(-35.2716182404,-24.26838895294,0.));
#7567 = CARTESIAN_POINT('',(-34.4694573333,-24.61321484189,0.));
#7568 = CARTESIAN_POINT('',(-33.66478137554,-24.90115169002,0.));
#7569 = CARTESIAN_POINT('',(-32.85748445708,-25.13390222152,0.));
#7570 = CARTESIAN_POINT('',(-32.02548879627,-25.31471719703,0.));
#7571 = CARTESIAN_POINT('',(-31.21199708904,-25.43405364616,0.));
#7572 = CARTESIAN_POINT('',(-30.39642949238,-25.4977897284,0.));
#7573 = CARTESIAN_POINT('',(-29.57824430904,-25.50457377154,0.));
#7574 = CARTESIAN_POINT('',(-28.7358986742,-25.44834800186,0.));
#7575 = CARTESIAN_POINT('',(-27.91296586313,-25.32900449697,0.));
#7576 = CARTESIAN_POINT('',(-27.08697775678,-25.14390693436,0.));
#7577 = CARTESIAN_POINT('',(-26.25705411068,-24.88844777048,0.));
#7578 = CARTESIAN_POINT('',(-25.40317303539,-24.54633610292,0.));
#7579 = CARTESIAN_POINT('',(-24.57022196161,-24.12945797872,0.));
#7580 = CARTESIAN_POINT('',(-23.73441880244,-23.62455827449,0.));
#7581 = CARTESIAN_POINT('',(-22.89634877044,-23.02370237878,0.));
#7582 = CARTESIAN_POINT('',(-22.04043093658,-22.29895895778,0.));
#7583 = CARTESIAN_POINT('',(-21.21171850207,-21.4823540246,0.));
#7584 = CARTESIAN_POINT('',(-20.3965709416,-20.53907837348,0.));
#7585 = CARTESIAN_POINT('',(-19.59880637533,-19.46246005504,0.));
#7586 = CARTESIAN_POINT('',(-18.80095935,-18.21914766577,0.));
#7587 = CARTESIAN_POINT('',(-18.05245637821,-16.86372400721,0.));
#7588 = CARTESIAN_POINT('',(-17.33290816511,-15.35433410195,0.));
#7589 = CARTESIAN_POINT('',(-16.65039846963,-13.68154318819,0.));
#7590 = CARTESIAN_POINT('',(-16.00169197748,-11.7902920039,0.));
#7591 = CARTESIAN_POINT('',(-15.43018662694,-9.778497430159,0.));
#7592 = CARTESIAN_POINT('',(-14.91911532609,-7.55174154643,0.));
#7593 = CARTESIAN_POINT('',(-14.4963157594,-5.242708683599,0.));
#7594 = CARTESIAN_POINT('',(-14.1111192811,-2.259005341862,0.));
#7595 = CARTESIAN_POINT('',(-14.06955108912,-1.452824247307,0.));
#7596 = CARTESIAN_POINT('',(-13.93491307613,9.659132507772E-02,0.));
#7597 = PCURVE('',#7249,#7598);
#7598 = DEFINITIONAL_REPRESENTATION('',(#7599),#7603);
#7599 = LINE('',#7600,#7601);
#7600 = CARTESIAN_POINT('',(0.,0.));
#7601 = VECTOR('',#7602,1.);
#7602 = DIRECTION('',(1.,0.));
#7603 = ( GEOMETRIC_REPRESENTATION_CONTEXT(2) 
PARAMETRIC_REPRESENTATION_CONTEXT() REPRESENTATION_CONTEXT('2D SPACE',''
  ) );
#7604 = PCURVE('',#94,#7605);
#7605 = DEFINITIONAL_REPRESENTATION('',(#7606),#7657);
#7606 = B_SPLINE_CURVE_WITH_KNOTS('',3,(#7607,#7608,#7609,#7610,#7611,
    #7612,#7613,#7614,#7615,#7616,#7617,#7618,#7619,#7620,#7621,#7622,
    #7623,#7624,#7625,#7626,#7627,#7628,#7629,#7630,#7631,#7632,#7633,
    #7634,#7635,#7636,#7637,#7638,#7639,#7640,#7641,#7642,#7643,#7644,
    #7645,#7646,#7647,#7648,#7649,#7650,#7651,#7652,#7653,#7654,#7655,
    #7656),.UNSPECIFIED.,.F.,.F.,(4,1,1,1,1,1,1,1,1,1,1,1,1,1,1,1,1,1,1,
    1,1,1,1,1,1,1,1,1,1,1,1,1,1,1,1,1,1,1,1,1,1,1,1,1,1,1,1,4),(0.,
    3.010134173011,5.734866089906,8.204243200285,10.280216915947,
    12.332164523515,14.201956865391,15.911237845672,17.363900720308,
    18.819208714806,20.167747400886,21.42468716853,22.515414853025,
    23.632925452475,24.694050367351,25.707901186754,26.608581862701,
    27.552388564938,28.468532489134,29.361872223827,30.169943636586,
    31.030962627216,31.880548884696,32.72227944396,33.495545472128,
    34.332992621126,35.174663745336,36.025783427864,36.825011523752,
    37.711824801461,38.627874308414,39.58148948206,40.502911686362,
    41.554574841448,42.671594637474,43.864256147866,45.041219012251,
    46.408073524505,47.880684921353,49.469922617188,51.049935999727,
    52.894334824252,54.887680127977,57.041280206621,59.18142193199,
    61.675679145654,64.364419403117,67.031728548195),.UNSPECIFIED.);
#7607 = CARTESIAN_POINT('',(-47.50629678931,0.112044317377));
#7608 = CARTESIAN_POINT('',(-47.37860517601,-0.867145985927));
#7609 = CARTESIAN_POINT('',(-47.1572404713,-2.789167280934));
#7610 = CARTESIAN_POINT('',(-46.68909350414,-5.476471585653));
#7611 = CARTESIAN_POINT('',(-46.18073832639,-7.848475237921));
#7612 = CARTESIAN_POINT('',(-45.62116597504,-9.975558559665));
#7613 = CARTESIAN_POINT('',(-45.02176722506,-11.88382984293));
#7614 = CARTESIAN_POINT('',(-44.36537084708,-13.64327436068));
#7615 = CARTESIAN_POINT('',(-43.69224568326,-15.18054278429));
#7616 = CARTESIAN_POINT('',(-42.9961258652,-16.5540447889));
#7617 = CARTESIAN_POINT('',(-42.28178489339,-17.78099451573));
#7618 = CARTESIAN_POINT('',(-41.52830960151,-18.90657583563));
#7619 = CARTESIAN_POINT('',(-40.77816037445,-19.88506061512));
#7620 = CARTESIAN_POINT('',(-40.0188226353,-20.75634719976));
#7621 = CARTESIAN_POINT('',(-39.25200117752,-21.53181991634));
#7622 = CARTESIAN_POINT('',(-38.45511862668,-22.23824036849));
#7623 = CARTESIAN_POINT('',(-37.67084446542,-22.84666151334));
#7624 = CARTESIAN_POINT('',(-36.88246445925,-23.38266359922));
#7625 = CARTESIAN_POINT('',(-36.09024093054,-23.85209589851));
#7626 = CARTESIAN_POINT('',(-35.2716182404,-24.26838895294));
#7627 = CARTESIAN_POINT('',(-34.4694573333,-24.61321484189));
#7628 = CARTESIAN_POINT('',(-33.66478137554,-24.90115169002));
#7629 = CARTESIAN_POINT('',(-32.85748445708,-25.13390222152));
#7630 = CARTESIAN_POINT('',(-32.02548879627,-25.31471719703));
#7631 = CARTESIAN_POINT('',(-31.21199708904,-25.43405364616));
#7632 = CARTESIAN_POINT('',(-30.39642949238,-25.4977897284));
#7633 = CARTESIAN_POINT('',(-29.57824430904,-25.50457377154));
#7634 = CARTESIAN_POINT('',(-28.7358986742,-25.44834800186));
#7635 = CARTESIAN_POINT('',(-27.91296586313,-25.32900449697));
#7636 = CARTESIAN_POINT('',(-27.08697775678,-25.14390693436));
#7637 = CARTESIAN_POINT('',(-26.25705411068,-24.88844777048));
#7638 = CARTESIAN_POINT('',(-25.40317303539,-24.54633610292));
#7639 = CARTESIAN_POINT('',(-24.57022196161,-24.12945797872));
#7640 = CARTESIAN_POINT('',(-23.73441880244,-23.62455827449));
#7641 = CARTESIAN_POINT('',(-22.89634877044,-23.02370237878));
#7642 = CARTESIAN_POINT('',(-22.04043093658,-22.29895895778));
#7643 = CARTESIAN_POINT('',(-21.21171850207,-21.4823540246));
#7644 = CARTESIAN_POINT('',(-20.3965709416,-20.53907837348));
#7645 = CARTESIAN_POINT('',(-19.59880637533,-19.46246005504));
#7646 = CARTESIAN_POINT('',(-18.80095935,-18.21914766577));
#7647 = CARTESIAN_POINT('',(-18.05245637821,-16.86372400721));
#7648 = CARTESIAN_POINT('',(-17.33290816511,-15.35433410195));
#7649 = CARTESIAN_POINT('',(-16.65039846963,-13.68154318819));
#7650 = CARTESIAN_POINT('',(-16.00169197748,-11.7902920039));
#7651 = CARTESIAN_POINT('',(-15.43018662694,-9.778497430159));
#7652 = CARTESIAN_POINT('',(-14.91911532609,-7.55174154643));
#7653 = CARTESIAN_POINT('',(-14.4963157594,-5.242708683599));
#7654 = CARTESIAN_POINT('',(-14.1111192811,-2.259005341862));
#7655 = CARTESIAN_POINT('',(-14.06955108912,-1.452824247307));
#7656 = CARTESIAN_POINT('',(-13.93491307613,9.659132507772E-02));
#7657 = ( GEOMETRIC_REPRESENTATION_CONTEXT(2) 
PARAMETRIC_REPRESENTATION_CONTEXT() REPRESENTATION_CONTEXT('2D SPACE',''
  ) );
#7658 = ADVANCED_FACE('',(#7659),#6930,.T.);
#7659 = FACE_BOUND('',#7660,.T.);
#7660 = EDGE_LOOP('',(#7661,#7662,#7683,#7684));
#7661 = ORIENTED_EDGE('',*,*,#6914,.T.);
#7662 = ORIENTED_EDGE('',*,*,#7663,.T.);
#7663 = EDGE_CURVE('',#6891,#7406,#7664,.T.);
#7664 = SURFACE_CURVE('',#7665,(#7669,#7676),.PCURVE_S1.);
#7665 = LINE('',#7666,#7667);
#7666 = CARTESIAN_POINT('',(-48.98546512435,11.453495601611,22.4));
#7667 = VECTOR('',#7668,1.);
#7668 = DIRECTION('',(0.129326168539,-0.991602108777,0.));
#7669 = PCURVE('',#6930,#7670);
#7670 = DEFINITIONAL_REPRESENTATION('',(#7671),#7675);
#7671 = LINE('',#7672,#7673);
#7672 = CARTESIAN_POINT('',(-6.094433791488,-22.4));
#7673 = VECTOR('',#7674,1.);
#7674 = DIRECTION('',(1.,0.));
#7675 = ( GEOMETRIC_REPRESENTATION_CONTEXT(2) 
PARAMETRIC_REPRESENTATION_CONTEXT() REPRESENTATION_CONTEXT('2D SPACE',''
  ) );
#7676 = PCURVE('',#66,#7677);
#7677 = DEFINITIONAL_REPRESENTATION('',(#7678),#7682);
#7678 = LINE('',#7679,#7680);
#7679 = CARTESIAN_POINT('',(-48.98546512435,11.453495601611));
#7680 = VECTOR('',#7681,1.);
#7681 = DIRECTION('',(0.129326168539,-0.991602108777));
#7682 = ( GEOMETRIC_REPRESENTATION_CONTEXT(2) 
PARAMETRIC_REPRESENTATION_CONTEXT() REPRESENTATION_CONTEXT('2D SPACE',''
  ) );
#7683 = ORIENTED_EDGE('',*,*,#7403,.F.);
#7684 = ORIENTED_EDGE('',*,*,#7685,.F.);
#7685 = EDGE_CURVE('',#6915,#7404,#7686,.T.);
#7686 = SURFACE_CURVE('',#7687,(#7691,#7698),.PCURVE_S1.);
#7687 = LINE('',#7688,#7689);
#7688 = CARTESIAN_POINT('',(-48.98546512435,11.453495601611,0.));
#7689 = VECTOR('',#7690,1.);
#7690 = DIRECTION('',(0.129326168539,-0.991602108777,0.));
#7691 = PCURVE('',#6930,#7692);
#7692 = DEFINITIONAL_REPRESENTATION('',(#7693),#7697);
#7693 = LINE('',#7694,#7695);
#7694 = CARTESIAN_POINT('',(-6.094433791488,-0.));
#7695 = VECTOR('',#7696,1.);
#7696 = DIRECTION('',(1.,0.));
#7697 = ( GEOMETRIC_REPRESENTATION_CONTEXT(2) 
PARAMETRIC_REPRESENTATION_CONTEXT() REPRESENTATION_CONTEXT('2D SPACE',''
  ) );
#7698 = PCURVE('',#94,#7699);
#7699 = DEFINITIONAL_REPRESENTATION('',(#7700),#7704);
#7700 = LINE('',#7701,#7702);
#7701 = CARTESIAN_POINT('',(-48.98546512435,11.453495601611));
#7702 = VECTOR('',#7703,1.);
#7703 = DIRECTION('',(0.129326168539,-0.991602108777));
#7704 = ( GEOMETRIC_REPRESENTATION_CONTEXT(2) 
PARAMETRIC_REPRESENTATION_CONTEXT() REPRESENTATION_CONTEXT('2D SPACE',''
  ) );
#7705 = ADVANCED_FACE('',(#7706),#7720,.F.);
#7706 = FACE_BOUND('',#7707,.T.);
#7707 = EDGE_LOOP('',(#7708,#7839,#7863,#7891));
#7708 = ORIENTED_EDGE('',*,*,#7709,.T.);
#7709 = EDGE_CURVE('',#7710,#7712,#7714,.T.);
#7710 = VERTEX_POINT('',#7711);
#7711 = CARTESIAN_POINT('',(-34.67920645973,33.905790645895,0.));
#7712 = VERTEX_POINT('',#7713);
#7713 = CARTESIAN_POINT('',(-34.67920645973,33.905790645895,22.4));
#7714 = SURFACE_CURVE('',#7715,(#7719,#7731),.PCURVE_S1.);
#7715 = LINE('',#7716,#7717);
#7716 = CARTESIAN_POINT('',(-34.67920645973,33.905790645895,0.));
#7717 = VECTOR('',#7718,1.);
#7718 = DIRECTION('',(0.,0.,1.));
#7719 = PCURVE('',#7720,#7725);
#7720 = CYLINDRICAL_SURFACE('',#7721,48.5);
#7721 = AXIS2_PLACEMENT_3D('',#7722,#7723,#7724);
#7722 = CARTESIAN_POINT('',(0.,0.,0.));
#7723 = DIRECTION('',(-0.,-0.,-1.));
#7724 = DIRECTION('',(1.,0.,-0.));
#7725 = DEFINITIONAL_REPRESENTATION('',(#7726),#7730);
#7726 = LINE('',#7727,#7728);
#7727 = CARTESIAN_POINT('',(-2.367470761464,0.));
#7728 = VECTOR('',#7729,1.);
#7729 = DIRECTION('',(-0.,-1.));
#7730 = ( GEOMETRIC_REPRESENTATION_CONTEXT(2) 
PARAMETRIC_REPRESENTATION_CONTEXT() REPRESENTATION_CONTEXT('2D SPACE',''
  ) );
#7731 = PCURVE('',#7732,#7833);
#7732 = B_SPLINE_SURFACE_WITH_KNOTS('',3,1,(
    (#7733,#7734)
    ,(#7735,#7736)
    ,(#7737,#7738)
    ,(#7739,#7740)
    ,(#7741,#7742)
    ,(#7743,#7744)
    ,(#7745,#7746)
    ,(#7747,#7748)
    ,(#7749,#7750)
    ,(#7751,#7752)
    ,(#7753,#7754)
    ,(#7755,#7756)
    ,(#7757,#7758)
    ,(#7759,#7760)
    ,(#7761,#7762)
    ,(#7763,#7764)
    ,(#7765,#7766)
    ,(#7767,#7768)
    ,(#7769,#7770)
    ,(#7771,#7772)
    ,(#7773,#7774)
    ,(#7775,#7776)
    ,(#7777,#7778)
    ,(#7779,#7780)
    ,(#7781,#7782)
    ,(#7783,#7784)
    ,(#7785,#7786)
    ,(#7787,#7788)
    ,(#7789,#7790)
    ,(#7791,#7792)
    ,(#7793,#7794)
    ,(#7795,#7796)
    ,(#7797,#7798)
    ,(#7799,#7800)
    ,(#7801,#7802)
    ,(#7803,#7804)
    ,(#7805,#7806)
    ,(#7807,#7808)
    ,(#7809,#7810)
    ,(#7811,#7812)
    ,(#7813,#7814)
    ,(#7815,#7816)
    ,(#7817,#7818)
    ,(#7819,#7820)
    ,(#7821,#7822)
    ,(#7823,#7824)
    ,(#7825,#7826)
    ,(#7827,#7828)
    ,(#7829,#7830)
    ,(#7831,#7832
    )),.UNSPECIFIED.,.F.,.F.,.F.,(4,1,1,1,1,1,1,1,1,1,1,1,1,1,1,1,1,1,1,
    1,1,1,1,1,1,1,1,1,1,1,1,1,1,1,1,1,1,1,1,1,1,1,1,1,1,1,1,4),(2,2),(0.
    ,2.766464139392,5.568319295326,8.177275145496,10.425160909405,
    12.698001103747,14.813706991925,16.784063111389,18.483896399813,
    20.207074900357,21.81810245116,23.327840693167,24.640860133639,
    25.985974841284,27.260500260188,28.473662841808,29.546573791048,
    30.665502050481,31.746604132965,32.796723932319,33.744037531687,
    34.751762028128,35.745458780463,36.730106112805,37.635070035337,
    38.615335519513,39.599805338773,40.592877392801,41.521106716853,
    42.54355210237,43.588460947472,44.661307186429,45.681682040739,
    46.825929386569,48.018033969658,49.266638650819,50.477859791669,
    51.863921967174,53.33914083985,54.917675284274,56.480212616324,
    58.303578905337,60.281721918016,62.435877257802,64.600562295301,
    67.15990258556,69.968318443063,73.053194077155),(-22.4,0.),
  .UNSPECIFIED.);
#7733 = CARTESIAN_POINT('',(-5.816194003237,9.880760870129,22.4));
#7734 = CARTESIAN_POINT('',(-5.816194003237,9.880760870129,0.));
#7735 = CARTESIAN_POINT('',(-6.644893632948,9.514229607782,22.4));
#7736 = CARTESIAN_POINT('',(-6.644893632948,9.514229607782,0.));
#7737 = CARTESIAN_POINT('',(-8.352347400098,8.726866094648,22.4));
#7738 = CARTESIAN_POINT('',(-8.352347400098,8.726866094648,0.));
#7739 = CARTESIAN_POINT('',(-10.8879937497,7.7482593467,22.4));
#7740 = CARTESIAN_POINT('',(-10.8879937497,7.7482593467,0.));
#7741 = CARTESIAN_POINT('',(-13.30955134065,6.930325714986,22.4));
#7742 = CARTESIAN_POINT('',(-13.30955134065,6.930325714986,0.));
#7743 = CARTESIAN_POINT('',(-15.59647271426,6.282227562072,22.4));
#7744 = CARTESIAN_POINT('',(-15.59647271426,6.282227562072,0.));
#7745 = CARTESIAN_POINT('',(-17.75309560005,5.784587849339,22.4));
#7746 = CARTESIAN_POINT('',(-17.75309560005,5.784587849339,0.));
#7747 = CARTESIAN_POINT('',(-19.84232219723,5.420650667977,22.4));
#7748 = CARTESIAN_POINT('',(-19.84232219723,5.420650667977,0.));
#7749 = CARTESIAN_POINT('',(-21.75917145835,5.197909862873,22.4));
#7750 = CARTESIAN_POINT('',(-21.75917145835,5.197909862873,0.));
#7751 = CARTESIAN_POINT('',(-23.5548404339,5.09325654643,22.4));
#7752 = CARTESIAN_POINT('',(-23.5548404339,5.09325654643,0.));
#7753 = CARTESIAN_POINT('',(-25.23398865028,5.096182803092,22.4));
#7754 = CARTESIAN_POINT('',(-25.23398865028,5.096182803092,0.));
#7755 = CARTESIAN_POINT('',(-26.84626796173,5.204221968676,22.4));
#7756 = CARTESIAN_POINT('',(-26.84626796173,5.204221968676,0.));
#7757 = CARTESIAN_POINT('',(-28.31151949602,5.40645938795,22.4));
#7758 = CARTESIAN_POINT('',(-28.31151949602,5.40645938795,0.));
#7759 = CARTESIAN_POINT('',(-29.67345682684,5.684731680676,22.4));
#7760 = CARTESIAN_POINT('',(-29.67345682684,5.684731680676,0.));
#7761 = CARTESIAN_POINT('',(-30.93940402072,6.029671265133,22.4));
#7762 = CARTESIAN_POINT('',(-30.93940402072,6.029671265133,0.));
#7763 = CARTESIAN_POINT('',(-32.14271777302,6.463046947933,22.4));
#7764 = CARTESIAN_POINT('',(-32.14271777302,6.463046947933,0.));
#7765 = CARTESIAN_POINT('',(-33.22509717163,6.953135511264,22.4));
#7766 = CARTESIAN_POINT('',(-33.22509717163,6.953135511264,0.));
#7767 = CARTESIAN_POINT('',(-34.21990980166,7.501765821777,22.4));
#7768 = CARTESIAN_POINT('',(-34.21990980166,7.501765821777,0.));
#7769 = CARTESIAN_POINT('',(-35.13155786663,8.103348380965,22.4));
#7770 = CARTESIAN_POINT('',(-35.13155786663,8.103348380965,0.));
#7771 = CARTESIAN_POINT('',(-35.98423564359,8.773662220142,22.4));
#7772 = CARTESIAN_POINT('',(-35.98423564359,8.773662220142,0.));
#7773 = CARTESIAN_POINT('',(-36.73688982299,9.472911294482,22.4));
#7774 = CARTESIAN_POINT('',(-36.73688982299,9.472911294482,0.));
#7775 = CARTESIAN_POINT('',(-37.4159329875,10.210562413316,22.4));
#7776 = CARTESIAN_POINT('',(-37.4159329875,10.210562413316,0.));
#7777 = CARTESIAN_POINT('',(-38.0251375478,10.983223783895,22.4));
#7778 = CARTESIAN_POINT('',(-38.0251375478,10.983223783895,0.));
#7779 = CARTESIAN_POINT('',(-38.57970852519,11.810920694616,22.4));
#7780 = CARTESIAN_POINT('',(-38.57970852519,11.810920694616,0.));
#7781 = CARTESIAN_POINT('',(-39.0538491695,12.647944644491,22.4));
#7782 = CARTESIAN_POINT('',(-39.0538491695,12.647944644491,0.));
#7783 = CARTESIAN_POINT('',(-39.46651697433,13.511727729372,22.4));
#7784 = CARTESIAN_POINT('',(-39.46651697433,13.511727729372,0.));
#7785 = CARTESIAN_POINT('',(-39.81986461885,14.401480006344,22.4));
#7786 = CARTESIAN_POINT('',(-39.81986461885,14.401480006344,0.));
#7787 = CARTESIAN_POINT('',(-40.12055972449,15.341220066294,22.4));
#7788 = CARTESIAN_POINT('',(-40.12055972449,15.341220066294,0.));
#7789 = CARTESIAN_POINT('',(-40.35376691334,16.282054297583,22.4));
#7790 = CARTESIAN_POINT('',(-40.35376691334,16.282054297583,0.));
#7791 = CARTESIAN_POINT('',(-40.52956210035,17.248008569068,22.4));
#7792 = CARTESIAN_POINT('',(-40.52956210035,17.248008569068,0.));
#7793 = CARTESIAN_POINT('',(-40.6468681278,18.24033408098,22.4));
#7794 = CARTESIAN_POINT('',(-40.6468681278,18.24033408098,0.));
#7795 = CARTESIAN_POINT('',(-40.7025716469,19.286301750346,22.4));
#7796 = CARTESIAN_POINT('',(-40.7025716469,19.286301750346,0.));
#7797 = CARTESIAN_POINT('',(-40.6907735466,20.333018059347,22.4));
#7798 = CARTESIAN_POINT('',(-40.6907735466,20.333018059347,0.));
#7799 = CARTESIAN_POINT('',(-40.61154097701,21.40988875719,22.4));
#7800 = CARTESIAN_POINT('',(-40.61154097701,21.40988875719,0.));
#7801 = CARTESIAN_POINT('',(-40.45958624132,22.51924911683,22.4));
#7802 = CARTESIAN_POINT('',(-40.45958624132,22.51924911683,0.));
#7803 = CARTESIAN_POINT('',(-40.22011819032,23.690861718162,22.4));
#7804 = CARTESIAN_POINT('',(-40.22011819032,23.690861718162,0.));
#7805 = CARTESIAN_POINT('',(-39.8983432551,24.865796011915,22.4));
#7806 = CARTESIAN_POINT('',(-39.8983432551,24.865796011915,0.));
#7807 = CARTESIAN_POINT('',(-39.48238287774,26.079196979185,22.4));
#7808 = CARTESIAN_POINT('',(-39.48238287774,26.079196979185,0.));
#7809 = CARTESIAN_POINT('',(-38.96213597384,27.334096898428,22.4));
#7810 = CARTESIAN_POINT('',(-38.96213597384,27.334096898428,0.));
#7811 = CARTESIAN_POINT('',(-38.30844168994,28.662941662182,22.4));
#7812 = CARTESIAN_POINT('',(-38.30844168994,28.662941662182,0.));
#7813 = CARTESIAN_POINT('',(-37.54361104377,29.999288568651,22.4));
#7814 = CARTESIAN_POINT('',(-37.54361104377,29.999288568651,0.));
#7815 = CARTESIAN_POINT('',(-36.63900690952,31.386012320233,22.4));
#7816 = CARTESIAN_POINT('',(-36.63900690952,31.386012320233,0.));
#7817 = CARTESIAN_POINT('',(-35.57899905132,32.82677755251,22.4));
#7818 = CARTESIAN_POINT('',(-35.57899905132,32.82677755251,0.));
#7819 = CARTESIAN_POINT('',(-34.31357817388,34.359454096698,22.4));
#7820 = CARTESIAN_POINT('',(-34.31357817388,34.359454096698,0.));
#7821 = CARTESIAN_POINT('',(-32.89798423797,35.902743138997,22.4));
#7822 = CARTESIAN_POINT('',(-32.89798423797,35.902743138997,0.));
#7823 = CARTESIAN_POINT('',(-31.25032875088,37.531403832696,22.4));
#7824 = CARTESIAN_POINT('',(-31.25032875088,37.531403832696,0.));
#7825 = CARTESIAN_POINT('',(-29.47162515096,39.150485003839,22.4));
#7826 = CARTESIAN_POINT('',(-29.47162515096,39.150485003839,0.));
#7827 = CARTESIAN_POINT('',(-26.93964605503,41.240079304722,22.4));
#7828 = CARTESIAN_POINT('',(-26.93964605503,41.240079304722,0.));
#7829 = CARTESIAN_POINT('',(-26.36793151795,41.640230451155,22.4));
#7830 = CARTESIAN_POINT('',(-26.36793151795,41.640230451155,0.));
#7831 = CARTESIAN_POINT('',(-24.84388483054,42.806782149136,22.4));
#7832 = CARTESIAN_POINT('',(-24.84388483054,42.806782149136,0.));
#7833 = DEFINITIONAL_REPRESENTATION('',(#7834),#7838);
#7834 = LINE('',#7835,#7836);
#7835 = CARTESIAN_POINT('',(59.759046788485,0.));
#7836 = VECTOR('',#7837,1.);
#7837 = DIRECTION('',(0.,-1.));
#7838 = ( GEOMETRIC_REPRESENTATION_CONTEXT(2) 
PARAMETRIC_REPRESENTATION_CONTEXT() REPRESENTATION_CONTEXT('2D SPACE',''
  ) );
#7839 = ORIENTED_EDGE('',*,*,#7840,.T.);
#7840 = EDGE_CURVE('',#7712,#7841,#7843,.T.);
#7841 = VERTEX_POINT('',#7842);
#7842 = CARTESIAN_POINT('',(-39.03496106804,28.784054864049,22.4));
#7843 = SURFACE_CURVE('',#7844,(#7849,#7856),.PCURVE_S1.);
#7844 = CIRCLE('',#7845,48.5);
#7845 = AXIS2_PLACEMENT_3D('',#7846,#7847,#7848);
#7846 = CARTESIAN_POINT('',(0.,0.,22.4));
#7847 = DIRECTION('',(0.,0.,1.));
#7848 = DIRECTION('',(1.,0.,-0.));
#7849 = PCURVE('',#7720,#7850);
#7850 = DEFINITIONAL_REPRESENTATION('',(#7851),#7855);
#7851 = LINE('',#7852,#7853);
#7852 = CARTESIAN_POINT('',(-0.,-22.4));
#7853 = VECTOR('',#7854,1.);
#7854 = DIRECTION('',(-1.,0.));
#7855 = ( GEOMETRIC_REPRESENTATION_CONTEXT(2) 
PARAMETRIC_REPRESENTATION_CONTEXT() REPRESENTATION_CONTEXT('2D SPACE',''
  ) );
#7856 = PCURVE('',#66,#7857);
#7857 = DEFINITIONAL_REPRESENTATION('',(#7858),#7862);
#7858 = CIRCLE('',#7859,48.5);
#7859 = AXIS2_PLACEMENT_2D('',#7860,#7861);
#7860 = CARTESIAN_POINT('',(1.75032336965E-15,-3.209892110372E-15));
#7861 = DIRECTION('',(1.,0.));
#7862 = ( GEOMETRIC_REPRESENTATION_CONTEXT(2) 
PARAMETRIC_REPRESENTATION_CONTEXT() REPRESENTATION_CONTEXT('2D SPACE',''
  ) );
#7863 = ORIENTED_EDGE('',*,*,#7864,.F.);
#7864 = EDGE_CURVE('',#7865,#7841,#7867,.T.);
#7865 = VERTEX_POINT('',#7866);
#7866 = CARTESIAN_POINT('',(-39.03496106804,28.784054864049,0.));
#7867 = SURFACE_CURVE('',#7868,(#7872,#7879),.PCURVE_S1.);
#7868 = LINE('',#7869,#7870);
#7869 = CARTESIAN_POINT('',(-39.03496106804,28.784054864049,0.));
#7870 = VECTOR('',#7871,1.);
#7871 = DIRECTION('',(0.,0.,1.));
#7872 = PCURVE('',#7720,#7873);
#7873 = DEFINITIONAL_REPRESENTATION('',(#7874),#7878);
#7874 = LINE('',#7875,#7876);
#7875 = CARTESIAN_POINT('',(-2.506209834993,0.));
#7876 = VECTOR('',#7877,1.);
#7877 = DIRECTION('',(-0.,-1.));
#7878 = ( GEOMETRIC_REPRESENTATION_CONTEXT(2) 
PARAMETRIC_REPRESENTATION_CONTEXT() REPRESENTATION_CONTEXT('2D SPACE',''
  ) );
#7879 = PCURVE('',#7880,#7885);
#7880 = PLANE('',#7881);
#7881 = AXIS2_PLACEMENT_3D('',#7882,#7883,#7884);
#7882 = CARTESIAN_POINT('',(-39.03496106804,28.784054864049,0.));
#7883 = DIRECTION('',(0.923415700917,-0.383801307059,0.));
#7884 = DIRECTION('',(-0.383801307059,-0.923415700917,0.));
#7885 = DEFINITIONAL_REPRESENTATION('',(#7886),#7890);
#7886 = LINE('',#7887,#7888);
#7887 = CARTESIAN_POINT('',(0.,0.));
#7888 = VECTOR('',#7889,1.);
#7889 = DIRECTION('',(0.,-1.));
#7890 = ( GEOMETRIC_REPRESENTATION_CONTEXT(2) 
PARAMETRIC_REPRESENTATION_CONTEXT() REPRESENTATION_CONTEXT('2D SPACE',''
  ) );
#7891 = ORIENTED_EDGE('',*,*,#7892,.F.);
#7892 = EDGE_CURVE('',#7710,#7865,#7893,.T.);
#7893 = SURFACE_CURVE('',#7894,(#7899,#7906),.PCURVE_S1.);
#7894 = CIRCLE('',#7895,48.5);
#7895 = AXIS2_PLACEMENT_3D('',#7896,#7897,#7898);
#7896 = CARTESIAN_POINT('',(0.,0.,0.));
#7897 = DIRECTION('',(0.,0.,1.));
#7898 = DIRECTION('',(1.,0.,-0.));
#7899 = PCURVE('',#7720,#7900);
#7900 = DEFINITIONAL_REPRESENTATION('',(#7901),#7905);
#7901 = LINE('',#7902,#7903);
#7902 = CARTESIAN_POINT('',(-0.,0.));
#7903 = VECTOR('',#7904,1.);
#7904 = DIRECTION('',(-1.,0.));
#7905 = ( GEOMETRIC_REPRESENTATION_CONTEXT(2) 
PARAMETRIC_REPRESENTATION_CONTEXT() REPRESENTATION_CONTEXT('2D SPACE',''
  ) );
#7906 = PCURVE('',#94,#7907);
#7907 = DEFINITIONAL_REPRESENTATION('',(#7908),#7912);
#7908 = CIRCLE('',#7909,48.5);
#7909 = AXIS2_PLACEMENT_2D('',#7910,#7911);
#7910 = CARTESIAN_POINT('',(1.75032336965E-15,-3.209892110372E-15));
#7911 = DIRECTION('',(1.,0.));
#7912 = ( GEOMETRIC_REPRESENTATION_CONTEXT(2) 
PARAMETRIC_REPRESENTATION_CONTEXT() REPRESENTATION_CONTEXT('2D SPACE',''
  ) );
#7913 = ADVANCED_FACE('',(#7914),#7732,.T.);
#7914 = FACE_BOUND('',#7915,.T.);
#7915 = EDGE_LOOP('',(#7916,#7946,#8061,#8062));
#7916 = ORIENTED_EDGE('',*,*,#7917,.T.);
#7917 = EDGE_CURVE('',#7918,#7920,#7922,.T.);
#7918 = VERTEX_POINT('',#7919);
#7919 = CARTESIAN_POINT('',(-10.0129771935,8.093277400445,0.));
#7920 = VERTEX_POINT('',#7921);
#7921 = CARTESIAN_POINT('',(-10.0129771935,8.093277400445,22.4));
#7922 = SURFACE_CURVE('',#7923,(#7927,#7934),.PCURVE_S1.);
#7923 = LINE('',#7924,#7925);
#7924 = CARTESIAN_POINT('',(-10.0129771935,8.093277400445,0.));
#7925 = VECTOR('',#7926,1.);
#7926 = DIRECTION('',(0.,0.,1.));
#7927 = PCURVE('',#7732,#7928);
#7928 = DEFINITIONAL_REPRESENTATION('',(#7929),#7933);
#7929 = LINE('',#7930,#7931);
#7930 = CARTESIAN_POINT('',(4.560656898555,0.));
#7931 = VECTOR('',#7932,1.);
#7932 = DIRECTION('',(0.,-1.));
#7933 = ( GEOMETRIC_REPRESENTATION_CONTEXT(2) 
PARAMETRIC_REPRESENTATION_CONTEXT() REPRESENTATION_CONTEXT('2D SPACE',''
  ) );
#7934 = PCURVE('',#7935,#7940);
#7935 = PLANE('',#7936);
#7936 = AXIS2_PLACEMENT_3D('',#7937,#7938,#7939);
#7937 = CARTESIAN_POINT('',(-12.01969306091,7.051107079368,0.));
#7938 = DIRECTION('',(-0.460892493355,0.88745597613,0.));
#7939 = DIRECTION('',(0.88745597613,0.460892493355,0.));
#7940 = DEFINITIONAL_REPRESENTATION('',(#7941),#7945);
#7941 = LINE('',#7942,#7943);
#7942 = CARTESIAN_POINT('',(2.261200466709,0.));
#7943 = VECTOR('',#7944,1.);
#7944 = DIRECTION('',(0.,-1.));
#7945 = ( GEOMETRIC_REPRESENTATION_CONTEXT(2) 
PARAMETRIC_REPRESENTATION_CONTEXT() REPRESENTATION_CONTEXT('2D SPACE',''
  ) );
#7946 = ORIENTED_EDGE('',*,*,#7947,.T.);
#7947 = EDGE_CURVE('',#7920,#7712,#7948,.T.);
#7948 = SURFACE_CURVE('',#7949,(#8000,#8007),.PCURVE_S1.);
#7949 = B_SPLINE_CURVE_WITH_KNOTS('',3,(#7950,#7951,#7952,#7953,#7954,
    #7955,#7956,#7957,#7958,#7959,#7960,#7961,#7962,#7963,#7964,#7965,
    #7966,#7967,#7968,#7969,#7970,#7971,#7972,#7973,#7974,#7975,#7976,
    #7977,#7978,#7979,#7980,#7981,#7982,#7983,#7984,#7985,#7986,#7987,
    #7988,#7989,#7990,#7991,#7992,#7993,#7994,#7995,#7996,#7997,#7998,
    #7999),.UNSPECIFIED.,.F.,.F.,(4,1,1,1,1,1,1,1,1,1,1,1,1,1,1,1,1,1,1,
    1,1,1,1,1,1,1,1,1,1,1,1,1,1,1,1,1,1,1,1,1,1,1,1,1,1,1,1,4),(0.,
    2.766464139392,5.568319295326,8.177275145496,10.425160909405,
    12.698001103747,14.813706991925,16.784063111389,18.483896399813,
    20.207074900357,21.81810245116,23.327840693167,24.640860133639,
    25.985974841284,27.260500260188,28.473662841808,29.546573791048,
    30.665502050481,31.746604132965,32.796723932319,33.744037531687,
    34.751762028128,35.745458780463,36.730106112805,37.635070035337,
    38.615335519513,39.599805338773,40.592877392801,41.521106716853,
    42.54355210237,43.588460947472,44.661307186429,45.681682040739,
    46.825929386569,48.018033969658,49.266638650819,50.477859791669,
    51.863921967174,53.33914083985,54.917675284274,56.480212616324,
    58.303578905337,60.281721918016,62.435877257802,64.600562295301,
    67.15990258556,69.968318443063,73.053194077155),.UNSPECIFIED.);
#7950 = CARTESIAN_POINT('',(-5.816194003237,9.880760870129,22.4));
#7951 = CARTESIAN_POINT('',(-6.644893632948,9.514229607782,22.4));
#7952 = CARTESIAN_POINT('',(-8.352347400098,8.726866094648,22.4));
#7953 = CARTESIAN_POINT('',(-10.8879937497,7.7482593467,22.4));
#7954 = CARTESIAN_POINT('',(-13.30955134065,6.930325714986,22.4));
#7955 = CARTESIAN_POINT('',(-15.59647271426,6.282227562072,22.4));
#7956 = CARTESIAN_POINT('',(-17.75309560005,5.784587849339,22.4));
#7957 = CARTESIAN_POINT('',(-19.84232219723,5.420650667977,22.4));
#7958 = CARTESIAN_POINT('',(-21.75917145835,5.197909862873,22.4));
#7959 = CARTESIAN_POINT('',(-23.5548404339,5.09325654643,22.4));
#7960 = CARTESIAN_POINT('',(-25.23398865028,5.096182803092,22.4));
#7961 = CARTESIAN_POINT('',(-26.84626796173,5.204221968676,22.4));
#7962 = CARTESIAN_POINT('',(-28.31151949602,5.40645938795,22.4));
#7963 = CARTESIAN_POINT('',(-29.67345682684,5.684731680676,22.4));
#7964 = CARTESIAN_POINT('',(-30.93940402072,6.029671265133,22.4));
#7965 = CARTESIAN_POINT('',(-32.14271777302,6.463046947933,22.4));
#7966 = CARTESIAN_POINT('',(-33.22509717163,6.953135511264,22.4));
#7967 = CARTESIAN_POINT('',(-34.21990980166,7.501765821777,22.4));
#7968 = CARTESIAN_POINT('',(-35.13155786663,8.103348380965,22.4));
#7969 = CARTESIAN_POINT('',(-35.98423564359,8.773662220142,22.4));
#7970 = CARTESIAN_POINT('',(-36.73688982299,9.472911294482,22.4));
#7971 = CARTESIAN_POINT('',(-37.4159329875,10.210562413316,22.4));
#7972 = CARTESIAN_POINT('',(-38.0251375478,10.983223783895,22.4));
#7973 = CARTESIAN_POINT('',(-38.57970852519,11.810920694616,22.4));
#7974 = CARTESIAN_POINT('',(-39.0538491695,12.647944644491,22.4));
#7975 = CARTESIAN_POINT('',(-39.46651697433,13.511727729372,22.4));
#7976 = CARTESIAN_POINT('',(-39.81986461885,14.401480006344,22.4));
#7977 = CARTESIAN_POINT('',(-40.12055972449,15.341220066294,22.4));
#7978 = CARTESIAN_POINT('',(-40.35376691334,16.282054297583,22.4));
#7979 = CARTESIAN_POINT('',(-40.52956210035,17.248008569068,22.4));
#7980 = CARTESIAN_POINT('',(-40.6468681278,18.24033408098,22.4));
#7981 = CARTESIAN_POINT('',(-40.7025716469,19.286301750346,22.4));
#7982 = CARTESIAN_POINT('',(-40.6907735466,20.333018059347,22.4));
#7983 = CARTESIAN_POINT('',(-40.61154097701,21.40988875719,22.4));
#7984 = CARTESIAN_POINT('',(-40.45958624132,22.51924911683,22.4));
#7985 = CARTESIAN_POINT('',(-40.22011819032,23.690861718162,22.4));
#7986 = CARTESIAN_POINT('',(-39.8983432551,24.865796011915,22.4));
#7987 = CARTESIAN_POINT('',(-39.48238287774,26.079196979185,22.4));
#7988 = CARTESIAN_POINT('',(-38.96213597384,27.334096898428,22.4));
#7989 = CARTESIAN_POINT('',(-38.30844168994,28.662941662182,22.4));
#7990 = CARTESIAN_POINT('',(-37.54361104377,29.999288568651,22.4));
#7991 = CARTESIAN_POINT('',(-36.63900690952,31.386012320233,22.4));
#7992 = CARTESIAN_POINT('',(-35.57899905132,32.82677755251,22.4));
#7993 = CARTESIAN_POINT('',(-34.31357817388,34.359454096698,22.4));
#7994 = CARTESIAN_POINT('',(-32.89798423797,35.902743138997,22.4));
#7995 = CARTESIAN_POINT('',(-31.25032875088,37.531403832696,22.4));
#7996 = CARTESIAN_POINT('',(-29.47162515096,39.150485003839,22.4));
#7997 = CARTESIAN_POINT('',(-26.93964605503,41.240079304722,22.4));
#7998 = CARTESIAN_POINT('',(-26.36793151795,41.640230451155,22.4));
#7999 = CARTESIAN_POINT('',(-24.84388483054,42.806782149136,22.4));
#8000 = PCURVE('',#7732,#8001);
#8001 = DEFINITIONAL_REPRESENTATION('',(#8002),#8006);
#8002 = LINE('',#8003,#8004);
#8003 = CARTESIAN_POINT('',(0.,-22.4));
#8004 = VECTOR('',#8005,1.);
#8005 = DIRECTION('',(1.,0.));
#8006 = ( GEOMETRIC_REPRESENTATION_CONTEXT(2) 
PARAMETRIC_REPRESENTATION_CONTEXT() REPRESENTATION_CONTEXT('2D SPACE',''
  ) );
#8007 = PCURVE('',#66,#8008);
#8008 = DEFINITIONAL_REPRESENTATION('',(#8009),#8060);
#8009 = B_SPLINE_CURVE_WITH_KNOTS('',3,(#8010,#8011,#8012,#8013,#8014,
    #8015,#8016,#8017,#8018,#8019,#8020,#8021,#8022,#8023,#8024,#8025,
    #8026,#8027,#8028,#8029,#8030,#8031,#8032,#8033,#8034,#8035,#8036,
    #8037,#8038,#8039,#8040,#8041,#8042,#8043,#8044,#8045,#8046,#8047,
    #8048,#8049,#8050,#8051,#8052,#8053,#8054,#8055,#8056,#8057,#8058,
    #8059),.UNSPECIFIED.,.F.,.F.,(4,1,1,1,1,1,1,1,1,1,1,1,1,1,1,1,1,1,1,
    1,1,1,1,1,1,1,1,1,1,1,1,1,1,1,1,1,1,1,1,1,1,1,1,1,1,1,1,4),(0.,
    2.766464139392,5.568319295326,8.177275145496,10.425160909405,
    12.698001103747,14.813706991925,16.784063111389,18.483896399813,
    20.207074900357,21.81810245116,23.327840693167,24.640860133639,
    25.985974841284,27.260500260188,28.473662841808,29.546573791048,
    30.665502050481,31.746604132965,32.796723932319,33.744037531687,
    34.751762028128,35.745458780463,36.730106112805,37.635070035337,
    38.615335519513,39.599805338773,40.592877392801,41.521106716853,
    42.54355210237,43.588460947472,44.661307186429,45.681682040739,
    46.825929386569,48.018033969658,49.266638650819,50.477859791669,
    51.863921967174,53.33914083985,54.917675284274,56.480212616324,
    58.303578905337,60.281721918016,62.435877257802,64.600562295301,
    67.15990258556,69.968318443063,73.053194077155),.UNSPECIFIED.);
#8010 = CARTESIAN_POINT('',(-5.816194003237,9.880760870129));
#8011 = CARTESIAN_POINT('',(-6.644893632948,9.514229607782));
#8012 = CARTESIAN_POINT('',(-8.352347400098,8.726866094648));
#8013 = CARTESIAN_POINT('',(-10.8879937497,7.7482593467));
#8014 = CARTESIAN_POINT('',(-13.30955134065,6.930325714986));
#8015 = CARTESIAN_POINT('',(-15.59647271426,6.282227562072));
#8016 = CARTESIAN_POINT('',(-17.75309560005,5.784587849339));
#8017 = CARTESIAN_POINT('',(-19.84232219723,5.420650667977));
#8018 = CARTESIAN_POINT('',(-21.75917145835,5.197909862873));
#8019 = CARTESIAN_POINT('',(-23.5548404339,5.09325654643));
#8020 = CARTESIAN_POINT('',(-25.23398865028,5.096182803092));
#8021 = CARTESIAN_POINT('',(-26.84626796173,5.204221968676));
#8022 = CARTESIAN_POINT('',(-28.31151949602,5.40645938795));
#8023 = CARTESIAN_POINT('',(-29.67345682684,5.684731680676));
#8024 = CARTESIAN_POINT('',(-30.93940402072,6.029671265133));
#8025 = CARTESIAN_POINT('',(-32.14271777302,6.463046947933));
#8026 = CARTESIAN_POINT('',(-33.22509717163,6.953135511264));
#8027 = CARTESIAN_POINT('',(-34.21990980166,7.501765821777));
#8028 = CARTESIAN_POINT('',(-35.13155786663,8.103348380965));
#8029 = CARTESIAN_POINT('',(-35.98423564359,8.773662220142));
#8030 = CARTESIAN_POINT('',(-36.73688982299,9.472911294482));
#8031 = CARTESIAN_POINT('',(-37.4159329875,10.210562413316));
#8032 = CARTESIAN_POINT('',(-38.0251375478,10.983223783895));
#8033 = CARTESIAN_POINT('',(-38.57970852519,11.810920694616));
#8034 = CARTESIAN_POINT('',(-39.0538491695,12.647944644491));
#8035 = CARTESIAN_POINT('',(-39.46651697433,13.511727729372));
#8036 = CARTESIAN_POINT('',(-39.81986461885,14.401480006344));
#8037 = CARTESIAN_POINT('',(-40.12055972449,15.341220066294));
#8038 = CARTESIAN_POINT('',(-40.35376691334,16.282054297583));
#8039 = CARTESIAN_POINT('',(-40.52956210035,17.248008569068));
#8040 = CARTESIAN_POINT('',(-40.6468681278,18.24033408098));
#8041 = CARTESIAN_POINT('',(-40.7025716469,19.286301750346));
#8042 = CARTESIAN_POINT('',(-40.6907735466,20.333018059347));
#8043 = CARTESIAN_POINT('',(-40.61154097701,21.40988875719));
#8044 = CARTESIAN_POINT('',(-40.45958624132,22.51924911683));
#8045 = CARTESIAN_POINT('',(-40.22011819032,23.690861718162));
#8046 = CARTESIAN_POINT('',(-39.8983432551,24.865796011915));
#8047 = CARTESIAN_POINT('',(-39.48238287774,26.079196979185));
#8048 = CARTESIAN_POINT('',(-38.96213597384,27.334096898428));
#8049 = CARTESIAN_POINT('',(-38.30844168994,28.662941662182));
#8050 = CARTESIAN_POINT('',(-37.54361104377,29.999288568651));
#8051 = CARTESIAN_POINT('',(-36.63900690952,31.386012320233));
#8052 = CARTESIAN_POINT('',(-35.57899905132,32.82677755251));
#8053 = CARTESIAN_POINT('',(-34.31357817388,34.359454096698));
#8054 = CARTESIAN_POINT('',(-32.89798423797,35.902743138997));
#8055 = CARTESIAN_POINT('',(-31.25032875088,37.531403832696));
#8056 = CARTESIAN_POINT('',(-29.47162515096,39.150485003839));
#8057 = CARTESIAN_POINT('',(-26.93964605503,41.240079304722));
#8058 = CARTESIAN_POINT('',(-26.36793151795,41.640230451155));
#8059 = CARTESIAN_POINT('',(-24.84388483054,42.806782149136));
#8060 = ( GEOMETRIC_REPRESENTATION_CONTEXT(2) 
PARAMETRIC_REPRESENTATION_CONTEXT() REPRESENTATION_CONTEXT('2D SPACE',''
  ) );
#8061 = ORIENTED_EDGE('',*,*,#7709,.F.);
#8062 = ORIENTED_EDGE('',*,*,#8063,.F.);
#8063 = EDGE_CURVE('',#7918,#7710,#8064,.T.);
#8064 = SURFACE_CURVE('',#8065,(#8116,#8123),.PCURVE_S1.);
#8065 = B_SPLINE_CURVE_WITH_KNOTS('',3,(#8066,#8067,#8068,#8069,#8070,
    #8071,#8072,#8073,#8074,#8075,#8076,#8077,#8078,#8079,#8080,#8081,
    #8082,#8083,#8084,#8085,#8086,#8087,#8088,#8089,#8090,#8091,#8092,
    #8093,#8094,#8095,#8096,#8097,#8098,#8099,#8100,#8101,#8102,#8103,
    #8104,#8105,#8106,#8107,#8108,#8109,#8110,#8111,#8112,#8113,#8114,
    #8115),.UNSPECIFIED.,.F.,.F.,(4,1,1,1,1,1,1,1,1,1,1,1,1,1,1,1,1,1,1,
    1,1,1,1,1,1,1,1,1,1,1,1,1,1,1,1,1,1,1,1,1,1,1,1,1,1,1,1,4),(0.,
    2.766464139392,5.568319295326,8.177275145496,10.425160909405,
    12.698001103747,14.813706991925,16.784063111389,18.483896399813,
    20.207074900357,21.81810245116,23.327840693167,24.640860133639,
    25.985974841284,27.260500260188,28.473662841808,29.546573791048,
    30.665502050481,31.746604132965,32.796723932319,33.744037531687,
    34.751762028128,35.745458780463,36.730106112805,37.635070035337,
    38.615335519513,39.599805338773,40.592877392801,41.521106716853,
    42.54355210237,43.588460947472,44.661307186429,45.681682040739,
    46.825929386569,48.018033969658,49.266638650819,50.477859791669,
    51.863921967174,53.33914083985,54.917675284274,56.480212616324,
    58.303578905337,60.281721918016,62.435877257802,64.600562295301,
    67.15990258556,69.968318443063,73.053194077155),.UNSPECIFIED.);
#8066 = CARTESIAN_POINT('',(-5.816194003237,9.880760870129,0.));
#8067 = CARTESIAN_POINT('',(-6.644893632948,9.514229607782,0.));
#8068 = CARTESIAN_POINT('',(-8.352347400098,8.726866094648,0.));
#8069 = CARTESIAN_POINT('',(-10.8879937497,7.7482593467,0.));
#8070 = CARTESIAN_POINT('',(-13.30955134065,6.930325714986,0.));
#8071 = CARTESIAN_POINT('',(-15.59647271426,6.282227562072,0.));
#8072 = CARTESIAN_POINT('',(-17.75309560005,5.784587849339,0.));
#8073 = CARTESIAN_POINT('',(-19.84232219723,5.420650667977,0.));
#8074 = CARTESIAN_POINT('',(-21.75917145835,5.197909862873,0.));
#8075 = CARTESIAN_POINT('',(-23.5548404339,5.09325654643,0.));
#8076 = CARTESIAN_POINT('',(-25.23398865028,5.096182803092,0.));
#8077 = CARTESIAN_POINT('',(-26.84626796173,5.204221968676,0.));
#8078 = CARTESIAN_POINT('',(-28.31151949602,5.40645938795,0.));
#8079 = CARTESIAN_POINT('',(-29.67345682684,5.684731680676,0.));
#8080 = CARTESIAN_POINT('',(-30.93940402072,6.029671265133,0.));
#8081 = CARTESIAN_POINT('',(-32.14271777302,6.463046947933,0.));
#8082 = CARTESIAN_POINT('',(-33.22509717163,6.953135511264,0.));
#8083 = CARTESIAN_POINT('',(-34.21990980166,7.501765821777,0.));
#8084 = CARTESIAN_POINT('',(-35.13155786663,8.103348380965,0.));
#8085 = CARTESIAN_POINT('',(-35.98423564359,8.773662220142,0.));
#8086 = CARTESIAN_POINT('',(-36.73688982299,9.472911294482,0.));
#8087 = CARTESIAN_POINT('',(-37.4159329875,10.210562413316,0.));
#8088 = CARTESIAN_POINT('',(-38.0251375478,10.983223783895,0.));
#8089 = CARTESIAN_POINT('',(-38.57970852519,11.810920694616,0.));
#8090 = CARTESIAN_POINT('',(-39.0538491695,12.647944644491,0.));
#8091 = CARTESIAN_POINT('',(-39.46651697433,13.511727729372,0.));
#8092 = CARTESIAN_POINT('',(-39.81986461885,14.401480006344,0.));
#8093 = CARTESIAN_POINT('',(-40.12055972449,15.341220066294,0.));
#8094 = CARTESIAN_POINT('',(-40.35376691334,16.282054297583,0.));
#8095 = CARTESIAN_POINT('',(-40.52956210035,17.248008569068,0.));
#8096 = CARTESIAN_POINT('',(-40.6468681278,18.24033408098,0.));
#8097 = CARTESIAN_POINT('',(-40.7025716469,19.286301750346,0.));
#8098 = CARTESIAN_POINT('',(-40.6907735466,20.333018059347,0.));
#8099 = CARTESIAN_POINT('',(-40.61154097701,21.40988875719,0.));
#8100 = CARTESIAN_POINT('',(-40.45958624132,22.51924911683,0.));
#8101 = CARTESIAN_POINT('',(-40.22011819032,23.690861718162,0.));
#8102 = CARTESIAN_POINT('',(-39.8983432551,24.865796011915,0.));
#8103 = CARTESIAN_POINT('',(-39.48238287774,26.079196979185,0.));
#8104 = CARTESIAN_POINT('',(-38.96213597384,27.334096898428,0.));
#8105 = CARTESIAN_POINT('',(-38.30844168994,28.662941662182,0.));
#8106 = CARTESIAN_POINT('',(-37.54361104377,29.999288568651,0.));
#8107 = CARTESIAN_POINT('',(-36.63900690952,31.386012320233,0.));
#8108 = CARTESIAN_POINT('',(-35.57899905132,32.82677755251,0.));
#8109 = CARTESIAN_POINT('',(-34.31357817388,34.359454096698,0.));
#8110 = CARTESIAN_POINT('',(-32.89798423797,35.902743138997,0.));
#8111 = CARTESIAN_POINT('',(-31.25032875088,37.531403832696,0.));
#8112 = CARTESIAN_POINT('',(-29.47162515096,39.150485003839,0.));
#8113 = CARTESIAN_POINT('',(-26.93964605503,41.240079304722,0.));
#8114 = CARTESIAN_POINT('',(-26.36793151795,41.640230451155,0.));
#8115 = CARTESIAN_POINT('',(-24.84388483054,42.806782149136,0.));
#8116 = PCURVE('',#7732,#8117);
#8117 = DEFINITIONAL_REPRESENTATION('',(#8118),#8122);
#8118 = LINE('',#8119,#8120);
#8119 = CARTESIAN_POINT('',(0.,0.));
#8120 = VECTOR('',#8121,1.);
#8121 = DIRECTION('',(1.,0.));
#8122 = ( GEOMETRIC_REPRESENTATION_CONTEXT(2) 
PARAMETRIC_REPRESENTATION_CONTEXT() REPRESENTATION_CONTEXT('2D SPACE',''
  ) );
#8123 = PCURVE('',#94,#8124);
#8124 = DEFINITIONAL_REPRESENTATION('',(#8125),#8176);
#8125 = B_SPLINE_CURVE_WITH_KNOTS('',3,(#8126,#8127,#8128,#8129,#8130,
    #8131,#8132,#8133,#8134,#8135,#8136,#8137,#8138,#8139,#8140,#8141,
    #8142,#8143,#8144,#8145,#8146,#8147,#8148,#8149,#8150,#8151,#8152,
    #8153,#8154,#8155,#8156,#8157,#8158,#8159,#8160,#8161,#8162,#8163,
    #8164,#8165,#8166,#8167,#8168,#8169,#8170,#8171,#8172,#8173,#8174,
    #8175),.UNSPECIFIED.,.F.,.F.,(4,1,1,1,1,1,1,1,1,1,1,1,1,1,1,1,1,1,1,
    1,1,1,1,1,1,1,1,1,1,1,1,1,1,1,1,1,1,1,1,1,1,1,1,1,1,1,1,4),(0.,
    2.766464139392,5.568319295326,8.177275145496,10.425160909405,
    12.698001103747,14.813706991925,16.784063111389,18.483896399813,
    20.207074900357,21.81810245116,23.327840693167,24.640860133639,
    25.985974841284,27.260500260188,28.473662841808,29.546573791048,
    30.665502050481,31.746604132965,32.796723932319,33.744037531687,
    34.751762028128,35.745458780463,36.730106112805,37.635070035337,
    38.615335519513,39.599805338773,40.592877392801,41.521106716853,
    42.54355210237,43.588460947472,44.661307186429,45.681682040739,
    46.825929386569,48.018033969658,49.266638650819,50.477859791669,
    51.863921967174,53.33914083985,54.917675284274,56.480212616324,
    58.303578905337,60.281721918016,62.435877257802,64.600562295301,
    67.15990258556,69.968318443063,73.053194077155),.UNSPECIFIED.);
#8126 = CARTESIAN_POINT('',(-5.816194003237,9.880760870129));
#8127 = CARTESIAN_POINT('',(-6.644893632948,9.514229607782));
#8128 = CARTESIAN_POINT('',(-8.352347400098,8.726866094648));
#8129 = CARTESIAN_POINT('',(-10.8879937497,7.7482593467));
#8130 = CARTESIAN_POINT('',(-13.30955134065,6.930325714986));
#8131 = CARTESIAN_POINT('',(-15.59647271426,6.282227562072));
#8132 = CARTESIAN_POINT('',(-17.75309560005,5.784587849339));
#8133 = CARTESIAN_POINT('',(-19.84232219723,5.420650667977));
#8134 = CARTESIAN_POINT('',(-21.75917145835,5.197909862873));
#8135 = CARTESIAN_POINT('',(-23.5548404339,5.09325654643));
#8136 = CARTESIAN_POINT('',(-25.23398865028,5.096182803092));
#8137 = CARTESIAN_POINT('',(-26.84626796173,5.204221968676));
#8138 = CARTESIAN_POINT('',(-28.31151949602,5.40645938795));
#8139 = CARTESIAN_POINT('',(-29.67345682684,5.684731680676));
#8140 = CARTESIAN_POINT('',(-30.93940402072,6.029671265133));
#8141 = CARTESIAN_POINT('',(-32.14271777302,6.463046947933));
#8142 = CARTESIAN_POINT('',(-33.22509717163,6.953135511264));
#8143 = CARTESIAN_POINT('',(-34.21990980166,7.501765821777));
#8144 = CARTESIAN_POINT('',(-35.13155786663,8.103348380965));
#8145 = CARTESIAN_POINT('',(-35.98423564359,8.773662220142));
#8146 = CARTESIAN_POINT('',(-36.73688982299,9.472911294482));
#8147 = CARTESIAN_POINT('',(-37.4159329875,10.210562413316));
#8148 = CARTESIAN_POINT('',(-38.0251375478,10.983223783895));
#8149 = CARTESIAN_POINT('',(-38.57970852519,11.810920694616));
#8150 = CARTESIAN_POINT('',(-39.0538491695,12.647944644491));
#8151 = CARTESIAN_POINT('',(-39.46651697433,13.511727729372));
#8152 = CARTESIAN_POINT('',(-39.81986461885,14.401480006344));
#8153 = CARTESIAN_POINT('',(-40.12055972449,15.341220066294));
#8154 = CARTESIAN_POINT('',(-40.35376691334,16.282054297583));
#8155 = CARTESIAN_POINT('',(-40.52956210035,17.248008569068));
#8156 = CARTESIAN_POINT('',(-40.6468681278,18.24033408098));
#8157 = CARTESIAN_POINT('',(-40.7025716469,19.286301750346));
#8158 = CARTESIAN_POINT('',(-40.6907735466,20.333018059347));
#8159 = CARTESIAN_POINT('',(-40.61154097701,21.40988875719));
#8160 = CARTESIAN_POINT('',(-40.45958624132,22.51924911683));
#8161 = CARTESIAN_POINT('',(-40.22011819032,23.690861718162));
#8162 = CARTESIAN_POINT('',(-39.8983432551,24.865796011915));
#8163 = CARTESIAN_POINT('',(-39.48238287774,26.079196979185));
#8164 = CARTESIAN_POINT('',(-38.96213597384,27.334096898428));
#8165 = CARTESIAN_POINT('',(-38.30844168994,28.662941662182));
#8166 = CARTESIAN_POINT('',(-37.54361104377,29.999288568651));
#8167 = CARTESIAN_POINT('',(-36.63900690952,31.386012320233));
#8168 = CARTESIAN_POINT('',(-35.57899905132,32.82677755251));
#8169 = CARTESIAN_POINT('',(-34.31357817388,34.359454096698));
#8170 = CARTESIAN_POINT('',(-32.89798423797,35.902743138997));
#8171 = CARTESIAN_POINT('',(-31.25032875088,37.531403832696));
#8172 = CARTESIAN_POINT('',(-29.47162515096,39.150485003839));
#8173 = CARTESIAN_POINT('',(-26.93964605503,41.240079304722));
#8174 = CARTESIAN_POINT('',(-26.36793151795,41.640230451155));
#8175 = CARTESIAN_POINT('',(-24.84388483054,42.806782149136));
#8176 = ( GEOMETRIC_REPRESENTATION_CONTEXT(2) 
PARAMETRIC_REPRESENTATION_CONTEXT() REPRESENTATION_CONTEXT('2D SPACE',''
  ) );
#8177 = ADVANCED_FACE('',(#8178),#7935,.T.);
#8178 = FACE_BOUND('',#8179,.T.);
#8179 = EDGE_LOOP('',(#8180,#8306,#8327,#8328));
#8180 = ORIENTED_EDGE('',*,*,#8181,.T.);
#8181 = EDGE_CURVE('',#8182,#8184,#8186,.T.);
#8182 = VERTEX_POINT('',#8183);
#8183 = CARTESIAN_POINT('',(-12.01969306091,7.051107079368,0.));
#8184 = VERTEX_POINT('',#8185);
#8185 = CARTESIAN_POINT('',(-12.01969306091,7.051107079368,22.4));
#8186 = SURFACE_CURVE('',#8187,(#8191,#8198),.PCURVE_S1.);
#8187 = LINE('',#8188,#8189);
#8188 = CARTESIAN_POINT('',(-12.01969306091,7.051107079368,0.));
#8189 = VECTOR('',#8190,1.);
#8190 = DIRECTION('',(0.,0.,1.));
#8191 = PCURVE('',#7935,#8192);
#8192 = DEFINITIONAL_REPRESENTATION('',(#8193),#8197);
#8193 = LINE('',#8194,#8195);
#8194 = CARTESIAN_POINT('',(0.,0.));
#8195 = VECTOR('',#8196,1.);
#8196 = DIRECTION('',(0.,-1.));
#8197 = ( GEOMETRIC_REPRESENTATION_CONTEXT(2) 
PARAMETRIC_REPRESENTATION_CONTEXT() REPRESENTATION_CONTEXT('2D SPACE',''
  ) );
#8198 = PCURVE('',#8199,#8300);
#8199 = B_SPLINE_SURFACE_WITH_KNOTS('',3,1,(
    (#8200,#8201)
    ,(#8202,#8203)
    ,(#8204,#8205)
    ,(#8206,#8207)
    ,(#8208,#8209)
    ,(#8210,#8211)
    ,(#8212,#8213)
    ,(#8214,#8215)
    ,(#8216,#8217)
    ,(#8218,#8219)
    ,(#8220,#8221)
    ,(#8222,#8223)
    ,(#8224,#8225)
    ,(#8226,#8227)
    ,(#8228,#8229)
    ,(#8230,#8231)
    ,(#8232,#8233)
    ,(#8234,#8235)
    ,(#8236,#8237)
    ,(#8238,#8239)
    ,(#8240,#8241)
    ,(#8242,#8243)
    ,(#8244,#8245)
    ,(#8246,#8247)
    ,(#8248,#8249)
    ,(#8250,#8251)
    ,(#8252,#8253)
    ,(#8254,#8255)
    ,(#8256,#8257)
    ,(#8258,#8259)
    ,(#8260,#8261)
    ,(#8262,#8263)
    ,(#8264,#8265)
    ,(#8266,#8267)
    ,(#8268,#8269)
    ,(#8270,#8271)
    ,(#8272,#8273)
    ,(#8274,#8275)
    ,(#8276,#8277)
    ,(#8278,#8279)
    ,(#8280,#8281)
    ,(#8282,#8283)
    ,(#8284,#8285)
    ,(#8286,#8287)
    ,(#8288,#8289)
    ,(#8290,#8291)
    ,(#8292,#8293)
    ,(#8294,#8295)
    ,(#8296,#8297)
    ,(#8298,#8299
    )),.UNSPECIFIED.,.F.,.F.,.F.,(4,1,1,1,1,1,1,1,1,1,1,1,1,1,1,1,1,1,1,
    1,1,1,1,1,1,1,1,1,1,1,1,1,1,1,1,1,1,1,1,1,1,1,1,1,1,1,1,4),(2,2),(0.
    ,3.010134173011,5.734866089906,8.204243200285,10.280216915947,
    12.332164523515,14.201956865391,15.911237845672,17.363900720308,
    18.819208714806,20.167747400886,21.42468716853,22.515414853025,
    23.632925452475,24.694050367351,25.707901186754,26.608581862701,
    27.552388564938,28.468532489134,29.361872223827,30.169943636586,
    31.030962627216,31.880548884696,32.72227944396,33.495545472128,
    34.332992621126,35.174663745336,36.025783427864,36.825011523752,
    37.711824801461,38.627874308414,39.58148948206,40.502911686362,
    41.554574841448,42.671594637474,43.864256147866,45.041219012251,
    46.408073524505,47.880684921353,49.469922617188,51.049935999727,
    52.894334824252,54.887680127977,57.041280206621,59.18142193199,
    61.675679145654,64.364419403117,67.031728548195),(-22.4,0.),
  .UNSPECIFIED.);
#8200 = CARTESIAN_POINT('',(-41.08563770057,23.850181619853,22.4));
#8201 = CARTESIAN_POINT('',(-41.08563770057,23.850181619853,0.));
#8202 = CARTESIAN_POINT('',(-41.46464867126,22.938332135406,22.4));
#8203 = CARTESIAN_POINT('',(-41.46464867126,22.938332135406,0.));
#8204 = CARTESIAN_POINT('',(-42.23395186098,21.163130514959,22.4));
#8205 = CARTESIAN_POINT('',(-42.23395186098,21.163130514959,0.));
#8206 = CARTESIAN_POINT('',(-43.17217684708,18.601783235794,22.4));
#8207 = CARTESIAN_POINT('',(-43.17217684708,18.601783235794,0.));
#8208 = CARTESIAN_POINT('',(-43.91793017513,16.293390226183,22.4));
#8209 = CARTESIAN_POINT('',(-43.91793017513,16.293390226183,0.));
#8210 = CARTESIAN_POINT('',(-44.49686796448,14.171495857912,22.4));
#8211 = CARTESIAN_POINT('',(-44.49686796448,14.171495857912,0.));
#8212 = CARTESIAN_POINT('',(-44.93190906164,12.219185074295,22.4));
#8213 = CARTESIAN_POINT('',(-44.93190906164,12.219185074295,0.));
#8214 = CARTESIAN_POINT('',(-45.24317538223,10.367263236389,22.4));
#8215 = CARTESIAN_POINT('',(-45.24317538223,10.367263236389,0.));
#8216 = CARTESIAN_POINT('',(-45.42886610224,8.699387147197,22.4));
#8217 = CARTESIAN_POINT('',(-45.42886610224,8.699387147197,0.));
#8218 = CARTESIAN_POINT('',(-45.51275965803,7.161839610024,22.4));
#8219 = CARTESIAN_POINT('',(-45.51275965803,7.161839610024,0.));
#8220 = CARTESIAN_POINT('',(-45.50759709289,5.742099491519,22.4));
#8221 = CARTESIAN_POINT('',(-45.50759709289,5.742099491519,0.));
#8222 = CARTESIAN_POINT('',(-45.41785900895,4.390579828522,22.4));
#8223 = CARTESIAN_POINT('',(-45.41785900895,4.390579828522,0.));
#8224 = CARTESIAN_POINT('',(-45.25745311143,3.168112538737,22.4));
#8225 = CARTESIAN_POINT('',(-45.25745311143,3.168112538737,0.));
#8226 = CARTESIAN_POINT('',(-45.0354906316,2.033887352887,22.4));
#8227 = CARTESIAN_POINT('',(-45.0354906316,2.033887352887,0.));
#8228 = CARTESIAN_POINT('',(-44.75914012728,0.978897551494,22.4));
#8229 = CARTESIAN_POINT('',(-44.75914012728,0.978897551494,0.));
#8230 = CARTESIAN_POINT('',(-44.4222298205,-3.132178123365E-02,22.4));
#8231 = CARTESIAN_POINT('',(-44.4222298205,-3.132178123365E-02,0.));
#8232 = CARTESIAN_POINT('',(-44.04723904573,-0.950367029506,22.4));
#8233 = CARTESIAN_POINT('',(-44.04723904573,-0.950367029506,0.));
#8234 = CARTESIAN_POINT('',(-43.6324829755,-1.808748455452,22.4));
#8235 = CARTESIAN_POINT('',(-43.6324829755,-1.808748455452,0.));
#8236 = CARTESIAN_POINT('',(-43.18111342381,-2.611400516349,22.4));
#8237 = CARTESIAN_POINT('',(-43.18111342381,-2.611400516349,0.));
#8238 = CARTESIAN_POINT('',(-42.68031190524,-3.381232221976,22.4));
#8239 = CARTESIAN_POINT('',(-42.68031190524,-3.381232221976,0.));
#8240 = CARTESIAN_POINT('',(-42.15803312625,-4.080940655235,22.4));
#8241 = CARTESIAN_POINT('',(-42.15803312625,-4.080940655235,0.));
#8242 = CARTESIAN_POINT('',(-41.60513172908,-4.73263925928,22.4));
#8243 = CARTESIAN_POINT('',(-41.60513172908,-4.73263925928,0.));
#8244 = CARTESIAN_POINT('',(-41.02236735505,-5.337855591533,22.4));
#8245 = CARTESIAN_POINT('',(-41.02236735505,-5.337855591533,0.));
#8246 = CARTESIAN_POINT('',(-40.3922454647,-5.910443784111,22.4));
#8247 = CARTESIAN_POINT('',(-40.3922454647,-5.910443784111,0.));
#8248 = CARTESIAN_POINT('',(-39.74740920504,-6.420538034273,22.4));
#8249 = CARTESIAN_POINT('',(-39.74740920504,-6.420538034273,0.));
#8250 = CARTESIAN_POINT('',(-39.07297498895,-6.883518898962,22.4));
#8251 = CARTESIAN_POINT('',(-39.07297498895,-6.883518898962,0.));
#8252 = CARTESIAN_POINT('',(-38.36779785674,-7.298486644326,22.4));
#8253 = CARTESIAN_POINT('',(-38.36779785674,-7.298486644326,0.));
#8254 = CARTESIAN_POINT('',(-37.61019225336,-7.67096651686,22.4));
#8255 = CARTESIAN_POINT('',(-37.61019225336,-7.67096651686,0.));
#8256 = CARTESIAN_POINT('',(-36.83783978093,-7.979078415385,22.4));
#8257 = CARTESIAN_POINT('',(-36.83783978093,-7.979078415385,0.));
#8258 = CARTESIAN_POINT('',(-36.02996431629,-8.231773277157,22.4));
#8259 = CARTESIAN_POINT('',(-36.02996431629,-8.231773277157,0.));
#8260 = CARTESIAN_POINT('',(-35.18349977364,-8.42550097466,22.4));
#8261 = CARTESIAN_POINT('',(-35.18349977364,-8.42550097466,0.));
#8262 = CARTESIAN_POINT('',(-34.27296123684,-8.556164117265,22.4));
#8263 = CARTESIAN_POINT('',(-34.27296123684,-8.556164117265,0.));
#8264 = CARTESIAN_POINT('',(-33.34316538474,-8.611612608317,22.4));
#8265 = CARTESIAN_POINT('',(-33.34316538474,-8.611612608317,0.));
#8266 = CARTESIAN_POINT('',(-32.36688876422,-8.592258217678,22.4));
#8267 = CARTESIAN_POINT('',(-32.36688876422,-8.592258217678,0.));
#8268 = CARTESIAN_POINT('',(-31.3406708785,-8.490936763974,22.4));
#8269 = CARTESIAN_POINT('',(-31.3406708785,-8.490936763974,0.));
#8270 = CARTESIAN_POINT('',(-30.23705258033,-8.291249467091,22.4));
#8271 = CARTESIAN_POINT('',(-30.23705258033,-8.291249467091,0.));
#8272 = CARTESIAN_POINT('',(-29.11106409302,-7.998405067358,22.4));
#8273 = CARTESIAN_POINT('',(-29.11106409302,-7.998405067358,0.));
#8274 = CARTESIAN_POINT('',(-27.93348777226,-7.589078170952,22.4));
#8275 = CARTESIAN_POINT('',(-27.93348777226,-7.589078170952,0.));
#8276 = CARTESIAN_POINT('',(-26.70429423241,-7.055581640139,22.4));
#8277 = CARTESIAN_POINT('',(-26.70429423241,-7.055581640139,0.));
#8278 = CARTESIAN_POINT('',(-25.39168224551,-6.377765038857,22.4));
#8279 = CARTESIAN_POINT('',(-25.39168224551,-6.377765038857,0.));
#8280 = CARTESIAN_POINT('',(-24.06574782784,-5.578185203553,22.4));
#8281 = CARTESIAN_POINT('',(-24.06574782784,-5.578185203553,0.));
#8282 = CARTESIAN_POINT('',(-22.68790584342,-4.630789307926,22.4));
#8283 = CARTESIAN_POINT('',(-22.68790584342,-4.630789307926,0.));
#8284 = CARTESIAN_POINT('',(-21.26043965193,-3.523364729133,22.4));
#8285 = CARTESIAN_POINT('',(-21.26043965193,-3.523364729133,0.));
#8286 = CARTESIAN_POINT('',(-19.75301775798,-2.209846404675,22.4));
#8287 = CARTESIAN_POINT('',(-19.75301775798,-2.209846404675,0.));
#8288 = CARTESIAN_POINT('',(-18.25218231914,-0.753333871887,22.4));
#8289 = CARTESIAN_POINT('',(-18.25218231914,-0.753333871887,0.));
#8290 = CARTESIAN_POINT('',(-16.69620364759,0.919557641022,22.4));
#8291 = CARTESIAN_POINT('',(-16.69620364759,0.919557641022,0.));
#8292 = CARTESIAN_POINT('',(-15.17553205072,2.707838975062,22.4));
#8293 = CARTESIAN_POINT('',(-15.17553205072,2.707838975062,0.));
#8294 = CARTESIAN_POINT('',(-13.35009044419,5.099203627213,22.4));
#8295 = CARTESIAN_POINT('',(-13.35009044419,5.099203627213,0.));
#8296 = CARTESIAN_POINT('',(-12.91100078668,5.776592839161,22.4));
#8297 = CARTESIAN_POINT('',(-12.91100078668,5.776592839161,0.));
#8298 = CARTESIAN_POINT('',(-12.01969306091,7.051107079368,22.4));
#8299 = CARTESIAN_POINT('',(-12.01969306091,7.051107079368,0.));
#8300 = DEFINITIONAL_REPRESENTATION('',(#8301),#8305);
#8301 = LINE('',#8302,#8303);
#8302 = CARTESIAN_POINT('',(67.031728548195,0.));
#8303 = VECTOR('',#8304,1.);
#8304 = DIRECTION('',(0.,-1.));
#8305 = ( GEOMETRIC_REPRESENTATION_CONTEXT(2) 
PARAMETRIC_REPRESENTATION_CONTEXT() REPRESENTATION_CONTEXT('2D SPACE',''
  ) );
#8306 = ORIENTED_EDGE('',*,*,#8307,.T.);
#8307 = EDGE_CURVE('',#8184,#7920,#8308,.T.);
#8308 = SURFACE_CURVE('',#8309,(#8313,#8320),.PCURVE_S1.);
#8309 = LINE('',#8310,#8311);
#8310 = CARTESIAN_POINT('',(-12.01969306091,7.051107079368,22.4));
#8311 = VECTOR('',#8312,1.);
#8312 = DIRECTION('',(0.88745597613,0.460892493355,0.));
#8313 = PCURVE('',#7935,#8314);
#8314 = DEFINITIONAL_REPRESENTATION('',(#8315),#8319);
#8315 = LINE('',#8316,#8317);
#8316 = CARTESIAN_POINT('',(0.,-22.4));
#8317 = VECTOR('',#8318,1.);
#8318 = DIRECTION('',(1.,0.));
#8319 = ( GEOMETRIC_REPRESENTATION_CONTEXT(2) 
PARAMETRIC_REPRESENTATION_CONTEXT() REPRESENTATION_CONTEXT('2D SPACE',''
  ) );
#8320 = PCURVE('',#66,#8321);
#8321 = DEFINITIONAL_REPRESENTATION('',(#8322),#8326);
#8322 = LINE('',#8323,#8324);
#8323 = CARTESIAN_POINT('',(-12.01969306091,7.051107079368));
#8324 = VECTOR('',#8325,1.);
#8325 = DIRECTION('',(0.88745597613,0.460892493355));
#8326 = ( GEOMETRIC_REPRESENTATION_CONTEXT(2) 
PARAMETRIC_REPRESENTATION_CONTEXT() REPRESENTATION_CONTEXT('2D SPACE',''
  ) );
#8327 = ORIENTED_EDGE('',*,*,#7917,.F.);
#8328 = ORIENTED_EDGE('',*,*,#8329,.F.);
#8329 = EDGE_CURVE('',#8182,#7918,#8330,.T.);
#8330 = SURFACE_CURVE('',#8331,(#8335,#8342),.PCURVE_S1.);
#8331 = LINE('',#8332,#8333);
#8332 = CARTESIAN_POINT('',(-12.01969306091,7.051107079368,0.));
#8333 = VECTOR('',#8334,1.);
#8334 = DIRECTION('',(0.88745597613,0.460892493355,0.));
#8335 = PCURVE('',#7935,#8336);
#8336 = DEFINITIONAL_REPRESENTATION('',(#8337),#8341);
#8337 = LINE('',#8338,#8339);
#8338 = CARTESIAN_POINT('',(0.,0.));
#8339 = VECTOR('',#8340,1.);
#8340 = DIRECTION('',(1.,0.));
#8341 = ( GEOMETRIC_REPRESENTATION_CONTEXT(2) 
PARAMETRIC_REPRESENTATION_CONTEXT() REPRESENTATION_CONTEXT('2D SPACE',''
  ) );
#8342 = PCURVE('',#94,#8343);
#8343 = DEFINITIONAL_REPRESENTATION('',(#8344),#8348);
#8344 = LINE('',#8345,#8346);
#8345 = CARTESIAN_POINT('',(-12.01969306091,7.051107079368));
#8346 = VECTOR('',#8347,1.);
#8347 = DIRECTION('',(0.88745597613,0.460892493355));
#8348 = ( GEOMETRIC_REPRESENTATION_CONTEXT(2) 
PARAMETRIC_REPRESENTATION_CONTEXT() REPRESENTATION_CONTEXT('2D SPACE',''
  ) );
#8349 = ADVANCED_FACE('',(#8350),#8199,.T.);
#8350 = FACE_BOUND('',#8351,.T.);
#8351 = EDGE_LOOP('',(#8352,#8377,#8492,#8493));
#8352 = ORIENTED_EDGE('',*,*,#8353,.T.);
#8353 = EDGE_CURVE('',#8354,#8356,#8358,.T.);
#8354 = VERTEX_POINT('',#8355);
#8355 = CARTESIAN_POINT('',(-41.08563770057,23.850181619853,0.));
#8356 = VERTEX_POINT('',#8357);
#8357 = CARTESIAN_POINT('',(-41.08563770057,23.850181619853,22.4));
#8358 = SURFACE_CURVE('',#8359,(#8363,#8370),.PCURVE_S1.);
#8359 = LINE('',#8360,#8361);
#8360 = CARTESIAN_POINT('',(-41.08563770057,23.850181619853,0.));
#8361 = VECTOR('',#8362,1.);
#8362 = DIRECTION('',(0.,0.,1.));
#8363 = PCURVE('',#8199,#8364);
#8364 = DEFINITIONAL_REPRESENTATION('',(#8365),#8369);
#8365 = LINE('',#8366,#8367);
#8366 = CARTESIAN_POINT('',(0.,0.));
#8367 = VECTOR('',#8368,1.);
#8368 = DIRECTION('',(0.,-1.));
#8369 = ( GEOMETRIC_REPRESENTATION_CONTEXT(2) 
PARAMETRIC_REPRESENTATION_CONTEXT() REPRESENTATION_CONTEXT('2D SPACE',''
  ) );
#8370 = PCURVE('',#7880,#8371);
#8371 = DEFINITIONAL_REPRESENTATION('',(#8372),#8376);
#8372 = LINE('',#8373,#8374);
#8373 = CARTESIAN_POINT('',(5.343068391947,0.));
#8374 = VECTOR('',#8375,1.);
#8375 = DIRECTION('',(0.,-1.));
#8376 = ( GEOMETRIC_REPRESENTATION_CONTEXT(2) 
PARAMETRIC_REPRESENTATION_CONTEXT() REPRESENTATION_CONTEXT('2D SPACE',''
  ) );
#8377 = ORIENTED_EDGE('',*,*,#8378,.T.);
#8378 = EDGE_CURVE('',#8356,#8184,#8379,.T.);
#8379 = SURFACE_CURVE('',#8380,(#8431,#8438),.PCURVE_S1.);
#8380 = B_SPLINE_CURVE_WITH_KNOTS('',3,(#8381,#8382,#8383,#8384,#8385,
    #8386,#8387,#8388,#8389,#8390,#8391,#8392,#8393,#8394,#8395,#8396,
    #8397,#8398,#8399,#8400,#8401,#8402,#8403,#8404,#8405,#8406,#8407,
    #8408,#8409,#8410,#8411,#8412,#8413,#8414,#8415,#8416,#8417,#8418,
    #8419,#8420,#8421,#8422,#8423,#8424,#8425,#8426,#8427,#8428,#8429,
    #8430),.UNSPECIFIED.,.F.,.F.,(4,1,1,1,1,1,1,1,1,1,1,1,1,1,1,1,1,1,1,
    1,1,1,1,1,1,1,1,1,1,1,1,1,1,1,1,1,1,1,1,1,1,1,1,1,1,1,1,4),(0.,
    3.010134173011,5.734866089906,8.204243200285,10.280216915947,
    12.332164523515,14.201956865391,15.911237845672,17.363900720308,
    18.819208714806,20.167747400886,21.42468716853,22.515414853025,
    23.632925452475,24.694050367351,25.707901186754,26.608581862701,
    27.552388564938,28.468532489134,29.361872223827,30.169943636586,
    31.030962627216,31.880548884696,32.72227944396,33.495545472128,
    34.332992621126,35.174663745336,36.025783427864,36.825011523752,
    37.711824801461,38.627874308414,39.58148948206,40.502911686362,
    41.554574841448,42.671594637474,43.864256147866,45.041219012251,
    46.408073524505,47.880684921353,49.469922617188,51.049935999727,
    52.894334824252,54.887680127977,57.041280206621,59.18142193199,
    61.675679145654,64.364419403117,67.031728548195),.UNSPECIFIED.);
#8381 = CARTESIAN_POINT('',(-41.08563770057,23.850181619853,22.4));
#8382 = CARTESIAN_POINT('',(-41.46464867126,22.938332135406,22.4));
#8383 = CARTESIAN_POINT('',(-42.23395186098,21.163130514959,22.4));
#8384 = CARTESIAN_POINT('',(-43.17217684708,18.601783235794,22.4));
#8385 = CARTESIAN_POINT('',(-43.91793017513,16.293390226183,22.4));
#8386 = CARTESIAN_POINT('',(-44.49686796448,14.171495857912,22.4));
#8387 = CARTESIAN_POINT('',(-44.93190906164,12.219185074295,22.4));
#8388 = CARTESIAN_POINT('',(-45.24317538223,10.367263236389,22.4));
#8389 = CARTESIAN_POINT('',(-45.42886610224,8.699387147197,22.4));
#8390 = CARTESIAN_POINT('',(-45.51275965803,7.161839610024,22.4));
#8391 = CARTESIAN_POINT('',(-45.50759709289,5.742099491519,22.4));
#8392 = CARTESIAN_POINT('',(-45.41785900895,4.390579828522,22.4));
#8393 = CARTESIAN_POINT('',(-45.25745311143,3.168112538737,22.4));
#8394 = CARTESIAN_POINT('',(-45.0354906316,2.033887352887,22.4));
#8395 = CARTESIAN_POINT('',(-44.75914012728,0.978897551494,22.4));
#8396 = CARTESIAN_POINT('',(-44.4222298205,-3.132178123365E-02,22.4));
#8397 = CARTESIAN_POINT('',(-44.04723904573,-0.950367029506,22.4));
#8398 = CARTESIAN_POINT('',(-43.6324829755,-1.808748455452,22.4));
#8399 = CARTESIAN_POINT('',(-43.18111342381,-2.611400516349,22.4));
#8400 = CARTESIAN_POINT('',(-42.68031190524,-3.381232221976,22.4));
#8401 = CARTESIAN_POINT('',(-42.15803312625,-4.080940655235,22.4));
#8402 = CARTESIAN_POINT('',(-41.60513172908,-4.73263925928,22.4));
#8403 = CARTESIAN_POINT('',(-41.02236735505,-5.337855591533,22.4));
#8404 = CARTESIAN_POINT('',(-40.3922454647,-5.910443784111,22.4));
#8405 = CARTESIAN_POINT('',(-39.74740920504,-6.420538034273,22.4));
#8406 = CARTESIAN_POINT('',(-39.07297498895,-6.883518898962,22.4));
#8407 = CARTESIAN_POINT('',(-38.36779785674,-7.298486644326,22.4));
#8408 = CARTESIAN_POINT('',(-37.61019225336,-7.67096651686,22.4));
#8409 = CARTESIAN_POINT('',(-36.83783978093,-7.979078415385,22.4));
#8410 = CARTESIAN_POINT('',(-36.02996431629,-8.231773277157,22.4));
#8411 = CARTESIAN_POINT('',(-35.18349977364,-8.42550097466,22.4));
#8412 = CARTESIAN_POINT('',(-34.27296123684,-8.556164117265,22.4));
#8413 = CARTESIAN_POINT('',(-33.34316538474,-8.611612608317,22.4));
#8414 = CARTESIAN_POINT('',(-32.36688876422,-8.592258217678,22.4));
#8415 = CARTESIAN_POINT('',(-31.3406708785,-8.490936763974,22.4));
#8416 = CARTESIAN_POINT('',(-30.23705258033,-8.291249467091,22.4));
#8417 = CARTESIAN_POINT('',(-29.11106409302,-7.998405067358,22.4));
#8418 = CARTESIAN_POINT('',(-27.93348777226,-7.589078170952,22.4));
#8419 = CARTESIAN_POINT('',(-26.70429423241,-7.055581640139,22.4));
#8420 = CARTESIAN_POINT('',(-25.39168224551,-6.377765038857,22.4));
#8421 = CARTESIAN_POINT('',(-24.06574782784,-5.578185203553,22.4));
#8422 = CARTESIAN_POINT('',(-22.68790584342,-4.630789307926,22.4));
#8423 = CARTESIAN_POINT('',(-21.26043965193,-3.523364729133,22.4));
#8424 = CARTESIAN_POINT('',(-19.75301775798,-2.209846404675,22.4));
#8425 = CARTESIAN_POINT('',(-18.25218231914,-0.753333871887,22.4));
#8426 = CARTESIAN_POINT('',(-16.69620364759,0.919557641022,22.4));
#8427 = CARTESIAN_POINT('',(-15.17553205072,2.707838975062,22.4));
#8428 = CARTESIAN_POINT('',(-13.35009044419,5.099203627213,22.4));
#8429 = CARTESIAN_POINT('',(-12.91100078668,5.776592839161,22.4));
#8430 = CARTESIAN_POINT('',(-12.01969306091,7.051107079368,22.4));
#8431 = PCURVE('',#8199,#8432);
#8432 = DEFINITIONAL_REPRESENTATION('',(#8433),#8437);
#8433 = LINE('',#8434,#8435);
#8434 = CARTESIAN_POINT('',(0.,-22.4));
#8435 = VECTOR('',#8436,1.);
#8436 = DIRECTION('',(1.,0.));
#8437 = ( GEOMETRIC_REPRESENTATION_CONTEXT(2) 
PARAMETRIC_REPRESENTATION_CONTEXT() REPRESENTATION_CONTEXT('2D SPACE',''
  ) );
#8438 = PCURVE('',#66,#8439);
#8439 = DEFINITIONAL_REPRESENTATION('',(#8440),#8491);
#8440 = B_SPLINE_CURVE_WITH_KNOTS('',3,(#8441,#8442,#8443,#8444,#8445,
    #8446,#8447,#8448,#8449,#8450,#8451,#8452,#8453,#8454,#8455,#8456,
    #8457,#8458,#8459,#8460,#8461,#8462,#8463,#8464,#8465,#8466,#8467,
    #8468,#8469,#8470,#8471,#8472,#8473,#8474,#8475,#8476,#8477,#8478,
    #8479,#8480,#8481,#8482,#8483,#8484,#8485,#8486,#8487,#8488,#8489,
    #8490),.UNSPECIFIED.,.F.,.F.,(4,1,1,1,1,1,1,1,1,1,1,1,1,1,1,1,1,1,1,
    1,1,1,1,1,1,1,1,1,1,1,1,1,1,1,1,1,1,1,1,1,1,1,1,1,1,1,1,4),(0.,
    3.010134173011,5.734866089906,8.204243200285,10.280216915947,
    12.332164523515,14.201956865391,15.911237845672,17.363900720308,
    18.819208714806,20.167747400886,21.42468716853,22.515414853025,
    23.632925452475,24.694050367351,25.707901186754,26.608581862701,
    27.552388564938,28.468532489134,29.361872223827,30.169943636586,
    31.030962627216,31.880548884696,32.72227944396,33.495545472128,
    34.332992621126,35.174663745336,36.025783427864,36.825011523752,
    37.711824801461,38.627874308414,39.58148948206,40.502911686362,
    41.554574841448,42.671594637474,43.864256147866,45.041219012251,
    46.408073524505,47.880684921353,49.469922617188,51.049935999727,
    52.894334824252,54.887680127977,57.041280206621,59.18142193199,
    61.675679145654,64.364419403117,67.031728548195),.UNSPECIFIED.);
#8441 = CARTESIAN_POINT('',(-41.08563770057,23.850181619853));
#8442 = CARTESIAN_POINT('',(-41.46464867126,22.938332135406));
#8443 = CARTESIAN_POINT('',(-42.23395186098,21.163130514959));
#8444 = CARTESIAN_POINT('',(-43.17217684708,18.601783235794));
#8445 = CARTESIAN_POINT('',(-43.91793017513,16.293390226183));
#8446 = CARTESIAN_POINT('',(-44.49686796448,14.171495857912));
#8447 = CARTESIAN_POINT('',(-44.93190906164,12.219185074295));
#8448 = CARTESIAN_POINT('',(-45.24317538223,10.367263236389));
#8449 = CARTESIAN_POINT('',(-45.42886610224,8.699387147197));
#8450 = CARTESIAN_POINT('',(-45.51275965803,7.161839610024));
#8451 = CARTESIAN_POINT('',(-45.50759709289,5.742099491519));
#8452 = CARTESIAN_POINT('',(-45.41785900895,4.390579828522));
#8453 = CARTESIAN_POINT('',(-45.25745311143,3.168112538737));
#8454 = CARTESIAN_POINT('',(-45.0354906316,2.033887352887));
#8455 = CARTESIAN_POINT('',(-44.75914012728,0.978897551494));
#8456 = CARTESIAN_POINT('',(-44.4222298205,-3.132178123365E-02));
#8457 = CARTESIAN_POINT('',(-44.04723904573,-0.950367029506));
#8458 = CARTESIAN_POINT('',(-43.6324829755,-1.808748455452));
#8459 = CARTESIAN_POINT('',(-43.18111342381,-2.611400516349));
#8460 = CARTESIAN_POINT('',(-42.68031190524,-3.381232221976));
#8461 = CARTESIAN_POINT('',(-42.15803312625,-4.080940655235));
#8462 = CARTESIAN_POINT('',(-41.60513172908,-4.73263925928));
#8463 = CARTESIAN_POINT('',(-41.02236735505,-5.337855591533));
#8464 = CARTESIAN_POINT('',(-40.3922454647,-5.910443784111));
#8465 = CARTESIAN_POINT('',(-39.74740920504,-6.420538034273));
#8466 = CARTESIAN_POINT('',(-39.07297498895,-6.883518898962));
#8467 = CARTESIAN_POINT('',(-38.36779785674,-7.298486644326));
#8468 = CARTESIAN_POINT('',(-37.61019225336,-7.67096651686));
#8469 = CARTESIAN_POINT('',(-36.83783978093,-7.979078415385));
#8470 = CARTESIAN_POINT('',(-36.02996431629,-8.231773277157));
#8471 = CARTESIAN_POINT('',(-35.18349977364,-8.42550097466));
#8472 = CARTESIAN_POINT('',(-34.27296123684,-8.556164117265));
#8473 = CARTESIAN_POINT('',(-33.34316538474,-8.611612608317));
#8474 = CARTESIAN_POINT('',(-32.36688876422,-8.592258217678));
#8475 = CARTESIAN_POINT('',(-31.3406708785,-8.490936763974));
#8476 = CARTESIAN_POINT('',(-30.23705258033,-8.291249467091));
#8477 = CARTESIAN_POINT('',(-29.11106409302,-7.998405067358));
#8478 = CARTESIAN_POINT('',(-27.93348777226,-7.589078170952));
#8479 = CARTESIAN_POINT('',(-26.70429423241,-7.055581640139));
#8480 = CARTESIAN_POINT('',(-25.39168224551,-6.377765038858));
#8481 = CARTESIAN_POINT('',(-24.06574782784,-5.578185203553));
#8482 = CARTESIAN_POINT('',(-22.68790584342,-4.630789307926));
#8483 = CARTESIAN_POINT('',(-21.26043965193,-3.523364729133));
#8484 = CARTESIAN_POINT('',(-19.75301775798,-2.209846404675));
#8485 = CARTESIAN_POINT('',(-18.25218231914,-0.753333871887));
#8486 = CARTESIAN_POINT('',(-16.69620364759,0.919557641022));
#8487 = CARTESIAN_POINT('',(-15.17553205072,2.707838975062));
#8488 = CARTESIAN_POINT('',(-13.35009044419,5.099203627213));
#8489 = CARTESIAN_POINT('',(-12.91100078668,5.776592839161));
#8490 = CARTESIAN_POINT('',(-12.01969306091,7.051107079368));
#8491 = ( GEOMETRIC_REPRESENTATION_CONTEXT(2) 
PARAMETRIC_REPRESENTATION_CONTEXT() REPRESENTATION_CONTEXT('2D SPACE',''
  ) );
#8492 = ORIENTED_EDGE('',*,*,#8181,.F.);
#8493 = ORIENTED_EDGE('',*,*,#8494,.F.);
#8494 = EDGE_CURVE('',#8354,#8182,#8495,.T.);
#8495 = SURFACE_CURVE('',#8496,(#8547,#8554),.PCURVE_S1.);
#8496 = B_SPLINE_CURVE_WITH_KNOTS('',3,(#8497,#8498,#8499,#8500,#8501,
    #8502,#8503,#8504,#8505,#8506,#8507,#8508,#8509,#8510,#8511,#8512,
    #8513,#8514,#8515,#8516,#8517,#8518,#8519,#8520,#8521,#8522,#8523,
    #8524,#8525,#8526,#8527,#8528,#8529,#8530,#8531,#8532,#8533,#8534,
    #8535,#8536,#8537,#8538,#8539,#8540,#8541,#8542,#8543,#8544,#8545,
    #8546),.UNSPECIFIED.,.F.,.F.,(4,1,1,1,1,1,1,1,1,1,1,1,1,1,1,1,1,1,1,
    1,1,1,1,1,1,1,1,1,1,1,1,1,1,1,1,1,1,1,1,1,1,1,1,1,1,1,1,4),(0.,
    3.010134173011,5.734866089906,8.204243200285,10.280216915947,
    12.332164523515,14.201956865391,15.911237845672,17.363900720308,
    18.819208714806,20.167747400886,21.42468716853,22.515414853025,
    23.632925452475,24.694050367351,25.707901186754,26.608581862701,
    27.552388564938,28.468532489134,29.361872223827,30.169943636586,
    31.030962627216,31.880548884696,32.72227944396,33.495545472128,
    34.332992621126,35.174663745336,36.025783427864,36.825011523752,
    37.711824801461,38.627874308414,39.58148948206,40.502911686362,
    41.554574841448,42.671594637474,43.864256147866,45.041219012251,
    46.408073524505,47.880684921353,49.469922617188,51.049935999727,
    52.894334824252,54.887680127977,57.041280206621,59.18142193199,
    61.675679145654,64.364419403117,67.031728548195),.UNSPECIFIED.);
#8497 = CARTESIAN_POINT('',(-41.08563770057,23.850181619853,0.));
#8498 = CARTESIAN_POINT('',(-41.46464867126,22.938332135406,0.));
#8499 = CARTESIAN_POINT('',(-42.23395186098,21.163130514959,0.));
#8500 = CARTESIAN_POINT('',(-43.17217684708,18.601783235794,0.));
#8501 = CARTESIAN_POINT('',(-43.91793017513,16.293390226183,0.));
#8502 = CARTESIAN_POINT('',(-44.49686796448,14.171495857912,0.));
#8503 = CARTESIAN_POINT('',(-44.93190906164,12.219185074295,0.));
#8504 = CARTESIAN_POINT('',(-45.24317538223,10.367263236389,0.));
#8505 = CARTESIAN_POINT('',(-45.42886610224,8.699387147197,0.));
#8506 = CARTESIAN_POINT('',(-45.51275965803,7.161839610024,0.));
#8507 = CARTESIAN_POINT('',(-45.50759709289,5.742099491519,0.));
#8508 = CARTESIAN_POINT('',(-45.41785900895,4.390579828522,0.));
#8509 = CARTESIAN_POINT('',(-45.25745311143,3.168112538737,0.));
#8510 = CARTESIAN_POINT('',(-45.0354906316,2.033887352887,0.));
#8511 = CARTESIAN_POINT('',(-44.75914012728,0.978897551494,0.));
#8512 = CARTESIAN_POINT('',(-44.4222298205,-3.132178123365E-02,0.));
#8513 = CARTESIAN_POINT('',(-44.04723904573,-0.950367029506,0.));
#8514 = CARTESIAN_POINT('',(-43.6324829755,-1.808748455452,0.));
#8515 = CARTESIAN_POINT('',(-43.18111342381,-2.611400516349,0.));
#8516 = CARTESIAN_POINT('',(-42.68031190524,-3.381232221976,0.));
#8517 = CARTESIAN_POINT('',(-42.15803312625,-4.080940655235,0.));
#8518 = CARTESIAN_POINT('',(-41.60513172908,-4.73263925928,0.));
#8519 = CARTESIAN_POINT('',(-41.02236735505,-5.337855591533,0.));
#8520 = CARTESIAN_POINT('',(-40.3922454647,-5.910443784111,0.));
#8521 = CARTESIAN_POINT('',(-39.74740920504,-6.420538034273,0.));
#8522 = CARTESIAN_POINT('',(-39.07297498895,-6.883518898962,0.));
#8523 = CARTESIAN_POINT('',(-38.36779785674,-7.298486644326,0.));
#8524 = CARTESIAN_POINT('',(-37.61019225336,-7.67096651686,0.));
#8525 = CARTESIAN_POINT('',(-36.83783978093,-7.979078415385,0.));
#8526 = CARTESIAN_POINT('',(-36.02996431629,-8.231773277157,0.));
#8527 = CARTESIAN_POINT('',(-35.18349977364,-8.42550097466,0.));
#8528 = CARTESIAN_POINT('',(-34.27296123684,-8.556164117265,0.));
#8529 = CARTESIAN_POINT('',(-33.34316538474,-8.611612608317,0.));
#8530 = CARTESIAN_POINT('',(-32.36688876422,-8.592258217678,0.));
#8531 = CARTESIAN_POINT('',(-31.3406708785,-8.490936763974,0.));
#8532 = CARTESIAN_POINT('',(-30.23705258033,-8.291249467091,0.));
#8533 = CARTESIAN_POINT('',(-29.11106409302,-7.998405067358,0.));
#8534 = CARTESIAN_POINT('',(-27.93348777226,-7.589078170952,0.));
#8535 = CARTESIAN_POINT('',(-26.70429423241,-7.055581640139,0.));
#8536 = CARTESIAN_POINT('',(-25.39168224551,-6.377765038857,0.));
#8537 = CARTESIAN_POINT('',(-24.06574782784,-5.578185203553,0.));
#8538 = CARTESIAN_POINT('',(-22.68790584342,-4.630789307926,0.));
#8539 = CARTESIAN_POINT('',(-21.26043965193,-3.523364729133,0.));
#8540 = CARTESIAN_POINT('',(-19.75301775798,-2.209846404675,0.));
#8541 = CARTESIAN_POINT('',(-18.25218231914,-0.753333871887,0.));
#8542 = CARTESIAN_POINT('',(-16.69620364759,0.919557641022,0.));
#8543 = CARTESIAN_POINT('',(-15.17553205072,2.707838975062,0.));
#8544 = CARTESIAN_POINT('',(-13.35009044419,5.099203627213,0.));
#8545 = CARTESIAN_POINT('',(-12.91100078668,5.776592839161,0.));
#8546 = CARTESIAN_POINT('',(-12.01969306091,7.051107079368,0.));
#8547 = PCURVE('',#8199,#8548);
#8548 = DEFINITIONAL_REPRESENTATION('',(#8549),#8553);
#8549 = LINE('',#8550,#8551);
#8550 = CARTESIAN_POINT('',(0.,0.));
#8551 = VECTOR('',#8552,1.);
#8552 = DIRECTION('',(1.,0.));
#8553 = ( GEOMETRIC_REPRESENTATION_CONTEXT(2) 
PARAMETRIC_REPRESENTATION_CONTEXT() REPRESENTATION_CONTEXT('2D SPACE',''
  ) );
#8554 = PCURVE('',#94,#8555);
#8555 = DEFINITIONAL_REPRESENTATION('',(#8556),#8607);
#8556 = B_SPLINE_CURVE_WITH_KNOTS('',3,(#8557,#8558,#8559,#8560,#8561,
    #8562,#8563,#8564,#8565,#8566,#8567,#8568,#8569,#8570,#8571,#8572,
    #8573,#8574,#8575,#8576,#8577,#8578,#8579,#8580,#8581,#8582,#8583,
    #8584,#8585,#8586,#8587,#8588,#8589,#8590,#8591,#8592,#8593,#8594,
    #8595,#8596,#8597,#8598,#8599,#8600,#8601,#8602,#8603,#8604,#8605,
    #8606),.UNSPECIFIED.,.F.,.F.,(4,1,1,1,1,1,1,1,1,1,1,1,1,1,1,1,1,1,1,
    1,1,1,1,1,1,1,1,1,1,1,1,1,1,1,1,1,1,1,1,1,1,1,1,1,1,1,1,4),(0.,
    3.010134173011,5.734866089906,8.204243200285,10.280216915947,
    12.332164523515,14.201956865391,15.911237845672,17.363900720308,
    18.819208714806,20.167747400886,21.42468716853,22.515414853025,
    23.632925452475,24.694050367351,25.707901186754,26.608581862701,
    27.552388564938,28.468532489134,29.361872223827,30.169943636586,
    31.030962627216,31.880548884696,32.72227944396,33.495545472128,
    34.332992621126,35.174663745336,36.025783427864,36.825011523752,
    37.711824801461,38.627874308414,39.58148948206,40.502911686362,
    41.554574841448,42.671594637474,43.864256147866,45.041219012251,
    46.408073524505,47.880684921353,49.469922617188,51.049935999727,
    52.894334824252,54.887680127977,57.041280206621,59.18142193199,
    61.675679145654,64.364419403117,67.031728548195),.UNSPECIFIED.);
#8557 = CARTESIAN_POINT('',(-41.08563770057,23.850181619853));
#8558 = CARTESIAN_POINT('',(-41.46464867126,22.938332135406));
#8559 = CARTESIAN_POINT('',(-42.23395186098,21.163130514959));
#8560 = CARTESIAN_POINT('',(-43.17217684708,18.601783235794));
#8561 = CARTESIAN_POINT('',(-43.91793017513,16.293390226183));
#8562 = CARTESIAN_POINT('',(-44.49686796448,14.171495857912));
#8563 = CARTESIAN_POINT('',(-44.93190906164,12.219185074295));
#8564 = CARTESIAN_POINT('',(-45.24317538223,10.367263236389));
#8565 = CARTESIAN_POINT('',(-45.42886610224,8.699387147197));
#8566 = CARTESIAN_POINT('',(-45.51275965803,7.161839610024));
#8567 = CARTESIAN_POINT('',(-45.50759709289,5.742099491519));
#8568 = CARTESIAN_POINT('',(-45.41785900895,4.390579828522));
#8569 = CARTESIAN_POINT('',(-45.25745311143,3.168112538737));
#8570 = CARTESIAN_POINT('',(-45.0354906316,2.033887352887));
#8571 = CARTESIAN_POINT('',(-44.75914012728,0.978897551494));
#8572 = CARTESIAN_POINT('',(-44.4222298205,-3.132178123365E-02));
#8573 = CARTESIAN_POINT('',(-44.04723904573,-0.950367029506));
#8574 = CARTESIAN_POINT('',(-43.6324829755,-1.808748455452));
#8575 = CARTESIAN_POINT('',(-43.18111342381,-2.611400516349));
#8576 = CARTESIAN_POINT('',(-42.68031190524,-3.381232221976));
#8577 = CARTESIAN_POINT('',(-42.15803312625,-4.080940655235));
#8578 = CARTESIAN_POINT('',(-41.60513172908,-4.73263925928));
#8579 = CARTESIAN_POINT('',(-41.02236735505,-5.337855591533));
#8580 = CARTESIAN_POINT('',(-40.3922454647,-5.910443784111));
#8581 = CARTESIAN_POINT('',(-39.74740920504,-6.420538034273));
#8582 = CARTESIAN_POINT('',(-39.07297498895,-6.883518898962));
#8583 = CARTESIAN_POINT('',(-38.36779785674,-7.298486644326));
#8584 = CARTESIAN_POINT('',(-37.61019225336,-7.67096651686));
#8585 = CARTESIAN_POINT('',(-36.83783978093,-7.979078415385));
#8586 = CARTESIAN_POINT('',(-36.02996431629,-8.231773277157));
#8587 = CARTESIAN_POINT('',(-35.18349977364,-8.42550097466));
#8588 = CARTESIAN_POINT('',(-34.27296123684,-8.556164117265));
#8589 = CARTESIAN_POINT('',(-33.34316538474,-8.611612608317));
#8590 = CARTESIAN_POINT('',(-32.36688876422,-8.592258217678));
#8591 = CARTESIAN_POINT('',(-31.3406708785,-8.490936763974));
#8592 = CARTESIAN_POINT('',(-30.23705258033,-8.291249467091));
#8593 = CARTESIAN_POINT('',(-29.11106409302,-7.998405067358));
#8594 = CARTESIAN_POINT('',(-27.93348777226,-7.589078170952));
#8595 = CARTESIAN_POINT('',(-26.70429423241,-7.055581640139));
#8596 = CARTESIAN_POINT('',(-25.39168224551,-6.377765038858));
#8597 = CARTESIAN_POINT('',(-24.06574782784,-5.578185203553));
#8598 = CARTESIAN_POINT('',(-22.68790584342,-4.630789307926));
#8599 = CARTESIAN_POINT('',(-21.26043965193,-3.523364729133));
#8600 = CARTESIAN_POINT('',(-19.75301775798,-2.209846404675));
#8601 = CARTESIAN_POINT('',(-18.25218231914,-0.753333871887));
#8602 = CARTESIAN_POINT('',(-16.69620364759,0.919557641022));
#8603 = CARTESIAN_POINT('',(-15.17553205072,2.707838975062));
#8604 = CARTESIAN_POINT('',(-13.35009044419,5.099203627213));
#8605 = CARTESIAN_POINT('',(-12.91100078668,5.776592839161));
#8606 = CARTESIAN_POINT('',(-12.01969306091,7.051107079368));
#8607 = ( GEOMETRIC_REPRESENTATION_CONTEXT(2) 
PARAMETRIC_REPRESENTATION_CONTEXT() REPRESENTATION_CONTEXT('2D SPACE',''
  ) );
#8608 = ADVANCED_FACE('',(#8609),#7880,.T.);
#8609 = FACE_BOUND('',#8610,.T.);
#8610 = EDGE_LOOP('',(#8611,#8612,#8633,#8634));
#8611 = ORIENTED_EDGE('',*,*,#7864,.T.);
#8612 = ORIENTED_EDGE('',*,*,#8613,.T.);
#8613 = EDGE_CURVE('',#7841,#8356,#8614,.T.);
#8614 = SURFACE_CURVE('',#8615,(#8619,#8626),.PCURVE_S1.);
#8615 = LINE('',#8616,#8617);
#8616 = CARTESIAN_POINT('',(-36.69590941308,34.411750715304,22.4));
#8617 = VECTOR('',#8618,1.);
#8618 = DIRECTION('',(-0.383801307059,-0.923415700917,0.));
#8619 = PCURVE('',#7880,#8620);
#8620 = DEFINITIONAL_REPRESENTATION('',(#8621),#8625);
#8621 = LINE('',#8622,#8623);
#8622 = CARTESIAN_POINT('',(-6.094433791486,-22.4));
#8623 = VECTOR('',#8624,1.);
#8624 = DIRECTION('',(1.,0.));
#8625 = ( GEOMETRIC_REPRESENTATION_CONTEXT(2) 
PARAMETRIC_REPRESENTATION_CONTEXT() REPRESENTATION_CONTEXT('2D SPACE',''
  ) );
#8626 = PCURVE('',#66,#8627);
#8627 = DEFINITIONAL_REPRESENTATION('',(#8628),#8632);
#8628 = LINE('',#8629,#8630);
#8629 = CARTESIAN_POINT('',(-36.69590941308,34.411750715304));
#8630 = VECTOR('',#8631,1.);
#8631 = DIRECTION('',(-0.383801307059,-0.923415700917));
#8632 = ( GEOMETRIC_REPRESENTATION_CONTEXT(2) 
PARAMETRIC_REPRESENTATION_CONTEXT() REPRESENTATION_CONTEXT('2D SPACE',''
  ) );
#8633 = ORIENTED_EDGE('',*,*,#8353,.F.);
#8634 = ORIENTED_EDGE('',*,*,#8635,.F.);
#8635 = EDGE_CURVE('',#7865,#8354,#8636,.T.);
#8636 = SURFACE_CURVE('',#8637,(#8641,#8648),.PCURVE_S1.);
#8637 = LINE('',#8638,#8639);
#8638 = CARTESIAN_POINT('',(-36.69590941308,34.411750715304,0.));
#8639 = VECTOR('',#8640,1.);
#8640 = DIRECTION('',(-0.383801307059,-0.923415700917,0.));
#8641 = PCURVE('',#7880,#8642);
#8642 = DEFINITIONAL_REPRESENTATION('',(#8643),#8647);
#8643 = LINE('',#8644,#8645);
#8644 = CARTESIAN_POINT('',(-6.094433791486,0.));
#8645 = VECTOR('',#8646,1.);
#8646 = DIRECTION('',(1.,0.));
#8647 = ( GEOMETRIC_REPRESENTATION_CONTEXT(2) 
PARAMETRIC_REPRESENTATION_CONTEXT() REPRESENTATION_CONTEXT('2D SPACE',''
  ) );
#8648 = PCURVE('',#94,#8649);
#8649 = DEFINITIONAL_REPRESENTATION('',(#8650),#8654);
#8650 = LINE('',#8651,#8652);
#8651 = CARTESIAN_POINT('',(-36.69590941308,34.411750715304));
#8652 = VECTOR('',#8653,1.);
#8653 = DIRECTION('',(-0.383801307059,-0.923415700917));
#8654 = ( GEOMETRIC_REPRESENTATION_CONTEXT(2) 
PARAMETRIC_REPRESENTATION_CONTEXT() REPRESENTATION_CONTEXT('2D SPACE',''
  ) );
#8655 = ADVANCED_FACE('',(#8656),#8670,.F.);
#8656 = FACE_BOUND('',#8657,.T.);
#8657 = EDGE_LOOP('',(#8658,#8789,#8813,#8841));
#8658 = ORIENTED_EDGE('',*,*,#8659,.T.);
#8659 = EDGE_CURVE('',#8660,#8662,#8664,.T.);
#8660 = VERTEX_POINT('',#8661);
#8661 = CARTESIAN_POINT('',(-13.08017845426,46.702879264608,0.));
#8662 = VERTEX_POINT('',#8663);
#8663 = CARTESIAN_POINT('',(-13.08017845426,46.702879264608,22.4));
#8664 = SURFACE_CURVE('',#8665,(#8669,#8681),.PCURVE_S1.);
#8665 = LINE('',#8666,#8667);
#8666 = CARTESIAN_POINT('',(-13.08017845426,46.702879264608,0.));
#8667 = VECTOR('',#8668,1.);
#8668 = DIRECTION('',(0.,0.,1.));
#8669 = PCURVE('',#8670,#8675);
#8670 = CYLINDRICAL_SURFACE('',#8671,48.5);
#8671 = AXIS2_PLACEMENT_3D('',#8672,#8673,#8674);
#8672 = CARTESIAN_POINT('',(0.,0.,0.));
#8673 = DIRECTION('',(-0.,-0.,-1.));
#8674 = DIRECTION('',(1.,0.,-0.));
#8675 = DEFINITIONAL_REPRESENTATION('',(#8676),#8680);
#8676 = LINE('',#8677,#8678);
#8677 = CARTESIAN_POINT('',(-1.843871985865,0.));
#8678 = VECTOR('',#8679,1.);
#8679 = DIRECTION('',(-0.,-1.));
#8680 = ( GEOMETRIC_REPRESENTATION_CONTEXT(2) 
PARAMETRIC_REPRESENTATION_CONTEXT() REPRESENTATION_CONTEXT('2D SPACE',''
  ) );
#8681 = PCURVE('',#8682,#8783);
#8682 = B_SPLINE_SURFACE_WITH_KNOTS('',3,1,(
    (#8683,#8684)
    ,(#8685,#8686)
    ,(#8687,#8688)
    ,(#8689,#8690)
    ,(#8691,#8692)
    ,(#8693,#8694)
    ,(#8695,#8696)
    ,(#8697,#8698)
    ,(#8699,#8700)
    ,(#8701,#8702)
    ,(#8703,#8704)
    ,(#8705,#8706)
    ,(#8707,#8708)
    ,(#8709,#8710)
    ,(#8711,#8712)
    ,(#8713,#8714)
    ,(#8715,#8716)
    ,(#8717,#8718)
    ,(#8719,#8720)
    ,(#8721,#8722)
    ,(#8723,#8724)
    ,(#8725,#8726)
    ,(#8727,#8728)
    ,(#8729,#8730)
    ,(#8731,#8732)
    ,(#8733,#8734)
    ,(#8735,#8736)
    ,(#8737,#8738)
    ,(#8739,#8740)
    ,(#8741,#8742)
    ,(#8743,#8744)
    ,(#8745,#8746)
    ,(#8747,#8748)
    ,(#8749,#8750)
    ,(#8751,#8752)
    ,(#8753,#8754)
    ,(#8755,#8756)
    ,(#8757,#8758)
    ,(#8759,#8760)
    ,(#8761,#8762)
    ,(#8763,#8764)
    ,(#8765,#8766)
    ,(#8767,#8768)
    ,(#8769,#8770)
    ,(#8771,#8772)
    ,(#8773,#8774)
    ,(#8775,#8776)
    ,(#8777,#8778)
    ,(#8779,#8780)
    ,(#8781,#8782
    )),.UNSPECIFIED.,.F.,.F.,.F.,(4,1,1,1,1,1,1,1,1,1,1,1,1,1,1,1,1,1,1,
    1,1,1,1,1,1,1,1,1,1,1,1,1,1,1,1,1,1,1,1,1,1,1,1,1,1,1,1,4),(2,2),(0.
    ,2.766464139392,5.568319295326,8.177275145496,10.425160909405,
    12.698001103747,14.813706991925,16.784063111389,18.483896399813,
    20.207074900357,21.81810245116,23.327840693167,24.640860133639,
    25.985974841284,27.260500260188,28.473662841808,29.546573791048,
    30.665502050481,31.746604132965,32.796723932319,33.744037531687,
    34.751762028128,35.745458780463,36.730106112805,37.635070035337,
    38.615335519513,39.599805338773,40.592877392801,41.521106716853,
    42.54355210237,43.588460947472,44.661307186429,45.681682040739,
    46.825929386569,48.018033969658,49.266638650819,50.477859791669,
    51.863921967174,53.33914083985,54.917675284274,56.480212616324,
    58.303578905337,60.281721918016,62.435877257802,64.600562295301,
    67.15990258556,69.968318443063,73.053194077155),(-22.4,0.),
  .UNSPECIFIED.);
#8683 = CARTESIAN_POINT('',(-9.659132507772E-02,11.465086923869,22.4));
#8684 = CARTESIAN_POINT('',(-9.659132507772E-02,11.465086923869,0.));
#8685 = CARTESIAN_POINT('',(-0.997531887688,11.562011354251,22.4));
#8686 = CARTESIAN_POINT('',(-0.997531887688,11.562011354251,0.));
#8687 = CARTESIAN_POINT('',(-2.869911982393,11.733861433439,22.4));
#8688 = CARTESIAN_POINT('',(-2.869911982393,11.733861433439,0.));
#8689 = CARTESIAN_POINT('',(-5.555149510144,12.154186304207,22.4));
#8690 = CARTESIAN_POINT('',(-5.555149510144,12.154186304207,0.));
#8691 = CARTESIAN_POINT('',(-8.061246716484,12.656613796004,22.4));
#8692 = CARTESIAN_POINT('',(-8.061246716484,12.656613796004,0.));
#8693 = CARTESIAN_POINT('',(-10.36582779895,13.238805018243,22.4));
#8694 = CARTESIAN_POINT('',(-10.36582779895,13.238805018243,0.));
#8695 = CARTESIAN_POINT('',(-12.48233786079,13.886147827978,22.4));
#8696 = CARTESIAN_POINT('',(-12.48233786079,13.886147827978,0.));
#8697 = CARTESIAN_POINT('',(-14.47362975888,14.615582282124,22.4));
#8698 = CARTESIAN_POINT('',(-14.47362975888,14.615582282124,0.));
#8699 = CARTESIAN_POINT('',(-16.2450403168,15.381107717009,22.4));
#8700 = CARTESIAN_POINT('',(-16.2450403168,15.381107717009,0.));
#8701 = CARTESIAN_POINT('',(-17.85246192463,16.188309774152,22.4));
#8702 = CARTESIAN_POINT('',(-17.85246192463,16.188309774152,0.));
#8703 = CARTESIAN_POINT('',(-19.30518380841,17.030418094951,22.4));
#8704 = CARTESIAN_POINT('',(-19.30518380841,17.030418094951,0.));
#8705 = CARTESIAN_POINT('',(-20.64743906732,17.930122412672,22.4));
#8706 = CARTESIAN_POINT('',(-20.64743906732,17.930122412672,0.));
#8707 = CARTESIAN_POINT('',(-21.81526540932,18.837890922507,22.4));
#8708 = CARTESIAN_POINT('',(-21.81526540932,18.837890922507,0.));
#8709 = CARTESIAN_POINT('',(-22.8556015898,19.759850462584,22.4));
#8710 = CARTESIAN_POINT('',(-22.8556015898,19.759850462584,0.));
#8711 = CARTESIAN_POINT('',(-23.77947422733,20.691550502438,22.4));
#8712 = CARTESIAN_POINT('',(-23.77947422733,20.691550502438,0.));
#8713 = CARTESIAN_POINT('',(-24.60488666414,21.668521729273,22.4));
#8714 = CARTESIAN_POINT('',(-24.60488666414,21.668521729273,0.));
#8715 = CARTESIAN_POINT('',(-25.29721043821,22.634140574527,22.4));
#8716 = CARTESIAN_POINT('',(-25.29721043821,22.634140574527,0.));
#8717 = CARTESIAN_POINT('',(-25.88442829256,23.606674675732,22.4));
#8718 = CARTESIAN_POINT('',(-25.88442829256,23.606674675732,0.));
#8719 = CARTESIAN_POINT('',(-26.37314739654,24.58348448695,22.4));
#8720 = CARTESIAN_POINT('',(-26.37314739654,24.58348448695,0.));
#8721 = CARTESIAN_POINT('',(-26.77643109304,25.590332188661,22.4));
#8722 = CARTESIAN_POINT('',(-26.77643109304,25.590332188661,0.));
#8723 = CARTESIAN_POINT('',(-27.0786241955,26.572226740316,22.4));
#8724 = CARTESIAN_POINT('',(-27.0786241955,26.572226740316,0.));
#8725 = CARTESIAN_POINT('',(-27.29786726682,27.550572930613,22.4));
#8726 = CARTESIAN_POINT('',(-27.29786726682,27.550572930613,0.));
#8727 = CARTESIAN_POINT('',(-27.43912320685,28.524319586207,22.4));
#8728 = CARTESIAN_POINT('',(-27.43912320685,28.524319586207,0.));
#8729 = CARTESIAN_POINT('',(-27.50554730611,29.518411626219,22.4));
#8730 = CARTESIAN_POINT('',(-27.50554730611,29.518411626219,0.));
#8731 = CARTESIAN_POINT('',(-27.4976531741,30.480365952539,22.4));
#8732 = CARTESIAN_POINT('',(-27.4976531741,30.480365952539,0.));
#8733 = CARTESIAN_POINT('',(-27.42314243397,31.43475794982,22.4));
#8734 = CARTESIAN_POINT('',(-27.42314243397,31.43475794982,0.));
#8735 = CARTESIAN_POINT('',(-27.28427433201,32.381979847014,22.4));
#8736 = CARTESIAN_POINT('',(-27.28427433201,32.381979847014,0.));
#8737 = CARTESIAN_POINT('',(-27.07481390231,33.346166164706,22.4));
#8738 = CARTESIAN_POINT('',(-27.07481390231,33.346166164706,0.));
#8739 = CARTESIAN_POINT('',(-26.80636013656,34.277556104178,22.4));
#8740 = CARTESIAN_POINT('',(-26.80636013656,34.277556104178,0.));
#8741 = CARTESIAN_POINT('',(-26.47562609863,35.201994635684,22.4));
#8742 = CARTESIAN_POINT('',(-26.47562609863,35.201994635684,0.));
#8743 = CARTESIAN_POINT('',(-26.08105334246,36.120026751544,22.4));
#8744 = CARTESIAN_POINT('',(-26.08105334246,36.120026751544,0.));
#8745 = CARTESIAN_POINT('',(-25.6063101704,37.053713084303,22.4));
#8746 = CARTESIAN_POINT('',(-25.6063101704,37.053713084303,0.));
#8747 = CARTESIAN_POINT('',(-25.07273456133,37.954296948307,22.4));
#8748 = CARTESIAN_POINT('',(-25.07273456133,37.954296948307,0.));
#8749 = CARTESIAN_POINT('',(-24.46568179433,38.847278044432,22.4));
#8750 = CARTESIAN_POINT('',(-24.46568179433,38.847278044432,0.));
#8751 = CARTESIAN_POINT('',(-23.77940495317,39.732034929987,22.4));
#8752 = CARTESIAN_POINT('',(-23.77940495317,39.732034929987,0.));
#8753 = CARTESIAN_POINT('',(-22.98621323695,40.626947180634,22.4));
#8754 = CARTESIAN_POINT('',(-22.98621323695,40.626947180634,0.));
#8755 = CARTESIAN_POINT('',(-22.12008082187,41.483582659192,22.4));
#8756 = CARTESIAN_POINT('',(-22.12008082187,41.483582659192,0.));
#8757 = CARTESIAN_POINT('',(-21.15314808447,42.326438533146,22.4));
#8758 = CARTESIAN_POINT('',(-21.15314808447,42.326438533146,0.));
#8759 = CARTESIAN_POINT('',(-20.07515108984,43.153090290469,22.4));
#8760 = CARTESIAN_POINT('',(-20.07515108984,43.153090290469,0.));
#8761 = CARTESIAN_POINT('',(-18.84461285179,43.977056471612,22.4));
#8762 = CARTESIAN_POINT('',(-18.84461285179,43.977056471612,0.));
#8763 = CARTESIAN_POINT('',(-17.51407662939,44.751951517801,22.4));
#8764 = CARTESIAN_POINT('',(-17.51407662939,44.751951517801,0.));
#8765 = CARTESIAN_POINT('',(-16.03730459296,45.500587447575,22.4));
#8766 = CARTESIAN_POINT('',(-16.03730459296,45.500587447575,0.));
#8767 = CARTESIAN_POINT('',(-14.39892824341,46.218322810518,22.4));
#8768 = CARTESIAN_POINT('',(-14.39892824341,46.218322810518,0.));
#8769 = CARTESIAN_POINT('',(-12.53670334497,46.912949194845,22.4));
#8770 = CARTESIAN_POINT('',(-12.53670334497,46.912949194845,0.));
#8771 = CARTESIAN_POINT('',(-10.53911851389,47.541679742908,22.4));
#8772 = CARTESIAN_POINT('',(-10.53911851389,47.541679742908,0.));
#8773 = CARTESIAN_POINT('',(-8.297876658534,48.12831353425,22.4));
#8774 = CARTESIAN_POINT('',(-8.297876658534,48.12831353425,0.));
#8775 = CARTESIAN_POINT('',(-5.947933569625,48.641127159287,22.4));
#8776 = CARTESIAN_POINT('',(-5.947933569625,48.641127159287,0.));
#8777 = CARTESIAN_POINT('',(-2.710378200263,49.184779359494,22.4));
#8778 = CARTESIAN_POINT('',(-2.710378200263,49.184779359494,0.));
#8779 = CARTESIAN_POINT('',(-2.015183314218,49.245463149114,22.4));
#8780 = CARTESIAN_POINT('',(-2.015183314218,49.245463149114,0.));
#8781 = CARTESIAN_POINT('',(-0.112044317377,49.49370321069,22.4));
#8782 = CARTESIAN_POINT('',(-0.112044317377,49.49370321069,0.));
#8783 = DEFINITIONAL_REPRESENTATION('',(#8784),#8788);
#8784 = LINE('',#8785,#8786);
#8785 = CARTESIAN_POINT('',(59.759046788485,0.));
#8786 = VECTOR('',#8787,1.);
#8787 = DIRECTION('',(0.,-1.));
#8788 = ( GEOMETRIC_REPRESENTATION_CONTEXT(2) 
PARAMETRIC_REPRESENTATION_CONTEXT() REPRESENTATION_CONTEXT('2D SPACE',''
  ) );
#8789 = ORIENTED_EDGE('',*,*,#8790,.T.);
#8790 = EDGE_CURVE('',#8662,#8791,#8793,.T.);
#8791 = VERTEX_POINT('',#8792);
#8792 = CARTESIAN_POINT('',(-19.41324048863,44.445203270214,22.4));
#8793 = SURFACE_CURVE('',#8794,(#8799,#8806),.PCURVE_S1.);
#8794 = CIRCLE('',#8795,48.5);
#8795 = AXIS2_PLACEMENT_3D('',#8796,#8797,#8798);
#8796 = CARTESIAN_POINT('',(0.,0.,22.4));
#8797 = DIRECTION('',(0.,0.,1.));
#8798 = DIRECTION('',(1.,0.,-0.));
#8799 = PCURVE('',#8670,#8800);
#8800 = DEFINITIONAL_REPRESENTATION('',(#8801),#8805);
#8801 = LINE('',#8802,#8803);
#8802 = CARTESIAN_POINT('',(-0.,-22.4));
#8803 = VECTOR('',#8804,1.);
#8804 = DIRECTION('',(-1.,0.));
#8805 = ( GEOMETRIC_REPRESENTATION_CONTEXT(2) 
PARAMETRIC_REPRESENTATION_CONTEXT() REPRESENTATION_CONTEXT('2D SPACE',''
  ) );
#8806 = PCURVE('',#66,#8807);
#8807 = DEFINITIONAL_REPRESENTATION('',(#8808),#8812);
#8808 = CIRCLE('',#8809,48.5);
#8809 = AXIS2_PLACEMENT_2D('',#8810,#8811);
#8810 = CARTESIAN_POINT('',(1.75032336965E-15,-3.209892110372E-15));
#8811 = DIRECTION('',(1.,0.));
#8812 = ( GEOMETRIC_REPRESENTATION_CONTEXT(2) 
PARAMETRIC_REPRESENTATION_CONTEXT() REPRESENTATION_CONTEXT('2D SPACE',''
  ) );
#8813 = ORIENTED_EDGE('',*,*,#8814,.F.);
#8814 = EDGE_CURVE('',#8815,#8791,#8817,.T.);
#8815 = VERTEX_POINT('',#8816);
#8816 = CARTESIAN_POINT('',(-19.41324048863,44.445203270214,0.));
#8817 = SURFACE_CURVE('',#8818,(#8822,#8829),.PCURVE_S1.);
#8818 = LINE('',#8819,#8820);
#8819 = CARTESIAN_POINT('',(-19.41324048863,44.445203270214,0.));
#8820 = VECTOR('',#8821,1.);
#8821 = DIRECTION('',(0.,0.,1.));
#8822 = PCURVE('',#8670,#8823);
#8823 = DEFINITIONAL_REPRESENTATION('',(#8824),#8828);
#8824 = LINE('',#8825,#8826);
#8825 = CARTESIAN_POINT('',(-1.982611059395,0.));
#8826 = VECTOR('',#8827,1.);
#8827 = DIRECTION('',(-0.,-1.));
#8828 = ( GEOMETRIC_REPRESENTATION_CONTEXT(2) 
PARAMETRIC_REPRESENTATION_CONTEXT() REPRESENTATION_CONTEXT('2D SPACE',''
  ) );
#8829 = PCURVE('',#8830,#8835);
#8830 = PLANE('',#8831);
#8831 = AXIS2_PLACEMENT_3D('',#8832,#8833,#8834);
#8832 = CARTESIAN_POINT('',(-19.41324048863,44.445203270214,0.));
#8833 = DIRECTION('',(0.607800801718,-0.794089532378,0.));
#8834 = DIRECTION('',(-0.794089532378,-0.607800801718,0.));
#8835 = DEFINITIONAL_REPRESENTATION('',(#8836),#8840);
#8836 = LINE('',#8837,#8838);
#8837 = CARTESIAN_POINT('',(0.,0.));
#8838 = VECTOR('',#8839,1.);
#8839 = DIRECTION('',(0.,-1.));
#8840 = ( GEOMETRIC_REPRESENTATION_CONTEXT(2) 
PARAMETRIC_REPRESENTATION_CONTEXT() REPRESENTATION_CONTEXT('2D SPACE',''
  ) );
#8841 = ORIENTED_EDGE('',*,*,#8842,.F.);
#8842 = EDGE_CURVE('',#8660,#8815,#8843,.T.);
#8843 = SURFACE_CURVE('',#8844,(#8849,#8856),.PCURVE_S1.);
#8844 = CIRCLE('',#8845,48.5);
#8845 = AXIS2_PLACEMENT_3D('',#8846,#8847,#8848);
#8846 = CARTESIAN_POINT('',(0.,0.,0.));
#8847 = DIRECTION('',(0.,0.,1.));
#8848 = DIRECTION('',(1.,0.,-0.));
#8849 = PCURVE('',#8670,#8850);
#8850 = DEFINITIONAL_REPRESENTATION('',(#8851),#8855);
#8851 = LINE('',#8852,#8853);
#8852 = CARTESIAN_POINT('',(-0.,0.));
#8853 = VECTOR('',#8854,1.);
#8854 = DIRECTION('',(-1.,0.));
#8855 = ( GEOMETRIC_REPRESENTATION_CONTEXT(2) 
PARAMETRIC_REPRESENTATION_CONTEXT() REPRESENTATION_CONTEXT('2D SPACE',''
  ) );
#8856 = PCURVE('',#94,#8857);
#8857 = DEFINITIONAL_REPRESENTATION('',(#8858),#8862);
#8858 = CIRCLE('',#8859,48.5);
#8859 = AXIS2_PLACEMENT_2D('',#8860,#8861);
#8860 = CARTESIAN_POINT('',(1.75032336965E-15,-3.209892110372E-15));
#8861 = DIRECTION('',(1.,0.));
#8862 = ( GEOMETRIC_REPRESENTATION_CONTEXT(2) 
PARAMETRIC_REPRESENTATION_CONTEXT() REPRESENTATION_CONTEXT('2D SPACE',''
  ) );
#8863 = ADVANCED_FACE('',(#8864),#8682,.T.);
#8864 = FACE_BOUND('',#8865,.T.);
#8865 = EDGE_LOOP('',(#8866,#8896,#9011,#9012));
#8866 = ORIENTED_EDGE('',*,*,#8867,.T.);
#8867 = EDGE_CURVE('',#8868,#8870,#8872,.T.);
#8868 = VERTEX_POINT('',#8869);
#8869 = CARTESIAN_POINT('',(-4.624853916871,12.015472425414,0.));
#8870 = VERTEX_POINT('',#8871);
#8871 = CARTESIAN_POINT('',(-4.624853916871,12.015472425414,22.4));
#8872 = SURFACE_CURVE('',#8873,(#8877,#8884),.PCURVE_S1.);
#8873 = LINE('',#8874,#8875);
#8874 = CARTESIAN_POINT('',(-4.624853916871,12.015472425414,0.));
#8875 = VECTOR('',#8876,1.);
#8876 = DIRECTION('',(0.,0.,1.));
#8877 = PCURVE('',#8682,#8878);
#8878 = DEFINITIONAL_REPRESENTATION('',(#8879),#8883);
#8879 = LINE('',#8880,#8881);
#8880 = CARTESIAN_POINT('',(4.560656898555,0.));
#8881 = VECTOR('',#8882,1.);
#8882 = DIRECTION('',(0.,-1.));
#8883 = ( GEOMETRIC_REPRESENTATION_CONTEXT(2) 
PARAMETRIC_REPRESENTATION_CONTEXT() REPRESENTATION_CONTEXT('2D SPACE',''
  ) );
#8884 = PCURVE('',#8885,#8890);
#8885 = PLANE('',#8886);
#8886 = AXIS2_PLACEMENT_3D('',#8887,#8888,#8889);
#8887 = CARTESIAN_POINT('',(-6.883805996763,12.116284385996,0.));
#8888 = DIRECTION('',(4.458338040621E-02,0.999005666746,-0.));
#8889 = DIRECTION('',(0.999005666746,-4.458338040621E-02,0.));
#8890 = DEFINITIONAL_REPRESENTATION('',(#8891),#8895);
#8891 = LINE('',#8892,#8893);
#8892 = CARTESIAN_POINT('',(2.261200466709,0.));
#8893 = VECTOR('',#8894,1.);
#8894 = DIRECTION('',(0.,-1.));
#8895 = ( GEOMETRIC_REPRESENTATION_CONTEXT(2) 
PARAMETRIC_REPRESENTATION_CONTEXT() REPRESENTATION_CONTEXT('2D SPACE',''
  ) );
#8896 = ORIENTED_EDGE('',*,*,#8897,.T.);
#8897 = EDGE_CURVE('',#8870,#8662,#8898,.T.);
#8898 = SURFACE_CURVE('',#8899,(#8950,#8957),.PCURVE_S1.);
#8899 = B_SPLINE_CURVE_WITH_KNOTS('',3,(#8900,#8901,#8902,#8903,#8904,
    #8905,#8906,#8907,#8908,#8909,#8910,#8911,#8912,#8913,#8914,#8915,
    #8916,#8917,#8918,#8919,#8920,#8921,#8922,#8923,#8924,#8925,#8926,
    #8927,#8928,#8929,#8930,#8931,#8932,#8933,#8934,#8935,#8936,#8937,
    #8938,#8939,#8940,#8941,#8942,#8943,#8944,#8945,#8946,#8947,#8948,
    #8949),.UNSPECIFIED.,.F.,.F.,(4,1,1,1,1,1,1,1,1,1,1,1,1,1,1,1,1,1,1,
    1,1,1,1,1,1,1,1,1,1,1,1,1,1,1,1,1,1,1,1,1,1,1,1,1,1,1,1,4),(0.,
    2.766464139392,5.568319295326,8.177275145496,10.425160909405,
    12.698001103747,14.813706991925,16.784063111389,18.483896399813,
    20.207074900357,21.81810245116,23.327840693167,24.640860133639,
    25.985974841284,27.260500260188,28.473662841808,29.546573791048,
    30.665502050481,31.746604132965,32.796723932319,33.744037531687,
    34.751762028128,35.745458780463,36.730106112805,37.635070035337,
    38.615335519513,39.599805338773,40.592877392801,41.521106716853,
    42.54355210237,43.588460947472,44.661307186429,45.681682040739,
    46.825929386569,48.018033969658,49.266638650819,50.477859791669,
    51.863921967174,53.33914083985,54.917675284274,56.480212616324,
    58.303578905337,60.281721918016,62.435877257802,64.600562295301,
    67.15990258556,69.968318443063,73.053194077155),.UNSPECIFIED.);
#8900 = CARTESIAN_POINT('',(-9.659132507772E-02,11.465086923869,22.4));
#8901 = CARTESIAN_POINT('',(-0.997531887688,11.562011354251,22.4));
#8902 = CARTESIAN_POINT('',(-2.869911982393,11.733861433439,22.4));
#8903 = CARTESIAN_POINT('',(-5.555149510144,12.154186304207,22.4));
#8904 = CARTESIAN_POINT('',(-8.061246716484,12.656613796004,22.4));
#8905 = CARTESIAN_POINT('',(-10.36582779895,13.238805018243,22.4));
#8906 = CARTESIAN_POINT('',(-12.48233786079,13.886147827978,22.4));
#8907 = CARTESIAN_POINT('',(-14.47362975888,14.615582282124,22.4));
#8908 = CARTESIAN_POINT('',(-16.2450403168,15.381107717009,22.4));
#8909 = CARTESIAN_POINT('',(-17.85246192463,16.188309774152,22.4));
#8910 = CARTESIAN_POINT('',(-19.30518380841,17.030418094951,22.4));
#8911 = CARTESIAN_POINT('',(-20.64743906732,17.930122412672,22.4));
#8912 = CARTESIAN_POINT('',(-21.81526540932,18.837890922507,22.4));
#8913 = CARTESIAN_POINT('',(-22.8556015898,19.759850462584,22.4));
#8914 = CARTESIAN_POINT('',(-23.77947422733,20.691550502438,22.4));
#8915 = CARTESIAN_POINT('',(-24.60488666414,21.668521729273,22.4));
#8916 = CARTESIAN_POINT('',(-25.29721043821,22.634140574527,22.4));
#8917 = CARTESIAN_POINT('',(-25.88442829256,23.606674675732,22.4));
#8918 = CARTESIAN_POINT('',(-26.37314739654,24.58348448695,22.4));
#8919 = CARTESIAN_POINT('',(-26.77643109304,25.590332188661,22.4));
#8920 = CARTESIAN_POINT('',(-27.0786241955,26.572226740316,22.4));
#8921 = CARTESIAN_POINT('',(-27.29786726682,27.550572930613,22.4));
#8922 = CARTESIAN_POINT('',(-27.43912320685,28.524319586207,22.4));
#8923 = CARTESIAN_POINT('',(-27.50554730611,29.518411626219,22.4));
#8924 = CARTESIAN_POINT('',(-27.4976531741,30.480365952539,22.4));
#8925 = CARTESIAN_POINT('',(-27.42314243397,31.43475794982,22.4));
#8926 = CARTESIAN_POINT('',(-27.28427433201,32.381979847014,22.4));
#8927 = CARTESIAN_POINT('',(-27.07481390231,33.346166164706,22.4));
#8928 = CARTESIAN_POINT('',(-26.80636013656,34.277556104178,22.4));
#8929 = CARTESIAN_POINT('',(-26.47562609863,35.201994635684,22.4));
#8930 = CARTESIAN_POINT('',(-26.08105334246,36.120026751544,22.4));
#8931 = CARTESIAN_POINT('',(-25.6063101704,37.053713084303,22.4));
#8932 = CARTESIAN_POINT('',(-25.07273456133,37.954296948307,22.4));
#8933 = CARTESIAN_POINT('',(-24.46568179433,38.847278044432,22.4));
#8934 = CARTESIAN_POINT('',(-23.77940495317,39.732034929987,22.4));
#8935 = CARTESIAN_POINT('',(-22.98621323695,40.626947180634,22.4));
#8936 = CARTESIAN_POINT('',(-22.12008082187,41.483582659192,22.4));
#8937 = CARTESIAN_POINT('',(-21.15314808447,42.326438533146,22.4));
#8938 = CARTESIAN_POINT('',(-20.07515108984,43.153090290469,22.4));
#8939 = CARTESIAN_POINT('',(-18.84461285179,43.977056471612,22.4));
#8940 = CARTESIAN_POINT('',(-17.51407662939,44.751951517801,22.4));
#8941 = CARTESIAN_POINT('',(-16.03730459296,45.500587447575,22.4));
#8942 = CARTESIAN_POINT('',(-14.39892824341,46.218322810518,22.4));
#8943 = CARTESIAN_POINT('',(-12.53670334497,46.912949194845,22.4));
#8944 = CARTESIAN_POINT('',(-10.53911851389,47.541679742908,22.4));
#8945 = CARTESIAN_POINT('',(-8.297876658534,48.12831353425,22.4));
#8946 = CARTESIAN_POINT('',(-5.947933569625,48.641127159287,22.4));
#8947 = CARTESIAN_POINT('',(-2.710378200263,49.184779359494,22.4));
#8948 = CARTESIAN_POINT('',(-2.015183314218,49.245463149114,22.4));
#8949 = CARTESIAN_POINT('',(-0.112044317377,49.49370321069,22.4));
#8950 = PCURVE('',#8682,#8951);
#8951 = DEFINITIONAL_REPRESENTATION('',(#8952),#8956);
#8952 = LINE('',#8953,#8954);
#8953 = CARTESIAN_POINT('',(0.,-22.4));
#8954 = VECTOR('',#8955,1.);
#8955 = DIRECTION('',(1.,0.));
#8956 = ( GEOMETRIC_REPRESENTATION_CONTEXT(2) 
PARAMETRIC_REPRESENTATION_CONTEXT() REPRESENTATION_CONTEXT('2D SPACE',''
  ) );
#8957 = PCURVE('',#66,#8958);
#8958 = DEFINITIONAL_REPRESENTATION('',(#8959),#9010);
#8959 = B_SPLINE_CURVE_WITH_KNOTS('',3,(#8960,#8961,#8962,#8963,#8964,
    #8965,#8966,#8967,#8968,#8969,#8970,#8971,#8972,#8973,#8974,#8975,
    #8976,#8977,#8978,#8979,#8980,#8981,#8982,#8983,#8984,#8985,#8986,
    #8987,#8988,#8989,#8990,#8991,#8992,#8993,#8994,#8995,#8996,#8997,
    #8998,#8999,#9000,#9001,#9002,#9003,#9004,#9005,#9006,#9007,#9008,
    #9009),.UNSPECIFIED.,.F.,.F.,(4,1,1,1,1,1,1,1,1,1,1,1,1,1,1,1,1,1,1,
    1,1,1,1,1,1,1,1,1,1,1,1,1,1,1,1,1,1,1,1,1,1,1,1,1,1,1,1,4),(0.,
    2.766464139392,5.568319295326,8.177275145496,10.425160909405,
    12.698001103747,14.813706991925,16.784063111389,18.483896399813,
    20.207074900357,21.81810245116,23.327840693167,24.640860133639,
    25.985974841284,27.260500260188,28.473662841808,29.546573791048,
    30.665502050481,31.746604132965,32.796723932319,33.744037531687,
    34.751762028128,35.745458780463,36.730106112805,37.635070035337,
    38.615335519513,39.599805338773,40.592877392801,41.521106716853,
    42.54355210237,43.588460947472,44.661307186429,45.681682040739,
    46.825929386569,48.018033969658,49.266638650819,50.477859791669,
    51.863921967174,53.33914083985,54.917675284274,56.480212616324,
    58.303578905337,60.281721918016,62.435877257802,64.600562295301,
    67.15990258556,69.968318443063,73.053194077155),.UNSPECIFIED.);
#8960 = CARTESIAN_POINT('',(-9.659132507772E-02,11.465086923869));
#8961 = CARTESIAN_POINT('',(-0.997531887688,11.562011354251));
#8962 = CARTESIAN_POINT('',(-2.869911982393,11.733861433439));
#8963 = CARTESIAN_POINT('',(-5.555149510144,12.154186304207));
#8964 = CARTESIAN_POINT('',(-8.061246716484,12.656613796004));
#8965 = CARTESIAN_POINT('',(-10.36582779895,13.238805018243));
#8966 = CARTESIAN_POINT('',(-12.48233786079,13.886147827978));
#8967 = CARTESIAN_POINT('',(-14.47362975888,14.615582282124));
#8968 = CARTESIAN_POINT('',(-16.2450403168,15.381107717009));
#8969 = CARTESIAN_POINT('',(-17.85246192463,16.188309774152));
#8970 = CARTESIAN_POINT('',(-19.30518380841,17.030418094951));
#8971 = CARTESIAN_POINT('',(-20.64743906732,17.930122412672));
#8972 = CARTESIAN_POINT('',(-21.81526540932,18.837890922507));
#8973 = CARTESIAN_POINT('',(-22.8556015898,19.759850462584));
#8974 = CARTESIAN_POINT('',(-23.77947422733,20.691550502438));
#8975 = CARTESIAN_POINT('',(-24.60488666414,21.668521729273));
#8976 = CARTESIAN_POINT('',(-25.29721043821,22.634140574527));
#8977 = CARTESIAN_POINT('',(-25.88442829256,23.606674675732));
#8978 = CARTESIAN_POINT('',(-26.37314739654,24.58348448695));
#8979 = CARTESIAN_POINT('',(-26.77643109304,25.590332188661));
#8980 = CARTESIAN_POINT('',(-27.0786241955,26.572226740316));
#8981 = CARTESIAN_POINT('',(-27.29786726682,27.550572930613));
#8982 = CARTESIAN_POINT('',(-27.43912320685,28.524319586207));
#8983 = CARTESIAN_POINT('',(-27.50554730611,29.518411626219));
#8984 = CARTESIAN_POINT('',(-27.4976531741,30.480365952539));
#8985 = CARTESIAN_POINT('',(-27.42314243397,31.43475794982));
#8986 = CARTESIAN_POINT('',(-27.28427433201,32.381979847014));
#8987 = CARTESIAN_POINT('',(-27.07481390231,33.346166164706));
#8988 = CARTESIAN_POINT('',(-26.80636013656,34.277556104178));
#8989 = CARTESIAN_POINT('',(-26.47562609863,35.201994635684));
#8990 = CARTESIAN_POINT('',(-26.08105334246,36.120026751544));
#8991 = CARTESIAN_POINT('',(-25.6063101704,37.053713084303));
#8992 = CARTESIAN_POINT('',(-25.07273456133,37.954296948307));
#8993 = CARTESIAN_POINT('',(-24.46568179433,38.847278044432));
#8994 = CARTESIAN_POINT('',(-23.77940495317,39.732034929987));
#8995 = CARTESIAN_POINT('',(-22.98621323695,40.626947180634));
#8996 = CARTESIAN_POINT('',(-22.12008082187,41.483582659192));
#8997 = CARTESIAN_POINT('',(-21.15314808447,42.326438533146));
#8998 = CARTESIAN_POINT('',(-20.07515108984,43.153090290469));
#8999 = CARTESIAN_POINT('',(-18.84461285179,43.977056471612));
#9000 = CARTESIAN_POINT('',(-17.51407662939,44.751951517801));
#9001 = CARTESIAN_POINT('',(-16.03730459296,45.500587447575));
#9002 = CARTESIAN_POINT('',(-14.39892824341,46.218322810518));
#9003 = CARTESIAN_POINT('',(-12.53670334497,46.912949194845));
#9004 = CARTESIAN_POINT('',(-10.53911851389,47.541679742908));
#9005 = CARTESIAN_POINT('',(-8.297876658534,48.12831353425));
#9006 = CARTESIAN_POINT('',(-5.947933569625,48.641127159287));
#9007 = CARTESIAN_POINT('',(-2.710378200263,49.184779359494));
#9008 = CARTESIAN_POINT('',(-2.015183314218,49.245463149114));
#9009 = CARTESIAN_POINT('',(-0.112044317377,49.49370321069));
#9010 = ( GEOMETRIC_REPRESENTATION_CONTEXT(2) 
PARAMETRIC_REPRESENTATION_CONTEXT() REPRESENTATION_CONTEXT('2D SPACE',''
  ) );
#9011 = ORIENTED_EDGE('',*,*,#8659,.F.);
#9012 = ORIENTED_EDGE('',*,*,#9013,.F.);
#9013 = EDGE_CURVE('',#8868,#8660,#9014,.T.);
#9014 = SURFACE_CURVE('',#9015,(#9066,#9073),.PCURVE_S1.);
#9015 = B_SPLINE_CURVE_WITH_KNOTS('',3,(#9016,#9017,#9018,#9019,#9020,
    #9021,#9022,#9023,#9024,#9025,#9026,#9027,#9028,#9029,#9030,#9031,
    #9032,#9033,#9034,#9035,#9036,#9037,#9038,#9039,#9040,#9041,#9042,
    #9043,#9044,#9045,#9046,#9047,#9048,#9049,#9050,#9051,#9052,#9053,
    #9054,#9055,#9056,#9057,#9058,#9059,#9060,#9061,#9062,#9063,#9064,
    #9065),.UNSPECIFIED.,.F.,.F.,(4,1,1,1,1,1,1,1,1,1,1,1,1,1,1,1,1,1,1,
    1,1,1,1,1,1,1,1,1,1,1,1,1,1,1,1,1,1,1,1,1,1,1,1,1,1,1,1,4),(0.,
    2.766464139392,5.568319295326,8.177275145496,10.425160909405,
    12.698001103747,14.813706991925,16.784063111389,18.483896399813,
    20.207074900357,21.81810245116,23.327840693167,24.640860133639,
    25.985974841284,27.260500260188,28.473662841808,29.546573791048,
    30.665502050481,31.746604132965,32.796723932319,33.744037531687,
    34.751762028128,35.745458780463,36.730106112805,37.635070035337,
    38.615335519513,39.599805338773,40.592877392801,41.521106716853,
    42.54355210237,43.588460947472,44.661307186429,45.681682040739,
    46.825929386569,48.018033969658,49.266638650819,50.477859791669,
    51.863921967174,53.33914083985,54.917675284274,56.480212616324,
    58.303578905337,60.281721918016,62.435877257802,64.600562295301,
    67.15990258556,69.968318443063,73.053194077155),.UNSPECIFIED.);
#9016 = CARTESIAN_POINT('',(-9.659132507772E-02,11.465086923869,0.));
#9017 = CARTESIAN_POINT('',(-0.997531887688,11.562011354251,0.));
#9018 = CARTESIAN_POINT('',(-2.869911982393,11.733861433439,0.));
#9019 = CARTESIAN_POINT('',(-5.555149510144,12.154186304207,0.));
#9020 = CARTESIAN_POINT('',(-8.061246716484,12.656613796004,0.));
#9021 = CARTESIAN_POINT('',(-10.36582779895,13.238805018243,0.));
#9022 = CARTESIAN_POINT('',(-12.48233786079,13.886147827978,0.));
#9023 = CARTESIAN_POINT('',(-14.47362975888,14.615582282124,0.));
#9024 = CARTESIAN_POINT('',(-16.2450403168,15.381107717009,0.));
#9025 = CARTESIAN_POINT('',(-17.85246192463,16.188309774152,0.));
#9026 = CARTESIAN_POINT('',(-19.30518380841,17.030418094951,0.));
#9027 = CARTESIAN_POINT('',(-20.64743906732,17.930122412672,0.));
#9028 = CARTESIAN_POINT('',(-21.81526540932,18.837890922507,0.));
#9029 = CARTESIAN_POINT('',(-22.8556015898,19.759850462584,0.));
#9030 = CARTESIAN_POINT('',(-23.77947422733,20.691550502438,0.));
#9031 = CARTESIAN_POINT('',(-24.60488666414,21.668521729273,0.));
#9032 = CARTESIAN_POINT('',(-25.29721043821,22.634140574527,0.));
#9033 = CARTESIAN_POINT('',(-25.88442829256,23.606674675732,0.));
#9034 = CARTESIAN_POINT('',(-26.37314739654,24.58348448695,0.));
#9035 = CARTESIAN_POINT('',(-26.77643109304,25.590332188661,0.));
#9036 = CARTESIAN_POINT('',(-27.0786241955,26.572226740316,0.));
#9037 = CARTESIAN_POINT('',(-27.29786726682,27.550572930613,0.));
#9038 = CARTESIAN_POINT('',(-27.43912320685,28.524319586207,0.));
#9039 = CARTESIAN_POINT('',(-27.50554730611,29.518411626219,0.));
#9040 = CARTESIAN_POINT('',(-27.4976531741,30.480365952539,0.));
#9041 = CARTESIAN_POINT('',(-27.42314243397,31.43475794982,0.));
#9042 = CARTESIAN_POINT('',(-27.28427433201,32.381979847014,0.));
#9043 = CARTESIAN_POINT('',(-27.07481390231,33.346166164706,0.));
#9044 = CARTESIAN_POINT('',(-26.80636013656,34.277556104178,0.));
#9045 = CARTESIAN_POINT('',(-26.47562609863,35.201994635684,0.));
#9046 = CARTESIAN_POINT('',(-26.08105334246,36.120026751544,0.));
#9047 = CARTESIAN_POINT('',(-25.6063101704,37.053713084303,0.));
#9048 = CARTESIAN_POINT('',(-25.07273456133,37.954296948307,0.));
#9049 = CARTESIAN_POINT('',(-24.46568179433,38.847278044432,0.));
#9050 = CARTESIAN_POINT('',(-23.77940495317,39.732034929987,0.));
#9051 = CARTESIAN_POINT('',(-22.98621323695,40.626947180634,0.));
#9052 = CARTESIAN_POINT('',(-22.12008082187,41.483582659192,0.));
#9053 = CARTESIAN_POINT('',(-21.15314808447,42.326438533146,0.));
#9054 = CARTESIAN_POINT('',(-20.07515108984,43.153090290469,0.));
#9055 = CARTESIAN_POINT('',(-18.84461285179,43.977056471612,0.));
#9056 = CARTESIAN_POINT('',(-17.51407662939,44.751951517801,0.));
#9057 = CARTESIAN_POINT('',(-16.03730459296,45.500587447575,0.));
#9058 = CARTESIAN_POINT('',(-14.39892824341,46.218322810518,0.));
#9059 = CARTESIAN_POINT('',(-12.53670334497,46.912949194845,0.));
#9060 = CARTESIAN_POINT('',(-10.53911851389,47.541679742908,0.));
#9061 = CARTESIAN_POINT('',(-8.297876658534,48.12831353425,0.));
#9062 = CARTESIAN_POINT('',(-5.947933569625,48.641127159287,0.));
#9063 = CARTESIAN_POINT('',(-2.710378200263,49.184779359494,0.));
#9064 = CARTESIAN_POINT('',(-2.015183314218,49.245463149114,0.));
#9065 = CARTESIAN_POINT('',(-0.112044317377,49.49370321069,0.));
#9066 = PCURVE('',#8682,#9067);
#9067 = DEFINITIONAL_REPRESENTATION('',(#9068),#9072);
#9068 = LINE('',#9069,#9070);
#9069 = CARTESIAN_POINT('',(0.,0.));
#9070 = VECTOR('',#9071,1.);
#9071 = DIRECTION('',(1.,0.));
#9072 = ( GEOMETRIC_REPRESENTATION_CONTEXT(2) 
PARAMETRIC_REPRESENTATION_CONTEXT() REPRESENTATION_CONTEXT('2D SPACE',''
  ) );
#9073 = PCURVE('',#94,#9074);
#9074 = DEFINITIONAL_REPRESENTATION('',(#9075),#9126);
#9075 = B_SPLINE_CURVE_WITH_KNOTS('',3,(#9076,#9077,#9078,#9079,#9080,
    #9081,#9082,#9083,#9084,#9085,#9086,#9087,#9088,#9089,#9090,#9091,
    #9092,#9093,#9094,#9095,#9096,#9097,#9098,#9099,#9100,#9101,#9102,
    #9103,#9104,#9105,#9106,#9107,#9108,#9109,#9110,#9111,#9112,#9113,
    #9114,#9115,#9116,#9117,#9118,#9119,#9120,#9121,#9122,#9123,#9124,
    #9125),.UNSPECIFIED.,.F.,.F.,(4,1,1,1,1,1,1,1,1,1,1,1,1,1,1,1,1,1,1,
    1,1,1,1,1,1,1,1,1,1,1,1,1,1,1,1,1,1,1,1,1,1,1,1,1,1,1,1,4),(0.,
    2.766464139392,5.568319295326,8.177275145496,10.425160909405,
    12.698001103747,14.813706991925,16.784063111389,18.483896399813,
    20.207074900357,21.81810245116,23.327840693167,24.640860133639,
    25.985974841284,27.260500260188,28.473662841808,29.546573791048,
    30.665502050481,31.746604132965,32.796723932319,33.744037531687,
    34.751762028128,35.745458780463,36.730106112805,37.635070035337,
    38.615335519513,39.599805338773,40.592877392801,41.521106716853,
    42.54355210237,43.588460947472,44.661307186429,45.681682040739,
    46.825929386569,48.018033969658,49.266638650819,50.477859791669,
    51.863921967174,53.33914083985,54.917675284274,56.480212616324,
    58.303578905337,60.281721918016,62.435877257802,64.600562295301,
    67.15990258556,69.968318443063,73.053194077155),.UNSPECIFIED.);
#9076 = CARTESIAN_POINT('',(-9.659132507772E-02,11.465086923869));
#9077 = CARTESIAN_POINT('',(-0.997531887688,11.562011354251));
#9078 = CARTESIAN_POINT('',(-2.869911982393,11.733861433439));
#9079 = CARTESIAN_POINT('',(-5.555149510144,12.154186304207));
#9080 = CARTESIAN_POINT('',(-8.061246716484,12.656613796004));
#9081 = CARTESIAN_POINT('',(-10.36582779895,13.238805018243));
#9082 = CARTESIAN_POINT('',(-12.48233786079,13.886147827978));
#9083 = CARTESIAN_POINT('',(-14.47362975888,14.615582282124));
#9084 = CARTESIAN_POINT('',(-16.2450403168,15.381107717009));
#9085 = CARTESIAN_POINT('',(-17.85246192463,16.188309774152));
#9086 = CARTESIAN_POINT('',(-19.30518380841,17.030418094951));
#9087 = CARTESIAN_POINT('',(-20.64743906732,17.930122412672));
#9088 = CARTESIAN_POINT('',(-21.81526540932,18.837890922507));
#9089 = CARTESIAN_POINT('',(-22.8556015898,19.759850462584));
#9090 = CARTESIAN_POINT('',(-23.77947422733,20.691550502438));
#9091 = CARTESIAN_POINT('',(-24.60488666414,21.668521729273));
#9092 = CARTESIAN_POINT('',(-25.29721043821,22.634140574527));
#9093 = CARTESIAN_POINT('',(-25.88442829256,23.606674675732));
#9094 = CARTESIAN_POINT('',(-26.37314739654,24.58348448695));
#9095 = CARTESIAN_POINT('',(-26.77643109304,25.590332188661));
#9096 = CARTESIAN_POINT('',(-27.0786241955,26.572226740316));
#9097 = CARTESIAN_POINT('',(-27.29786726682,27.550572930613));
#9098 = CARTESIAN_POINT('',(-27.43912320685,28.524319586207));
#9099 = CARTESIAN_POINT('',(-27.50554730611,29.518411626219));
#9100 = CARTESIAN_POINT('',(-27.4976531741,30.480365952539));
#9101 = CARTESIAN_POINT('',(-27.42314243397,31.43475794982));
#9102 = CARTESIAN_POINT('',(-27.28427433201,32.381979847014));
#9103 = CARTESIAN_POINT('',(-27.07481390231,33.346166164706));
#9104 = CARTESIAN_POINT('',(-26.80636013656,34.277556104178));
#9105 = CARTESIAN_POINT('',(-26.47562609863,35.201994635684));
#9106 = CARTESIAN_POINT('',(-26.08105334246,36.120026751544));
#9107 = CARTESIAN_POINT('',(-25.6063101704,37.053713084303));
#9108 = CARTESIAN_POINT('',(-25.07273456133,37.954296948307));
#9109 = CARTESIAN_POINT('',(-24.46568179433,38.847278044432));
#9110 = CARTESIAN_POINT('',(-23.77940495317,39.732034929987));
#9111 = CARTESIAN_POINT('',(-22.98621323695,40.626947180634));
#9112 = CARTESIAN_POINT('',(-22.12008082187,41.483582659192));
#9113 = CARTESIAN_POINT('',(-21.15314808447,42.326438533146));
#9114 = CARTESIAN_POINT('',(-20.07515108984,43.153090290469));
#9115 = CARTESIAN_POINT('',(-18.84461285179,43.977056471612));
#9116 = CARTESIAN_POINT('',(-17.51407662939,44.751951517801));
#9117 = CARTESIAN_POINT('',(-16.03730459296,45.500587447575));
#9118 = CARTESIAN_POINT('',(-14.39892824341,46.218322810518));
#9119 = CARTESIAN_POINT('',(-12.53670334497,46.912949194845));
#9120 = CARTESIAN_POINT('',(-10.53911851389,47.541679742908));
#9121 = CARTESIAN_POINT('',(-8.297876658534,48.12831353425));
#9122 = CARTESIAN_POINT('',(-5.947933569625,48.641127159287));
#9123 = CARTESIAN_POINT('',(-2.710378200263,49.184779359494));
#9124 = CARTESIAN_POINT('',(-2.015183314218,49.245463149114));
#9125 = CARTESIAN_POINT('',(-0.112044317377,49.49370321069));
#9126 = ( GEOMETRIC_REPRESENTATION_CONTEXT(2) 
PARAMETRIC_REPRESENTATION_CONTEXT() REPRESENTATION_CONTEXT('2D SPACE',''
  ) );
#9127 = ADVANCED_FACE('',(#9128),#8885,.T.);
#9128 = FACE_BOUND('',#9129,.T.);
#9129 = EDGE_LOOP('',(#9130,#9256,#9277,#9278));
#9130 = ORIENTED_EDGE('',*,*,#9131,.T.);
#9131 = EDGE_CURVE('',#9132,#9134,#9136,.T.);
#9132 = VERTEX_POINT('',#9133);
#9133 = CARTESIAN_POINT('',(-6.883805996763,12.116284385996,0.));
#9134 = VERTEX_POINT('',#9135);
#9135 = CARTESIAN_POINT('',(-6.883805996763,12.116284385996,22.4));
#9136 = SURFACE_CURVE('',#9137,(#9141,#9148),.PCURVE_S1.);
#9137 = LINE('',#9138,#9139);
#9138 = CARTESIAN_POINT('',(-6.883805996763,12.116284385996,0.));
#9139 = VECTOR('',#9140,1.);
#9140 = DIRECTION('',(0.,0.,1.));
#9141 = PCURVE('',#8885,#9142);
#9142 = DEFINITIONAL_REPRESENTATION('',(#9143),#9147);
#9143 = LINE('',#9144,#9145);
#9144 = CARTESIAN_POINT('',(0.,0.));
#9145 = VECTOR('',#9146,1.);
#9146 = DIRECTION('',(0.,-1.));
#9147 = ( GEOMETRIC_REPRESENTATION_CONTEXT(2) 
PARAMETRIC_REPRESENTATION_CONTEXT() REPRESENTATION_CONTEXT('2D SPACE',''
  ) );
#9148 = PCURVE('',#9149,#9250);
#9149 = B_SPLINE_SURFACE_WITH_KNOTS('',3,1,(
    (#9150,#9151)
    ,(#9152,#9153)
    ,(#9154,#9155)
    ,(#9156,#9157)
    ,(#9158,#9159)
    ,(#9160,#9161)
    ,(#9162,#9163)
    ,(#9164,#9165)
    ,(#9166,#9167)
    ,(#9168,#9169)
    ,(#9170,#9171)
    ,(#9172,#9173)
    ,(#9174,#9175)
    ,(#9176,#9177)
    ,(#9178,#9179)
    ,(#9180,#9181)
    ,(#9182,#9183)
    ,(#9184,#9185)
    ,(#9186,#9187)
    ,(#9188,#9189)
    ,(#9190,#9191)
    ,(#9192,#9193)
    ,(#9194,#9195)
    ,(#9196,#9197)
    ,(#9198,#9199)
    ,(#9200,#9201)
    ,(#9202,#9203)
    ,(#9204,#9205)
    ,(#9206,#9207)
    ,(#9208,#9209)
    ,(#9210,#9211)
    ,(#9212,#9213)
    ,(#9214,#9215)
    ,(#9216,#9217)
    ,(#9218,#9219)
    ,(#9220,#9221)
    ,(#9222,#9223)
    ,(#9224,#9225)
    ,(#9226,#9227)
    ,(#9228,#9229)
    ,(#9230,#9231)
    ,(#9232,#9233)
    ,(#9234,#9235)
    ,(#9236,#9237)
    ,(#9238,#9239)
    ,(#9240,#9241)
    ,(#9242,#9243)
    ,(#9244,#9245)
    ,(#9246,#9247)
    ,(#9248,#9249
    )),.UNSPECIFIED.,.F.,.F.,.F.,(4,1,1,1,1,1,1,1,1,1,1,1,1,1,1,1,1,1,1,
    1,1,1,1,1,1,1,1,1,1,1,1,1,1,1,1,1,1,1,1,1,1,1,1,1,1,1,1,4),(2,2),(0.
    ,3.010134173011,5.734866089906,8.204243200285,10.280216915947,
    12.332164523515,14.201956865391,15.911237845672,17.363900720308,
    18.819208714806,20.167747400886,21.42468716853,22.515414853025,
    23.632925452475,24.694050367351,25.707901186754,26.608581862701,
    27.552388564938,28.468532489134,29.361872223827,30.169943636586,
    31.030962627216,31.880548884696,32.72227944396,33.495545472128,
    34.332992621126,35.174663745336,36.025783427864,36.825011523752,
    37.711824801461,38.627874308414,39.58148948206,40.502911686362,
    41.554574841448,42.671594637474,43.864256147866,45.041219012251,
    46.408073524505,47.880684921353,49.469922617188,51.049935999727,
    52.894334824252,54.887680127977,57.041280206621,59.18142193199,
    61.675679145654,64.364419403117,67.031728548195),(-22.4,0.),
  .UNSPECIFIED.);
#9150 = CARTESIAN_POINT('',(-23.65611516945,41.197682017954,22.4));
#9151 = CARTESIAN_POINT('',(-23.65611516945,41.197682017954,0.));
#9152 = CARTESIAN_POINT('',(-24.44027304061,40.59750268534,22.4));
#9153 = CARTESIAN_POINT('',(-24.44027304061,40.59750268534,0.));
#9154 = CARTESIAN_POINT('',(-25.99410995634,39.444784580053,22.4));
#9155 = CARTESIAN_POINT('',(-25.99410995634,39.444784580053,0.));
#9156 = CARTESIAN_POINT('',(-28.08731026835,37.695705261432,22.4));
#9157 = CARTESIAN_POINT('',(-28.08731026835,37.695705261432,0.));
#9158 = CARTESIAN_POINT('',(-29.8873481002,36.069454937216,22.4));
#9159 = CARTESIAN_POINT('',(-29.8873481002,36.069454937216,0.));
#9160 = CARTESIAN_POINT('',(-31.44967011713,34.521309404821,22.4));
#9161 = CARTESIAN_POINT('',(-31.44967011713,34.521309404821,0.));
#9162 = CARTESIAN_POINT('',(-32.80258215076,33.048079218703,22.4));
#9163 = CARTESIAN_POINT('',(-32.80258215076,33.048079218703,0.));
#9164 = CARTESIAN_POINT('',(-33.99810761069,31.599901021549,22.4));
#9165 = CARTESIAN_POINT('',(-33.99810761069,31.599901021549,0.));
#9166 = CARTESIAN_POINT('',(-34.99285853606,30.248323317952,22.4));
#9167 = CARTESIAN_POINT('',(-34.99285853606,30.248323317952,0.));
#9168 = CARTESIAN_POINT('',(-35.83428625517,28.958714869125,22.4));
#9169 = CARTESIAN_POINT('',(-35.83428625517,28.958714869125,0.));
#9170 = CARTESIAN_POINT('',(-36.53968540187,27.726602577159,22.4));
#9171 = CARTESIAN_POINT('',(-36.53968540187,27.726602577159,0.));
#9172 = CARTESIAN_POINT('',(-37.13772977299,26.511283173321,22.4));
#9173 = CARTESIAN_POINT('',(-37.13772977299,26.511283173321,0.));
#9174 = CARTESIAN_POINT('',(-37.61004783571,25.372392496309,22.4));
#9175 = CARTESIAN_POINT('',(-37.61004783571,25.372392496309,0.));
#9176 = CARTESIAN_POINT('',(-37.98493528241,24.279143431836,22.4));
#9177 = CARTESIAN_POINT('',(-37.98493528241,24.279143431836,0.));
#9178 = CARTESIAN_POINT('',(-38.27310362603,23.227320210941,22.4));
#9179 = CARTESIAN_POINT('',(-38.27310362603,23.227320210941,0.));
#9180 = CARTESIAN_POINT('',(-38.48644040792,22.18398945201,22.4));
#9181 = CARTESIAN_POINT('',(-38.48644040792,22.18398945201,0.));
#9182 = CARTESIAN_POINT('',(-38.62121149492,21.200577532397,22.4));
#9183 = CARTESIAN_POINT('',(-38.62121149492,21.200577532397,0.));
#9184 = CARTESIAN_POINT('',(-38.6912129147,20.249819376274,22.4));
#9185 = CARTESIAN_POINT('',(-38.6912129147,20.249819376274,0.));
#9186 = CARTESIAN_POINT('',(-38.70164144689,19.32901752529,22.4));
#9187 = CARTESIAN_POINT('',(-38.70164144689,19.32901752529,0.));
#9188 = CARTESIAN_POINT('',(-38.65285046237,18.411922952298,22.4));
#9189 = CARTESIAN_POINT('',(-38.65285046237,18.411922952298,0.));
#9190 = CARTESIAN_POINT('',(-38.55039798854,17.544818284358,22.4));
#9191 = CARTESIAN_POINT('',(-38.55039798854,17.544818284358,0.));
#9192 = CARTESIAN_POINT('',(-38.39742063482,16.70398003906,22.4));
#9193 = CARTESIAN_POINT('',(-38.39742063482,16.70398003906,0.));
#9194 = CARTESIAN_POINT('',(-38.19534004862,15.888465133527,22.4));
#9195 = CARTESIAN_POINT('',(-38.19534004862,15.888465133527,0.));
#9196 = CARTESIAN_POINT('',(-37.93593258038,15.07752826767,22.4));
#9197 = CARTESIAN_POINT('',(-37.93593258038,15.07752826767,0.));
#9198 = CARTESIAN_POINT('',(-37.63253512331,14.313355558876,22.4));
#9199 = CARTESIAN_POINT('',(-37.63253512331,14.313355558876,0.));
#9200 = CARTESIAN_POINT('',(-37.27994839134,13.575185260546,22.4));
#9201 = CARTESIAN_POINT('',(-37.27994839134,13.575185260546,0.));
#9202 = CARTESIAN_POINT('',(-36.87673095337,12.863224085207,22.4));
#9203 = CARTESIAN_POINT('',(-36.87673095337,12.863224085207,0.));
#9204 = CARTESIAN_POINT('',(-36.40686519105,12.161844251501,22.4));
#9205 = CARTESIAN_POINT('',(-36.40686519105,12.161844251501,0.));
#9206 = CARTESIAN_POINT('',(-35.89204427852,11.508835283954,22.4));
#9207 = CARTESIAN_POINT('',(-35.89204427852,11.508835283954,0.));
#9208 = CARTESIAN_POINT('',(-35.31875103393,10.886057381937,22.4));
#9209 = CARTESIAN_POINT('',(-35.31875103393,10.886057381937,0.));
#9210 = CARTESIAN_POINT('',(-34.68255508534,10.295052003154,22.4));
#9211 = CARTESIAN_POINT('',(-34.68255508534,10.295052003154,0.));
#9212 = CARTESIAN_POINT('',(-33.95933715265,9.726625133919,22.4));
#9213 = CARTESIAN_POINT('',(-33.95933715265,9.726625133919,0.));
#9214 = CARTESIAN_POINT('',(-33.18183456993,9.213707406018,22.4));
#9215 = CARTESIAN_POINT('',(-33.18183456993,9.213707406018,0.));
#9216 = CARTESIAN_POINT('',(-32.32667702011,8.742330489725,22.4));
#9217 = CARTESIAN_POINT('',(-32.32667702011,8.742330489725,0.));
#9218 = CARTESIAN_POINT('',(-31.38728553441,8.316968499722,22.4));
#9219 = CARTESIAN_POINT('',(-31.38728553441,8.316968499722,0.));
#9220 = CARTESIAN_POINT('',(-30.33168040367,7.93809362255,22.4));
#9221 = CARTESIAN_POINT('',(-30.33168040367,7.93809362255,0.));
#9222 = CARTESIAN_POINT('',(-29.21012356943,7.628710068421,22.4));
#9223 = CARTESIAN_POINT('',(-29.21012356943,7.628710068421,0.));
#9224 = CARTESIAN_POINT('',(-27.98564911256,7.394409398782,22.4));
#9225 = CARTESIAN_POINT('',(-27.98564911256,7.394409398782,0.));
#9226 = CARTESIAN_POINT('',(-26.65438801547,7.241834177369,22.4));
#9227 = CARTESIAN_POINT('',(-26.65438801547,7.241834177369,0.));
#9228 = CARTESIAN_POINT('',(-25.17872438886,7.172534579738,22.4));
#9229 = CARTESIAN_POINT('',(-25.17872438886,7.172534579738,0.));
#9230 = CARTESIAN_POINT('',(-23.63064158176,7.202023820633,22.4));
#9231 = CARTESIAN_POINT('',(-23.63064158176,7.202023820633,0.));
#9232 = CARTESIAN_POINT('',(-21.96369747304,7.333571741476,22.4));
#9233 = CARTESIAN_POINT('',(-21.96369747304,7.333571741476,0.));
#9234 = CARTESIAN_POINT('',(-20.17376319876,7.578896463739,22.4));
#9235 = CARTESIAN_POINT('',(-20.17376319876,7.578896463739,0.));
#9236 = CARTESIAN_POINT('',(-18.21153838216,7.962725754083,22.4));
#9237 = CARTESIAN_POINT('',(-18.21153838216,7.962725754083,0.));
#9238 = CARTESIAN_POINT('',(-16.18352049883,8.473684888989,22.4));
#9239 = CARTESIAN_POINT('',(-16.18352049883,8.473684888989,0.));
#9240 = CARTESIAN_POINT('',(-13.99955768506,9.144462101168,22.4));
#9241 = CARTESIAN_POINT('',(-13.99955768506,9.144462101168,0.));
#9242 = CARTESIAN_POINT('',(-11.78847678433,9.932823367122,22.4));
#9243 = CARTESIAN_POINT('',(-11.78847678433,9.932823367122,0.));
#9244 = CARTESIAN_POINT('',(-9.011915653887,11.091085102334,22.4));
#9245 = CARTESIAN_POINT('',(-9.011915653887,11.091085102334,0.));
#9246 = CARTESIAN_POINT('',(-8.292958249965,11.458176539373,22.4));
#9247 = CARTESIAN_POINT('',(-8.292958249965,11.458176539373,0.));
#9248 = CARTESIAN_POINT('',(-6.883805996763,12.116284385996,22.4));
#9249 = CARTESIAN_POINT('',(-6.883805996763,12.116284385996,0.));
#9250 = DEFINITIONAL_REPRESENTATION('',(#9251),#9255);
#9251 = LINE('',#9252,#9253);
#9252 = CARTESIAN_POINT('',(67.031728548195,0.));
#9253 = VECTOR('',#9254,1.);
#9254 = DIRECTION('',(0.,-1.));
#9255 = ( GEOMETRIC_REPRESENTATION_CONTEXT(2) 
PARAMETRIC_REPRESENTATION_CONTEXT() REPRESENTATION_CONTEXT('2D SPACE',''
  ) );
#9256 = ORIENTED_EDGE('',*,*,#9257,.T.);
#9257 = EDGE_CURVE('',#9134,#8870,#9258,.T.);
#9258 = SURFACE_CURVE('',#9259,(#9263,#9270),.PCURVE_S1.);
#9259 = LINE('',#9260,#9261);
#9260 = CARTESIAN_POINT('',(-6.883805996763,12.116284385996,22.4));
#9261 = VECTOR('',#9262,1.);
#9262 = DIRECTION('',(0.999005666746,-4.458338040621E-02,0.));
#9263 = PCURVE('',#8885,#9264);
#9264 = DEFINITIONAL_REPRESENTATION('',(#9265),#9269);
#9265 = LINE('',#9266,#9267);
#9266 = CARTESIAN_POINT('',(0.,-22.4));
#9267 = VECTOR('',#9268,1.);
#9268 = DIRECTION('',(1.,0.));
#9269 = ( GEOMETRIC_REPRESENTATION_CONTEXT(2) 
PARAMETRIC_REPRESENTATION_CONTEXT() REPRESENTATION_CONTEXT('2D SPACE',''
  ) );
#9270 = PCURVE('',#66,#9271);
#9271 = DEFINITIONAL_REPRESENTATION('',(#9272),#9276);
#9272 = LINE('',#9273,#9274);
#9273 = CARTESIAN_POINT('',(-6.883805996763,12.116284385996));
#9274 = VECTOR('',#9275,1.);
#9275 = DIRECTION('',(0.999005666746,-4.458338040621E-02));
#9276 = ( GEOMETRIC_REPRESENTATION_CONTEXT(2) 
PARAMETRIC_REPRESENTATION_CONTEXT() REPRESENTATION_CONTEXT('2D SPACE',''
  ) );
#9277 = ORIENTED_EDGE('',*,*,#8867,.F.);
#9278 = ORIENTED_EDGE('',*,*,#9279,.F.);
#9279 = EDGE_CURVE('',#9132,#8868,#9280,.T.);
#9280 = SURFACE_CURVE('',#9281,(#9285,#9292),.PCURVE_S1.);
#9281 = LINE('',#9282,#9283);
#9282 = CARTESIAN_POINT('',(-6.883805996763,12.116284385996,0.));
#9283 = VECTOR('',#9284,1.);
#9284 = DIRECTION('',(0.999005666746,-4.458338040621E-02,0.));
#9285 = PCURVE('',#8885,#9286);
#9286 = DEFINITIONAL_REPRESENTATION('',(#9287),#9291);
#9287 = LINE('',#9288,#9289);
#9288 = CARTESIAN_POINT('',(0.,0.));
#9289 = VECTOR('',#9290,1.);
#9290 = DIRECTION('',(1.,0.));
#9291 = ( GEOMETRIC_REPRESENTATION_CONTEXT(2) 
PARAMETRIC_REPRESENTATION_CONTEXT() REPRESENTATION_CONTEXT('2D SPACE',''
  ) );
#9292 = PCURVE('',#94,#9293);
#9293 = DEFINITIONAL_REPRESENTATION('',(#9294),#9298);
#9294 = LINE('',#9295,#9296);
#9295 = CARTESIAN_POINT('',(-6.883805996763,12.116284385996));
#9296 = VECTOR('',#9297,1.);
#9297 = DIRECTION('',(0.999005666746,-4.458338040621E-02));
#9298 = ( GEOMETRIC_REPRESENTATION_CONTEXT(2) 
PARAMETRIC_REPRESENTATION_CONTEXT() REPRESENTATION_CONTEXT('2D SPACE',''
  ) );
#9299 = ADVANCED_FACE('',(#9300),#9149,.T.);
#9300 = FACE_BOUND('',#9301,.T.);
#9301 = EDGE_LOOP('',(#9302,#9327,#9442,#9443));
#9302 = ORIENTED_EDGE('',*,*,#9303,.T.);
#9303 = EDGE_CURVE('',#9304,#9306,#9308,.T.);
#9304 = VERTEX_POINT('',#9305);
#9305 = CARTESIAN_POINT('',(-23.65611516945,41.197682017954,0.));
#9306 = VERTEX_POINT('',#9307);
#9307 = CARTESIAN_POINT('',(-23.65611516945,41.197682017954,22.4));
#9308 = SURFACE_CURVE('',#9309,(#9313,#9320),.PCURVE_S1.);
#9309 = LINE('',#9310,#9311);
#9310 = CARTESIAN_POINT('',(-23.65611516945,41.197682017954,0.));
#9311 = VECTOR('',#9312,1.);
#9312 = DIRECTION('',(0.,0.,1.));
#9313 = PCURVE('',#9149,#9314);
#9314 = DEFINITIONAL_REPRESENTATION('',(#9315),#9319);
#9315 = LINE('',#9316,#9317);
#9316 = CARTESIAN_POINT('',(0.,0.));
#9317 = VECTOR('',#9318,1.);
#9318 = DIRECTION('',(0.,-1.));
#9319 = ( GEOMETRIC_REPRESENTATION_CONTEXT(2) 
PARAMETRIC_REPRESENTATION_CONTEXT() REPRESENTATION_CONTEXT('2D SPACE',''
  ) );
#9320 = PCURVE('',#8830,#9321);
#9321 = DEFINITIONAL_REPRESENTATION('',(#9322),#9326);
#9322 = LINE('',#9323,#9324);
#9323 = CARTESIAN_POINT('',(5.343068391951,0.));
#9324 = VECTOR('',#9325,1.);
#9325 = DIRECTION('',(0.,-1.));
#9326 = ( GEOMETRIC_REPRESENTATION_CONTEXT(2) 
PARAMETRIC_REPRESENTATION_CONTEXT() REPRESENTATION_CONTEXT('2D SPACE',''
  ) );
#9327 = ORIENTED_EDGE('',*,*,#9328,.T.);
#9328 = EDGE_CURVE('',#9306,#9134,#9329,.T.);
#9329 = SURFACE_CURVE('',#9330,(#9381,#9388),.PCURVE_S1.);
#9330 = B_SPLINE_CURVE_WITH_KNOTS('',3,(#9331,#9332,#9333,#9334,#9335,
    #9336,#9337,#9338,#9339,#9340,#9341,#9342,#9343,#9344,#9345,#9346,
    #9347,#9348,#9349,#9350,#9351,#9352,#9353,#9354,#9355,#9356,#9357,
    #9358,#9359,#9360,#9361,#9362,#9363,#9364,#9365,#9366,#9367,#9368,
    #9369,#9370,#9371,#9372,#9373,#9374,#9375,#9376,#9377,#9378,#9379,
    #9380),.UNSPECIFIED.,.F.,.F.,(4,1,1,1,1,1,1,1,1,1,1,1,1,1,1,1,1,1,1,
    1,1,1,1,1,1,1,1,1,1,1,1,1,1,1,1,1,1,1,1,1,1,1,1,1,1,1,1,4),(0.,
    3.010134173011,5.734866089906,8.204243200285,10.280216915947,
    12.332164523515,14.201956865391,15.911237845672,17.363900720308,
    18.819208714806,20.167747400886,21.42468716853,22.515414853025,
    23.632925452475,24.694050367351,25.707901186754,26.608581862701,
    27.552388564938,28.468532489134,29.361872223827,30.169943636586,
    31.030962627216,31.880548884696,32.72227944396,33.495545472128,
    34.332992621126,35.174663745336,36.025783427864,36.825011523752,
    37.711824801461,38.627874308414,39.58148948206,40.502911686362,
    41.554574841448,42.671594637474,43.864256147866,45.041219012251,
    46.408073524505,47.880684921353,49.469922617188,51.049935999727,
    52.894334824252,54.887680127977,57.041280206621,59.18142193199,
    61.675679145654,64.364419403117,67.031728548195),.UNSPECIFIED.);
#9331 = CARTESIAN_POINT('',(-23.65611516945,41.197682017954,22.4));
#9332 = CARTESIAN_POINT('',(-24.44027304061,40.59750268534,22.4));
#9333 = CARTESIAN_POINT('',(-25.99410995634,39.444784580053,22.4));
#9334 = CARTESIAN_POINT('',(-28.08731026835,37.695705261432,22.4));
#9335 = CARTESIAN_POINT('',(-29.8873481002,36.069454937216,22.4));
#9336 = CARTESIAN_POINT('',(-31.44967011713,34.521309404821,22.4));
#9337 = CARTESIAN_POINT('',(-32.80258215076,33.048079218703,22.4));
#9338 = CARTESIAN_POINT('',(-33.99810761069,31.599901021549,22.4));
#9339 = CARTESIAN_POINT('',(-34.99285853606,30.248323317952,22.4));
#9340 = CARTESIAN_POINT('',(-35.83428625517,28.958714869125,22.4));
#9341 = CARTESIAN_POINT('',(-36.53968540187,27.726602577159,22.4));
#9342 = CARTESIAN_POINT('',(-37.13772977299,26.511283173321,22.4));
#9343 = CARTESIAN_POINT('',(-37.61004783571,25.372392496309,22.4));
#9344 = CARTESIAN_POINT('',(-37.98493528241,24.279143431836,22.4));
#9345 = CARTESIAN_POINT('',(-38.27310362603,23.227320210941,22.4));
#9346 = CARTESIAN_POINT('',(-38.48644040792,22.18398945201,22.4));
#9347 = CARTESIAN_POINT('',(-38.62121149492,21.200577532397,22.4));
#9348 = CARTESIAN_POINT('',(-38.6912129147,20.249819376274,22.4));
#9349 = CARTESIAN_POINT('',(-38.70164144689,19.32901752529,22.4));
#9350 = CARTESIAN_POINT('',(-38.65285046237,18.411922952298,22.4));
#9351 = CARTESIAN_POINT('',(-38.55039798854,17.544818284358,22.4));
#9352 = CARTESIAN_POINT('',(-38.39742063482,16.70398003906,22.4));
#9353 = CARTESIAN_POINT('',(-38.19534004862,15.888465133527,22.4));
#9354 = CARTESIAN_POINT('',(-37.93593258038,15.07752826767,22.4));
#9355 = CARTESIAN_POINT('',(-37.63253512331,14.313355558876,22.4));
#9356 = CARTESIAN_POINT('',(-37.27994839134,13.575185260546,22.4));
#9357 = CARTESIAN_POINT('',(-36.87673095337,12.863224085207,22.4));
#9358 = CARTESIAN_POINT('',(-36.40686519105,12.161844251501,22.4));
#9359 = CARTESIAN_POINT('',(-35.89204427852,11.508835283954,22.4));
#9360 = CARTESIAN_POINT('',(-35.31875103393,10.886057381937,22.4));
#9361 = CARTESIAN_POINT('',(-34.68255508534,10.295052003154,22.4));
#9362 = CARTESIAN_POINT('',(-33.95933715265,9.726625133919,22.4));
#9363 = CARTESIAN_POINT('',(-33.18183456993,9.213707406018,22.4));
#9364 = CARTESIAN_POINT('',(-32.32667702011,8.742330489725,22.4));
#9365 = CARTESIAN_POINT('',(-31.38728553441,8.316968499722,22.4));
#9366 = CARTESIAN_POINT('',(-30.33168040367,7.93809362255,22.4));
#9367 = CARTESIAN_POINT('',(-29.21012356943,7.628710068421,22.4));
#9368 = CARTESIAN_POINT('',(-27.98564911256,7.394409398782,22.4));
#9369 = CARTESIAN_POINT('',(-26.65438801547,7.241834177369,22.4));
#9370 = CARTESIAN_POINT('',(-25.17872438886,7.172534579738,22.4));
#9371 = CARTESIAN_POINT('',(-23.63064158176,7.202023820633,22.4));
#9372 = CARTESIAN_POINT('',(-21.96369747304,7.333571741476,22.4));
#9373 = CARTESIAN_POINT('',(-20.17376319876,7.578896463739,22.4));
#9374 = CARTESIAN_POINT('',(-18.21153838216,7.962725754083,22.4));
#9375 = CARTESIAN_POINT('',(-16.18352049883,8.473684888989,22.4));
#9376 = CARTESIAN_POINT('',(-13.99955768506,9.144462101168,22.4));
#9377 = CARTESIAN_POINT('',(-11.78847678433,9.932823367122,22.4));
#9378 = CARTESIAN_POINT('',(-9.011915653887,11.091085102334,22.4));
#9379 = CARTESIAN_POINT('',(-8.292958249965,11.458176539373,22.4));
#9380 = CARTESIAN_POINT('',(-6.883805996763,12.116284385996,22.4));
#9381 = PCURVE('',#9149,#9382);
#9382 = DEFINITIONAL_REPRESENTATION('',(#9383),#9387);
#9383 = LINE('',#9384,#9385);
#9384 = CARTESIAN_POINT('',(0.,-22.4));
#9385 = VECTOR('',#9386,1.);
#9386 = DIRECTION('',(1.,0.));
#9387 = ( GEOMETRIC_REPRESENTATION_CONTEXT(2) 
PARAMETRIC_REPRESENTATION_CONTEXT() REPRESENTATION_CONTEXT('2D SPACE',''
  ) );
#9388 = PCURVE('',#66,#9389);
#9389 = DEFINITIONAL_REPRESENTATION('',(#9390),#9441);
#9390 = B_SPLINE_CURVE_WITH_KNOTS('',3,(#9391,#9392,#9393,#9394,#9395,
    #9396,#9397,#9398,#9399,#9400,#9401,#9402,#9403,#9404,#9405,#9406,
    #9407,#9408,#9409,#9410,#9411,#9412,#9413,#9414,#9415,#9416,#9417,
    #9418,#9419,#9420,#9421,#9422,#9423,#9424,#9425,#9426,#9427,#9428,
    #9429,#9430,#9431,#9432,#9433,#9434,#9435,#9436,#9437,#9438,#9439,
    #9440),.UNSPECIFIED.,.F.,.F.,(4,1,1,1,1,1,1,1,1,1,1,1,1,1,1,1,1,1,1,
    1,1,1,1,1,1,1,1,1,1,1,1,1,1,1,1,1,1,1,1,1,1,1,1,1,1,1,1,4),(0.,
    3.010134173011,5.734866089906,8.204243200285,10.280216915947,
    12.332164523515,14.201956865391,15.911237845672,17.363900720308,
    18.819208714806,20.167747400886,21.42468716853,22.515414853025,
    23.632925452475,24.694050367351,25.707901186754,26.608581862701,
    27.552388564938,28.468532489134,29.361872223827,30.169943636586,
    31.030962627216,31.880548884696,32.72227944396,33.495545472128,
    34.332992621126,35.174663745336,36.025783427864,36.825011523752,
    37.711824801461,38.627874308414,39.58148948206,40.502911686362,
    41.554574841448,42.671594637474,43.864256147866,45.041219012251,
    46.408073524505,47.880684921353,49.469922617188,51.049935999727,
    52.894334824252,54.887680127977,57.041280206621,59.18142193199,
    61.675679145654,64.364419403117,67.031728548195),.UNSPECIFIED.);
#9391 = CARTESIAN_POINT('',(-23.65611516945,41.197682017954));
#9392 = CARTESIAN_POINT('',(-24.44027304061,40.59750268534));
#9393 = CARTESIAN_POINT('',(-25.99410995634,39.444784580053));
#9394 = CARTESIAN_POINT('',(-28.08731026835,37.695705261432));
#9395 = CARTESIAN_POINT('',(-29.8873481002,36.069454937216));
#9396 = CARTESIAN_POINT('',(-31.44967011713,34.521309404821));
#9397 = CARTESIAN_POINT('',(-32.80258215076,33.048079218703));
#9398 = CARTESIAN_POINT('',(-33.99810761069,31.599901021549));
#9399 = CARTESIAN_POINT('',(-34.99285853606,30.248323317952));
#9400 = CARTESIAN_POINT('',(-35.83428625517,28.958714869125));
#9401 = CARTESIAN_POINT('',(-36.53968540187,27.726602577159));
#9402 = CARTESIAN_POINT('',(-37.13772977299,26.511283173321));
#9403 = CARTESIAN_POINT('',(-37.61004783571,25.372392496309));
#9404 = CARTESIAN_POINT('',(-37.98493528241,24.279143431836));
#9405 = CARTESIAN_POINT('',(-38.27310362603,23.227320210941));
#9406 = CARTESIAN_POINT('',(-38.48644040792,22.18398945201));
#9407 = CARTESIAN_POINT('',(-38.62121149492,21.200577532397));
#9408 = CARTESIAN_POINT('',(-38.6912129147,20.249819376274));
#9409 = CARTESIAN_POINT('',(-38.70164144689,19.32901752529));
#9410 = CARTESIAN_POINT('',(-38.65285046237,18.411922952298));
#9411 = CARTESIAN_POINT('',(-38.55039798854,17.544818284358));
#9412 = CARTESIAN_POINT('',(-38.39742063482,16.70398003906));
#9413 = CARTESIAN_POINT('',(-38.19534004862,15.888465133527));
#9414 = CARTESIAN_POINT('',(-37.93593258038,15.07752826767));
#9415 = CARTESIAN_POINT('',(-37.63253512331,14.313355558876));
#9416 = CARTESIAN_POINT('',(-37.27994839134,13.575185260546));
#9417 = CARTESIAN_POINT('',(-36.87673095337,12.863224085207));
#9418 = CARTESIAN_POINT('',(-36.40686519105,12.161844251501));
#9419 = CARTESIAN_POINT('',(-35.89204427852,11.508835283954));
#9420 = CARTESIAN_POINT('',(-35.31875103393,10.886057381937));
#9421 = CARTESIAN_POINT('',(-34.68255508534,10.295052003154));
#9422 = CARTESIAN_POINT('',(-33.95933715265,9.726625133919));
#9423 = CARTESIAN_POINT('',(-33.18183456993,9.213707406018));
#9424 = CARTESIAN_POINT('',(-32.32667702011,8.742330489725));
#9425 = CARTESIAN_POINT('',(-31.38728553441,8.316968499722));
#9426 = CARTESIAN_POINT('',(-30.33168040367,7.93809362255));
#9427 = CARTESIAN_POINT('',(-29.21012356943,7.628710068421));
#9428 = CARTESIAN_POINT('',(-27.98564911256,7.394409398782));
#9429 = CARTESIAN_POINT('',(-26.65438801547,7.241834177369));
#9430 = CARTESIAN_POINT('',(-25.17872438886,7.172534579738));
#9431 = CARTESIAN_POINT('',(-23.63064158176,7.202023820633));
#9432 = CARTESIAN_POINT('',(-21.96369747304,7.333571741476));
#9433 = CARTESIAN_POINT('',(-20.17376319876,7.578896463739));
#9434 = CARTESIAN_POINT('',(-18.21153838216,7.962725754083));
#9435 = CARTESIAN_POINT('',(-16.18352049883,8.473684888989));
#9436 = CARTESIAN_POINT('',(-13.99955768506,9.144462101168));
#9437 = CARTESIAN_POINT('',(-11.78847678433,9.932823367122));
#9438 = CARTESIAN_POINT('',(-9.011915653887,11.091085102334));
#9439 = CARTESIAN_POINT('',(-8.292958249965,11.458176539373));
#9440 = CARTESIAN_POINT('',(-6.883805996763,12.116284385996));
#9441 = ( GEOMETRIC_REPRESENTATION_CONTEXT(2) 
PARAMETRIC_REPRESENTATION_CONTEXT() REPRESENTATION_CONTEXT('2D SPACE',''
  ) );
#9442 = ORIENTED_EDGE('',*,*,#9131,.F.);
#9443 = ORIENTED_EDGE('',*,*,#9444,.F.);
#9444 = EDGE_CURVE('',#9304,#9132,#9445,.T.);
#9445 = SURFACE_CURVE('',#9446,(#9497,#9504),.PCURVE_S1.);
#9446 = B_SPLINE_CURVE_WITH_KNOTS('',3,(#9447,#9448,#9449,#9450,#9451,
    #9452,#9453,#9454,#9455,#9456,#9457,#9458,#9459,#9460,#9461,#9462,
    #9463,#9464,#9465,#9466,#9467,#9468,#9469,#9470,#9471,#9472,#9473,
    #9474,#9475,#9476,#9477,#9478,#9479,#9480,#9481,#9482,#9483,#9484,
    #9485,#9486,#9487,#9488,#9489,#9490,#9491,#9492,#9493,#9494,#9495,
    #9496),.UNSPECIFIED.,.F.,.F.,(4,1,1,1,1,1,1,1,1,1,1,1,1,1,1,1,1,1,1,
    1,1,1,1,1,1,1,1,1,1,1,1,1,1,1,1,1,1,1,1,1,1,1,1,1,1,1,1,4),(0.,
    3.010134173011,5.734866089906,8.204243200285,10.280216915947,
    12.332164523515,14.201956865391,15.911237845672,17.363900720308,
    18.819208714806,20.167747400886,21.42468716853,22.515414853025,
    23.632925452475,24.694050367351,25.707901186754,26.608581862701,
    27.552388564938,28.468532489134,29.361872223827,30.169943636586,
    31.030962627216,31.880548884696,32.72227944396,33.495545472128,
    34.332992621126,35.174663745336,36.025783427864,36.825011523752,
    37.711824801461,38.627874308414,39.58148948206,40.502911686362,
    41.554574841448,42.671594637474,43.864256147866,45.041219012251,
    46.408073524505,47.880684921353,49.469922617188,51.049935999727,
    52.894334824252,54.887680127977,57.041280206621,59.18142193199,
    61.675679145654,64.364419403117,67.031728548195),.UNSPECIFIED.);
#9447 = CARTESIAN_POINT('',(-23.65611516945,41.197682017954,0.));
#9448 = CARTESIAN_POINT('',(-24.44027304061,40.59750268534,0.));
#9449 = CARTESIAN_POINT('',(-25.99410995634,39.444784580053,0.));
#9450 = CARTESIAN_POINT('',(-28.08731026835,37.695705261432,0.));
#9451 = CARTESIAN_POINT('',(-29.8873481002,36.069454937216,0.));
#9452 = CARTESIAN_POINT('',(-31.44967011713,34.521309404821,0.));
#9453 = CARTESIAN_POINT('',(-32.80258215076,33.048079218703,0.));
#9454 = CARTESIAN_POINT('',(-33.99810761069,31.599901021549,0.));
#9455 = CARTESIAN_POINT('',(-34.99285853606,30.248323317952,0.));
#9456 = CARTESIAN_POINT('',(-35.83428625517,28.958714869125,0.));
#9457 = CARTESIAN_POINT('',(-36.53968540187,27.726602577159,0.));
#9458 = CARTESIAN_POINT('',(-37.13772977299,26.511283173321,0.));
#9459 = CARTESIAN_POINT('',(-37.61004783571,25.372392496309,0.));
#9460 = CARTESIAN_POINT('',(-37.98493528241,24.279143431836,0.));
#9461 = CARTESIAN_POINT('',(-38.27310362603,23.227320210941,0.));
#9462 = CARTESIAN_POINT('',(-38.48644040792,22.18398945201,0.));
#9463 = CARTESIAN_POINT('',(-38.62121149492,21.200577532397,0.));
#9464 = CARTESIAN_POINT('',(-38.6912129147,20.249819376274,0.));
#9465 = CARTESIAN_POINT('',(-38.70164144689,19.32901752529,0.));
#9466 = CARTESIAN_POINT('',(-38.65285046237,18.411922952298,0.));
#9467 = CARTESIAN_POINT('',(-38.55039798854,17.544818284358,0.));
#9468 = CARTESIAN_POINT('',(-38.39742063482,16.70398003906,0.));
#9469 = CARTESIAN_POINT('',(-38.19534004862,15.888465133527,0.));
#9470 = CARTESIAN_POINT('',(-37.93593258038,15.07752826767,0.));
#9471 = CARTESIAN_POINT('',(-37.63253512331,14.313355558876,0.));
#9472 = CARTESIAN_POINT('',(-37.27994839134,13.575185260546,0.));
#9473 = CARTESIAN_POINT('',(-36.87673095337,12.863224085207,0.));
#9474 = CARTESIAN_POINT('',(-36.40686519105,12.161844251501,0.));
#9475 = CARTESIAN_POINT('',(-35.89204427852,11.508835283954,0.));
#9476 = CARTESIAN_POINT('',(-35.31875103393,10.886057381937,0.));
#9477 = CARTESIAN_POINT('',(-34.68255508534,10.295052003154,0.));
#9478 = CARTESIAN_POINT('',(-33.95933715265,9.726625133919,0.));
#9479 = CARTESIAN_POINT('',(-33.18183456993,9.213707406018,0.));
#9480 = CARTESIAN_POINT('',(-32.32667702011,8.742330489725,0.));
#9481 = CARTESIAN_POINT('',(-31.38728553441,8.316968499722,0.));
#9482 = CARTESIAN_POINT('',(-30.33168040367,7.93809362255,0.));
#9483 = CARTESIAN_POINT('',(-29.21012356943,7.628710068421,0.));
#9484 = CARTESIAN_POINT('',(-27.98564911256,7.394409398782,0.));
#9485 = CARTESIAN_POINT('',(-26.65438801547,7.241834177369,0.));
#9486 = CARTESIAN_POINT('',(-25.17872438886,7.172534579738,0.));
#9487 = CARTESIAN_POINT('',(-23.63064158176,7.202023820633,0.));
#9488 = CARTESIAN_POINT('',(-21.96369747304,7.333571741476,0.));
#9489 = CARTESIAN_POINT('',(-20.17376319876,7.578896463739,0.));
#9490 = CARTESIAN_POINT('',(-18.21153838216,7.962725754083,0.));
#9491 = CARTESIAN_POINT('',(-16.18352049883,8.473684888989,0.));
#9492 = CARTESIAN_POINT('',(-13.99955768506,9.144462101168,0.));
#9493 = CARTESIAN_POINT('',(-11.78847678433,9.932823367122,0.));
#9494 = CARTESIAN_POINT('',(-9.011915653887,11.091085102334,0.));
#9495 = CARTESIAN_POINT('',(-8.292958249965,11.458176539373,0.));
#9496 = CARTESIAN_POINT('',(-6.883805996763,12.116284385996,0.));
#9497 = PCURVE('',#9149,#9498);
#9498 = DEFINITIONAL_REPRESENTATION('',(#9499),#9503);
#9499 = LINE('',#9500,#9501);
#9500 = CARTESIAN_POINT('',(0.,0.));
#9501 = VECTOR('',#9502,1.);
#9502 = DIRECTION('',(1.,0.));
#9503 = ( GEOMETRIC_REPRESENTATION_CONTEXT(2) 
PARAMETRIC_REPRESENTATION_CONTEXT() REPRESENTATION_CONTEXT('2D SPACE',''
  ) );
#9504 = PCURVE('',#94,#9505);
#9505 = DEFINITIONAL_REPRESENTATION('',(#9506),#9557);
#9506 = B_SPLINE_CURVE_WITH_KNOTS('',3,(#9507,#9508,#9509,#9510,#9511,
    #9512,#9513,#9514,#9515,#9516,#9517,#9518,#9519,#9520,#9521,#9522,
    #9523,#9524,#9525,#9526,#9527,#9528,#9529,#9530,#9531,#9532,#9533,
    #9534,#9535,#9536,#9537,#9538,#9539,#9540,#9541,#9542,#9543,#9544,
    #9545,#9546,#9547,#9548,#9549,#9550,#9551,#9552,#9553,#9554,#9555,
    #9556),.UNSPECIFIED.,.F.,.F.,(4,1,1,1,1,1,1,1,1,1,1,1,1,1,1,1,1,1,1,
    1,1,1,1,1,1,1,1,1,1,1,1,1,1,1,1,1,1,1,1,1,1,1,1,1,1,1,1,4),(0.,
    3.010134173011,5.734866089906,8.204243200285,10.280216915947,
    12.332164523515,14.201956865391,15.911237845672,17.363900720308,
    18.819208714806,20.167747400886,21.42468716853,22.515414853025,
    23.632925452475,24.694050367351,25.707901186754,26.608581862701,
    27.552388564938,28.468532489134,29.361872223827,30.169943636586,
    31.030962627216,31.880548884696,32.72227944396,33.495545472128,
    34.332992621126,35.174663745336,36.025783427864,36.825011523752,
    37.711824801461,38.627874308414,39.58148948206,40.502911686362,
    41.554574841448,42.671594637474,43.864256147866,45.041219012251,
    46.408073524505,47.880684921353,49.469922617188,51.049935999727,
    52.894334824252,54.887680127977,57.041280206621,59.18142193199,
    61.675679145654,64.364419403117,67.031728548195),.UNSPECIFIED.);
#9507 = CARTESIAN_POINT('',(-23.65611516945,41.197682017954));
#9508 = CARTESIAN_POINT('',(-24.44027304061,40.59750268534));
#9509 = CARTESIAN_POINT('',(-25.99410995634,39.444784580053));
#9510 = CARTESIAN_POINT('',(-28.08731026835,37.695705261432));
#9511 = CARTESIAN_POINT('',(-29.8873481002,36.069454937216));
#9512 = CARTESIAN_POINT('',(-31.44967011713,34.521309404821));
#9513 = CARTESIAN_POINT('',(-32.80258215076,33.048079218703));
#9514 = CARTESIAN_POINT('',(-33.99810761069,31.599901021549));
#9515 = CARTESIAN_POINT('',(-34.99285853606,30.248323317952));
#9516 = CARTESIAN_POINT('',(-35.83428625517,28.958714869125));
#9517 = CARTESIAN_POINT('',(-36.53968540187,27.726602577159));
#9518 = CARTESIAN_POINT('',(-37.13772977299,26.511283173321));
#9519 = CARTESIAN_POINT('',(-37.61004783571,25.372392496309));
#9520 = CARTESIAN_POINT('',(-37.98493528241,24.279143431836));
#9521 = CARTESIAN_POINT('',(-38.27310362603,23.227320210941));
#9522 = CARTESIAN_POINT('',(-38.48644040792,22.18398945201));
#9523 = CARTESIAN_POINT('',(-38.62121149492,21.200577532397));
#9524 = CARTESIAN_POINT('',(-38.6912129147,20.249819376274));
#9525 = CARTESIAN_POINT('',(-38.70164144689,19.32901752529));
#9526 = CARTESIAN_POINT('',(-38.65285046237,18.411922952298));
#9527 = CARTESIAN_POINT('',(-38.55039798854,17.544818284358));
#9528 = CARTESIAN_POINT('',(-38.39742063482,16.70398003906));
#9529 = CARTESIAN_POINT('',(-38.19534004862,15.888465133527));
#9530 = CARTESIAN_POINT('',(-37.93593258038,15.07752826767));
#9531 = CARTESIAN_POINT('',(-37.63253512331,14.313355558876));
#9532 = CARTESIAN_POINT('',(-37.27994839134,13.575185260546));
#9533 = CARTESIAN_POINT('',(-36.87673095337,12.863224085207));
#9534 = CARTESIAN_POINT('',(-36.40686519105,12.161844251501));
#9535 = CARTESIAN_POINT('',(-35.89204427852,11.508835283954));
#9536 = CARTESIAN_POINT('',(-35.31875103393,10.886057381937));
#9537 = CARTESIAN_POINT('',(-34.68255508534,10.295052003154));
#9538 = CARTESIAN_POINT('',(-33.95933715265,9.726625133919));
#9539 = CARTESIAN_POINT('',(-33.18183456993,9.213707406018));
#9540 = CARTESIAN_POINT('',(-32.32667702011,8.742330489725));
#9541 = CARTESIAN_POINT('',(-31.38728553441,8.316968499722));
#9542 = CARTESIAN_POINT('',(-30.33168040367,7.93809362255));
#9543 = CARTESIAN_POINT('',(-29.21012356943,7.628710068421));
#9544 = CARTESIAN_POINT('',(-27.98564911256,7.394409398782));
#9545 = CARTESIAN_POINT('',(-26.65438801547,7.241834177369));
#9546 = CARTESIAN_POINT('',(-25.17872438886,7.172534579738));
#9547 = CARTESIAN_POINT('',(-23.63064158176,7.202023820633));
#9548 = CARTESIAN_POINT('',(-21.96369747304,7.333571741476));
#9549 = CARTESIAN_POINT('',(-20.17376319876,7.578896463739));
#9550 = CARTESIAN_POINT('',(-18.21153838216,7.962725754083));
#9551 = CARTESIAN_POINT('',(-16.18352049883,8.473684888989));
#9552 = CARTESIAN_POINT('',(-13.99955768506,9.144462101168));
#9553 = CARTESIAN_POINT('',(-11.78847678433,9.932823367122));
#9554 = CARTESIAN_POINT('',(-9.011915653887,11.091085102334));
#9555 = CARTESIAN_POINT('',(-8.292958249965,11.458176539373));
#9556 = CARTESIAN_POINT('',(-6.883805996763,12.116284385996));
#9557 = ( GEOMETRIC_REPRESENTATION_CONTEXT(2) 
PARAMETRIC_REPRESENTATION_CONTEXT() REPRESENTATION_CONTEXT('2D SPACE',''
  ) );
#9558 = ADVANCED_FACE('',(#9559),#8830,.T.);
#9559 = FACE_BOUND('',#9560,.T.);
#9560 = EDGE_LOOP('',(#9561,#9562,#9583,#9584));
#9561 = ORIENTED_EDGE('',*,*,#8814,.T.);
#9562 = ORIENTED_EDGE('',*,*,#9563,.T.);
#9563 = EDGE_CURVE('',#8791,#9306,#9564,.T.);
#9564 = SURFACE_CURVE('',#9565,(#9569,#9576),.PCURVE_S1.);
#9565 = LINE('',#9566,#9567);
#9566 = CARTESIAN_POINT('',(-14.57371440904,48.149405014691,22.4));
#9567 = VECTOR('',#9568,1.);
#9568 = DIRECTION('',(-0.794089532378,-0.607800801718,0.));
#9569 = PCURVE('',#8830,#9570);
#9570 = DEFINITIONAL_REPRESENTATION('',(#9571),#9575);
#9571 = LINE('',#9572,#9573);
#9572 = CARTESIAN_POINT('',(-6.094433791482,-22.4));
#9573 = VECTOR('',#9574,1.);
#9574 = DIRECTION('',(1.,0.));
#9575 = ( GEOMETRIC_REPRESENTATION_CONTEXT(2) 
PARAMETRIC_REPRESENTATION_CONTEXT() REPRESENTATION_CONTEXT('2D SPACE',''
  ) );
#9576 = PCURVE('',#66,#9577);
#9577 = DEFINITIONAL_REPRESENTATION('',(#9578),#9582);
#9578 = LINE('',#9579,#9580);
#9579 = CARTESIAN_POINT('',(-14.57371440904,48.149405014691));
#9580 = VECTOR('',#9581,1.);
#9581 = DIRECTION('',(-0.794089532378,-0.607800801718));
#9582 = ( GEOMETRIC_REPRESENTATION_CONTEXT(2) 
PARAMETRIC_REPRESENTATION_CONTEXT() REPRESENTATION_CONTEXT('2D SPACE',''
  ) );
#9583 = ORIENTED_EDGE('',*,*,#9303,.F.);
#9584 = ORIENTED_EDGE('',*,*,#9585,.F.);
#9585 = EDGE_CURVE('',#8815,#9304,#9586,.T.);
#9586 = SURFACE_CURVE('',#9587,(#9591,#9598),.PCURVE_S1.);
#9587 = LINE('',#9588,#9589);
#9588 = CARTESIAN_POINT('',(-14.57371440904,48.149405014691,0.));
#9589 = VECTOR('',#9590,1.);
#9590 = DIRECTION('',(-0.794089532378,-0.607800801718,0.));
#9591 = PCURVE('',#8830,#9592);
#9592 = DEFINITIONAL_REPRESENTATION('',(#9593),#9597);
#9593 = LINE('',#9594,#9595);
#9594 = CARTESIAN_POINT('',(-6.094433791482,0.));
#9595 = VECTOR('',#9596,1.);
#9596 = DIRECTION('',(1.,0.));
#9597 = ( GEOMETRIC_REPRESENTATION_CONTEXT(2) 
PARAMETRIC_REPRESENTATION_CONTEXT() REPRESENTATION_CONTEXT('2D SPACE',''
  ) );
#9598 = PCURVE('',#94,#9599);
#9599 = DEFINITIONAL_REPRESENTATION('',(#9600),#9604);
#9600 = LINE('',#9601,#9602);
#9601 = CARTESIAN_POINT('',(-14.57371440904,48.149405014691));
#9602 = VECTOR('',#9603,1.);
#9603 = DIRECTION('',(-0.794089532378,-0.607800801718));
#9604 = ( GEOMETRIC_REPRESENTATION_CONTEXT(2) 
PARAMETRIC_REPRESENTATION_CONTEXT() REPRESENTATION_CONTEXT('2D SPACE',''
  ) );
#9605 = ADVANCED_FACE('',(#9606),#9620,.F.);
#9606 = FACE_BOUND('',#9607,.T.);
#9607 = EDGE_LOOP('',(#9608,#9739,#9763,#9791));
#9608 = ORIENTED_EDGE('',*,*,#9609,.T.);
#9609 = EDGE_CURVE('',#9610,#9612,#9614,.T.);
#9610 = VERTEX_POINT('',#9611);
#9611 = CARTESIAN_POINT('',(12.023672804875,46.985969100161,0.));
#9612 = VERTEX_POINT('',#9613);
#9613 = CARTESIAN_POINT('',(12.023672804875,46.985969100161,22.4));
#9614 = SURFACE_CURVE('',#9615,(#9619,#9631),.PCURVE_S1.);
#9615 = LINE('',#9616,#9617);
#9616 = CARTESIAN_POINT('',(12.023672804875,46.985969100161,0.));
#9617 = VECTOR('',#9618,1.);
#9618 = DIRECTION('',(0.,0.,1.));
#9619 = PCURVE('',#9620,#9625);
#9620 = CYLINDRICAL_SURFACE('',#9621,48.5);
#9621 = AXIS2_PLACEMENT_3D('',#9622,#9623,#9624);
#9622 = CARTESIAN_POINT('',(0.,0.,0.));
#9623 = DIRECTION('',(-0.,-0.,-1.));
#9624 = DIRECTION('',(1.,0.,-0.));
#9625 = DEFINITIONAL_REPRESENTATION('',(#9626),#9630);
#9626 = LINE('',#9627,#9628);
#9627 = CARTESIAN_POINT('',(-1.320273210267,0.));
#9628 = VECTOR('',#9629,1.);
#9629 = DIRECTION('',(-0.,-1.));
#9630 = ( GEOMETRIC_REPRESENTATION_CONTEXT(2) 
PARAMETRIC_REPRESENTATION_CONTEXT() REPRESENTATION_CONTEXT('2D SPACE',''
  ) );
#9631 = PCURVE('',#9632,#9733);
#9632 = B_SPLINE_SURFACE_WITH_KNOTS('',3,1,(
    (#9633,#9634)
    ,(#9635,#9636)
    ,(#9637,#9638)
    ,(#9639,#9640)
    ,(#9641,#9642)
    ,(#9643,#9644)
    ,(#9645,#9646)
    ,(#9647,#9648)
    ,(#9649,#9650)
    ,(#9651,#9652)
    ,(#9653,#9654)
    ,(#9655,#9656)
    ,(#9657,#9658)
    ,(#9659,#9660)
    ,(#9661,#9662)
    ,(#9663,#9664)
    ,(#9665,#9666)
    ,(#9667,#9668)
    ,(#9669,#9670)
    ,(#9671,#9672)
    ,(#9673,#9674)
    ,(#9675,#9676)
    ,(#9677,#9678)
    ,(#9679,#9680)
    ,(#9681,#9682)
    ,(#9683,#9684)
    ,(#9685,#9686)
    ,(#9687,#9688)
    ,(#9689,#9690)
    ,(#9691,#9692)
    ,(#9693,#9694)
    ,(#9695,#9696)
    ,(#9697,#9698)
    ,(#9699,#9700)
    ,(#9701,#9702)
    ,(#9703,#9704)
    ,(#9705,#9706)
    ,(#9707,#9708)
    ,(#9709,#9710)
    ,(#9711,#9712)
    ,(#9713,#9714)
    ,(#9715,#9716)
    ,(#9717,#9718)
    ,(#9719,#9720)
    ,(#9721,#9722)
    ,(#9723,#9724)
    ,(#9725,#9726)
    ,(#9727,#9728)
    ,(#9729,#9730)
    ,(#9731,#9732
    )),.UNSPECIFIED.,.F.,.F.,.F.,(4,1,1,1,1,1,1,1,1,1,1,1,1,1,1,1,1,1,1,
    1,1,1,1,1,1,1,1,1,1,1,1,1,1,1,1,1,1,1,1,1,1,1,1,1,1,1,1,4),(2,2),(0.
    ,2.766464139392,5.568319295326,8.177275145496,10.425160909405,
    12.698001103747,14.813706991925,16.784063111389,18.483896399813,
    20.207074900357,21.81810245116,23.327840693167,24.640860133639,
    25.985974841284,27.260500260188,28.473662841808,29.546573791048,
    30.665502050481,31.746604132965,32.796723932319,33.744037531687,
    34.751762028128,35.745458780463,36.730106112805,37.635070035337,
    38.615335519513,39.599805338773,40.592877392801,41.521106716853,
    42.54355210237,43.588460947472,44.661307186429,45.681682040739,
    46.825929386569,48.018033969658,49.266638650819,50.477859791669,
    51.863921967174,53.33914083985,54.917675284274,56.480212616324,
    58.303578905337,60.281721918016,62.435877257802,64.600562295301,
    67.15990258556,69.968318443063,73.053194077155),(-22.4,0.),
  .UNSPECIFIED.);
#9633 = CARTESIAN_POINT('',(5.648892920632,9.977352195207,22.4));
#9634 = CARTESIAN_POINT('',(5.648892920632,9.977352195207,0.));
#9635 = CARTESIAN_POINT('',(4.917117721303,10.51176149547,22.4));
#9636 = CARTESIAN_POINT('',(4.917117721303,10.51176149547,0.));
#9637 = CARTESIAN_POINT('',(3.381514033342,11.596778077042,22.4));
#9638 = CARTESIAN_POINT('',(3.381514033342,11.596778077042,0.));
#9639 = CARTESIAN_POINT('',(1.266192554498,13.303408856845,22.4));
#9640 = CARTESIAN_POINT('',(1.266192554498,13.303408856845,0.));
#9641 = CARTESIAN_POINT('',(-0.652937544647,14.99157243147,22.4));
#9642 = CARTESIAN_POINT('',(-0.652937544647,14.99157243147,0.));
#9643 = CARTESIAN_POINT('',(-2.357667696025,16.648055361023,22.4));
#9644 = CARTESIAN_POINT('',(-2.357667696025,16.648055361023,0.));
#9645 = CARTESIAN_POINT('',(-3.866947772078,18.266925710132,22.4));
#9646 = CARTESIAN_POINT('',(-3.866947772078,18.266925710132,0.));
#9647 = CARTESIAN_POINT('',(-5.226739915106,19.894280426866,22.4));
#9648 = CARTESIAN_POINT('',(-5.226739915106,19.894280426866,0.));
#9649 = CARTESIAN_POINT('',(-6.37806374135,21.442950179676,22.4));
#9650 = CARTESIAN_POINT('',(-6.37806374135,21.442950179676,0.));
#9651 = CARTESIAN_POINT('',(-7.366530659752,22.945718471064,22.4));
#9652 = CARTESIAN_POINT('',(-7.366530659752,22.945718471064,0.));
#9653 = CARTESIAN_POINT('',(-8.203570555337,24.401366611504,22.4));
#9654 = CARTESIAN_POINT('',(-8.203570555337,24.401366611504,0.));
#9655 = CARTESIAN_POINT('',(-8.916145549059,25.851661036001,22.4));
#9656 = CARTESIAN_POINT('',(-8.916145549059,25.851661036001,0.));
#9657 = CARTESIAN_POINT('',(-9.473628573521,27.221724797273,22.4));
#9658 = CARTESIAN_POINT('',(-9.473628573521,27.221724797273,0.));
#9659 = CARTESIAN_POINT('',(-9.913606364257,28.540333270482,22.4));
#9660 = CARTESIAN_POINT('',(-9.913606364257,28.540333270482,0.));
#9661 = CARTESIAN_POINT('',(-10.24785351828,29.809145492467,22.4));
#9662 = CARTESIAN_POINT('',(-10.24785351828,29.809145492467,0.));
#9663 = CARTESIAN_POINT('',(-10.47419604374,31.067933612077,22.4));
#9664 = CARTESIAN_POINT('',(-10.47419604374,31.067933612077,0.));
#9665 = CARTESIAN_POINT('',(-10.5909565971,32.250345949474,22.4));
#9666 = CARTESIAN_POINT('',(-10.5909565971,32.250345949474,0.));
#9667 = CARTESIAN_POINT('',(-10.61323512593,33.386194114341,22.4));
#9668 = CARTESIAN_POINT('',(-10.61323512593,33.386194114341,0.));
#9669 = CARTESIAN_POINT('',(-10.54807337968,34.476495777513,22.4));
#9670 = CARTESIAN_POINT('',(-10.54807337968,34.476495777513,0.));
#9671 = CARTESIAN_POINT('',(-10.39390345492,35.550093313185,22.4));
#9672 = CARTESIAN_POINT('',(-10.39390345492,35.550093313185,0.));
#9673 = CARTESIAN_POINT('',(-10.16466308267,36.551535489985,22.4));
#9674 = CARTESIAN_POINT('',(-10.16466308267,36.551535489985,0.));
#9675 = CARTESIAN_POINT('',(-9.865360056896,37.508429680137,22.4));
#9676 = CARTESIAN_POINT('',(-9.865360056896,37.508429680137,0.));
#9677 = CARTESIAN_POINT('',(-9.500817961601,38.422346990747,22.4));
#9678 = CARTESIAN_POINT('',(-9.500817961601,38.422346990747,0.));
#9679 = CARTESIAN_POINT('',(-9.061296898977,39.316468000727,22.4));
#9680 = CARTESIAN_POINT('',(-9.061296898977,39.316468000727,0.));
#9681 = CARTESIAN_POINT('',(-8.573483216962,40.145597818599,22.4));
#9682 = CARTESIAN_POINT('',(-8.573483216962,40.145597818599,0.));
#9683 = CARTESIAN_POINT('',(-8.031759024511,40.934870163346,22.4));
#9684 = CARTESIAN_POINT('',(-8.031759024511,40.934870163346,0.));
#9685 = CARTESIAN_POINT('',(-7.437884771838,41.685754338355,22.4));
#9686 = CARTESIAN_POINT('',(-7.437884771838,41.685754338355,0.));
#9687 = CARTESIAN_POINT('',(-6.774393559789,42.41603396861,22.4));
#9688 = CARTESIAN_POINT('',(-6.774393559789,42.41603396861,0.));
#9689 = CARTESIAN_POINT('',(-6.076210809169,43.088414434146,22.4));
#9690 = CARTESIAN_POINT('',(-6.076210809169,43.088414434146,0.));
#9691 = CARTESIAN_POINT('',(-5.327567464674,43.723634667703,22.4));
#9692 = CARTESIAN_POINT('',(-5.327567464674,43.723634667703,0.));
#9693 = CARTESIAN_POINT('',(-4.526841376256,44.321387423441,22.4));
#9694 = CARTESIAN_POINT('',(-4.526841376256,44.321387423441,0.));
#9695 = CARTESIAN_POINT('',(-3.6488585626,44.892611920748,22.4));
#9696 = CARTESIAN_POINT('',(-3.6488585626,44.892611920748,0.));
#9697 = CARTESIAN_POINT('',(-2.736476598302,45.405752620677,22.4));
#9698 = CARTESIAN_POINT('',(-2.736476598302,45.405752620677,0.));
#9699 = CARTESIAN_POINT('',(-1.764262932581,45.875570551521,22.4));
#9700 = CARTESIAN_POINT('',(-1.764262932581,45.875570551521,0.));
#9701 = CARTESIAN_POINT('',(-0.727551311337,46.298654070009,22.4));
#9702 = CARTESIAN_POINT('',(-0.727551311337,46.298654070009,0.));
#9703 = CARTESIAN_POINT('',(0.406828990312,46.677074955113,22.4));
#9704 = CARTESIAN_POINT('',(0.406828990312,46.677074955113,0.));
#9705 = CARTESIAN_POINT('',(1.585239404088,46.985876833789,22.4));
#9706 = CARTESIAN_POINT('',(1.585239404088,46.985876833789,0.));
#9707 = CARTESIAN_POINT('',(2.8440556554,47.232345063664,22.4));
#9708 = CARTESIAN_POINT('',(2.8440556554,47.232345063664,0.));
#9709 = CARTESIAN_POINT('',(4.19095431662,47.409247988271,22.4));
#9710 = CARTESIAN_POINT('',(4.19095431662,47.409247988271,0.));
#9711 = CARTESIAN_POINT('',(5.668614781671,47.507554513975,22.4));
#9712 = CARTESIAN_POINT('',(5.668614781671,47.507554513975,0.));
#9713 = CARTESIAN_POINT('',(7.208340474022,47.51336519804,22.4));
#9714 = CARTESIAN_POINT('',(7.208340474022,47.51336519804,0.));
#9715 = CARTESIAN_POINT('',(8.86158053805,47.423316913199,22.4));
#9716 = CARTESIAN_POINT('',(8.86158053805,47.423316913199,0.));
#9717 = CARTESIAN_POINT('',(10.639323759191,47.225705795927,22.4));
#9718 = CARTESIAN_POINT('',(10.639323759191,47.225705795927,0.));
#9719 = CARTESIAN_POINT('',(12.599371020966,46.896157441672,22.4));
#9720 = CARTESIAN_POINT('',(12.599371020966,46.896157441672,0.));
#9721 = CARTESIAN_POINT('',(14.64369550493,46.441861652888,22.4));
#9722 = CARTESIAN_POINT('',(14.64369550493,46.441861652888,0.));
#9723 = CARTESIAN_POINT('',(16.877984783365,45.82928049123,22.4));
#9724 = CARTESIAN_POINT('',(16.877984783365,45.82928049123,0.));
#9725 = CARTESIAN_POINT('',(19.169502008325,45.098418573464,22.4));
#9726 = CARTESIAN_POINT('',(19.169502008325,45.098418573464,0.));
#9727 = CARTESIAN_POINT('',(22.245133304455,43.950457504985,22.4));
#9728 = CARTESIAN_POINT('',(22.245133304455,43.950457504985,0.));
#9729 = CARTESIAN_POINT('',(22.877531631162,43.655413765372,22.4));
#9730 = CARTESIAN_POINT('',(22.877531631162,43.655413765372,0.));
#9731 = CARTESIAN_POINT('',(24.649818380147,42.918826466513,22.4));
#9732 = CARTESIAN_POINT('',(24.649818380147,42.918826466513,0.));
#9733 = DEFINITIONAL_REPRESENTATION('',(#9734),#9738);
#9734 = LINE('',#9735,#9736);
#9735 = CARTESIAN_POINT('',(59.759046788485,0.));
#9736 = VECTOR('',#9737,1.);
#9737 = DIRECTION('',(0.,-1.));
#9738 = ( GEOMETRIC_REPRESENTATION_CONTEXT(2) 
PARAMETRIC_REPRESENTATION_CONTEXT() REPRESENTATION_CONTEXT('2D SPACE',''
  ) );
#9739 = ORIENTED_EDGE('',*,*,#9740,.T.);
#9740 = EDGE_CURVE('',#9612,#9741,#9743,.T.);
#9741 = VERTEX_POINT('',#9742);
#9742 = CARTESIAN_POINT('',(5.41024220217,48.197295352684,22.4));
#9743 = SURFACE_CURVE('',#9744,(#9749,#9756),.PCURVE_S1.);
#9744 = CIRCLE('',#9745,48.5);
#9745 = AXIS2_PLACEMENT_3D('',#9746,#9747,#9748);
#9746 = CARTESIAN_POINT('',(0.,0.,22.4));
#9747 = DIRECTION('',(0.,0.,1.));
#9748 = DIRECTION('',(1.,0.,-0.));
#9749 = PCURVE('',#9620,#9750);
#9750 = DEFINITIONAL_REPRESENTATION('',(#9751),#9755);
#9751 = LINE('',#9752,#9753);
#9752 = CARTESIAN_POINT('',(-0.,-22.4));
#9753 = VECTOR('',#9754,1.);
#9754 = DIRECTION('',(-1.,0.));
#9755 = ( GEOMETRIC_REPRESENTATION_CONTEXT(2) 
PARAMETRIC_REPRESENTATION_CONTEXT() REPRESENTATION_CONTEXT('2D SPACE',''
  ) );
#9756 = PCURVE('',#66,#9757);
#9757 = DEFINITIONAL_REPRESENTATION('',(#9758),#9762);
#9758 = CIRCLE('',#9759,48.5);
#9759 = AXIS2_PLACEMENT_2D('',#9760,#9761);
#9760 = CARTESIAN_POINT('',(1.75032336965E-15,-3.209892110372E-15));
#9761 = DIRECTION('',(1.,0.));
#9762 = ( GEOMETRIC_REPRESENTATION_CONTEXT(2) 
PARAMETRIC_REPRESENTATION_CONTEXT() REPRESENTATION_CONTEXT('2D SPACE',''
  ) );
#9763 = ORIENTED_EDGE('',*,*,#9764,.F.);
#9764 = EDGE_CURVE('',#9765,#9741,#9767,.T.);
#9765 = VERTEX_POINT('',#9766);
#9766 = CARTESIAN_POINT('',(5.41024220217,48.197295352684,0.));
#9767 = SURFACE_CURVE('',#9768,(#9772,#9779),.PCURVE_S1.);
#9768 = LINE('',#9769,#9770);
#9769 = CARTESIAN_POINT('',(5.41024220217,48.197295352684,0.));
#9770 = VECTOR('',#9771,1.);
#9771 = DIRECTION('',(0.,0.,1.));
#9772 = PCURVE('',#9620,#9773);
#9773 = DEFINITIONAL_REPRESENTATION('',(#9774),#9778);
#9774 = LINE('',#9775,#9776);
#9775 = CARTESIAN_POINT('',(-1.459012283797,0.));
#9776 = VECTOR('',#9777,1.);
#9777 = DIRECTION('',(-0.,-1.));
#9778 = ( GEOMETRIC_REPRESENTATION_CONTEXT(2) 
PARAMETRIC_REPRESENTATION_CONTEXT() REPRESENTATION_CONTEXT('2D SPACE',''
  ) );
#9779 = PCURVE('',#9780,#9785);
#9780 = PLANE('',#9781);
#9781 = AXIS2_PLACEMENT_3D('',#9782,#9783,#9784);
#9782 = CARTESIAN_POINT('',(5.41024220217,48.197295352683,0.));
#9783 = DIRECTION('',(0.129326168539,-0.991602108777,0.));
#9784 = DIRECTION('',(-0.991602108777,-0.129326168539,0.));
#9785 = DEFINITIONAL_REPRESENTATION('',(#9786),#9790);
#9786 = LINE('',#9787,#9788);
#9787 = CARTESIAN_POINT('',(-8.807195939449E-16,0.));
#9788 = VECTOR('',#9789,1.);
#9789 = DIRECTION('',(0.,-1.));
#9790 = ( GEOMETRIC_REPRESENTATION_CONTEXT(2) 
PARAMETRIC_REPRESENTATION_CONTEXT() REPRESENTATION_CONTEXT('2D SPACE',''
  ) );
#9791 = ORIENTED_EDGE('',*,*,#9792,.F.);
#9792 = EDGE_CURVE('',#9610,#9765,#9793,.T.);
#9793 = SURFACE_CURVE('',#9794,(#9799,#9806),.PCURVE_S1.);
#9794 = CIRCLE('',#9795,48.5);
#9795 = AXIS2_PLACEMENT_3D('',#9796,#9797,#9798);
#9796 = CARTESIAN_POINT('',(0.,0.,0.));
#9797 = DIRECTION('',(0.,0.,1.));
#9798 = DIRECTION('',(1.,0.,-0.));
#9799 = PCURVE('',#9620,#9800);
#9800 = DEFINITIONAL_REPRESENTATION('',(#9801),#9805);
#9801 = LINE('',#9802,#9803);
#9802 = CARTESIAN_POINT('',(-0.,0.));
#9803 = VECTOR('',#9804,1.);
#9804 = DIRECTION('',(-1.,0.));
#9805 = ( GEOMETRIC_REPRESENTATION_CONTEXT(2) 
PARAMETRIC_REPRESENTATION_CONTEXT() REPRESENTATION_CONTEXT('2D SPACE',''
  ) );
#9806 = PCURVE('',#94,#9807);
#9807 = DEFINITIONAL_REPRESENTATION('',(#9808),#9812);
#9808 = CIRCLE('',#9809,48.5);
#9809 = AXIS2_PLACEMENT_2D('',#9810,#9811);
#9810 = CARTESIAN_POINT('',(1.75032336965E-15,-3.209892110372E-15));
#9811 = DIRECTION('',(1.,0.));
#9812 = ( GEOMETRIC_REPRESENTATION_CONTEXT(2) 
PARAMETRIC_REPRESENTATION_CONTEXT() REPRESENTATION_CONTEXT('2D SPACE',''
  ) );
#9813 = ADVANCED_FACE('',(#9814),#9632,.T.);
#9814 = FACE_BOUND('',#9815,.T.);
#9815 = EDGE_LOOP('',(#9816,#9846,#9961,#9962));
#9816 = ORIENTED_EDGE('',*,*,#9817,.T.);
#9817 = EDGE_CURVE('',#9818,#9820,#9822,.T.);
#9818 = VERTEX_POINT('',#9819);
#9819 = CARTESIAN_POINT('',(2.002495231905,12.718131317315,0.));
#9820 = VERTEX_POINT('',#9821);
#9821 = CARTESIAN_POINT('',(2.002495231905,12.718131317315,22.4));
#9822 = SURFACE_CURVE('',#9823,(#9827,#9834),.PCURVE_S1.);
#9823 = LINE('',#9824,#9825);
#9824 = CARTESIAN_POINT('',(2.002495231905,12.718131317315,0.));
#9825 = VECTOR('',#9826,1.);
#9826 = DIRECTION('',(0.,0.,1.));
#9827 = PCURVE('',#9632,#9828);
#9828 = DEFINITIONAL_REPRESENTATION('',(#9829),#9833);
#9829 = LINE('',#9830,#9831);
#9830 = CARTESIAN_POINT('',(4.560656898555,0.));
#9831 = VECTOR('',#9832,1.);
#9832 = DIRECTION('',(0.,-1.));
#9833 = ( GEOMETRIC_REPRESENTATION_CONTEXT(2) 
PARAMETRIC_REPRESENTATION_CONTEXT() REPRESENTATION_CONTEXT('2D SPACE',''
  ) );
#9834 = PCURVE('',#9835,#9840);
#9835 = PLANE('',#9836);
#9836 = AXIS2_PLACEMENT_3D('',#9837,#9838,#9839);
#9837 = CARTESIAN_POINT('',(9.659132507772E-02,13.934913076131,0.));
#9838 = DIRECTION('',(0.538113173392,0.842872595724,-0.));
#9839 = DIRECTION('',(0.842872595724,-0.538113173392,0.));
#9840 = DEFINITIONAL_REPRESENTATION('',(#9841),#9845);
#9841 = LINE('',#9842,#9843);
#9842 = CARTESIAN_POINT('',(2.261200466709,0.));
#9843 = VECTOR('',#9844,1.);
#9844 = DIRECTION('',(0.,-1.));
#9845 = ( GEOMETRIC_REPRESENTATION_CONTEXT(2) 
PARAMETRIC_REPRESENTATION_CONTEXT() REPRESENTATION_CONTEXT('2D SPACE',''
  ) );
#9846 = ORIENTED_EDGE('',*,*,#9847,.T.);
#9847 = EDGE_CURVE('',#9820,#9612,#9848,.T.);
#9848 = SURFACE_CURVE('',#9849,(#9900,#9907),.PCURVE_S1.);
#9849 = B_SPLINE_CURVE_WITH_KNOTS('',3,(#9850,#9851,#9852,#9853,#9854,
    #9855,#9856,#9857,#9858,#9859,#9860,#9861,#9862,#9863,#9864,#9865,
    #9866,#9867,#9868,#9869,#9870,#9871,#9872,#9873,#9874,#9875,#9876,
    #9877,#9878,#9879,#9880,#9881,#9882,#9883,#9884,#9885,#9886,#9887,
    #9888,#9889,#9890,#9891,#9892,#9893,#9894,#9895,#9896,#9897,#9898,
    #9899),.UNSPECIFIED.,.F.,.F.,(4,1,1,1,1,1,1,1,1,1,1,1,1,1,1,1,1,1,1,
    1,1,1,1,1,1,1,1,1,1,1,1,1,1,1,1,1,1,1,1,1,1,1,1,1,1,1,1,4),(0.,
    2.766464139392,5.568319295326,8.177275145496,10.425160909405,
    12.698001103747,14.813706991925,16.784063111389,18.483896399813,
    20.207074900357,21.81810245116,23.327840693167,24.640860133639,
    25.985974841284,27.260500260188,28.473662841808,29.546573791048,
    30.665502050481,31.746604132965,32.796723932319,33.744037531687,
    34.751762028128,35.745458780463,36.730106112805,37.635070035337,
    38.615335519513,39.599805338773,40.592877392801,41.521106716853,
    42.54355210237,43.588460947472,44.661307186429,45.681682040739,
    46.825929386569,48.018033969658,49.266638650819,50.477859791669,
    51.863921967174,53.33914083985,54.917675284274,56.480212616324,
    58.303578905337,60.281721918016,62.435877257802,64.600562295301,
    67.15990258556,69.968318443063,73.053194077155),.UNSPECIFIED.);
#9850 = CARTESIAN_POINT('',(5.648892920632,9.977352195207,22.4));
#9851 = CARTESIAN_POINT('',(4.917117721303,10.51176149547,22.4));
#9852 = CARTESIAN_POINT('',(3.381514033342,11.596778077042,22.4));
#9853 = CARTESIAN_POINT('',(1.266192554498,13.303408856845,22.4));
#9854 = CARTESIAN_POINT('',(-0.652937544647,14.99157243147,22.4));
#9855 = CARTESIAN_POINT('',(-2.357667696025,16.648055361023,22.4));
#9856 = CARTESIAN_POINT('',(-3.866947772078,18.266925710132,22.4));
#9857 = CARTESIAN_POINT('',(-5.226739915106,19.894280426866,22.4));
#9858 = CARTESIAN_POINT('',(-6.37806374135,21.442950179676,22.4));
#9859 = CARTESIAN_POINT('',(-7.366530659752,22.945718471064,22.4));
#9860 = CARTESIAN_POINT('',(-8.203570555337,24.401366611504,22.4));
#9861 = CARTESIAN_POINT('',(-8.916145549059,25.851661036001,22.4));
#9862 = CARTESIAN_POINT('',(-9.473628573521,27.221724797273,22.4));
#9863 = CARTESIAN_POINT('',(-9.913606364257,28.540333270482,22.4));
#9864 = CARTESIAN_POINT('',(-10.24785351828,29.809145492467,22.4));
#9865 = CARTESIAN_POINT('',(-10.47419604374,31.067933612077,22.4));
#9866 = CARTESIAN_POINT('',(-10.5909565971,32.250345949474,22.4));
#9867 = CARTESIAN_POINT('',(-10.61323512593,33.386194114341,22.4));
#9868 = CARTESIAN_POINT('',(-10.54807337968,34.476495777513,22.4));
#9869 = CARTESIAN_POINT('',(-10.39390345492,35.550093313185,22.4));
#9870 = CARTESIAN_POINT('',(-10.16466308267,36.551535489985,22.4));
#9871 = CARTESIAN_POINT('',(-9.865360056896,37.508429680137,22.4));
#9872 = CARTESIAN_POINT('',(-9.500817961601,38.422346990747,22.4));
#9873 = CARTESIAN_POINT('',(-9.061296898977,39.316468000727,22.4));
#9874 = CARTESIAN_POINT('',(-8.573483216962,40.145597818599,22.4));
#9875 = CARTESIAN_POINT('',(-8.031759024511,40.934870163346,22.4));
#9876 = CARTESIAN_POINT('',(-7.437884771838,41.685754338355,22.4));
#9877 = CARTESIAN_POINT('',(-6.774393559789,42.41603396861,22.4));
#9878 = CARTESIAN_POINT('',(-6.076210809169,43.088414434146,22.4));
#9879 = CARTESIAN_POINT('',(-5.327567464674,43.723634667703,22.4));
#9880 = CARTESIAN_POINT('',(-4.526841376256,44.321387423441,22.4));
#9881 = CARTESIAN_POINT('',(-3.6488585626,44.892611920748,22.4));
#9882 = CARTESIAN_POINT('',(-2.736476598302,45.405752620677,22.4));
#9883 = CARTESIAN_POINT('',(-1.764262932581,45.875570551521,22.4));
#9884 = CARTESIAN_POINT('',(-0.727551311337,46.298654070009,22.4));
#9885 = CARTESIAN_POINT('',(0.406828990312,46.677074955113,22.4));
#9886 = CARTESIAN_POINT('',(1.585239404088,46.985876833789,22.4));
#9887 = CARTESIAN_POINT('',(2.8440556554,47.232345063664,22.4));
#9888 = CARTESIAN_POINT('',(4.19095431662,47.409247988271,22.4));
#9889 = CARTESIAN_POINT('',(5.668614781671,47.507554513975,22.4));
#9890 = CARTESIAN_POINT('',(7.208340474022,47.51336519804,22.4));
#9891 = CARTESIAN_POINT('',(8.86158053805,47.423316913199,22.4));
#9892 = CARTESIAN_POINT('',(10.639323759191,47.225705795927,22.4));
#9893 = CARTESIAN_POINT('',(12.599371020966,46.896157441672,22.4));
#9894 = CARTESIAN_POINT('',(14.64369550493,46.441861652888,22.4));
#9895 = CARTESIAN_POINT('',(16.877984783365,45.82928049123,22.4));
#9896 = CARTESIAN_POINT('',(19.169502008325,45.098418573464,22.4));
#9897 = CARTESIAN_POINT('',(22.245133304455,43.950457504985,22.4));
#9898 = CARTESIAN_POINT('',(22.877531631162,43.655413765372,22.4));
#9899 = CARTESIAN_POINT('',(24.649818380147,42.918826466513,22.4));
#9900 = PCURVE('',#9632,#9901);
#9901 = DEFINITIONAL_REPRESENTATION('',(#9902),#9906);
#9902 = LINE('',#9903,#9904);
#9903 = CARTESIAN_POINT('',(0.,-22.4));
#9904 = VECTOR('',#9905,1.);
#9905 = DIRECTION('',(1.,0.));
#9906 = ( GEOMETRIC_REPRESENTATION_CONTEXT(2) 
PARAMETRIC_REPRESENTATION_CONTEXT() REPRESENTATION_CONTEXT('2D SPACE',''
  ) );
#9907 = PCURVE('',#66,#9908);
#9908 = DEFINITIONAL_REPRESENTATION('',(#9909),#9960);
#9909 = B_SPLINE_CURVE_WITH_KNOTS('',3,(#9910,#9911,#9912,#9913,#9914,
    #9915,#9916,#9917,#9918,#9919,#9920,#9921,#9922,#9923,#9924,#9925,
    #9926,#9927,#9928,#9929,#9930,#9931,#9932,#9933,#9934,#9935,#9936,
    #9937,#9938,#9939,#9940,#9941,#9942,#9943,#9944,#9945,#9946,#9947,
    #9948,#9949,#9950,#9951,#9952,#9953,#9954,#9955,#9956,#9957,#9958,
    #9959),.UNSPECIFIED.,.F.,.F.,(4,1,1,1,1,1,1,1,1,1,1,1,1,1,1,1,1,1,1,
    1,1,1,1,1,1,1,1,1,1,1,1,1,1,1,1,1,1,1,1,1,1,1,1,1,1,1,1,4),(0.,
    2.766464139392,5.568319295326,8.177275145496,10.425160909405,
    12.698001103747,14.813706991925,16.784063111389,18.483896399813,
    20.207074900357,21.81810245116,23.327840693167,24.640860133639,
    25.985974841284,27.260500260188,28.473662841808,29.546573791048,
    30.665502050481,31.746604132965,32.796723932319,33.744037531687,
    34.751762028128,35.745458780463,36.730106112805,37.635070035337,
    38.615335519513,39.599805338773,40.592877392801,41.521106716853,
    42.54355210237,43.588460947472,44.661307186429,45.681682040739,
    46.825929386569,48.018033969658,49.266638650819,50.477859791669,
    51.863921967174,53.33914083985,54.917675284274,56.480212616324,
    58.303578905337,60.281721918016,62.435877257802,64.600562295301,
    67.15990258556,69.968318443063,73.053194077155),.UNSPECIFIED.);
#9910 = CARTESIAN_POINT('',(5.648892920632,9.977352195207));
#9911 = CARTESIAN_POINT('',(4.917117721303,10.51176149547));
#9912 = CARTESIAN_POINT('',(3.381514033342,11.596778077042));
#9913 = CARTESIAN_POINT('',(1.266192554498,13.303408856845));
#9914 = CARTESIAN_POINT('',(-0.652937544647,14.99157243147));
#9915 = CARTESIAN_POINT('',(-2.357667696025,16.648055361023));
#9916 = CARTESIAN_POINT('',(-3.866947772078,18.266925710132));
#9917 = CARTESIAN_POINT('',(-5.226739915106,19.894280426866));
#9918 = CARTESIAN_POINT('',(-6.37806374135,21.442950179676));
#9919 = CARTESIAN_POINT('',(-7.366530659752,22.945718471064));
#9920 = CARTESIAN_POINT('',(-8.203570555337,24.401366611504));
#9921 = CARTESIAN_POINT('',(-8.916145549059,25.851661036001));
#9922 = CARTESIAN_POINT('',(-9.473628573521,27.221724797273));
#9923 = CARTESIAN_POINT('',(-9.913606364257,28.540333270482));
#9924 = CARTESIAN_POINT('',(-10.24785351828,29.809145492467));
#9925 = CARTESIAN_POINT('',(-10.47419604374,31.067933612077));
#9926 = CARTESIAN_POINT('',(-10.5909565971,32.250345949474));
#9927 = CARTESIAN_POINT('',(-10.61323512593,33.386194114341));
#9928 = CARTESIAN_POINT('',(-10.54807337968,34.476495777513));
#9929 = CARTESIAN_POINT('',(-10.39390345492,35.550093313185));
#9930 = CARTESIAN_POINT('',(-10.16466308267,36.551535489985));
#9931 = CARTESIAN_POINT('',(-9.865360056896,37.508429680137));
#9932 = CARTESIAN_POINT('',(-9.500817961601,38.422346990747));
#9933 = CARTESIAN_POINT('',(-9.061296898977,39.316468000727));
#9934 = CARTESIAN_POINT('',(-8.573483216962,40.145597818599));
#9935 = CARTESIAN_POINT('',(-8.031759024511,40.934870163346));
#9936 = CARTESIAN_POINT('',(-7.437884771838,41.685754338355));
#9937 = CARTESIAN_POINT('',(-6.774393559789,42.41603396861));
#9938 = CARTESIAN_POINT('',(-6.076210809169,43.088414434146));
#9939 = CARTESIAN_POINT('',(-5.327567464674,43.723634667703));
#9940 = CARTESIAN_POINT('',(-4.526841376256,44.321387423441));
#9941 = CARTESIAN_POINT('',(-3.6488585626,44.892611920748));
#9942 = CARTESIAN_POINT('',(-2.736476598302,45.405752620677));
#9943 = CARTESIAN_POINT('',(-1.764262932581,45.875570551521));
#9944 = CARTESIAN_POINT('',(-0.727551311337,46.298654070009));
#9945 = CARTESIAN_POINT('',(0.406828990312,46.677074955113));
#9946 = CARTESIAN_POINT('',(1.585239404088,46.985876833789));
#9947 = CARTESIAN_POINT('',(2.8440556554,47.232345063664));
#9948 = CARTESIAN_POINT('',(4.19095431662,47.409247988271));
#9949 = CARTESIAN_POINT('',(5.668614781671,47.507554513975));
#9950 = CARTESIAN_POINT('',(7.208340474022,47.51336519804));
#9951 = CARTESIAN_POINT('',(8.86158053805,47.423316913199));
#9952 = CARTESIAN_POINT('',(10.639323759191,47.225705795927));
#9953 = CARTESIAN_POINT('',(12.599371020966,46.896157441672));
#9954 = CARTESIAN_POINT('',(14.64369550493,46.441861652888));
#9955 = CARTESIAN_POINT('',(16.877984783365,45.82928049123));
#9956 = CARTESIAN_POINT('',(19.169502008325,45.098418573464));
#9957 = CARTESIAN_POINT('',(22.245133304455,43.950457504985));
#9958 = CARTESIAN_POINT('',(22.877531631162,43.655413765372));
#9959 = CARTESIAN_POINT('',(24.649818380147,42.918826466513));
#9960 = ( GEOMETRIC_REPRESENTATION_CONTEXT(2) 
PARAMETRIC_REPRESENTATION_CONTEXT() REPRESENTATION_CONTEXT('2D SPACE',''
  ) );
#9961 = ORIENTED_EDGE('',*,*,#9609,.F.);
#9962 = ORIENTED_EDGE('',*,*,#9963,.F.);
#9963 = EDGE_CURVE('',#9818,#9610,#9964,.T.);
#9964 = SURFACE_CURVE('',#9965,(#10016,#10023),.PCURVE_S1.);
#9965 = B_SPLINE_CURVE_WITH_KNOTS('',3,(#9966,#9967,#9968,#9969,#9970,
    #9971,#9972,#9973,#9974,#9975,#9976,#9977,#9978,#9979,#9980,#9981,
    #9982,#9983,#9984,#9985,#9986,#9987,#9988,#9989,#9990,#9991,#9992,
    #9993,#9994,#9995,#9996,#9997,#9998,#9999,#10000,#10001,#10002,
    #10003,#10004,#10005,#10006,#10007,#10008,#10009,#10010,#10011,
    #10012,#10013,#10014,#10015),.UNSPECIFIED.,.F.,.F.,(4,1,1,1,1,1,1,1,
    1,1,1,1,1,1,1,1,1,1,1,1,1,1,1,1,1,1,1,1,1,1,1,1,1,1,1,1,1,1,1,1,1,1,
    1,1,1,1,1,4),(0.,2.766464139392,5.568319295326,8.177275145496,
    10.425160909405,12.698001103747,14.813706991925,16.784063111389,
    18.483896399813,20.207074900357,21.81810245116,23.327840693167,
    24.640860133639,25.985974841284,27.260500260188,28.473662841808,
    29.546573791048,30.665502050481,31.746604132965,32.796723932319,
    33.744037531687,34.751762028128,35.745458780463,36.730106112805,
    37.635070035337,38.615335519513,39.599805338773,40.592877392801,
    41.521106716853,42.54355210237,43.588460947472,44.661307186429,
    45.681682040739,46.825929386569,48.018033969658,49.266638650819,
    50.477859791669,51.863921967174,53.33914083985,54.917675284274,
    56.480212616324,58.303578905337,60.281721918016,62.435877257802,
    64.600562295301,67.15990258556,69.968318443063,73.053194077155),
  .UNSPECIFIED.);
#9966 = CARTESIAN_POINT('',(5.648892920632,9.977352195207,0.));
#9967 = CARTESIAN_POINT('',(4.917117721303,10.51176149547,0.));
#9968 = CARTESIAN_POINT('',(3.381514033342,11.596778077042,0.));
#9969 = CARTESIAN_POINT('',(1.266192554498,13.303408856845,0.));
#9970 = CARTESIAN_POINT('',(-0.652937544647,14.99157243147,0.));
#9971 = CARTESIAN_POINT('',(-2.357667696025,16.648055361023,0.));
#9972 = CARTESIAN_POINT('',(-3.866947772078,18.266925710132,0.));
#9973 = CARTESIAN_POINT('',(-5.226739915106,19.894280426866,0.));
#9974 = CARTESIAN_POINT('',(-6.37806374135,21.442950179676,0.));
#9975 = CARTESIAN_POINT('',(-7.366530659752,22.945718471064,0.));
#9976 = CARTESIAN_POINT('',(-8.203570555337,24.401366611504,0.));
#9977 = CARTESIAN_POINT('',(-8.916145549059,25.851661036001,0.));
#9978 = CARTESIAN_POINT('',(-9.473628573521,27.221724797273,0.));
#9979 = CARTESIAN_POINT('',(-9.913606364257,28.540333270482,0.));
#9980 = CARTESIAN_POINT('',(-10.24785351828,29.809145492467,0.));
#9981 = CARTESIAN_POINT('',(-10.47419604374,31.067933612077,0.));
#9982 = CARTESIAN_POINT('',(-10.5909565971,32.250345949474,0.));
#9983 = CARTESIAN_POINT('',(-10.61323512593,33.386194114341,0.));
#9984 = CARTESIAN_POINT('',(-10.54807337968,34.476495777513,0.));
#9985 = CARTESIAN_POINT('',(-10.39390345492,35.550093313185,0.));
#9986 = CARTESIAN_POINT('',(-10.16466308267,36.551535489985,0.));
#9987 = CARTESIAN_POINT('',(-9.865360056896,37.508429680137,0.));
#9988 = CARTESIAN_POINT('',(-9.500817961601,38.422346990747,0.));
#9989 = CARTESIAN_POINT('',(-9.061296898977,39.316468000727,0.));
#9990 = CARTESIAN_POINT('',(-8.573483216962,40.145597818599,0.));
#9991 = CARTESIAN_POINT('',(-8.031759024511,40.934870163346,0.));
#9992 = CARTESIAN_POINT('',(-7.437884771838,41.685754338355,0.));
#9993 = CARTESIAN_POINT('',(-6.774393559789,42.41603396861,0.));
#9994 = CARTESIAN_POINT('',(-6.076210809169,43.088414434146,0.));
#9995 = CARTESIAN_POINT('',(-5.327567464674,43.723634667703,0.));
#9996 = CARTESIAN_POINT('',(-4.526841376256,44.321387423441,0.));
#9997 = CARTESIAN_POINT('',(-3.6488585626,44.892611920748,0.));
#9998 = CARTESIAN_POINT('',(-2.736476598302,45.405752620677,0.));
#9999 = CARTESIAN_POINT('',(-1.764262932581,45.875570551521,0.));
#10000 = CARTESIAN_POINT('',(-0.727551311337,46.298654070009,0.));
#10001 = CARTESIAN_POINT('',(0.406828990312,46.677074955113,0.));
#10002 = CARTESIAN_POINT('',(1.585239404088,46.985876833789,0.));
#10003 = CARTESIAN_POINT('',(2.8440556554,47.232345063664,0.));
#10004 = CARTESIAN_POINT('',(4.19095431662,47.409247988271,0.));
#10005 = CARTESIAN_POINT('',(5.668614781671,47.507554513975,0.));
#10006 = CARTESIAN_POINT('',(7.208340474022,47.51336519804,0.));
#10007 = CARTESIAN_POINT('',(8.86158053805,47.423316913199,0.));
#10008 = CARTESIAN_POINT('',(10.639323759191,47.225705795927,0.));
#10009 = CARTESIAN_POINT('',(12.599371020966,46.896157441672,0.));
#10010 = CARTESIAN_POINT('',(14.64369550493,46.441861652888,0.));
#10011 = CARTESIAN_POINT('',(16.877984783365,45.82928049123,0.));
#10012 = CARTESIAN_POINT('',(19.169502008325,45.098418573464,0.));
#10013 = CARTESIAN_POINT('',(22.245133304455,43.950457504985,0.));
#10014 = CARTESIAN_POINT('',(22.877531631162,43.655413765372,0.));
#10015 = CARTESIAN_POINT('',(24.649818380147,42.918826466513,0.));
#10016 = PCURVE('',#9632,#10017);
#10017 = DEFINITIONAL_REPRESENTATION('',(#10018),#10022);
#10018 = LINE('',#10019,#10020);
#10019 = CARTESIAN_POINT('',(0.,0.));
#10020 = VECTOR('',#10021,1.);
#10021 = DIRECTION('',(1.,0.));
#10022 = ( GEOMETRIC_REPRESENTATION_CONTEXT(2) 
PARAMETRIC_REPRESENTATION_CONTEXT() REPRESENTATION_CONTEXT('2D SPACE',''
  ) );
#10023 = PCURVE('',#94,#10024);
#10024 = DEFINITIONAL_REPRESENTATION('',(#10025),#10076);
#10025 = B_SPLINE_CURVE_WITH_KNOTS('',3,(#10026,#10027,#10028,#10029,
    #10030,#10031,#10032,#10033,#10034,#10035,#10036,#10037,#10038,
    #10039,#10040,#10041,#10042,#10043,#10044,#10045,#10046,#10047,
    #10048,#10049,#10050,#10051,#10052,#10053,#10054,#10055,#10056,
    #10057,#10058,#10059,#10060,#10061,#10062,#10063,#10064,#10065,
    #10066,#10067,#10068,#10069,#10070,#10071,#10072,#10073,#10074,
    #10075),.UNSPECIFIED.,.F.,.F.,(4,1,1,1,1,1,1,1,1,1,1,1,1,1,1,1,1,1,1
    ,1,1,1,1,1,1,1,1,1,1,1,1,1,1,1,1,1,1,1,1,1,1,1,1,1,1,1,1,4),(0.,
    2.766464139392,5.568319295326,8.177275145496,10.425160909405,
    12.698001103747,14.813706991925,16.784063111389,18.483896399813,
    20.207074900357,21.81810245116,23.327840693167,24.640860133639,
    25.985974841284,27.260500260188,28.473662841808,29.546573791048,
    30.665502050481,31.746604132965,32.796723932319,33.744037531687,
    34.751762028128,35.745458780463,36.730106112805,37.635070035337,
    38.615335519513,39.599805338773,40.592877392801,41.521106716853,
    42.54355210237,43.588460947472,44.661307186429,45.681682040739,
    46.825929386569,48.018033969658,49.266638650819,50.477859791669,
    51.863921967174,53.33914083985,54.917675284274,56.480212616324,
    58.303578905337,60.281721918016,62.435877257802,64.600562295301,
    67.15990258556,69.968318443063,73.053194077155),.UNSPECIFIED.);
#10026 = CARTESIAN_POINT('',(5.648892920632,9.977352195207));
#10027 = CARTESIAN_POINT('',(4.917117721303,10.51176149547));
#10028 = CARTESIAN_POINT('',(3.381514033342,11.596778077042));
#10029 = CARTESIAN_POINT('',(1.266192554498,13.303408856845));
#10030 = CARTESIAN_POINT('',(-0.652937544647,14.99157243147));
#10031 = CARTESIAN_POINT('',(-2.357667696025,16.648055361023));
#10032 = CARTESIAN_POINT('',(-3.866947772078,18.266925710132));
#10033 = CARTESIAN_POINT('',(-5.226739915106,19.894280426866));
#10034 = CARTESIAN_POINT('',(-6.37806374135,21.442950179676));
#10035 = CARTESIAN_POINT('',(-7.366530659752,22.945718471064));
#10036 = CARTESIAN_POINT('',(-8.203570555337,24.401366611504));
#10037 = CARTESIAN_POINT('',(-8.916145549059,25.851661036001));
#10038 = CARTESIAN_POINT('',(-9.473628573521,27.221724797273));
#10039 = CARTESIAN_POINT('',(-9.913606364257,28.540333270482));
#10040 = CARTESIAN_POINT('',(-10.24785351828,29.809145492467));
#10041 = CARTESIAN_POINT('',(-10.47419604374,31.067933612077));
#10042 = CARTESIAN_POINT('',(-10.5909565971,32.250345949474));
#10043 = CARTESIAN_POINT('',(-10.61323512593,33.386194114341));
#10044 = CARTESIAN_POINT('',(-10.54807337968,34.476495777513));
#10045 = CARTESIAN_POINT('',(-10.39390345492,35.550093313185));
#10046 = CARTESIAN_POINT('',(-10.16466308267,36.551535489985));
#10047 = CARTESIAN_POINT('',(-9.865360056896,37.508429680137));
#10048 = CARTESIAN_POINT('',(-9.500817961601,38.422346990747));
#10049 = CARTESIAN_POINT('',(-9.061296898977,39.316468000727));
#10050 = CARTESIAN_POINT('',(-8.573483216962,40.145597818599));
#10051 = CARTESIAN_POINT('',(-8.031759024511,40.934870163346));
#10052 = CARTESIAN_POINT('',(-7.437884771838,41.685754338355));
#10053 = CARTESIAN_POINT('',(-6.774393559789,42.41603396861));
#10054 = CARTESIAN_POINT('',(-6.076210809169,43.088414434146));
#10055 = CARTESIAN_POINT('',(-5.327567464674,43.723634667703));
#10056 = CARTESIAN_POINT('',(-4.526841376256,44.321387423441));
#10057 = CARTESIAN_POINT('',(-3.6488585626,44.892611920748));
#10058 = CARTESIAN_POINT('',(-2.736476598302,45.405752620677));
#10059 = CARTESIAN_POINT('',(-1.764262932581,45.875570551521));
#10060 = CARTESIAN_POINT('',(-0.727551311337,46.298654070009));
#10061 = CARTESIAN_POINT('',(0.406828990312,46.677074955113));
#10062 = CARTESIAN_POINT('',(1.585239404088,46.985876833789));
#10063 = CARTESIAN_POINT('',(2.8440556554,47.232345063664));
#10064 = CARTESIAN_POINT('',(4.19095431662,47.409247988271));
#10065 = CARTESIAN_POINT('',(5.668614781671,47.507554513975));
#10066 = CARTESIAN_POINT('',(7.208340474022,47.51336519804));
#10067 = CARTESIAN_POINT('',(8.86158053805,47.423316913199));
#10068 = CARTESIAN_POINT('',(10.639323759191,47.225705795927));
#10069 = CARTESIAN_POINT('',(12.599371020966,46.896157441672));
#10070 = CARTESIAN_POINT('',(14.64369550493,46.441861652888));
#10071 = CARTESIAN_POINT('',(16.877984783365,45.82928049123));
#10072 = CARTESIAN_POINT('',(19.169502008325,45.098418573464));
#10073 = CARTESIAN_POINT('',(22.245133304455,43.950457504985));
#10074 = CARTESIAN_POINT('',(22.877531631162,43.655413765372));
#10075 = CARTESIAN_POINT('',(24.649818380147,42.918826466513));
#10076 = ( GEOMETRIC_REPRESENTATION_CONTEXT(2) 
PARAMETRIC_REPRESENTATION_CONTEXT() REPRESENTATION_CONTEXT('2D SPACE',''
  ) );
#10077 = ADVANCED_FACE('',(#10078),#9835,.T.);
#10078 = FACE_BOUND('',#10079,.T.);
#10079 = EDGE_LOOP('',(#10080,#10206,#10227,#10228));
#10080 = ORIENTED_EDGE('',*,*,#10081,.T.);
#10081 = EDGE_CURVE('',#10082,#10084,#10086,.T.);
#10082 = VERTEX_POINT('',#10083);
#10083 = CARTESIAN_POINT('',(9.659132507772E-02,13.934913076131,0.));
#10084 = VERTEX_POINT('',#10085);
#10085 = CARTESIAN_POINT('',(9.659132507772E-02,13.934913076131,22.4));
#10086 = SURFACE_CURVE('',#10087,(#10091,#10098),.PCURVE_S1.);
#10087 = LINE('',#10088,#10089);
#10088 = CARTESIAN_POINT('',(9.659132507772E-02,13.934913076131,0.));
#10089 = VECTOR('',#10090,1.);
#10090 = DIRECTION('',(0.,0.,1.));
#10091 = PCURVE('',#9835,#10092);
#10092 = DEFINITIONAL_REPRESENTATION('',(#10093),#10097);
#10093 = LINE('',#10094,#10095);
#10094 = CARTESIAN_POINT('',(0.,0.));
#10095 = VECTOR('',#10096,1.);
#10096 = DIRECTION('',(0.,-1.));
#10097 = ( GEOMETRIC_REPRESENTATION_CONTEXT(2) 
PARAMETRIC_REPRESENTATION_CONTEXT() REPRESENTATION_CONTEXT('2D SPACE',''
  ) );
#10098 = PCURVE('',#10099,#10200);
#10099 = B_SPLINE_SURFACE_WITH_KNOTS('',3,1,(
    (#10100,#10101)
    ,(#10102,#10103)
    ,(#10104,#10105)
    ,(#10106,#10107)
    ,(#10108,#10109)
    ,(#10110,#10111)
    ,(#10112,#10113)
    ,(#10114,#10115)
    ,(#10116,#10117)
    ,(#10118,#10119)
    ,(#10120,#10121)
    ,(#10122,#10123)
    ,(#10124,#10125)
    ,(#10126,#10127)
    ,(#10128,#10129)
    ,(#10130,#10131)
    ,(#10132,#10133)
    ,(#10134,#10135)
    ,(#10136,#10137)
    ,(#10138,#10139)
    ,(#10140,#10141)
    ,(#10142,#10143)
    ,(#10144,#10145)
    ,(#10146,#10147)
    ,(#10148,#10149)
    ,(#10150,#10151)
    ,(#10152,#10153)
    ,(#10154,#10155)
    ,(#10156,#10157)
    ,(#10158,#10159)
    ,(#10160,#10161)
    ,(#10162,#10163)
    ,(#10164,#10165)
    ,(#10166,#10167)
    ,(#10168,#10169)
    ,(#10170,#10171)
    ,(#10172,#10173)
    ,(#10174,#10175)
    ,(#10176,#10177)
    ,(#10178,#10179)
    ,(#10180,#10181)
    ,(#10182,#10183)
    ,(#10184,#10185)
    ,(#10186,#10187)
    ,(#10188,#10189)
    ,(#10190,#10191)
    ,(#10192,#10193)
    ,(#10194,#10195)
    ,(#10196,#10197)
    ,(#10198,#10199
    )),.UNSPECIFIED.,.F.,.F.,.F.,(4,1,1,1,1,1,1,1,1,1,1,1,1,1,1,1,1,1,1,
    1,1,1,1,1,1,1,1,1,1,1,1,1,1,1,1,1,1,1,1,1,1,1,1,1,1,1,1,4),(2,2),(0.
    ,3.010134173011,5.734866089906,8.204243200285,10.280216915947,
    12.332164523515,14.201956865391,15.911237845672,17.363900720308,
    18.819208714806,20.167747400886,21.42468716853,22.515414853025,
    23.632925452475,24.694050367351,25.707901186754,26.608581862701,
    27.552388564938,28.468532489134,29.361872223827,30.169943636586,
    31.030962627216,31.880548884696,32.72227944396,33.495545472128,
    34.332992621126,35.174663745336,36.025783427864,36.825011523752,
    37.711824801461,38.627874308414,39.58148948206,40.502911686362,
    41.554574841448,42.671594637474,43.864256147866,45.041219012251,
    46.408073524505,47.880684921353,49.469922617188,51.049935999727,
    52.894334824252,54.887680127977,57.041280206621,59.18142193199,
    61.675679145654,64.364419403117,67.031728548195),(-22.4,0.),
  .UNSPECIFIED.);
#10100 = CARTESIAN_POINT('',(0.112044317377,47.50629678931,22.4));
#10101 = CARTESIAN_POINT('',(0.112044317377,47.50629678931,0.));
#10102 = CARTESIAN_POINT('',(-0.867145985927,47.378605176017,22.4));
#10103 = CARTESIAN_POINT('',(-0.867145985927,47.378605176017,0.));
#10104 = CARTESIAN_POINT('',(-2.789167280934,47.157240471303,22.4));
#10105 = CARTESIAN_POINT('',(-2.789167280934,47.157240471303,0.));
#10106 = CARTESIAN_POINT('',(-5.476471585653,46.689093504147,22.4));
#10107 = CARTESIAN_POINT('',(-5.476471585653,46.689093504147,0.));
#10108 = CARTESIAN_POINT('',(-7.848475237921,46.180738326391,22.4));
#10109 = CARTESIAN_POINT('',(-7.848475237921,46.180738326391,0.));
#10110 = CARTESIAN_POINT('',(-9.975558559665,45.621165975043,22.4));
#10111 = CARTESIAN_POINT('',(-9.975558559665,45.621165975043,0.));
#10112 = CARTESIAN_POINT('',(-11.88382984293,45.021767225061,22.4));
#10113 = CARTESIAN_POINT('',(-11.88382984293,45.021767225061,0.));
#10114 = CARTESIAN_POINT('',(-13.64327436068,44.365370847082,22.4));
#10115 = CARTESIAN_POINT('',(-13.64327436068,44.365370847082,0.));
#10116 = CARTESIAN_POINT('',(-15.18054278429,43.692245683265,22.4));
#10117 = CARTESIAN_POINT('',(-15.18054278429,43.692245683265,0.));
#10118 = CARTESIAN_POINT('',(-16.5540447889,42.996125865202,22.4));
#10119 = CARTESIAN_POINT('',(-16.5540447889,42.996125865202,0.));
#10120 = CARTESIAN_POINT('',(-17.78099451573,42.28178489339,22.4));
#10121 = CARTESIAN_POINT('',(-17.78099451573,42.28178489339,0.));
#10122 = CARTESIAN_POINT('',(-18.90657583563,41.528309601515,22.4));
#10123 = CARTESIAN_POINT('',(-18.90657583563,41.528309601515,0.));
#10124 = CARTESIAN_POINT('',(-19.88506061512,40.77816037445,22.4));
#10125 = CARTESIAN_POINT('',(-19.88506061512,40.77816037445,0.));
#10126 = CARTESIAN_POINT('',(-20.75634719976,40.018822635305,22.4));
#10127 = CARTESIAN_POINT('',(-20.75634719976,40.018822635305,0.));
#10128 = CARTESIAN_POINT('',(-21.53181991634,39.252001177527,22.4));
#10129 = CARTESIAN_POINT('',(-21.53181991634,39.252001177527,0.));
#10130 = CARTESIAN_POINT('',(-22.23824036849,38.455118626687,22.4));
#10131 = CARTESIAN_POINT('',(-22.23824036849,38.455118626687,0.));
#10132 = CARTESIAN_POINT('',(-22.84666151334,37.670844465421,22.4));
#10133 = CARTESIAN_POINT('',(-22.84666151334,37.670844465421,0.));
#10134 = CARTESIAN_POINT('',(-23.38266359922,36.882464459251,22.4));
#10135 = CARTESIAN_POINT('',(-23.38266359922,36.882464459251,0.));
#10136 = CARTESIAN_POINT('',(-23.85209589851,36.090240930542,22.4));
#10137 = CARTESIAN_POINT('',(-23.85209589851,36.090240930542,0.));
#10138 = CARTESIAN_POINT('',(-24.26838895294,35.2716182404,22.4));
#10139 = CARTESIAN_POINT('',(-24.26838895294,35.2716182404,0.));
#10140 = CARTESIAN_POINT('',(-24.61321484189,34.469457333306,22.4));
#10141 = CARTESIAN_POINT('',(-24.61321484189,34.469457333306,0.));
#10142 = CARTESIAN_POINT('',(-24.90115169002,33.664781375549,22.4));
#10143 = CARTESIAN_POINT('',(-24.90115169002,33.664781375549,0.));
#10144 = CARTESIAN_POINT('',(-25.13390222152,32.857484457088,22.4));
#10145 = CARTESIAN_POINT('',(-25.13390222152,32.857484457088,0.));
#10146 = CARTESIAN_POINT('',(-25.31471719703,32.025488796271,22.4));
#10147 = CARTESIAN_POINT('',(-25.31471719703,32.025488796271,0.));
#10148 = CARTESIAN_POINT('',(-25.43405364616,31.211997089044,22.4));
#10149 = CARTESIAN_POINT('',(-25.43405364616,31.211997089044,0.));
#10150 = CARTESIAN_POINT('',(-25.4977897284,30.396429492387,22.4));
#10151 = CARTESIAN_POINT('',(-25.4977897284,30.396429492387,0.));
#10152 = CARTESIAN_POINT('',(-25.50457377154,29.578244309047,22.4));
#10153 = CARTESIAN_POINT('',(-25.50457377154,29.578244309047,0.));
#10154 = CARTESIAN_POINT('',(-25.44834800186,28.7358986742,22.4));
#10155 = CARTESIAN_POINT('',(-25.44834800186,28.7358986742,0.));
#10156 = CARTESIAN_POINT('',(-25.32900449697,27.912965863135,22.4));
#10157 = CARTESIAN_POINT('',(-25.32900449697,27.912965863135,0.));
#10158 = CARTESIAN_POINT('',(-25.14390693436,27.086977756782,22.4));
#10159 = CARTESIAN_POINT('',(-25.14390693436,27.086977756782,0.));
#10160 = CARTESIAN_POINT('',(-24.88844777048,26.257054110686,22.4));
#10161 = CARTESIAN_POINT('',(-24.88844777048,26.257054110686,0.));
#10162 = CARTESIAN_POINT('',(-24.54633610292,25.40317303539,22.4));
#10163 = CARTESIAN_POINT('',(-24.54633610292,25.40317303539,0.));
#10164 = CARTESIAN_POINT('',(-24.12945797872,24.570221961615,22.4));
#10165 = CARTESIAN_POINT('',(-24.12945797872,24.570221961615,0.));
#10166 = CARTESIAN_POINT('',(-23.62455827449,23.73441880244,22.4));
#10167 = CARTESIAN_POINT('',(-23.62455827449,23.73441880244,0.));
#10168 = CARTESIAN_POINT('',(-23.02370237878,22.896348770442,22.4));
#10169 = CARTESIAN_POINT('',(-23.02370237878,22.896348770442,0.));
#10170 = CARTESIAN_POINT('',(-22.29895895778,22.040430936586,22.4));
#10171 = CARTESIAN_POINT('',(-22.29895895778,22.040430936586,0.));
#10172 = CARTESIAN_POINT('',(-21.4823540246,21.211718502075,22.4));
#10173 = CARTESIAN_POINT('',(-21.4823540246,21.211718502075,0.));
#10174 = CARTESIAN_POINT('',(-20.53907837348,20.396570941608,22.4));
#10175 = CARTESIAN_POINT('',(-20.53907837348,20.396570941608,0.));
#10176 = CARTESIAN_POINT('',(-19.46246005504,19.598806375332,22.4));
#10177 = CARTESIAN_POINT('',(-19.46246005504,19.598806375332,0.));
#10178 = CARTESIAN_POINT('',(-18.21914766577,18.800959350008,22.4));
#10179 = CARTESIAN_POINT('',(-18.21914766577,18.800959350008,0.));
#10180 = CARTESIAN_POINT('',(-16.86372400721,18.052456378211,22.4));
#10181 = CARTESIAN_POINT('',(-16.86372400721,18.052456378211,0.));
#10182 = CARTESIAN_POINT('',(-15.35433410195,17.332908165115,22.4));
#10183 = CARTESIAN_POINT('',(-15.35433410195,17.332908165115,0.));
#10184 = CARTESIAN_POINT('',(-13.68154318819,16.650398469633,22.4));
#10185 = CARTESIAN_POINT('',(-13.68154318819,16.650398469633,0.));
#10186 = CARTESIAN_POINT('',(-11.7902920039,16.001691977485,22.4));
#10187 = CARTESIAN_POINT('',(-11.7902920039,16.001691977485,0.));
#10188 = CARTESIAN_POINT('',(-9.778497430159,15.430186626944,22.4));
#10189 = CARTESIAN_POINT('',(-9.778497430159,15.430186626944,0.));
#10190 = CARTESIAN_POINT('',(-7.55174154643,14.91911532609,22.4));
#10191 = CARTESIAN_POINT('',(-7.55174154643,14.91911532609,0.));
#10192 = CARTESIAN_POINT('',(-5.242708683599,14.4963157594,22.4));
#10193 = CARTESIAN_POINT('',(-5.242708683599,14.4963157594,0.));
#10194 = CARTESIAN_POINT('',(-2.259005341862,14.1111192811,22.4));
#10195 = CARTESIAN_POINT('',(-2.259005341862,14.1111192811,0.));
#10196 = CARTESIAN_POINT('',(-1.452824247307,14.069551089127,22.4));
#10197 = CARTESIAN_POINT('',(-1.452824247307,14.069551089127,0.));
#10198 = CARTESIAN_POINT('',(9.659132507772E-02,13.934913076131,22.4));
#10199 = CARTESIAN_POINT('',(9.659132507772E-02,13.934913076131,0.));
#10200 = DEFINITIONAL_REPRESENTATION('',(#10201),#10205);
#10201 = LINE('',#10202,#10203);
#10202 = CARTESIAN_POINT('',(67.031728548195,0.));
#10203 = VECTOR('',#10204,1.);
#10204 = DIRECTION('',(0.,-1.));
#10205 = ( GEOMETRIC_REPRESENTATION_CONTEXT(2) 
PARAMETRIC_REPRESENTATION_CONTEXT() REPRESENTATION_CONTEXT('2D SPACE',''
  ) );
#10206 = ORIENTED_EDGE('',*,*,#10207,.T.);
#10207 = EDGE_CURVE('',#10084,#9820,#10208,.T.);
#10208 = SURFACE_CURVE('',#10209,(#10213,#10220),.PCURVE_S1.);
#10209 = LINE('',#10210,#10211);
#10210 = CARTESIAN_POINT('',(9.659132507772E-02,13.934913076131,22.4));
#10211 = VECTOR('',#10212,1.);
#10212 = DIRECTION('',(0.842872595724,-0.538113173392,0.));
#10213 = PCURVE('',#9835,#10214);
#10214 = DEFINITIONAL_REPRESENTATION('',(#10215),#10219);
#10215 = LINE('',#10216,#10217);
#10216 = CARTESIAN_POINT('',(0.,-22.4));
#10217 = VECTOR('',#10218,1.);
#10218 = DIRECTION('',(1.,0.));
#10219 = ( GEOMETRIC_REPRESENTATION_CONTEXT(2) 
PARAMETRIC_REPRESENTATION_CONTEXT() REPRESENTATION_CONTEXT('2D SPACE',''
  ) );
#10220 = PCURVE('',#66,#10221);
#10221 = DEFINITIONAL_REPRESENTATION('',(#10222),#10226);
#10222 = LINE('',#10223,#10224);
#10223 = CARTESIAN_POINT('',(9.659132507773E-02,13.934913076131));
#10224 = VECTOR('',#10225,1.);
#10225 = DIRECTION('',(0.842872595724,-0.538113173392));
#10226 = ( GEOMETRIC_REPRESENTATION_CONTEXT(2) 
PARAMETRIC_REPRESENTATION_CONTEXT() REPRESENTATION_CONTEXT('2D SPACE',''
  ) );
#10227 = ORIENTED_EDGE('',*,*,#9817,.F.);
#10228 = ORIENTED_EDGE('',*,*,#10229,.F.);
#10229 = EDGE_CURVE('',#10082,#9818,#10230,.T.);
#10230 = SURFACE_CURVE('',#10231,(#10235,#10242),.PCURVE_S1.);
#10231 = LINE('',#10232,#10233);
#10232 = CARTESIAN_POINT('',(9.659132507772E-02,13.934913076131,0.));
#10233 = VECTOR('',#10234,1.);
#10234 = DIRECTION('',(0.842872595724,-0.538113173392,0.));
#10235 = PCURVE('',#9835,#10236);
#10236 = DEFINITIONAL_REPRESENTATION('',(#10237),#10241);
#10237 = LINE('',#10238,#10239);
#10238 = CARTESIAN_POINT('',(0.,0.));
#10239 = VECTOR('',#10240,1.);
#10240 = DIRECTION('',(1.,0.));
#10241 = ( GEOMETRIC_REPRESENTATION_CONTEXT(2) 
PARAMETRIC_REPRESENTATION_CONTEXT() REPRESENTATION_CONTEXT('2D SPACE',''
  ) );
#10242 = PCURVE('',#94,#10243);
#10243 = DEFINITIONAL_REPRESENTATION('',(#10244),#10248);
#10244 = LINE('',#10245,#10246);
#10245 = CARTESIAN_POINT('',(9.659132507773E-02,13.934913076131));
#10246 = VECTOR('',#10247,1.);
#10247 = DIRECTION('',(0.842872595724,-0.538113173392));
#10248 = ( GEOMETRIC_REPRESENTATION_CONTEXT(2) 
PARAMETRIC_REPRESENTATION_CONTEXT() REPRESENTATION_CONTEXT('2D SPACE',''
  ) );
#10249 = ADVANCED_FACE('',(#10250),#10099,.T.);
#10250 = FACE_BOUND('',#10251,.T.);
#10251 = EDGE_LOOP('',(#10252,#10277,#10392,#10393));
#10252 = ORIENTED_EDGE('',*,*,#10253,.T.);
#10253 = EDGE_CURVE('',#10254,#10256,#10258,.T.);
#10254 = VERTEX_POINT('',#10255);
#10255 = CARTESIAN_POINT('',(0.112044317377,47.50629678931,0.));
#10256 = VERTEX_POINT('',#10257);
#10257 = CARTESIAN_POINT('',(0.112044317377,47.50629678931,22.4));
#10258 = SURFACE_CURVE('',#10259,(#10263,#10270),.PCURVE_S1.);
#10259 = LINE('',#10260,#10261);
#10260 = CARTESIAN_POINT('',(0.112044317377,47.50629678931,0.));
#10261 = VECTOR('',#10262,1.);
#10262 = DIRECTION('',(0.,0.,1.));
#10263 = PCURVE('',#10099,#10264);
#10264 = DEFINITIONAL_REPRESENTATION('',(#10265),#10269);
#10265 = LINE('',#10266,#10267);
#10266 = CARTESIAN_POINT('',(0.,0.));
#10267 = VECTOR('',#10268,1.);
#10268 = DIRECTION('',(0.,-1.));
#10269 = ( GEOMETRIC_REPRESENTATION_CONTEXT(2) 
PARAMETRIC_REPRESENTATION_CONTEXT() REPRESENTATION_CONTEXT('2D SPACE',''
  ) );
#10270 = PCURVE('',#9780,#10271);
#10271 = DEFINITIONAL_REPRESENTATION('',(#10272),#10276);
#10272 = LINE('',#10273,#10274);
#10273 = CARTESIAN_POINT('',(5.343068391945,0.));
#10274 = VECTOR('',#10275,1.);
#10275 = DIRECTION('',(0.,-1.));
#10276 = ( GEOMETRIC_REPRESENTATION_CONTEXT(2) 
PARAMETRIC_REPRESENTATION_CONTEXT() REPRESENTATION_CONTEXT('2D SPACE',''
  ) );
#10277 = ORIENTED_EDGE('',*,*,#10278,.T.);
#10278 = EDGE_CURVE('',#10256,#10084,#10279,.T.);
#10279 = SURFACE_CURVE('',#10280,(#10331,#10338),.PCURVE_S1.);
#10280 = B_SPLINE_CURVE_WITH_KNOTS('',3,(#10281,#10282,#10283,#10284,
    #10285,#10286,#10287,#10288,#10289,#10290,#10291,#10292,#10293,
    #10294,#10295,#10296,#10297,#10298,#10299,#10300,#10301,#10302,
    #10303,#10304,#10305,#10306,#10307,#10308,#10309,#10310,#10311,
    #10312,#10313,#10314,#10315,#10316,#10317,#10318,#10319,#10320,
    #10321,#10322,#10323,#10324,#10325,#10326,#10327,#10328,#10329,
    #10330),.UNSPECIFIED.,.F.,.F.,(4,1,1,1,1,1,1,1,1,1,1,1,1,1,1,1,1,1,1
    ,1,1,1,1,1,1,1,1,1,1,1,1,1,1,1,1,1,1,1,1,1,1,1,1,1,1,1,1,4),(0.,
    3.010134173011,5.734866089906,8.204243200285,10.280216915947,
    12.332164523515,14.201956865391,15.911237845672,17.363900720308,
    18.819208714806,20.167747400886,21.42468716853,22.515414853025,
    23.632925452475,24.694050367351,25.707901186754,26.608581862701,
    27.552388564938,28.468532489134,29.361872223827,30.169943636586,
    31.030962627216,31.880548884696,32.72227944396,33.495545472128,
    34.332992621126,35.174663745336,36.025783427864,36.825011523752,
    37.711824801461,38.627874308414,39.58148948206,40.502911686362,
    41.554574841448,42.671594637474,43.864256147866,45.041219012251,
    46.408073524505,47.880684921353,49.469922617188,51.049935999727,
    52.894334824252,54.887680127977,57.041280206621,59.18142193199,
    61.675679145654,64.364419403117,67.031728548195),.UNSPECIFIED.);
#10281 = CARTESIAN_POINT('',(0.112044317377,47.50629678931,22.4));
#10282 = CARTESIAN_POINT('',(-0.867145985927,47.378605176017,22.4));
#10283 = CARTESIAN_POINT('',(-2.789167280934,47.157240471303,22.4));
#10284 = CARTESIAN_POINT('',(-5.476471585653,46.689093504147,22.4));
#10285 = CARTESIAN_POINT('',(-7.848475237921,46.180738326391,22.4));
#10286 = CARTESIAN_POINT('',(-9.975558559665,45.621165975043,22.4));
#10287 = CARTESIAN_POINT('',(-11.88382984293,45.021767225061,22.4));
#10288 = CARTESIAN_POINT('',(-13.64327436068,44.365370847082,22.4));
#10289 = CARTESIAN_POINT('',(-15.18054278429,43.692245683265,22.4));
#10290 = CARTESIAN_POINT('',(-16.5540447889,42.996125865202,22.4));
#10291 = CARTESIAN_POINT('',(-17.78099451573,42.28178489339,22.4));
#10292 = CARTESIAN_POINT('',(-18.90657583563,41.528309601515,22.4));
#10293 = CARTESIAN_POINT('',(-19.88506061512,40.77816037445,22.4));
#10294 = CARTESIAN_POINT('',(-20.75634719976,40.018822635305,22.4));
#10295 = CARTESIAN_POINT('',(-21.53181991634,39.252001177527,22.4));
#10296 = CARTESIAN_POINT('',(-22.23824036849,38.455118626687,22.4));
#10297 = CARTESIAN_POINT('',(-22.84666151334,37.670844465421,22.4));
#10298 = CARTESIAN_POINT('',(-23.38266359922,36.882464459251,22.4));
#10299 = CARTESIAN_POINT('',(-23.85209589851,36.090240930542,22.4));
#10300 = CARTESIAN_POINT('',(-24.26838895294,35.2716182404,22.4));
#10301 = CARTESIAN_POINT('',(-24.61321484189,34.469457333306,22.4));
#10302 = CARTESIAN_POINT('',(-24.90115169002,33.664781375549,22.4));
#10303 = CARTESIAN_POINT('',(-25.13390222152,32.857484457088,22.4));
#10304 = CARTESIAN_POINT('',(-25.31471719703,32.025488796271,22.4));
#10305 = CARTESIAN_POINT('',(-25.43405364616,31.211997089044,22.4));
#10306 = CARTESIAN_POINT('',(-25.4977897284,30.396429492387,22.4));
#10307 = CARTESIAN_POINT('',(-25.50457377154,29.578244309047,22.4));
#10308 = CARTESIAN_POINT('',(-25.44834800186,28.7358986742,22.4));
#10309 = CARTESIAN_POINT('',(-25.32900449697,27.912965863135,22.4));
#10310 = CARTESIAN_POINT('',(-25.14390693436,27.086977756782,22.4));
#10311 = CARTESIAN_POINT('',(-24.88844777048,26.257054110686,22.4));
#10312 = CARTESIAN_POINT('',(-24.54633610292,25.40317303539,22.4));
#10313 = CARTESIAN_POINT('',(-24.12945797872,24.570221961615,22.4));
#10314 = CARTESIAN_POINT('',(-23.62455827449,23.73441880244,22.4));
#10315 = CARTESIAN_POINT('',(-23.02370237878,22.896348770442,22.4));
#10316 = CARTESIAN_POINT('',(-22.29895895778,22.040430936586,22.4));
#10317 = CARTESIAN_POINT('',(-21.4823540246,21.211718502075,22.4));
#10318 = CARTESIAN_POINT('',(-20.53907837348,20.396570941608,22.4));
#10319 = CARTESIAN_POINT('',(-19.46246005504,19.598806375332,22.4));
#10320 = CARTESIAN_POINT('',(-18.21914766577,18.800959350008,22.4));
#10321 = CARTESIAN_POINT('',(-16.86372400721,18.052456378211,22.4));
#10322 = CARTESIAN_POINT('',(-15.35433410195,17.332908165115,22.4));
#10323 = CARTESIAN_POINT('',(-13.68154318819,16.650398469633,22.4));
#10324 = CARTESIAN_POINT('',(-11.7902920039,16.001691977485,22.4));
#10325 = CARTESIAN_POINT('',(-9.778497430159,15.430186626944,22.4));
#10326 = CARTESIAN_POINT('',(-7.55174154643,14.91911532609,22.4));
#10327 = CARTESIAN_POINT('',(-5.242708683599,14.4963157594,22.4));
#10328 = CARTESIAN_POINT('',(-2.259005341862,14.1111192811,22.4));
#10329 = CARTESIAN_POINT('',(-1.452824247307,14.069551089127,22.4));
#10330 = CARTESIAN_POINT('',(9.659132507772E-02,13.934913076131,22.4));
#10331 = PCURVE('',#10099,#10332);
#10332 = DEFINITIONAL_REPRESENTATION('',(#10333),#10337);
#10333 = LINE('',#10334,#10335);
#10334 = CARTESIAN_POINT('',(0.,-22.4));
#10335 = VECTOR('',#10336,1.);
#10336 = DIRECTION('',(1.,0.));
#10337 = ( GEOMETRIC_REPRESENTATION_CONTEXT(2) 
PARAMETRIC_REPRESENTATION_CONTEXT() REPRESENTATION_CONTEXT('2D SPACE',''
  ) );
#10338 = PCURVE('',#66,#10339);
#10339 = DEFINITIONAL_REPRESENTATION('',(#10340),#10391);
#10340 = B_SPLINE_CURVE_WITH_KNOTS('',3,(#10341,#10342,#10343,#10344,
    #10345,#10346,#10347,#10348,#10349,#10350,#10351,#10352,#10353,
    #10354,#10355,#10356,#10357,#10358,#10359,#10360,#10361,#10362,
    #10363,#10364,#10365,#10366,#10367,#10368,#10369,#10370,#10371,
    #10372,#10373,#10374,#10375,#10376,#10377,#10378,#10379,#10380,
    #10381,#10382,#10383,#10384,#10385,#10386,#10387,#10388,#10389,
    #10390),.UNSPECIFIED.,.F.,.F.,(4,1,1,1,1,1,1,1,1,1,1,1,1,1,1,1,1,1,1
    ,1,1,1,1,1,1,1,1,1,1,1,1,1,1,1,1,1,1,1,1,1,1,1,1,1,1,1,1,4),(0.,
    3.010134173011,5.734866089906,8.204243200285,10.280216915947,
    12.332164523515,14.201956865391,15.911237845672,17.363900720308,
    18.819208714806,20.167747400886,21.42468716853,22.515414853025,
    23.632925452475,24.694050367351,25.707901186754,26.608581862701,
    27.552388564938,28.468532489134,29.361872223827,30.169943636586,
    31.030962627216,31.880548884696,32.72227944396,33.495545472128,
    34.332992621126,35.174663745336,36.025783427864,36.825011523752,
    37.711824801461,38.627874308414,39.58148948206,40.502911686362,
    41.554574841448,42.671594637474,43.864256147866,45.041219012251,
    46.408073524505,47.880684921353,49.469922617188,51.049935999727,
    52.894334824252,54.887680127977,57.041280206621,59.18142193199,
    61.675679145654,64.364419403117,67.031728548195),.UNSPECIFIED.);
#10341 = CARTESIAN_POINT('',(0.112044317377,47.50629678931));
#10342 = CARTESIAN_POINT('',(-0.867145985927,47.378605176017));
#10343 = CARTESIAN_POINT('',(-2.789167280934,47.157240471303));
#10344 = CARTESIAN_POINT('',(-5.476471585653,46.689093504147));
#10345 = CARTESIAN_POINT('',(-7.848475237921,46.180738326391));
#10346 = CARTESIAN_POINT('',(-9.975558559665,45.621165975043));
#10347 = CARTESIAN_POINT('',(-11.88382984293,45.021767225061));
#10348 = CARTESIAN_POINT('',(-13.64327436068,44.365370847082));
#10349 = CARTESIAN_POINT('',(-15.18054278429,43.692245683265));
#10350 = CARTESIAN_POINT('',(-16.5540447889,42.996125865202));
#10351 = CARTESIAN_POINT('',(-17.78099451573,42.28178489339));
#10352 = CARTESIAN_POINT('',(-18.90657583563,41.528309601515));
#10353 = CARTESIAN_POINT('',(-19.88506061512,40.77816037445));
#10354 = CARTESIAN_POINT('',(-20.75634719976,40.018822635305));
#10355 = CARTESIAN_POINT('',(-21.53181991634,39.252001177527));
#10356 = CARTESIAN_POINT('',(-22.23824036849,38.455118626687));
#10357 = CARTESIAN_POINT('',(-22.84666151334,37.670844465421));
#10358 = CARTESIAN_POINT('',(-23.38266359922,36.882464459251));
#10359 = CARTESIAN_POINT('',(-23.85209589851,36.090240930542));
#10360 = CARTESIAN_POINT('',(-24.26838895294,35.2716182404));
#10361 = CARTESIAN_POINT('',(-24.61321484189,34.469457333306));
#10362 = CARTESIAN_POINT('',(-24.90115169002,33.664781375549));
#10363 = CARTESIAN_POINT('',(-25.13390222152,32.857484457088));
#10364 = CARTESIAN_POINT('',(-25.31471719703,32.025488796271));
#10365 = CARTESIAN_POINT('',(-25.43405364616,31.211997089044));
#10366 = CARTESIAN_POINT('',(-25.4977897284,30.396429492387));
#10367 = CARTESIAN_POINT('',(-25.50457377154,29.578244309047));
#10368 = CARTESIAN_POINT('',(-25.44834800186,28.735898674199));
#10369 = CARTESIAN_POINT('',(-25.32900449697,27.912965863135));
#10370 = CARTESIAN_POINT('',(-25.14390693436,27.086977756782));
#10371 = CARTESIAN_POINT('',(-24.88844777048,26.257054110686));
#10372 = CARTESIAN_POINT('',(-24.54633610292,25.40317303539));
#10373 = CARTESIAN_POINT('',(-24.12945797872,24.570221961615));
#10374 = CARTESIAN_POINT('',(-23.62455827449,23.73441880244));
#10375 = CARTESIAN_POINT('',(-23.02370237878,22.896348770442));
#10376 = CARTESIAN_POINT('',(-22.29895895778,22.040430936586));
#10377 = CARTESIAN_POINT('',(-21.4823540246,21.211718502075));
#10378 = CARTESIAN_POINT('',(-20.53907837348,20.396570941608));
#10379 = CARTESIAN_POINT('',(-19.46246005504,19.598806375332));
#10380 = CARTESIAN_POINT('',(-18.21914766577,18.800959350008));
#10381 = CARTESIAN_POINT('',(-16.86372400721,18.052456378211));
#10382 = CARTESIAN_POINT('',(-15.35433410195,17.332908165115));
#10383 = CARTESIAN_POINT('',(-13.68154318819,16.650398469633));
#10384 = CARTESIAN_POINT('',(-11.7902920039,16.001691977485));
#10385 = CARTESIAN_POINT('',(-9.778497430159,15.430186626944));
#10386 = CARTESIAN_POINT('',(-7.55174154643,14.91911532609));
#10387 = CARTESIAN_POINT('',(-5.242708683599,14.4963157594));
#10388 = CARTESIAN_POINT('',(-2.259005341862,14.1111192811));
#10389 = CARTESIAN_POINT('',(-1.452824247307,14.069551089127));
#10390 = CARTESIAN_POINT('',(9.659132507773E-02,13.934913076131));
#10391 = ( GEOMETRIC_REPRESENTATION_CONTEXT(2) 
PARAMETRIC_REPRESENTATION_CONTEXT() REPRESENTATION_CONTEXT('2D SPACE',''
  ) );
#10392 = ORIENTED_EDGE('',*,*,#10081,.F.);
#10393 = ORIENTED_EDGE('',*,*,#10394,.F.);
#10394 = EDGE_CURVE('',#10254,#10082,#10395,.T.);
#10395 = SURFACE_CURVE('',#10396,(#10447,#10454),.PCURVE_S1.);
#10396 = B_SPLINE_CURVE_WITH_KNOTS('',3,(#10397,#10398,#10399,#10400,
    #10401,#10402,#10403,#10404,#10405,#10406,#10407,#10408,#10409,
    #10410,#10411,#10412,#10413,#10414,#10415,#10416,#10417,#10418,
    #10419,#10420,#10421,#10422,#10423,#10424,#10425,#10426,#10427,
    #10428,#10429,#10430,#10431,#10432,#10433,#10434,#10435,#10436,
    #10437,#10438,#10439,#10440,#10441,#10442,#10443,#10444,#10445,
    #10446),.UNSPECIFIED.,.F.,.F.,(4,1,1,1,1,1,1,1,1,1,1,1,1,1,1,1,1,1,1
    ,1,1,1,1,1,1,1,1,1,1,1,1,1,1,1,1,1,1,1,1,1,1,1,1,1,1,1,1,4),(0.,
    3.010134173011,5.734866089906,8.204243200285,10.280216915947,
    12.332164523515,14.201956865391,15.911237845672,17.363900720308,
    18.819208714806,20.167747400886,21.42468716853,22.515414853025,
    23.632925452475,24.694050367351,25.707901186754,26.608581862701,
    27.552388564938,28.468532489134,29.361872223827,30.169943636586,
    31.030962627216,31.880548884696,32.72227944396,33.495545472128,
    34.332992621126,35.174663745336,36.025783427864,36.825011523752,
    37.711824801461,38.627874308414,39.58148948206,40.502911686362,
    41.554574841448,42.671594637474,43.864256147866,45.041219012251,
    46.408073524505,47.880684921353,49.469922617188,51.049935999727,
    52.894334824252,54.887680127977,57.041280206621,59.18142193199,
    61.675679145654,64.364419403117,67.031728548195),.UNSPECIFIED.);
#10397 = CARTESIAN_POINT('',(0.112044317377,47.50629678931,0.));
#10398 = CARTESIAN_POINT('',(-0.867145985927,47.378605176017,0.));
#10399 = CARTESIAN_POINT('',(-2.789167280934,47.157240471303,0.));
#10400 = CARTESIAN_POINT('',(-5.476471585653,46.689093504147,0.));
#10401 = CARTESIAN_POINT('',(-7.848475237921,46.180738326391,0.));
#10402 = CARTESIAN_POINT('',(-9.975558559665,45.621165975043,0.));
#10403 = CARTESIAN_POINT('',(-11.88382984293,45.021767225061,0.));
#10404 = CARTESIAN_POINT('',(-13.64327436068,44.365370847082,0.));
#10405 = CARTESIAN_POINT('',(-15.18054278429,43.692245683265,0.));
#10406 = CARTESIAN_POINT('',(-16.5540447889,42.996125865202,0.));
#10407 = CARTESIAN_POINT('',(-17.78099451573,42.28178489339,0.));
#10408 = CARTESIAN_POINT('',(-18.90657583563,41.528309601515,0.));
#10409 = CARTESIAN_POINT('',(-19.88506061512,40.77816037445,0.));
#10410 = CARTESIAN_POINT('',(-20.75634719976,40.018822635305,0.));
#10411 = CARTESIAN_POINT('',(-21.53181991634,39.252001177527,0.));
#10412 = CARTESIAN_POINT('',(-22.23824036849,38.455118626687,0.));
#10413 = CARTESIAN_POINT('',(-22.84666151334,37.670844465421,0.));
#10414 = CARTESIAN_POINT('',(-23.38266359922,36.882464459251,0.));
#10415 = CARTESIAN_POINT('',(-23.85209589851,36.090240930542,0.));
#10416 = CARTESIAN_POINT('',(-24.26838895294,35.2716182404,0.));
#10417 = CARTESIAN_POINT('',(-24.61321484189,34.469457333306,0.));
#10418 = CARTESIAN_POINT('',(-24.90115169002,33.664781375549,0.));
#10419 = CARTESIAN_POINT('',(-25.13390222152,32.857484457088,0.));
#10420 = CARTESIAN_POINT('',(-25.31471719703,32.025488796271,0.));
#10421 = CARTESIAN_POINT('',(-25.43405364616,31.211997089044,0.));
#10422 = CARTESIAN_POINT('',(-25.4977897284,30.396429492387,0.));
#10423 = CARTESIAN_POINT('',(-25.50457377154,29.578244309047,0.));
#10424 = CARTESIAN_POINT('',(-25.44834800186,28.7358986742,0.));
#10425 = CARTESIAN_POINT('',(-25.32900449697,27.912965863135,0.));
#10426 = CARTESIAN_POINT('',(-25.14390693436,27.086977756782,0.));
#10427 = CARTESIAN_POINT('',(-24.88844777048,26.257054110686,0.));
#10428 = CARTESIAN_POINT('',(-24.54633610292,25.40317303539,0.));
#10429 = CARTESIAN_POINT('',(-24.12945797872,24.570221961615,0.));
#10430 = CARTESIAN_POINT('',(-23.62455827449,23.73441880244,0.));
#10431 = CARTESIAN_POINT('',(-23.02370237878,22.896348770442,0.));
#10432 = CARTESIAN_POINT('',(-22.29895895778,22.040430936586,0.));
#10433 = CARTESIAN_POINT('',(-21.4823540246,21.211718502075,0.));
#10434 = CARTESIAN_POINT('',(-20.53907837348,20.396570941608,0.));
#10435 = CARTESIAN_POINT('',(-19.46246005504,19.598806375332,0.));
#10436 = CARTESIAN_POINT('',(-18.21914766577,18.800959350008,0.));
#10437 = CARTESIAN_POINT('',(-16.86372400721,18.052456378211,0.));
#10438 = CARTESIAN_POINT('',(-15.35433410195,17.332908165115,0.));
#10439 = CARTESIAN_POINT('',(-13.68154318819,16.650398469633,0.));
#10440 = CARTESIAN_POINT('',(-11.7902920039,16.001691977485,0.));
#10441 = CARTESIAN_POINT('',(-9.778497430159,15.430186626944,0.));
#10442 = CARTESIAN_POINT('',(-7.55174154643,14.91911532609,0.));
#10443 = CARTESIAN_POINT('',(-5.242708683599,14.4963157594,0.));
#10444 = CARTESIAN_POINT('',(-2.259005341862,14.1111192811,0.));
#10445 = CARTESIAN_POINT('',(-1.452824247307,14.069551089127,0.));
#10446 = CARTESIAN_POINT('',(9.659132507772E-02,13.934913076131,0.));
#10447 = PCURVE('',#10099,#10448);
#10448 = DEFINITIONAL_REPRESENTATION('',(#10449),#10453);
#10449 = LINE('',#10450,#10451);
#10450 = CARTESIAN_POINT('',(0.,0.));
#10451 = VECTOR('',#10452,1.);
#10452 = DIRECTION('',(1.,0.));
#10453 = ( GEOMETRIC_REPRESENTATION_CONTEXT(2) 
PARAMETRIC_REPRESENTATION_CONTEXT() REPRESENTATION_CONTEXT('2D SPACE',''
  ) );
#10454 = PCURVE('',#94,#10455);
#10455 = DEFINITIONAL_REPRESENTATION('',(#10456),#10507);
#10456 = B_SPLINE_CURVE_WITH_KNOTS('',3,(#10457,#10458,#10459,#10460,
    #10461,#10462,#10463,#10464,#10465,#10466,#10467,#10468,#10469,
    #10470,#10471,#10472,#10473,#10474,#10475,#10476,#10477,#10478,
    #10479,#10480,#10481,#10482,#10483,#10484,#10485,#10486,#10487,
    #10488,#10489,#10490,#10491,#10492,#10493,#10494,#10495,#10496,
    #10497,#10498,#10499,#10500,#10501,#10502,#10503,#10504,#10505,
    #10506),.UNSPECIFIED.,.F.,.F.,(4,1,1,1,1,1,1,1,1,1,1,1,1,1,1,1,1,1,1
    ,1,1,1,1,1,1,1,1,1,1,1,1,1,1,1,1,1,1,1,1,1,1,1,1,1,1,1,1,4),(0.,
    3.010134173011,5.734866089906,8.204243200285,10.280216915947,
    12.332164523515,14.201956865391,15.911237845672,17.363900720308,
    18.819208714806,20.167747400886,21.42468716853,22.515414853025,
    23.632925452475,24.694050367351,25.707901186754,26.608581862701,
    27.552388564938,28.468532489134,29.361872223827,30.169943636586,
    31.030962627216,31.880548884696,32.72227944396,33.495545472128,
    34.332992621126,35.174663745336,36.025783427864,36.825011523752,
    37.711824801461,38.627874308414,39.58148948206,40.502911686362,
    41.554574841448,42.671594637474,43.864256147866,45.041219012251,
    46.408073524505,47.880684921353,49.469922617188,51.049935999727,
    52.894334824252,54.887680127977,57.041280206621,59.18142193199,
    61.675679145654,64.364419403117,67.031728548195),.UNSPECIFIED.);
#10457 = CARTESIAN_POINT('',(0.112044317377,47.50629678931));
#10458 = CARTESIAN_POINT('',(-0.867145985927,47.378605176017));
#10459 = CARTESIAN_POINT('',(-2.789167280934,47.157240471303));
#10460 = CARTESIAN_POINT('',(-5.476471585653,46.689093504147));
#10461 = CARTESIAN_POINT('',(-7.848475237921,46.180738326391));
#10462 = CARTESIAN_POINT('',(-9.975558559665,45.621165975043));
#10463 = CARTESIAN_POINT('',(-11.88382984293,45.021767225061));
#10464 = CARTESIAN_POINT('',(-13.64327436068,44.365370847082));
#10465 = CARTESIAN_POINT('',(-15.18054278429,43.692245683265));
#10466 = CARTESIAN_POINT('',(-16.5540447889,42.996125865202));
#10467 = CARTESIAN_POINT('',(-17.78099451573,42.28178489339));
#10468 = CARTESIAN_POINT('',(-18.90657583563,41.528309601515));
#10469 = CARTESIAN_POINT('',(-19.88506061512,40.77816037445));
#10470 = CARTESIAN_POINT('',(-20.75634719976,40.018822635305));
#10471 = CARTESIAN_POINT('',(-21.53181991634,39.252001177527));
#10472 = CARTESIAN_POINT('',(-22.23824036849,38.455118626687));
#10473 = CARTESIAN_POINT('',(-22.84666151334,37.670844465421));
#10474 = CARTESIAN_POINT('',(-23.38266359922,36.882464459251));
#10475 = CARTESIAN_POINT('',(-23.85209589851,36.090240930542));
#10476 = CARTESIAN_POINT('',(-24.26838895294,35.2716182404));
#10477 = CARTESIAN_POINT('',(-24.61321484189,34.469457333306));
#10478 = CARTESIAN_POINT('',(-24.90115169002,33.664781375549));
#10479 = CARTESIAN_POINT('',(-25.13390222152,32.857484457088));
#10480 = CARTESIAN_POINT('',(-25.31471719703,32.025488796271));
#10481 = CARTESIAN_POINT('',(-25.43405364616,31.211997089044));
#10482 = CARTESIAN_POINT('',(-25.4977897284,30.396429492387));
#10483 = CARTESIAN_POINT('',(-25.50457377154,29.578244309047));
#10484 = CARTESIAN_POINT('',(-25.44834800186,28.735898674199));
#10485 = CARTESIAN_POINT('',(-25.32900449697,27.912965863135));
#10486 = CARTESIAN_POINT('',(-25.14390693436,27.086977756782));
#10487 = CARTESIAN_POINT('',(-24.88844777048,26.257054110686));
#10488 = CARTESIAN_POINT('',(-24.54633610292,25.40317303539));
#10489 = CARTESIAN_POINT('',(-24.12945797872,24.570221961615));
#10490 = CARTESIAN_POINT('',(-23.62455827449,23.73441880244));
#10491 = CARTESIAN_POINT('',(-23.02370237878,22.896348770442));
#10492 = CARTESIAN_POINT('',(-22.29895895778,22.040430936586));
#10493 = CARTESIAN_POINT('',(-21.4823540246,21.211718502075));
#10494 = CARTESIAN_POINT('',(-20.53907837348,20.396570941608));
#10495 = CARTESIAN_POINT('',(-19.46246005504,19.598806375332));
#10496 = CARTESIAN_POINT('',(-18.21914766577,18.800959350008));
#10497 = CARTESIAN_POINT('',(-16.86372400721,18.052456378211));
#10498 = CARTESIAN_POINT('',(-15.35433410195,17.332908165115));
#10499 = CARTESIAN_POINT('',(-13.68154318819,16.650398469633));
#10500 = CARTESIAN_POINT('',(-11.7902920039,16.001691977485));
#10501 = CARTESIAN_POINT('',(-9.778497430159,15.430186626944));
#10502 = CARTESIAN_POINT('',(-7.55174154643,14.91911532609));
#10503 = CARTESIAN_POINT('',(-5.242708683599,14.4963157594));
#10504 = CARTESIAN_POINT('',(-2.259005341862,14.1111192811));
#10505 = CARTESIAN_POINT('',(-1.452824247307,14.069551089127));
#10506 = CARTESIAN_POINT('',(9.659132507773E-02,13.934913076131));
#10507 = ( GEOMETRIC_REPRESENTATION_CONTEXT(2) 
PARAMETRIC_REPRESENTATION_CONTEXT() REPRESENTATION_CONTEXT('2D SPACE',''
  ) );
#10508 = ADVANCED_FACE('',(#10509),#9780,.T.);
#10509 = FACE_BOUND('',#10510,.T.);
#10510 = EDGE_LOOP('',(#10511,#10512,#10533,#10534));
#10511 = ORIENTED_EDGE('',*,*,#9764,.T.);
#10512 = ORIENTED_EDGE('',*,*,#10513,.T.);
#10513 = EDGE_CURVE('',#9741,#10256,#10514,.T.);
#10514 = SURFACE_CURVE('',#10515,(#10519,#10526),.PCURVE_S1.);
#10515 = LINE('',#10516,#10517);
#10516 = CARTESIAN_POINT('',(11.453495601611,48.985465124352,22.4));
#10517 = VECTOR('',#10518,1.);
#10518 = DIRECTION('',(-0.991602108777,-0.129326168539,0.));
#10519 = PCURVE('',#9780,#10520);
#10520 = DEFINITIONAL_REPRESENTATION('',(#10521),#10525);
#10521 = LINE('',#10522,#10523);
#10522 = CARTESIAN_POINT('',(-6.094433791488,-22.4));
#10523 = VECTOR('',#10524,1.);
#10524 = DIRECTION('',(1.,0.));
#10525 = ( GEOMETRIC_REPRESENTATION_CONTEXT(2) 
PARAMETRIC_REPRESENTATION_CONTEXT() REPRESENTATION_CONTEXT('2D SPACE',''
  ) );
#10526 = PCURVE('',#66,#10527);
#10527 = DEFINITIONAL_REPRESENTATION('',(#10528),#10532);
#10528 = LINE('',#10529,#10530);
#10529 = CARTESIAN_POINT('',(11.453495601611,48.985465124352));
#10530 = VECTOR('',#10531,1.);
#10531 = DIRECTION('',(-0.991602108777,-0.129326168539));
#10532 = ( GEOMETRIC_REPRESENTATION_CONTEXT(2) 
PARAMETRIC_REPRESENTATION_CONTEXT() REPRESENTATION_CONTEXT('2D SPACE',''
  ) );
#10533 = ORIENTED_EDGE('',*,*,#10253,.F.);
#10534 = ORIENTED_EDGE('',*,*,#10535,.F.);
#10535 = EDGE_CURVE('',#9765,#10254,#10536,.T.);
#10536 = SURFACE_CURVE('',#10537,(#10541,#10548),.PCURVE_S1.);
#10537 = LINE('',#10538,#10539);
#10538 = CARTESIAN_POINT('',(11.453495601611,48.985465124352,0.));
#10539 = VECTOR('',#10540,1.);
#10540 = DIRECTION('',(-0.991602108777,-0.129326168539,0.));
#10541 = PCURVE('',#9780,#10542);
#10542 = DEFINITIONAL_REPRESENTATION('',(#10543),#10547);
#10543 = LINE('',#10544,#10545);
#10544 = CARTESIAN_POINT('',(-6.094433791488,0.));
#10545 = VECTOR('',#10546,1.);
#10546 = DIRECTION('',(1.,0.));
#10547 = ( GEOMETRIC_REPRESENTATION_CONTEXT(2) 
PARAMETRIC_REPRESENTATION_CONTEXT() REPRESENTATION_CONTEXT('2D SPACE',''
  ) );
#10548 = PCURVE('',#94,#10549);
#10549 = DEFINITIONAL_REPRESENTATION('',(#10550),#10554);
#10550 = LINE('',#10551,#10552);
#10551 = CARTESIAN_POINT('',(11.453495601611,48.985465124352));
#10552 = VECTOR('',#10553,1.);
#10553 = DIRECTION('',(-0.991602108777,-0.129326168539));
#10554 = ( GEOMETRIC_REPRESENTATION_CONTEXT(2) 
PARAMETRIC_REPRESENTATION_CONTEXT() REPRESENTATION_CONTEXT('2D SPACE',''
  ) );
#10555 = ADVANCED_FACE('',(#10556),#10570,.F.);
#10556 = FACE_BOUND('',#10557,.T.);
#10557 = EDGE_LOOP('',(#10558,#10689,#10713,#10741));
#10558 = ORIENTED_EDGE('',*,*,#10559,.T.);
#10559 = EDGE_CURVE('',#10560,#10562,#10564,.T.);
#10560 = VERTEX_POINT('',#10561);
#10561 = CARTESIAN_POINT('',(33.905790645895,34.679206459732,0.));
#10562 = VERTEX_POINT('',#10563);
#10563 = CARTESIAN_POINT('',(33.905790645895,34.679206459732,22.4));
#10564 = SURFACE_CURVE('',#10565,(#10569,#10581),.PCURVE_S1.);
#10565 = LINE('',#10566,#10567);
#10566 = CARTESIAN_POINT('',(33.905790645895,34.679206459732,0.));
#10567 = VECTOR('',#10568,1.);
#10568 = DIRECTION('',(0.,0.,1.));
#10569 = PCURVE('',#10570,#10575);
#10570 = CYLINDRICAL_SURFACE('',#10571,48.5);
#10571 = AXIS2_PLACEMENT_3D('',#10572,#10573,#10574);
#10572 = CARTESIAN_POINT('',(0.,0.,0.));
#10573 = DIRECTION('',(-0.,-0.,-1.));
#10574 = DIRECTION('',(1.,0.,-0.));
#10575 = DEFINITIONAL_REPRESENTATION('',(#10576),#10580);
#10576 = LINE('',#10577,#10578);
#10577 = CARTESIAN_POINT('',(-0.796674434669,0.));
#10578 = VECTOR('',#10579,1.);
#10579 = DIRECTION('',(-0.,-1.));
#10580 = ( GEOMETRIC_REPRESENTATION_CONTEXT(2) 
PARAMETRIC_REPRESENTATION_CONTEXT() REPRESENTATION_CONTEXT('2D SPACE',''
  ) );
#10581 = PCURVE('',#10582,#10683);
#10582 = B_SPLINE_SURFACE_WITH_KNOTS('',3,1,(
    (#10583,#10584)
    ,(#10585,#10586)
    ,(#10587,#10588)
    ,(#10589,#10590)
    ,(#10591,#10592)
    ,(#10593,#10594)
    ,(#10595,#10596)
    ,(#10597,#10598)
    ,(#10599,#10600)
    ,(#10601,#10602)
    ,(#10603,#10604)
    ,(#10605,#10606)
    ,(#10607,#10608)
    ,(#10609,#10610)
    ,(#10611,#10612)
    ,(#10613,#10614)
    ,(#10615,#10616)
    ,(#10617,#10618)
    ,(#10619,#10620)
    ,(#10621,#10622)
    ,(#10623,#10624)
    ,(#10625,#10626)
    ,(#10627,#10628)
    ,(#10629,#10630)
    ,(#10631,#10632)
    ,(#10633,#10634)
    ,(#10635,#10636)
    ,(#10637,#10638)
    ,(#10639,#10640)
    ,(#10641,#10642)
    ,(#10643,#10644)
    ,(#10645,#10646)
    ,(#10647,#10648)
    ,(#10649,#10650)
    ,(#10651,#10652)
    ,(#10653,#10654)
    ,(#10655,#10656)
    ,(#10657,#10658)
    ,(#10659,#10660)
    ,(#10661,#10662)
    ,(#10663,#10664)
    ,(#10665,#10666)
    ,(#10667,#10668)
    ,(#10669,#10670)
    ,(#10671,#10672)
    ,(#10673,#10674)
    ,(#10675,#10676)
    ,(#10677,#10678)
    ,(#10679,#10680)
    ,(#10681,#10682
    )),.UNSPECIFIED.,.F.,.F.,.F.,(4,1,1,1,1,1,1,1,1,1,1,1,1,1,1,1,1,1,1,
    1,1,1,1,1,1,1,1,1,1,1,1,1,1,1,1,1,1,1,1,1,1,1,1,1,1,1,1,4),(2,2),(0.
    ,2.766464139392,5.568319295326,8.177275145496,10.425160909405,
    12.698001103747,14.813706991925,16.784063111389,18.483896399813,
    20.207074900357,21.81810245116,23.327840693167,24.640860133639,
    25.985974841284,27.260500260188,28.473662841808,29.546573791048,
    30.665502050481,31.746604132965,32.796723932319,33.744037531687,
    34.751762028128,35.745458780463,36.730106112805,37.635070035337,
    38.615335519513,39.599805338773,40.592877392801,41.521106716853,
    42.54355210237,43.588460947472,44.661307186429,45.681682040739,
    46.825929386569,48.018033969658,49.266638650819,50.477859791669,
    51.863921967174,53.33914083985,54.917675284274,56.480212616324,
    58.303578905337,60.281721918016,62.435877257802,64.600562295301,
    67.15990258556,69.968318443063,73.053194077155),(-22.4,0.),
  .UNSPECIFIED.);
#10583 = CARTESIAN_POINT('',(9.880760870129,5.816194003237,22.4));
#10584 = CARTESIAN_POINT('',(9.880760870129,5.816194003237,0.));
#10585 = CARTESIAN_POINT('',(9.514229607782,6.644893632948,22.4));
#10586 = CARTESIAN_POINT('',(9.514229607782,6.644893632948,0.));
#10587 = CARTESIAN_POINT('',(8.726866094648,8.352347400098,22.4));
#10588 = CARTESIAN_POINT('',(8.726866094648,8.352347400098,0.));
#10589 = CARTESIAN_POINT('',(7.7482593467,10.887993749709,22.4));
#10590 = CARTESIAN_POINT('',(7.7482593467,10.887993749709,0.));
#10591 = CARTESIAN_POINT('',(6.930325714986,13.309551340651,22.4));
#10592 = CARTESIAN_POINT('',(6.930325714986,13.309551340651,0.));
#10593 = CARTESIAN_POINT('',(6.282227562072,15.596472714268,22.4));
#10594 = CARTESIAN_POINT('',(6.282227562072,15.596472714268,0.));
#10595 = CARTESIAN_POINT('',(5.784587849339,17.753095600056,22.4));
#10596 = CARTESIAN_POINT('',(5.784587849339,17.753095600056,0.));
#10597 = CARTESIAN_POINT('',(5.420650667977,19.842322197231,22.4));
#10598 = CARTESIAN_POINT('',(5.420650667977,19.842322197231,0.));
#10599 = CARTESIAN_POINT('',(5.197909862873,21.759171458359,22.4));
#10600 = CARTESIAN_POINT('',(5.197909862873,21.759171458359,0.));
#10601 = CARTESIAN_POINT('',(5.09325654643,23.554840433903,22.4));
#10602 = CARTESIAN_POINT('',(5.09325654643,23.554840433903,0.));
#10603 = CARTESIAN_POINT('',(5.096182803092,25.233988650288,22.4));
#10604 = CARTESIAN_POINT('',(5.096182803092,25.233988650288,0.));
#10605 = CARTESIAN_POINT('',(5.204221968676,26.84626796173,22.4));
#10606 = CARTESIAN_POINT('',(5.204221968676,26.84626796173,0.));
#10607 = CARTESIAN_POINT('',(5.40645938795,28.311519496028,22.4));
#10608 = CARTESIAN_POINT('',(5.40645938795,28.311519496028,0.));
#10609 = CARTESIAN_POINT('',(5.684731680676,29.67345682684,22.4));
#10610 = CARTESIAN_POINT('',(5.684731680676,29.67345682684,0.));
#10611 = CARTESIAN_POINT('',(6.029671265133,30.939404020728,22.4));
#10612 = CARTESIAN_POINT('',(6.029671265133,30.939404020728,0.));
#10613 = CARTESIAN_POINT('',(6.463046947933,32.142717773021,22.4));
#10614 = CARTESIAN_POINT('',(6.463046947933,32.142717773021,0.));
#10615 = CARTESIAN_POINT('',(6.953135511264,33.225097171634,22.4));
#10616 = CARTESIAN_POINT('',(6.953135511264,33.225097171634,0.));
#10617 = CARTESIAN_POINT('',(7.501765821777,34.219909801662,22.4));
#10618 = CARTESIAN_POINT('',(7.501765821777,34.219909801662,0.));
#10619 = CARTESIAN_POINT('',(8.103348380965,35.131557866637,22.4));
#10620 = CARTESIAN_POINT('',(8.103348380965,35.131557866637,0.));
#10621 = CARTESIAN_POINT('',(8.773662220142,35.98423564359,22.4));
#10622 = CARTESIAN_POINT('',(8.773662220142,35.98423564359,0.));
#10623 = CARTESIAN_POINT('',(9.472911294482,36.736889822995,22.4));
#10624 = CARTESIAN_POINT('',(9.472911294482,36.736889822995,0.));
#10625 = CARTESIAN_POINT('',(10.210562413316,37.415932987509,22.4));
#10626 = CARTESIAN_POINT('',(10.210562413316,37.415932987509,0.));
#10627 = CARTESIAN_POINT('',(10.983223783895,38.025137547808,22.4));
#10628 = CARTESIAN_POINT('',(10.983223783895,38.025137547808,0.));
#10629 = CARTESIAN_POINT('',(11.810920694616,38.579708525196,22.4));
#10630 = CARTESIAN_POINT('',(11.810920694616,38.579708525196,0.));
#10631 = CARTESIAN_POINT('',(12.647944644491,39.053849169501,22.4));
#10632 = CARTESIAN_POINT('',(12.647944644491,39.053849169501,0.));
#10633 = CARTESIAN_POINT('',(13.511727729372,39.466516974331,22.4));
#10634 = CARTESIAN_POINT('',(13.511727729372,39.466516974331,0.));
#10635 = CARTESIAN_POINT('',(14.401480006344,39.819864618852,22.4));
#10636 = CARTESIAN_POINT('',(14.401480006344,39.819864618852,0.));
#10637 = CARTESIAN_POINT('',(15.341220066294,40.120559724494,22.4));
#10638 = CARTESIAN_POINT('',(15.341220066294,40.120559724494,0.));
#10639 = CARTESIAN_POINT('',(16.282054297583,40.353766913347,22.4));
#10640 = CARTESIAN_POINT('',(16.282054297583,40.353766913347,0.));
#10641 = CARTESIAN_POINT('',(17.248008569068,40.529562100358,22.4));
#10642 = CARTESIAN_POINT('',(17.248008569068,40.529562100358,0.));
#10643 = CARTESIAN_POINT('',(18.24033408098,40.6468681278,22.4));
#10644 = CARTESIAN_POINT('',(18.24033408098,40.6468681278,0.));
#10645 = CARTESIAN_POINT('',(19.286301750346,40.702571646904,22.4));
#10646 = CARTESIAN_POINT('',(19.286301750346,40.702571646904,0.));
#10647 = CARTESIAN_POINT('',(20.333018059347,40.690773546609,22.4));
#10648 = CARTESIAN_POINT('',(20.333018059347,40.690773546609,0.));
#10649 = CARTESIAN_POINT('',(21.40988875719,40.611540977013,22.4));
#10650 = CARTESIAN_POINT('',(21.40988875719,40.611540977013,0.));
#10651 = CARTESIAN_POINT('',(22.51924911683,40.459586241324,22.4));
#10652 = CARTESIAN_POINT('',(22.51924911683,40.459586241324,0.));
#10653 = CARTESIAN_POINT('',(23.690861718162,40.220118190322,22.4));
#10654 = CARTESIAN_POINT('',(23.690861718162,40.220118190322,0.));
#10655 = CARTESIAN_POINT('',(24.865796011915,39.898343255104,22.4));
#10656 = CARTESIAN_POINT('',(24.865796011915,39.898343255104,0.));
#10657 = CARTESIAN_POINT('',(26.079196979185,39.482382877746,22.4));
#10658 = CARTESIAN_POINT('',(26.079196979185,39.482382877746,0.));
#10659 = CARTESIAN_POINT('',(27.334096898428,38.962135973849,22.4));
#10660 = CARTESIAN_POINT('',(27.334096898428,38.962135973849,0.));
#10661 = CARTESIAN_POINT('',(28.662941662182,38.308441689941,22.4));
#10662 = CARTESIAN_POINT('',(28.662941662182,38.308441689941,0.));
#10663 = CARTESIAN_POINT('',(29.999288568651,37.543611043779,22.4));
#10664 = CARTESIAN_POINT('',(29.999288568651,37.543611043779,0.));
#10665 = CARTESIAN_POINT('',(31.386012320233,36.639006909525,22.4));
#10666 = CARTESIAN_POINT('',(31.386012320233,36.639006909525,0.));
#10667 = CARTESIAN_POINT('',(32.82677755251,35.578999051327,22.4));
#10668 = CARTESIAN_POINT('',(32.82677755251,35.578999051327,0.));
#10669 = CARTESIAN_POINT('',(34.359454096698,34.31357817388,22.4));
#10670 = CARTESIAN_POINT('',(34.359454096698,34.31357817388,0.));
#10671 = CARTESIAN_POINT('',(35.902743138997,32.897984237978,22.4));
#10672 = CARTESIAN_POINT('',(35.902743138997,32.897984237978,0.));
#10673 = CARTESIAN_POINT('',(37.531403832696,31.250328750885,22.4));
#10674 = CARTESIAN_POINT('',(37.531403832696,31.250328750885,0.));
#10675 = CARTESIAN_POINT('',(39.150485003839,29.471625150961,22.4));
#10676 = CARTESIAN_POINT('',(39.150485003839,29.471625150961,0.));
#10677 = CARTESIAN_POINT('',(41.240079304722,26.939646055038,22.4));
#10678 = CARTESIAN_POINT('',(41.240079304722,26.939646055038,0.));
#10679 = CARTESIAN_POINT('',(41.640230451155,26.367931517952,22.4));
#10680 = CARTESIAN_POINT('',(41.640230451155,26.367931517952,0.));
#10681 = CARTESIAN_POINT('',(42.806782149136,24.843884830543,22.4));
#10682 = CARTESIAN_POINT('',(42.806782149136,24.843884830543,0.));
#10683 = DEFINITIONAL_REPRESENTATION('',(#10684),#10688);
#10684 = LINE('',#10685,#10686);
#10685 = CARTESIAN_POINT('',(59.759046788485,0.));
#10686 = VECTOR('',#10687,1.);
#10687 = DIRECTION('',(0.,-1.));
#10688 = ( GEOMETRIC_REPRESENTATION_CONTEXT(2) 
PARAMETRIC_REPRESENTATION_CONTEXT() REPRESENTATION_CONTEXT('2D SPACE',''
  ) );
#10689 = ORIENTED_EDGE('',*,*,#10690,.T.);
#10690 = EDGE_CURVE('',#10562,#10691,#10693,.T.);
#10691 = VERTEX_POINT('',#10692);
#10692 = CARTESIAN_POINT('',(28.784054864049,39.03496106804,22.4));
#10693 = SURFACE_CURVE('',#10694,(#10699,#10706),.PCURVE_S1.);
#10694 = CIRCLE('',#10695,48.5);
#10695 = AXIS2_PLACEMENT_3D('',#10696,#10697,#10698);
#10696 = CARTESIAN_POINT('',(0.,0.,22.4));
#10697 = DIRECTION('',(0.,0.,1.));
#10698 = DIRECTION('',(1.,0.,-0.));
#10699 = PCURVE('',#10570,#10700);
#10700 = DEFINITIONAL_REPRESENTATION('',(#10701),#10705);
#10701 = LINE('',#10702,#10703);
#10702 = CARTESIAN_POINT('',(-0.,-22.4));
#10703 = VECTOR('',#10704,1.);
#10704 = DIRECTION('',(-1.,0.));
#10705 = ( GEOMETRIC_REPRESENTATION_CONTEXT(2) 
PARAMETRIC_REPRESENTATION_CONTEXT() REPRESENTATION_CONTEXT('2D SPACE',''
  ) );
#10706 = PCURVE('',#66,#10707);
#10707 = DEFINITIONAL_REPRESENTATION('',(#10708),#10712);
#10708 = CIRCLE('',#10709,48.5);
#10709 = AXIS2_PLACEMENT_2D('',#10710,#10711);
#10710 = CARTESIAN_POINT('',(1.75032336965E-15,-3.209892110372E-15));
#10711 = DIRECTION('',(1.,0.));
#10712 = ( GEOMETRIC_REPRESENTATION_CONTEXT(2) 
PARAMETRIC_REPRESENTATION_CONTEXT() REPRESENTATION_CONTEXT('2D SPACE',''
  ) );
#10713 = ORIENTED_EDGE('',*,*,#10714,.F.);
#10714 = EDGE_CURVE('',#10715,#10691,#10717,.T.);
#10715 = VERTEX_POINT('',#10716);
#10716 = CARTESIAN_POINT('',(28.784054864049,39.03496106804,0.));
#10717 = SURFACE_CURVE('',#10718,(#10722,#10729),.PCURVE_S1.);
#10718 = LINE('',#10719,#10720);
#10719 = CARTESIAN_POINT('',(28.784054864049,39.03496106804,0.));
#10720 = VECTOR('',#10721,1.);
#10721 = DIRECTION('',(0.,0.,1.));
#10722 = PCURVE('',#10570,#10723);
#10723 = DEFINITIONAL_REPRESENTATION('',(#10724),#10728);
#10724 = LINE('',#10725,#10726);
#10725 = CARTESIAN_POINT('',(-0.935413508199,0.));
#10726 = VECTOR('',#10727,1.);
#10727 = DIRECTION('',(-0.,-1.));
#10728 = ( GEOMETRIC_REPRESENTATION_CONTEXT(2) 
PARAMETRIC_REPRESENTATION_CONTEXT() REPRESENTATION_CONTEXT('2D SPACE',''
  ) );
#10729 = PCURVE('',#10730,#10735);
#10730 = PLANE('',#10731);
#10731 = AXIS2_PLACEMENT_3D('',#10732,#10733,#10734);
#10732 = CARTESIAN_POINT('',(28.784054864049,39.03496106804,0.));
#10733 = DIRECTION('',(-0.383801307059,-0.923415700917,0.));
#10734 = DIRECTION('',(-0.923415700917,0.383801307059,0.));
#10735 = DEFINITIONAL_REPRESENTATION('',(#10736),#10740);
#10736 = LINE('',#10737,#10738);
#10737 = CARTESIAN_POINT('',(0.,0.));
#10738 = VECTOR('',#10739,1.);
#10739 = DIRECTION('',(0.,-1.));
#10740 = ( GEOMETRIC_REPRESENTATION_CONTEXT(2) 
PARAMETRIC_REPRESENTATION_CONTEXT() REPRESENTATION_CONTEXT('2D SPACE',''
  ) );
#10741 = ORIENTED_EDGE('',*,*,#10742,.F.);
#10742 = EDGE_CURVE('',#10560,#10715,#10743,.T.);
#10743 = SURFACE_CURVE('',#10744,(#10749,#10756),.PCURVE_S1.);
#10744 = CIRCLE('',#10745,48.5);
#10745 = AXIS2_PLACEMENT_3D('',#10746,#10747,#10748);
#10746 = CARTESIAN_POINT('',(0.,0.,0.));
#10747 = DIRECTION('',(0.,0.,1.));
#10748 = DIRECTION('',(1.,0.,-0.));
#10749 = PCURVE('',#10570,#10750);
#10750 = DEFINITIONAL_REPRESENTATION('',(#10751),#10755);
#10751 = LINE('',#10752,#10753);
#10752 = CARTESIAN_POINT('',(-0.,0.));
#10753 = VECTOR('',#10754,1.);
#10754 = DIRECTION('',(-1.,0.));
#10755 = ( GEOMETRIC_REPRESENTATION_CONTEXT(2) 
PARAMETRIC_REPRESENTATION_CONTEXT() REPRESENTATION_CONTEXT('2D SPACE',''
  ) );
#10756 = PCURVE('',#94,#10757);
#10757 = DEFINITIONAL_REPRESENTATION('',(#10758),#10762);
#10758 = CIRCLE('',#10759,48.5);
#10759 = AXIS2_PLACEMENT_2D('',#10760,#10761);
#10760 = CARTESIAN_POINT('',(1.75032336965E-15,-3.209892110372E-15));
#10761 = DIRECTION('',(1.,0.));
#10762 = ( GEOMETRIC_REPRESENTATION_CONTEXT(2) 
PARAMETRIC_REPRESENTATION_CONTEXT() REPRESENTATION_CONTEXT('2D SPACE',''
  ) );
#10763 = ADVANCED_FACE('',(#10764),#10582,.T.);
#10764 = FACE_BOUND('',#10765,.T.);
#10765 = EDGE_LOOP('',(#10766,#10796,#10911,#10912));
#10766 = ORIENTED_EDGE('',*,*,#10767,.T.);
#10767 = EDGE_CURVE('',#10768,#10770,#10772,.T.);
#10768 = VERTEX_POINT('',#10769);
#10769 = CARTESIAN_POINT('',(8.093277400445,10.012977193509,0.));
#10770 = VERTEX_POINT('',#10771);
#10771 = CARTESIAN_POINT('',(8.093277400445,10.012977193509,22.4));
#10772 = SURFACE_CURVE('',#10773,(#10777,#10784),.PCURVE_S1.);
#10773 = LINE('',#10774,#10775);
#10774 = CARTESIAN_POINT('',(8.093277400445,10.012977193509,0.));
#10775 = VECTOR('',#10776,1.);
#10776 = DIRECTION('',(0.,0.,1.));
#10777 = PCURVE('',#10582,#10778);
#10778 = DEFINITIONAL_REPRESENTATION('',(#10779),#10783);
#10779 = LINE('',#10780,#10781);
#10780 = CARTESIAN_POINT('',(4.560656898555,0.));
#10781 = VECTOR('',#10782,1.);
#10782 = DIRECTION('',(0.,-1.));
#10783 = ( GEOMETRIC_REPRESENTATION_CONTEXT(2) 
PARAMETRIC_REPRESENTATION_CONTEXT() REPRESENTATION_CONTEXT('2D SPACE',''
  ) );
#10784 = PCURVE('',#10785,#10790);
#10785 = PLANE('',#10786);
#10786 = AXIS2_PLACEMENT_3D('',#10787,#10788,#10789);
#10787 = CARTESIAN_POINT('',(7.051107079368,12.019693060918,0.));
#10788 = DIRECTION('',(0.88745597613,0.460892493355,-0.));
#10789 = DIRECTION('',(0.460892493355,-0.88745597613,0.));
#10790 = DEFINITIONAL_REPRESENTATION('',(#10791),#10795);
#10791 = LINE('',#10792,#10793);
#10792 = CARTESIAN_POINT('',(2.261200466709,0.));
#10793 = VECTOR('',#10794,1.);
#10794 = DIRECTION('',(0.,-1.));
#10795 = ( GEOMETRIC_REPRESENTATION_CONTEXT(2) 
PARAMETRIC_REPRESENTATION_CONTEXT() REPRESENTATION_CONTEXT('2D SPACE',''
  ) );
#10796 = ORIENTED_EDGE('',*,*,#10797,.T.);
#10797 = EDGE_CURVE('',#10770,#10562,#10798,.T.);
#10798 = SURFACE_CURVE('',#10799,(#10850,#10857),.PCURVE_S1.);
#10799 = B_SPLINE_CURVE_WITH_KNOTS('',3,(#10800,#10801,#10802,#10803,
    #10804,#10805,#10806,#10807,#10808,#10809,#10810,#10811,#10812,
    #10813,#10814,#10815,#10816,#10817,#10818,#10819,#10820,#10821,
    #10822,#10823,#10824,#10825,#10826,#10827,#10828,#10829,#10830,
    #10831,#10832,#10833,#10834,#10835,#10836,#10837,#10838,#10839,
    #10840,#10841,#10842,#10843,#10844,#10845,#10846,#10847,#10848,
    #10849),.UNSPECIFIED.,.F.,.F.,(4,1,1,1,1,1,1,1,1,1,1,1,1,1,1,1,1,1,1
    ,1,1,1,1,1,1,1,1,1,1,1,1,1,1,1,1,1,1,1,1,1,1,1,1,1,1,1,1,4),(0.,
    2.766464139392,5.568319295326,8.177275145496,10.425160909405,
    12.698001103747,14.813706991925,16.784063111389,18.483896399813,
    20.207074900357,21.81810245116,23.327840693167,24.640860133639,
    25.985974841284,27.260500260188,28.473662841808,29.546573791048,
    30.665502050481,31.746604132965,32.796723932319,33.744037531687,
    34.751762028128,35.745458780463,36.730106112805,37.635070035337,
    38.615335519513,39.599805338773,40.592877392801,41.521106716853,
    42.54355210237,43.588460947472,44.661307186429,45.681682040739,
    46.825929386569,48.018033969658,49.266638650819,50.477859791669,
    51.863921967174,53.33914083985,54.917675284274,56.480212616324,
    58.303578905337,60.281721918016,62.435877257802,64.600562295301,
    67.15990258556,69.968318443063,73.053194077155),.UNSPECIFIED.);
#10800 = CARTESIAN_POINT('',(9.880760870129,5.816194003237,22.4));
#10801 = CARTESIAN_POINT('',(9.514229607782,6.644893632948,22.4));
#10802 = CARTESIAN_POINT('',(8.726866094648,8.352347400098,22.4));
#10803 = CARTESIAN_POINT('',(7.7482593467,10.887993749709,22.4));
#10804 = CARTESIAN_POINT('',(6.930325714986,13.309551340651,22.4));
#10805 = CARTESIAN_POINT('',(6.282227562072,15.596472714268,22.4));
#10806 = CARTESIAN_POINT('',(5.784587849339,17.753095600056,22.4));
#10807 = CARTESIAN_POINT('',(5.420650667977,19.842322197231,22.4));
#10808 = CARTESIAN_POINT('',(5.197909862873,21.759171458359,22.4));
#10809 = CARTESIAN_POINT('',(5.09325654643,23.554840433903,22.4));
#10810 = CARTESIAN_POINT('',(5.096182803092,25.233988650288,22.4));
#10811 = CARTESIAN_POINT('',(5.204221968676,26.84626796173,22.4));
#10812 = CARTESIAN_POINT('',(5.40645938795,28.311519496028,22.4));
#10813 = CARTESIAN_POINT('',(5.684731680676,29.67345682684,22.4));
#10814 = CARTESIAN_POINT('',(6.029671265133,30.939404020728,22.4));
#10815 = CARTESIAN_POINT('',(6.463046947933,32.142717773021,22.4));
#10816 = CARTESIAN_POINT('',(6.953135511264,33.225097171634,22.4));
#10817 = CARTESIAN_POINT('',(7.501765821777,34.219909801662,22.4));
#10818 = CARTESIAN_POINT('',(8.103348380965,35.131557866637,22.4));
#10819 = CARTESIAN_POINT('',(8.773662220142,35.98423564359,22.4));
#10820 = CARTESIAN_POINT('',(9.472911294482,36.736889822995,22.4));
#10821 = CARTESIAN_POINT('',(10.210562413316,37.415932987509,22.4));
#10822 = CARTESIAN_POINT('',(10.983223783895,38.025137547808,22.4));
#10823 = CARTESIAN_POINT('',(11.810920694616,38.579708525196,22.4));
#10824 = CARTESIAN_POINT('',(12.647944644491,39.053849169501,22.4));
#10825 = CARTESIAN_POINT('',(13.511727729372,39.466516974331,22.4));
#10826 = CARTESIAN_POINT('',(14.401480006344,39.819864618852,22.4));
#10827 = CARTESIAN_POINT('',(15.341220066294,40.120559724494,22.4));
#10828 = CARTESIAN_POINT('',(16.282054297583,40.353766913347,22.4));
#10829 = CARTESIAN_POINT('',(17.248008569068,40.529562100358,22.4));
#10830 = CARTESIAN_POINT('',(18.24033408098,40.6468681278,22.4));
#10831 = CARTESIAN_POINT('',(19.286301750346,40.702571646904,22.4));
#10832 = CARTESIAN_POINT('',(20.333018059347,40.690773546609,22.4));
#10833 = CARTESIAN_POINT('',(21.40988875719,40.611540977013,22.4));
#10834 = CARTESIAN_POINT('',(22.51924911683,40.459586241324,22.4));
#10835 = CARTESIAN_POINT('',(23.690861718162,40.220118190322,22.4));
#10836 = CARTESIAN_POINT('',(24.865796011915,39.898343255104,22.4));
#10837 = CARTESIAN_POINT('',(26.079196979185,39.482382877746,22.4));
#10838 = CARTESIAN_POINT('',(27.334096898428,38.962135973849,22.4));
#10839 = CARTESIAN_POINT('',(28.662941662182,38.308441689941,22.4));
#10840 = CARTESIAN_POINT('',(29.999288568651,37.543611043779,22.4));
#10841 = CARTESIAN_POINT('',(31.386012320233,36.639006909525,22.4));
#10842 = CARTESIAN_POINT('',(32.82677755251,35.578999051327,22.4));
#10843 = CARTESIAN_POINT('',(34.359454096698,34.31357817388,22.4));
#10844 = CARTESIAN_POINT('',(35.902743138997,32.897984237978,22.4));
#10845 = CARTESIAN_POINT('',(37.531403832696,31.250328750885,22.4));
#10846 = CARTESIAN_POINT('',(39.150485003839,29.471625150961,22.4));
#10847 = CARTESIAN_POINT('',(41.240079304722,26.939646055038,22.4));
#10848 = CARTESIAN_POINT('',(41.640230451155,26.367931517952,22.4));
#10849 = CARTESIAN_POINT('',(42.806782149136,24.843884830543,22.4));
#10850 = PCURVE('',#10582,#10851);
#10851 = DEFINITIONAL_REPRESENTATION('',(#10852),#10856);
#10852 = LINE('',#10853,#10854);
#10853 = CARTESIAN_POINT('',(0.,-22.4));
#10854 = VECTOR('',#10855,1.);
#10855 = DIRECTION('',(1.,0.));
#10856 = ( GEOMETRIC_REPRESENTATION_CONTEXT(2) 
PARAMETRIC_REPRESENTATION_CONTEXT() REPRESENTATION_CONTEXT('2D SPACE',''
  ) );
#10857 = PCURVE('',#66,#10858);
#10858 = DEFINITIONAL_REPRESENTATION('',(#10859),#10910);
#10859 = B_SPLINE_CURVE_WITH_KNOTS('',3,(#10860,#10861,#10862,#10863,
    #10864,#10865,#10866,#10867,#10868,#10869,#10870,#10871,#10872,
    #10873,#10874,#10875,#10876,#10877,#10878,#10879,#10880,#10881,
    #10882,#10883,#10884,#10885,#10886,#10887,#10888,#10889,#10890,
    #10891,#10892,#10893,#10894,#10895,#10896,#10897,#10898,#10899,
    #10900,#10901,#10902,#10903,#10904,#10905,#10906,#10907,#10908,
    #10909),.UNSPECIFIED.,.F.,.F.,(4,1,1,1,1,1,1,1,1,1,1,1,1,1,1,1,1,1,1
    ,1,1,1,1,1,1,1,1,1,1,1,1,1,1,1,1,1,1,1,1,1,1,1,1,1,1,1,1,4),(0.,
    2.766464139392,5.568319295326,8.177275145496,10.425160909405,
    12.698001103747,14.813706991925,16.784063111389,18.483896399813,
    20.207074900357,21.81810245116,23.327840693167,24.640860133639,
    25.985974841284,27.260500260188,28.473662841808,29.546573791048,
    30.665502050481,31.746604132965,32.796723932319,33.744037531687,
    34.751762028128,35.745458780463,36.730106112805,37.635070035337,
    38.615335519513,39.599805338773,40.592877392801,41.521106716853,
    42.54355210237,43.588460947472,44.661307186429,45.681682040739,
    46.825929386569,48.018033969658,49.266638650819,50.477859791669,
    51.863921967174,53.33914083985,54.917675284274,56.480212616324,
    58.303578905337,60.281721918016,62.435877257802,64.600562295301,
    67.15990258556,69.968318443063,73.053194077155),.UNSPECIFIED.);
#10860 = CARTESIAN_POINT('',(9.880760870129,5.816194003237));
#10861 = CARTESIAN_POINT('',(9.514229607782,6.644893632948));
#10862 = CARTESIAN_POINT('',(8.726866094648,8.352347400098));
#10863 = CARTESIAN_POINT('',(7.7482593467,10.887993749709));
#10864 = CARTESIAN_POINT('',(6.930325714986,13.309551340651));
#10865 = CARTESIAN_POINT('',(6.282227562072,15.596472714268));
#10866 = CARTESIAN_POINT('',(5.784587849339,17.753095600056));
#10867 = CARTESIAN_POINT('',(5.420650667977,19.842322197231));
#10868 = CARTESIAN_POINT('',(5.197909862873,21.759171458359));
#10869 = CARTESIAN_POINT('',(5.09325654643,23.554840433903));
#10870 = CARTESIAN_POINT('',(5.096182803092,25.233988650288));
#10871 = CARTESIAN_POINT('',(5.204221968676,26.84626796173));
#10872 = CARTESIAN_POINT('',(5.40645938795,28.311519496028));
#10873 = CARTESIAN_POINT('',(5.684731680676,29.67345682684));
#10874 = CARTESIAN_POINT('',(6.029671265133,30.939404020728));
#10875 = CARTESIAN_POINT('',(6.463046947933,32.142717773021));
#10876 = CARTESIAN_POINT('',(6.953135511264,33.225097171634));
#10877 = CARTESIAN_POINT('',(7.501765821777,34.219909801662));
#10878 = CARTESIAN_POINT('',(8.103348380965,35.131557866637));
#10879 = CARTESIAN_POINT('',(8.773662220142,35.98423564359));
#10880 = CARTESIAN_POINT('',(9.472911294482,36.736889822995));
#10881 = CARTESIAN_POINT('',(10.210562413316,37.415932987509));
#10882 = CARTESIAN_POINT('',(10.983223783895,38.025137547808));
#10883 = CARTESIAN_POINT('',(11.810920694616,38.579708525196));
#10884 = CARTESIAN_POINT('',(12.647944644491,39.053849169501));
#10885 = CARTESIAN_POINT('',(13.511727729372,39.466516974331));
#10886 = CARTESIAN_POINT('',(14.401480006344,39.819864618852));
#10887 = CARTESIAN_POINT('',(15.341220066294,40.120559724494));
#10888 = CARTESIAN_POINT('',(16.282054297583,40.353766913347));
#10889 = CARTESIAN_POINT('',(17.248008569068,40.529562100358));
#10890 = CARTESIAN_POINT('',(18.24033408098,40.6468681278));
#10891 = CARTESIAN_POINT('',(19.286301750346,40.702571646904));
#10892 = CARTESIAN_POINT('',(20.333018059347,40.690773546609));
#10893 = CARTESIAN_POINT('',(21.40988875719,40.611540977013));
#10894 = CARTESIAN_POINT('',(22.51924911683,40.459586241324));
#10895 = CARTESIAN_POINT('',(23.690861718162,40.220118190322));
#10896 = CARTESIAN_POINT('',(24.865796011915,39.898343255104));
#10897 = CARTESIAN_POINT('',(26.079196979185,39.482382877746));
#10898 = CARTESIAN_POINT('',(27.334096898428,38.962135973849));
#10899 = CARTESIAN_POINT('',(28.662941662182,38.308441689941));
#10900 = CARTESIAN_POINT('',(29.999288568651,37.543611043779));
#10901 = CARTESIAN_POINT('',(31.386012320233,36.639006909525));
#10902 = CARTESIAN_POINT('',(32.82677755251,35.578999051327));
#10903 = CARTESIAN_POINT('',(34.359454096698,34.31357817388));
#10904 = CARTESIAN_POINT('',(35.902743138997,32.897984237978));
#10905 = CARTESIAN_POINT('',(37.531403832696,31.250328750885));
#10906 = CARTESIAN_POINT('',(39.150485003839,29.471625150961));
#10907 = CARTESIAN_POINT('',(41.240079304722,26.939646055038));
#10908 = CARTESIAN_POINT('',(41.640230451155,26.367931517952));
#10909 = CARTESIAN_POINT('',(42.806782149136,24.843884830543));
#10910 = ( GEOMETRIC_REPRESENTATION_CONTEXT(2) 
PARAMETRIC_REPRESENTATION_CONTEXT() REPRESENTATION_CONTEXT('2D SPACE',''
  ) );
#10911 = ORIENTED_EDGE('',*,*,#10559,.F.);
#10912 = ORIENTED_EDGE('',*,*,#10913,.F.);
#10913 = EDGE_CURVE('',#10768,#10560,#10914,.T.);
#10914 = SURFACE_CURVE('',#10915,(#10966,#10973),.PCURVE_S1.);
#10915 = B_SPLINE_CURVE_WITH_KNOTS('',3,(#10916,#10917,#10918,#10919,
    #10920,#10921,#10922,#10923,#10924,#10925,#10926,#10927,#10928,
    #10929,#10930,#10931,#10932,#10933,#10934,#10935,#10936,#10937,
    #10938,#10939,#10940,#10941,#10942,#10943,#10944,#10945,#10946,
    #10947,#10948,#10949,#10950,#10951,#10952,#10953,#10954,#10955,
    #10956,#10957,#10958,#10959,#10960,#10961,#10962,#10963,#10964,
    #10965),.UNSPECIFIED.,.F.,.F.,(4,1,1,1,1,1,1,1,1,1,1,1,1,1,1,1,1,1,1
    ,1,1,1,1,1,1,1,1,1,1,1,1,1,1,1,1,1,1,1,1,1,1,1,1,1,1,1,1,4),(0.,
    2.766464139392,5.568319295326,8.177275145496,10.425160909405,
    12.698001103747,14.813706991925,16.784063111389,18.483896399813,
    20.207074900357,21.81810245116,23.327840693167,24.640860133639,
    25.985974841284,27.260500260188,28.473662841808,29.546573791048,
    30.665502050481,31.746604132965,32.796723932319,33.744037531687,
    34.751762028128,35.745458780463,36.730106112805,37.635070035337,
    38.615335519513,39.599805338773,40.592877392801,41.521106716853,
    42.54355210237,43.588460947472,44.661307186429,45.681682040739,
    46.825929386569,48.018033969658,49.266638650819,50.477859791669,
    51.863921967174,53.33914083985,54.917675284274,56.480212616324,
    58.303578905337,60.281721918016,62.435877257802,64.600562295301,
    67.15990258556,69.968318443063,73.053194077155),.UNSPECIFIED.);
#10916 = CARTESIAN_POINT('',(9.880760870129,5.816194003237,0.));
#10917 = CARTESIAN_POINT('',(9.514229607782,6.644893632948,0.));
#10918 = CARTESIAN_POINT('',(8.726866094648,8.352347400098,0.));
#10919 = CARTESIAN_POINT('',(7.7482593467,10.887993749709,0.));
#10920 = CARTESIAN_POINT('',(6.930325714986,13.309551340651,0.));
#10921 = CARTESIAN_POINT('',(6.282227562072,15.596472714268,0.));
#10922 = CARTESIAN_POINT('',(5.784587849339,17.753095600056,0.));
#10923 = CARTESIAN_POINT('',(5.420650667977,19.842322197231,0.));
#10924 = CARTESIAN_POINT('',(5.197909862873,21.759171458359,0.));
#10925 = CARTESIAN_POINT('',(5.09325654643,23.554840433903,0.));
#10926 = CARTESIAN_POINT('',(5.096182803092,25.233988650288,0.));
#10927 = CARTESIAN_POINT('',(5.204221968676,26.84626796173,0.));
#10928 = CARTESIAN_POINT('',(5.40645938795,28.311519496028,0.));
#10929 = CARTESIAN_POINT('',(5.684731680676,29.67345682684,0.));
#10930 = CARTESIAN_POINT('',(6.029671265133,30.939404020728,0.));
#10931 = CARTESIAN_POINT('',(6.463046947933,32.142717773021,0.));
#10932 = CARTESIAN_POINT('',(6.953135511264,33.225097171634,0.));
#10933 = CARTESIAN_POINT('',(7.501765821777,34.219909801662,0.));
#10934 = CARTESIAN_POINT('',(8.103348380965,35.131557866637,0.));
#10935 = CARTESIAN_POINT('',(8.773662220142,35.98423564359,0.));
#10936 = CARTESIAN_POINT('',(9.472911294482,36.736889822995,0.));
#10937 = CARTESIAN_POINT('',(10.210562413316,37.415932987509,0.));
#10938 = CARTESIAN_POINT('',(10.983223783895,38.025137547808,0.));
#10939 = CARTESIAN_POINT('',(11.810920694616,38.579708525196,0.));
#10940 = CARTESIAN_POINT('',(12.647944644491,39.053849169501,0.));
#10941 = CARTESIAN_POINT('',(13.511727729372,39.466516974331,0.));
#10942 = CARTESIAN_POINT('',(14.401480006344,39.819864618852,0.));
#10943 = CARTESIAN_POINT('',(15.341220066294,40.120559724494,0.));
#10944 = CARTESIAN_POINT('',(16.282054297583,40.353766913347,0.));
#10945 = CARTESIAN_POINT('',(17.248008569068,40.529562100358,0.));
#10946 = CARTESIAN_POINT('',(18.24033408098,40.6468681278,0.));
#10947 = CARTESIAN_POINT('',(19.286301750346,40.702571646904,0.));
#10948 = CARTESIAN_POINT('',(20.333018059347,40.690773546609,0.));
#10949 = CARTESIAN_POINT('',(21.40988875719,40.611540977013,0.));
#10950 = CARTESIAN_POINT('',(22.51924911683,40.459586241324,0.));
#10951 = CARTESIAN_POINT('',(23.690861718162,40.220118190322,0.));
#10952 = CARTESIAN_POINT('',(24.865796011915,39.898343255104,0.));
#10953 = CARTESIAN_POINT('',(26.079196979185,39.482382877746,0.));
#10954 = CARTESIAN_POINT('',(27.334096898428,38.962135973849,0.));
#10955 = CARTESIAN_POINT('',(28.662941662182,38.308441689941,0.));
#10956 = CARTESIAN_POINT('',(29.999288568651,37.543611043779,0.));
#10957 = CARTESIAN_POINT('',(31.386012320233,36.639006909525,0.));
#10958 = CARTESIAN_POINT('',(32.82677755251,35.578999051327,0.));
#10959 = CARTESIAN_POINT('',(34.359454096698,34.31357817388,0.));
#10960 = CARTESIAN_POINT('',(35.902743138997,32.897984237978,0.));
#10961 = CARTESIAN_POINT('',(37.531403832696,31.250328750885,0.));
#10962 = CARTESIAN_POINT('',(39.150485003839,29.471625150961,0.));
#10963 = CARTESIAN_POINT('',(41.240079304722,26.939646055038,0.));
#10964 = CARTESIAN_POINT('',(41.640230451155,26.367931517952,0.));
#10965 = CARTESIAN_POINT('',(42.806782149136,24.843884830543,0.));
#10966 = PCURVE('',#10582,#10967);
#10967 = DEFINITIONAL_REPRESENTATION('',(#10968),#10972);
#10968 = LINE('',#10969,#10970);
#10969 = CARTESIAN_POINT('',(0.,0.));
#10970 = VECTOR('',#10971,1.);
#10971 = DIRECTION('',(1.,0.));
#10972 = ( GEOMETRIC_REPRESENTATION_CONTEXT(2) 
PARAMETRIC_REPRESENTATION_CONTEXT() REPRESENTATION_CONTEXT('2D SPACE',''
  ) );
#10973 = PCURVE('',#94,#10974);
#10974 = DEFINITIONAL_REPRESENTATION('',(#10975),#11026);
#10975 = B_SPLINE_CURVE_WITH_KNOTS('',3,(#10976,#10977,#10978,#10979,
    #10980,#10981,#10982,#10983,#10984,#10985,#10986,#10987,#10988,
    #10989,#10990,#10991,#10992,#10993,#10994,#10995,#10996,#10997,
    #10998,#10999,#11000,#11001,#11002,#11003,#11004,#11005,#11006,
    #11007,#11008,#11009,#11010,#11011,#11012,#11013,#11014,#11015,
    #11016,#11017,#11018,#11019,#11020,#11021,#11022,#11023,#11024,
    #11025),.UNSPECIFIED.,.F.,.F.,(4,1,1,1,1,1,1,1,1,1,1,1,1,1,1,1,1,1,1
    ,1,1,1,1,1,1,1,1,1,1,1,1,1,1,1,1,1,1,1,1,1,1,1,1,1,1,1,1,4),(0.,
    2.766464139392,5.568319295326,8.177275145496,10.425160909405,
    12.698001103747,14.813706991925,16.784063111389,18.483896399813,
    20.207074900357,21.81810245116,23.327840693167,24.640860133639,
    25.985974841284,27.260500260188,28.473662841808,29.546573791048,
    30.665502050481,31.746604132965,32.796723932319,33.744037531687,
    34.751762028128,35.745458780463,36.730106112805,37.635070035337,
    38.615335519513,39.599805338773,40.592877392801,41.521106716853,
    42.54355210237,43.588460947472,44.661307186429,45.681682040739,
    46.825929386569,48.018033969658,49.266638650819,50.477859791669,
    51.863921967174,53.33914083985,54.917675284274,56.480212616324,
    58.303578905337,60.281721918016,62.435877257802,64.600562295301,
    67.15990258556,69.968318443063,73.053194077155),.UNSPECIFIED.);
#10976 = CARTESIAN_POINT('',(9.880760870129,5.816194003237));
#10977 = CARTESIAN_POINT('',(9.514229607782,6.644893632948));
#10978 = CARTESIAN_POINT('',(8.726866094648,8.352347400098));
#10979 = CARTESIAN_POINT('',(7.7482593467,10.887993749709));
#10980 = CARTESIAN_POINT('',(6.930325714986,13.309551340651));
#10981 = CARTESIAN_POINT('',(6.282227562072,15.596472714268));
#10982 = CARTESIAN_POINT('',(5.784587849339,17.753095600056));
#10983 = CARTESIAN_POINT('',(5.420650667977,19.842322197231));
#10984 = CARTESIAN_POINT('',(5.197909862873,21.759171458359));
#10985 = CARTESIAN_POINT('',(5.09325654643,23.554840433903));
#10986 = CARTESIAN_POINT('',(5.096182803092,25.233988650288));
#10987 = CARTESIAN_POINT('',(5.204221968676,26.84626796173));
#10988 = CARTESIAN_POINT('',(5.40645938795,28.311519496028));
#10989 = CARTESIAN_POINT('',(5.684731680676,29.67345682684));
#10990 = CARTESIAN_POINT('',(6.029671265133,30.939404020728));
#10991 = CARTESIAN_POINT('',(6.463046947933,32.142717773021));
#10992 = CARTESIAN_POINT('',(6.953135511264,33.225097171634));
#10993 = CARTESIAN_POINT('',(7.501765821777,34.219909801662));
#10994 = CARTESIAN_POINT('',(8.103348380965,35.131557866637));
#10995 = CARTESIAN_POINT('',(8.773662220142,35.98423564359));
#10996 = CARTESIAN_POINT('',(9.472911294482,36.736889822995));
#10997 = CARTESIAN_POINT('',(10.210562413316,37.415932987509));
#10998 = CARTESIAN_POINT('',(10.983223783895,38.025137547808));
#10999 = CARTESIAN_POINT('',(11.810920694616,38.579708525196));
#11000 = CARTESIAN_POINT('',(12.647944644491,39.053849169501));
#11001 = CARTESIAN_POINT('',(13.511727729372,39.466516974331));
#11002 = CARTESIAN_POINT('',(14.401480006344,39.819864618852));
#11003 = CARTESIAN_POINT('',(15.341220066294,40.120559724494));
#11004 = CARTESIAN_POINT('',(16.282054297583,40.353766913347));
#11005 = CARTESIAN_POINT('',(17.248008569068,40.529562100358));
#11006 = CARTESIAN_POINT('',(18.24033408098,40.6468681278));
#11007 = CARTESIAN_POINT('',(19.286301750346,40.702571646904));
#11008 = CARTESIAN_POINT('',(20.333018059347,40.690773546609));
#11009 = CARTESIAN_POINT('',(21.40988875719,40.611540977013));
#11010 = CARTESIAN_POINT('',(22.51924911683,40.459586241324));
#11011 = CARTESIAN_POINT('',(23.690861718162,40.220118190322));
#11012 = CARTESIAN_POINT('',(24.865796011915,39.898343255104));
#11013 = CARTESIAN_POINT('',(26.079196979185,39.482382877746));
#11014 = CARTESIAN_POINT('',(27.334096898428,38.962135973849));
#11015 = CARTESIAN_POINT('',(28.662941662182,38.308441689941));
#11016 = CARTESIAN_POINT('',(29.999288568651,37.543611043779));
#11017 = CARTESIAN_POINT('',(31.386012320233,36.639006909525));
#11018 = CARTESIAN_POINT('',(32.82677755251,35.578999051327));
#11019 = CARTESIAN_POINT('',(34.359454096698,34.31357817388));
#11020 = CARTESIAN_POINT('',(35.902743138997,32.897984237978));
#11021 = CARTESIAN_POINT('',(37.531403832696,31.250328750885));
#11022 = CARTESIAN_POINT('',(39.150485003839,29.471625150961));
#11023 = CARTESIAN_POINT('',(41.240079304722,26.939646055038));
#11024 = CARTESIAN_POINT('',(41.640230451155,26.367931517952));
#11025 = CARTESIAN_POINT('',(42.806782149136,24.843884830543));
#11026 = ( GEOMETRIC_REPRESENTATION_CONTEXT(2) 
PARAMETRIC_REPRESENTATION_CONTEXT() REPRESENTATION_CONTEXT('2D SPACE',''
  ) );
#11027 = ADVANCED_FACE('',(#11028),#10785,.T.);
#11028 = FACE_BOUND('',#11029,.T.);
#11029 = EDGE_LOOP('',(#11030,#11156,#11177,#11178));
#11030 = ORIENTED_EDGE('',*,*,#11031,.T.);
#11031 = EDGE_CURVE('',#11032,#11034,#11036,.T.);
#11032 = VERTEX_POINT('',#11033);
#11033 = CARTESIAN_POINT('',(7.051107079368,12.019693060918,0.));
#11034 = VERTEX_POINT('',#11035);
#11035 = CARTESIAN_POINT('',(7.051107079368,12.019693060918,22.4));
#11036 = SURFACE_CURVE('',#11037,(#11041,#11048),.PCURVE_S1.);
#11037 = LINE('',#11038,#11039);
#11038 = CARTESIAN_POINT('',(7.051107079368,12.019693060918,0.));
#11039 = VECTOR('',#11040,1.);
#11040 = DIRECTION('',(0.,0.,1.));
#11041 = PCURVE('',#10785,#11042);
#11042 = DEFINITIONAL_REPRESENTATION('',(#11043),#11047);
#11043 = LINE('',#11044,#11045);
#11044 = CARTESIAN_POINT('',(0.,0.));
#11045 = VECTOR('',#11046,1.);
#11046 = DIRECTION('',(0.,-1.));
#11047 = ( GEOMETRIC_REPRESENTATION_CONTEXT(2) 
PARAMETRIC_REPRESENTATION_CONTEXT() REPRESENTATION_CONTEXT('2D SPACE',''
  ) );
#11048 = PCURVE('',#11049,#11150);
#11049 = B_SPLINE_SURFACE_WITH_KNOTS('',3,1,(
    (#11050,#11051)
    ,(#11052,#11053)
    ,(#11054,#11055)
    ,(#11056,#11057)
    ,(#11058,#11059)
    ,(#11060,#11061)
    ,(#11062,#11063)
    ,(#11064,#11065)
    ,(#11066,#11067)
    ,(#11068,#11069)
    ,(#11070,#11071)
    ,(#11072,#11073)
    ,(#11074,#11075)
    ,(#11076,#11077)
    ,(#11078,#11079)
    ,(#11080,#11081)
    ,(#11082,#11083)
    ,(#11084,#11085)
    ,(#11086,#11087)
    ,(#11088,#11089)
    ,(#11090,#11091)
    ,(#11092,#11093)
    ,(#11094,#11095)
    ,(#11096,#11097)
    ,(#11098,#11099)
    ,(#11100,#11101)
    ,(#11102,#11103)
    ,(#11104,#11105)
    ,(#11106,#11107)
    ,(#11108,#11109)
    ,(#11110,#11111)
    ,(#11112,#11113)
    ,(#11114,#11115)
    ,(#11116,#11117)
    ,(#11118,#11119)
    ,(#11120,#11121)
    ,(#11122,#11123)
    ,(#11124,#11125)
    ,(#11126,#11127)
    ,(#11128,#11129)
    ,(#11130,#11131)
    ,(#11132,#11133)
    ,(#11134,#11135)
    ,(#11136,#11137)
    ,(#11138,#11139)
    ,(#11140,#11141)
    ,(#11142,#11143)
    ,(#11144,#11145)
    ,(#11146,#11147)
    ,(#11148,#11149
    )),.UNSPECIFIED.,.F.,.F.,.F.,(4,1,1,1,1,1,1,1,1,1,1,1,1,1,1,1,1,1,1,
    1,1,1,1,1,1,1,1,1,1,1,1,1,1,1,1,1,1,1,1,1,1,1,1,1,1,1,1,4),(2,2),(0.
    ,3.010134173011,5.734866089906,8.204243200285,10.280216915947,
    12.332164523515,14.201956865391,15.911237845672,17.363900720308,
    18.819208714806,20.167747400886,21.42468716853,22.515414853025,
    23.632925452475,24.694050367351,25.707901186754,26.608581862701,
    27.552388564938,28.468532489134,29.361872223827,30.169943636586,
    31.030962627216,31.880548884696,32.72227944396,33.495545472128,
    34.332992621126,35.174663745336,36.025783427864,36.825011523752,
    37.711824801461,38.627874308414,39.58148948206,40.502911686362,
    41.554574841448,42.671594637474,43.864256147866,45.041219012251,
    46.408073524505,47.880684921353,49.469922617188,51.049935999727,
    52.894334824252,54.887680127977,57.041280206621,59.18142193199,
    61.675679145654,64.364419403117,67.031728548195),(-22.4,0.),
  .UNSPECIFIED.);
#11050 = CARTESIAN_POINT('',(23.850181619853,41.085637700577,22.4));
#11051 = CARTESIAN_POINT('',(23.850181619853,41.085637700577,0.));
#11052 = CARTESIAN_POINT('',(22.938332135406,41.464648671267,22.4));
#11053 = CARTESIAN_POINT('',(22.938332135406,41.464648671267,0.));
#11054 = CARTESIAN_POINT('',(21.163130514959,42.233951860987,22.4));
#11055 = CARTESIAN_POINT('',(21.163130514959,42.233951860987,0.));
#11056 = CARTESIAN_POINT('',(18.601783235794,43.172176847085,22.4));
#11057 = CARTESIAN_POINT('',(18.601783235794,43.172176847085,0.));
#11058 = CARTESIAN_POINT('',(16.293390226183,43.917930175137,22.4));
#11059 = CARTESIAN_POINT('',(16.293390226183,43.917930175137,0.));
#11060 = CARTESIAN_POINT('',(14.171495857912,44.496867964486,22.4));
#11061 = CARTESIAN_POINT('',(14.171495857912,44.496867964486,0.));
#11062 = CARTESIAN_POINT('',(12.219185074295,44.931909061641,22.4));
#11063 = CARTESIAN_POINT('',(12.219185074295,44.931909061641,0.));
#11064 = CARTESIAN_POINT('',(10.367263236389,45.243175382232,22.4));
#11065 = CARTESIAN_POINT('',(10.367263236389,45.243175382232,0.));
#11066 = CARTESIAN_POINT('',(8.699387147197,45.428866102245,22.4));
#11067 = CARTESIAN_POINT('',(8.699387147197,45.428866102245,0.));
#11068 = CARTESIAN_POINT('',(7.161839610024,45.51275965803,22.4));
#11069 = CARTESIAN_POINT('',(7.161839610024,45.51275965803,0.));
#11070 = CARTESIAN_POINT('',(5.74209949152,45.50759709289,22.4));
#11071 = CARTESIAN_POINT('',(5.74209949152,45.50759709289,0.));
#11072 = CARTESIAN_POINT('',(4.390579828522,45.417859008954,22.4));
#11073 = CARTESIAN_POINT('',(4.390579828522,45.417859008954,0.));
#11074 = CARTESIAN_POINT('',(3.168112538737,45.25745311143,22.4));
#11075 = CARTESIAN_POINT('',(3.168112538737,45.25745311143,0.));
#11076 = CARTESIAN_POINT('',(2.033887352887,45.0354906316,22.4));
#11077 = CARTESIAN_POINT('',(2.033887352887,45.0354906316,0.));
#11078 = CARTESIAN_POINT('',(0.978897551494,44.759140127289,22.4));
#11079 = CARTESIAN_POINT('',(0.978897551494,44.759140127289,0.));
#11080 = CARTESIAN_POINT('',(-3.132178123363E-02,44.4222298205,22.4));
#11081 = CARTESIAN_POINT('',(-3.132178123363E-02,44.4222298205,0.));
#11082 = CARTESIAN_POINT('',(-0.950367029506,44.047239045737,22.4));
#11083 = CARTESIAN_POINT('',(-0.950367029506,44.047239045737,0.));
#11084 = CARTESIAN_POINT('',(-1.808748455452,43.632482975503,22.4));
#11085 = CARTESIAN_POINT('',(-1.808748455452,43.632482975503,0.));
#11086 = CARTESIAN_POINT('',(-2.611400516349,43.18111342381,22.4));
#11087 = CARTESIAN_POINT('',(-2.611400516349,43.18111342381,0.));
#11088 = CARTESIAN_POINT('',(-3.381232221976,42.680311905247,22.4));
#11089 = CARTESIAN_POINT('',(-3.381232221976,42.680311905247,0.));
#11090 = CARTESIAN_POINT('',(-4.080940655235,42.158033126256,22.4));
#11091 = CARTESIAN_POINT('',(-4.080940655235,42.158033126256,0.));
#11092 = CARTESIAN_POINT('',(-4.73263925928,41.605131729088,22.4));
#11093 = CARTESIAN_POINT('',(-4.73263925928,41.605131729088,0.));
#11094 = CARTESIAN_POINT('',(-5.337855591533,41.022367355054,22.4));
#11095 = CARTESIAN_POINT('',(-5.337855591533,41.022367355054,0.));
#11096 = CARTESIAN_POINT('',(-5.910443784111,40.3922454647,22.4));
#11097 = CARTESIAN_POINT('',(-5.910443784111,40.3922454647,0.));
#11098 = CARTESIAN_POINT('',(-6.420538034273,39.747409205041,22.4));
#11099 = CARTESIAN_POINT('',(-6.420538034273,39.747409205041,0.));
#11100 = CARTESIAN_POINT('',(-6.883518898962,39.072974988954,22.4));
#11101 = CARTESIAN_POINT('',(-6.883518898962,39.072974988954,0.));
#11102 = CARTESIAN_POINT('',(-7.298486644326,38.367797856748,22.4));
#11103 = CARTESIAN_POINT('',(-7.298486644326,38.367797856748,0.));
#11104 = CARTESIAN_POINT('',(-7.67096651686,37.610192253363,22.4));
#11105 = CARTESIAN_POINT('',(-7.67096651686,37.610192253363,0.));
#11106 = CARTESIAN_POINT('',(-7.979078415385,36.837839780931,22.4));
#11107 = CARTESIAN_POINT('',(-7.979078415385,36.837839780931,0.));
#11108 = CARTESIAN_POINT('',(-8.231773277157,36.029964316298,22.4));
#11109 = CARTESIAN_POINT('',(-8.231773277157,36.029964316298,0.));
#11110 = CARTESIAN_POINT('',(-8.42550097466,35.18349977364,22.4));
#11111 = CARTESIAN_POINT('',(-8.42550097466,35.18349977364,0.));
#11112 = CARTESIAN_POINT('',(-8.556164117265,34.27296123684,22.4));
#11113 = CARTESIAN_POINT('',(-8.556164117265,34.27296123684,0.));
#11114 = CARTESIAN_POINT('',(-8.611612608317,33.343165384743,22.4));
#11115 = CARTESIAN_POINT('',(-8.611612608317,33.343165384743,0.));
#11116 = CARTESIAN_POINT('',(-8.592258217678,32.36688876422,22.4));
#11117 = CARTESIAN_POINT('',(-8.592258217678,32.36688876422,0.));
#11118 = CARTESIAN_POINT('',(-8.490936763974,31.340670878501,22.4));
#11119 = CARTESIAN_POINT('',(-8.490936763974,31.340670878501,0.));
#11120 = CARTESIAN_POINT('',(-8.291249467091,30.23705258033,22.4));
#11121 = CARTESIAN_POINT('',(-8.291249467091,30.23705258033,0.));
#11122 = CARTESIAN_POINT('',(-7.998405067358,29.111064093022,22.4));
#11123 = CARTESIAN_POINT('',(-7.998405067358,29.111064093022,0.));
#11124 = CARTESIAN_POINT('',(-7.589078170952,27.933487772265,22.4));
#11125 = CARTESIAN_POINT('',(-7.589078170952,27.933487772265,0.));
#11126 = CARTESIAN_POINT('',(-7.055581640139,26.70429423241,22.4));
#11127 = CARTESIAN_POINT('',(-7.055581640139,26.70429423241,0.));
#11128 = CARTESIAN_POINT('',(-6.377765038857,25.391682245513,22.4));
#11129 = CARTESIAN_POINT('',(-6.377765038857,25.391682245513,0.));
#11130 = CARTESIAN_POINT('',(-5.578185203553,24.065747827849,22.4));
#11131 = CARTESIAN_POINT('',(-5.578185203553,24.065747827849,0.));
#11132 = CARTESIAN_POINT('',(-4.630789307926,22.687905843428,22.4));
#11133 = CARTESIAN_POINT('',(-4.630789307926,22.687905843428,0.));
#11134 = CARTESIAN_POINT('',(-3.523364729133,21.260439651933,22.4));
#11135 = CARTESIAN_POINT('',(-3.523364729133,21.260439651933,0.));
#11136 = CARTESIAN_POINT('',(-2.209846404675,19.753017757988,22.4));
#11137 = CARTESIAN_POINT('',(-2.209846404675,19.753017757988,0.));
#11138 = CARTESIAN_POINT('',(-0.753333871887,18.252182319148,22.4));
#11139 = CARTESIAN_POINT('',(-0.753333871887,18.252182319148,0.));
#11140 = CARTESIAN_POINT('',(0.919557641022,16.696203647599,22.4));
#11141 = CARTESIAN_POINT('',(0.919557641022,16.696203647599,0.));
#11142 = CARTESIAN_POINT('',(2.707838975062,15.175532050721,22.4));
#11143 = CARTESIAN_POINT('',(2.707838975062,15.175532050721,0.));
#11144 = CARTESIAN_POINT('',(5.099203627213,13.350090444196,22.4));
#11145 = CARTESIAN_POINT('',(5.099203627213,13.350090444196,0.));
#11146 = CARTESIAN_POINT('',(5.776592839161,12.91100078668,22.4));
#11147 = CARTESIAN_POINT('',(5.776592839161,12.91100078668,0.));
#11148 = CARTESIAN_POINT('',(7.051107079368,12.019693060918,22.4));
#11149 = CARTESIAN_POINT('',(7.051107079368,12.019693060918,0.));
#11150 = DEFINITIONAL_REPRESENTATION('',(#11151),#11155);
#11151 = LINE('',#11152,#11153);
#11152 = CARTESIAN_POINT('',(67.031728548195,0.));
#11153 = VECTOR('',#11154,1.);
#11154 = DIRECTION('',(0.,-1.));
#11155 = ( GEOMETRIC_REPRESENTATION_CONTEXT(2) 
PARAMETRIC_REPRESENTATION_CONTEXT() REPRESENTATION_CONTEXT('2D SPACE',''
  ) );
#11156 = ORIENTED_EDGE('',*,*,#11157,.T.);
#11157 = EDGE_CURVE('',#11034,#10770,#11158,.T.);
#11158 = SURFACE_CURVE('',#11159,(#11163,#11170),.PCURVE_S1.);
#11159 = LINE('',#11160,#11161);
#11160 = CARTESIAN_POINT('',(7.051107079368,12.019693060918,22.4));
#11161 = VECTOR('',#11162,1.);
#11162 = DIRECTION('',(0.460892493355,-0.88745597613,0.));
#11163 = PCURVE('',#10785,#11164);
#11164 = DEFINITIONAL_REPRESENTATION('',(#11165),#11169);
#11165 = LINE('',#11166,#11167);
#11166 = CARTESIAN_POINT('',(0.,-22.4));
#11167 = VECTOR('',#11168,1.);
#11168 = DIRECTION('',(1.,0.));
#11169 = ( GEOMETRIC_REPRESENTATION_CONTEXT(2) 
PARAMETRIC_REPRESENTATION_CONTEXT() REPRESENTATION_CONTEXT('2D SPACE',''
  ) );
#11170 = PCURVE('',#66,#11171);
#11171 = DEFINITIONAL_REPRESENTATION('',(#11172),#11176);
#11172 = LINE('',#11173,#11174);
#11173 = CARTESIAN_POINT('',(7.051107079368,12.019693060918));
#11174 = VECTOR('',#11175,1.);
#11175 = DIRECTION('',(0.460892493355,-0.88745597613));
#11176 = ( GEOMETRIC_REPRESENTATION_CONTEXT(2) 
PARAMETRIC_REPRESENTATION_CONTEXT() REPRESENTATION_CONTEXT('2D SPACE',''
  ) );
#11177 = ORIENTED_EDGE('',*,*,#10767,.F.);
#11178 = ORIENTED_EDGE('',*,*,#11179,.F.);
#11179 = EDGE_CURVE('',#11032,#10768,#11180,.T.);
#11180 = SURFACE_CURVE('',#11181,(#11185,#11192),.PCURVE_S1.);
#11181 = LINE('',#11182,#11183);
#11182 = CARTESIAN_POINT('',(7.051107079368,12.019693060918,0.));
#11183 = VECTOR('',#11184,1.);
#11184 = DIRECTION('',(0.460892493355,-0.88745597613,0.));
#11185 = PCURVE('',#10785,#11186);
#11186 = DEFINITIONAL_REPRESENTATION('',(#11187),#11191);
#11187 = LINE('',#11188,#11189);
#11188 = CARTESIAN_POINT('',(0.,0.));
#11189 = VECTOR('',#11190,1.);
#11190 = DIRECTION('',(1.,0.));
#11191 = ( GEOMETRIC_REPRESENTATION_CONTEXT(2) 
PARAMETRIC_REPRESENTATION_CONTEXT() REPRESENTATION_CONTEXT('2D SPACE',''
  ) );
#11192 = PCURVE('',#94,#11193);
#11193 = DEFINITIONAL_REPRESENTATION('',(#11194),#11198);
#11194 = LINE('',#11195,#11196);
#11195 = CARTESIAN_POINT('',(7.051107079368,12.019693060918));
#11196 = VECTOR('',#11197,1.);
#11197 = DIRECTION('',(0.460892493355,-0.88745597613));
#11198 = ( GEOMETRIC_REPRESENTATION_CONTEXT(2) 
PARAMETRIC_REPRESENTATION_CONTEXT() REPRESENTATION_CONTEXT('2D SPACE',''
  ) );
#11199 = ADVANCED_FACE('',(#11200),#11049,.T.);
#11200 = FACE_BOUND('',#11201,.T.);
#11201 = EDGE_LOOP('',(#11202,#11227,#11342,#11343));
#11202 = ORIENTED_EDGE('',*,*,#11203,.T.);
#11203 = EDGE_CURVE('',#11204,#11206,#11208,.T.);
#11204 = VERTEX_POINT('',#11205);
#11205 = CARTESIAN_POINT('',(23.850181619853,41.085637700577,0.));
#11206 = VERTEX_POINT('',#11207);
#11207 = CARTESIAN_POINT('',(23.850181619853,41.085637700577,22.4));
#11208 = SURFACE_CURVE('',#11209,(#11213,#11220),.PCURVE_S1.);
#11209 = LINE('',#11210,#11211);
#11210 = CARTESIAN_POINT('',(23.850181619853,41.085637700577,0.));
#11211 = VECTOR('',#11212,1.);
#11212 = DIRECTION('',(0.,0.,1.));
#11213 = PCURVE('',#11049,#11214);
#11214 = DEFINITIONAL_REPRESENTATION('',(#11215),#11219);
#11215 = LINE('',#11216,#11217);
#11216 = CARTESIAN_POINT('',(0.,0.));
#11217 = VECTOR('',#11218,1.);
#11218 = DIRECTION('',(0.,-1.));
#11219 = ( GEOMETRIC_REPRESENTATION_CONTEXT(2) 
PARAMETRIC_REPRESENTATION_CONTEXT() REPRESENTATION_CONTEXT('2D SPACE',''
  ) );
#11220 = PCURVE('',#10730,#11221);
#11221 = DEFINITIONAL_REPRESENTATION('',(#11222),#11226);
#11222 = LINE('',#11223,#11224);
#11223 = CARTESIAN_POINT('',(5.343068391947,0.));
#11224 = VECTOR('',#11225,1.);
#11225 = DIRECTION('',(0.,-1.));
#11226 = ( GEOMETRIC_REPRESENTATION_CONTEXT(2) 
PARAMETRIC_REPRESENTATION_CONTEXT() REPRESENTATION_CONTEXT('2D SPACE',''
  ) );
#11227 = ORIENTED_EDGE('',*,*,#11228,.T.);
#11228 = EDGE_CURVE('',#11206,#11034,#11229,.T.);
#11229 = SURFACE_CURVE('',#11230,(#11281,#11288),.PCURVE_S1.);
#11230 = B_SPLINE_CURVE_WITH_KNOTS('',3,(#11231,#11232,#11233,#11234,
    #11235,#11236,#11237,#11238,#11239,#11240,#11241,#11242,#11243,
    #11244,#11245,#11246,#11247,#11248,#11249,#11250,#11251,#11252,
    #11253,#11254,#11255,#11256,#11257,#11258,#11259,#11260,#11261,
    #11262,#11263,#11264,#11265,#11266,#11267,#11268,#11269,#11270,
    #11271,#11272,#11273,#11274,#11275,#11276,#11277,#11278,#11279,
    #11280),.UNSPECIFIED.,.F.,.F.,(4,1,1,1,1,1,1,1,1,1,1,1,1,1,1,1,1,1,1
    ,1,1,1,1,1,1,1,1,1,1,1,1,1,1,1,1,1,1,1,1,1,1,1,1,1,1,1,1,4),(0.,
    3.010134173011,5.734866089906,8.204243200285,10.280216915947,
    12.332164523515,14.201956865391,15.911237845672,17.363900720308,
    18.819208714806,20.167747400886,21.42468716853,22.515414853025,
    23.632925452475,24.694050367351,25.707901186754,26.608581862701,
    27.552388564938,28.468532489134,29.361872223827,30.169943636586,
    31.030962627216,31.880548884696,32.72227944396,33.495545472128,
    34.332992621126,35.174663745336,36.025783427864,36.825011523752,
    37.711824801461,38.627874308414,39.58148948206,40.502911686362,
    41.554574841448,42.671594637474,43.864256147866,45.041219012251,
    46.408073524505,47.880684921353,49.469922617188,51.049935999727,
    52.894334824252,54.887680127977,57.041280206621,59.18142193199,
    61.675679145654,64.364419403117,67.031728548195),.UNSPECIFIED.);
#11231 = CARTESIAN_POINT('',(23.850181619853,41.085637700577,22.4));
#11232 = CARTESIAN_POINT('',(22.938332135406,41.464648671267,22.4));
#11233 = CARTESIAN_POINT('',(21.163130514959,42.233951860987,22.4));
#11234 = CARTESIAN_POINT('',(18.601783235794,43.172176847085,22.4));
#11235 = CARTESIAN_POINT('',(16.293390226183,43.917930175137,22.4));
#11236 = CARTESIAN_POINT('',(14.171495857912,44.496867964486,22.4));
#11237 = CARTESIAN_POINT('',(12.219185074295,44.931909061641,22.4));
#11238 = CARTESIAN_POINT('',(10.367263236389,45.243175382232,22.4));
#11239 = CARTESIAN_POINT('',(8.699387147197,45.428866102245,22.4));
#11240 = CARTESIAN_POINT('',(7.161839610024,45.51275965803,22.4));
#11241 = CARTESIAN_POINT('',(5.74209949152,45.50759709289,22.4));
#11242 = CARTESIAN_POINT('',(4.390579828522,45.417859008954,22.4));
#11243 = CARTESIAN_POINT('',(3.168112538737,45.25745311143,22.4));
#11244 = CARTESIAN_POINT('',(2.033887352887,45.0354906316,22.4));
#11245 = CARTESIAN_POINT('',(0.978897551494,44.759140127289,22.4));
#11246 = CARTESIAN_POINT('',(-3.132178123363E-02,44.4222298205,22.4));
#11247 = CARTESIAN_POINT('',(-0.950367029506,44.047239045737,22.4));
#11248 = CARTESIAN_POINT('',(-1.808748455452,43.632482975503,22.4));
#11249 = CARTESIAN_POINT('',(-2.611400516349,43.18111342381,22.4));
#11250 = CARTESIAN_POINT('',(-3.381232221976,42.680311905247,22.4));
#11251 = CARTESIAN_POINT('',(-4.080940655235,42.158033126256,22.4));
#11252 = CARTESIAN_POINT('',(-4.73263925928,41.605131729088,22.4));
#11253 = CARTESIAN_POINT('',(-5.337855591533,41.022367355054,22.4));
#11254 = CARTESIAN_POINT('',(-5.910443784111,40.3922454647,22.4));
#11255 = CARTESIAN_POINT('',(-6.420538034273,39.747409205041,22.4));
#11256 = CARTESIAN_POINT('',(-6.883518898962,39.072974988954,22.4));
#11257 = CARTESIAN_POINT('',(-7.298486644326,38.367797856748,22.4));
#11258 = CARTESIAN_POINT('',(-7.67096651686,37.610192253363,22.4));
#11259 = CARTESIAN_POINT('',(-7.979078415385,36.837839780931,22.4));
#11260 = CARTESIAN_POINT('',(-8.231773277157,36.029964316298,22.4));
#11261 = CARTESIAN_POINT('',(-8.42550097466,35.18349977364,22.4));
#11262 = CARTESIAN_POINT('',(-8.556164117265,34.27296123684,22.4));
#11263 = CARTESIAN_POINT('',(-8.611612608317,33.343165384743,22.4));
#11264 = CARTESIAN_POINT('',(-8.592258217678,32.36688876422,22.4));
#11265 = CARTESIAN_POINT('',(-8.490936763974,31.340670878501,22.4));
#11266 = CARTESIAN_POINT('',(-8.291249467091,30.23705258033,22.4));
#11267 = CARTESIAN_POINT('',(-7.998405067358,29.111064093022,22.4));
#11268 = CARTESIAN_POINT('',(-7.589078170952,27.933487772265,22.4));
#11269 = CARTESIAN_POINT('',(-7.055581640139,26.70429423241,22.4));
#11270 = CARTESIAN_POINT('',(-6.377765038857,25.391682245513,22.4));
#11271 = CARTESIAN_POINT('',(-5.578185203553,24.065747827849,22.4));
#11272 = CARTESIAN_POINT('',(-4.630789307926,22.687905843428,22.4));
#11273 = CARTESIAN_POINT('',(-3.523364729133,21.260439651933,22.4));
#11274 = CARTESIAN_POINT('',(-2.209846404675,19.753017757988,22.4));
#11275 = CARTESIAN_POINT('',(-0.753333871887,18.252182319148,22.4));
#11276 = CARTESIAN_POINT('',(0.919557641022,16.696203647599,22.4));
#11277 = CARTESIAN_POINT('',(2.707838975062,15.175532050721,22.4));
#11278 = CARTESIAN_POINT('',(5.099203627213,13.350090444196,22.4));
#11279 = CARTESIAN_POINT('',(5.776592839161,12.91100078668,22.4));
#11280 = CARTESIAN_POINT('',(7.051107079368,12.019693060918,22.4));
#11281 = PCURVE('',#11049,#11282);
#11282 = DEFINITIONAL_REPRESENTATION('',(#11283),#11287);
#11283 = LINE('',#11284,#11285);
#11284 = CARTESIAN_POINT('',(0.,-22.4));
#11285 = VECTOR('',#11286,1.);
#11286 = DIRECTION('',(1.,0.));
#11287 = ( GEOMETRIC_REPRESENTATION_CONTEXT(2) 
PARAMETRIC_REPRESENTATION_CONTEXT() REPRESENTATION_CONTEXT('2D SPACE',''
  ) );
#11288 = PCURVE('',#66,#11289);
#11289 = DEFINITIONAL_REPRESENTATION('',(#11290),#11341);
#11290 = B_SPLINE_CURVE_WITH_KNOTS('',3,(#11291,#11292,#11293,#11294,
    #11295,#11296,#11297,#11298,#11299,#11300,#11301,#11302,#11303,
    #11304,#11305,#11306,#11307,#11308,#11309,#11310,#11311,#11312,
    #11313,#11314,#11315,#11316,#11317,#11318,#11319,#11320,#11321,
    #11322,#11323,#11324,#11325,#11326,#11327,#11328,#11329,#11330,
    #11331,#11332,#11333,#11334,#11335,#11336,#11337,#11338,#11339,
    #11340),.UNSPECIFIED.,.F.,.F.,(4,1,1,1,1,1,1,1,1,1,1,1,1,1,1,1,1,1,1
    ,1,1,1,1,1,1,1,1,1,1,1,1,1,1,1,1,1,1,1,1,1,1,1,1,1,1,1,1,4),(0.,
    3.010134173011,5.734866089906,8.204243200285,10.280216915947,
    12.332164523515,14.201956865391,15.911237845672,17.363900720308,
    18.819208714806,20.167747400886,21.42468716853,22.515414853025,
    23.632925452475,24.694050367351,25.707901186754,26.608581862701,
    27.552388564938,28.468532489134,29.361872223827,30.169943636586,
    31.030962627216,31.880548884696,32.72227944396,33.495545472128,
    34.332992621126,35.174663745336,36.025783427864,36.825011523752,
    37.711824801461,38.627874308414,39.58148948206,40.502911686362,
    41.554574841448,42.671594637474,43.864256147866,45.041219012251,
    46.408073524505,47.880684921353,49.469922617188,51.049935999727,
    52.894334824252,54.887680127977,57.041280206621,59.18142193199,
    61.675679145654,64.364419403117,67.031728548195),.UNSPECIFIED.);
#11291 = CARTESIAN_POINT('',(23.850181619853,41.085637700577));
#11292 = CARTESIAN_POINT('',(22.938332135406,41.464648671267));
#11293 = CARTESIAN_POINT('',(21.163130514959,42.233951860987));
#11294 = CARTESIAN_POINT('',(18.601783235794,43.172176847085));
#11295 = CARTESIAN_POINT('',(16.293390226183,43.917930175137));
#11296 = CARTESIAN_POINT('',(14.171495857912,44.496867964486));
#11297 = CARTESIAN_POINT('',(12.219185074295,44.931909061641));
#11298 = CARTESIAN_POINT('',(10.367263236389,45.243175382232));
#11299 = CARTESIAN_POINT('',(8.699387147197,45.428866102245));
#11300 = CARTESIAN_POINT('',(7.161839610024,45.51275965803));
#11301 = CARTESIAN_POINT('',(5.74209949152,45.50759709289));
#11302 = CARTESIAN_POINT('',(4.390579828522,45.417859008954));
#11303 = CARTESIAN_POINT('',(3.168112538737,45.25745311143));
#11304 = CARTESIAN_POINT('',(2.033887352887,45.0354906316));
#11305 = CARTESIAN_POINT('',(0.978897551494,44.759140127289));
#11306 = CARTESIAN_POINT('',(-3.132178123363E-02,44.4222298205));
#11307 = CARTESIAN_POINT('',(-0.950367029506,44.047239045737));
#11308 = CARTESIAN_POINT('',(-1.808748455452,43.632482975503));
#11309 = CARTESIAN_POINT('',(-2.611400516349,43.18111342381));
#11310 = CARTESIAN_POINT('',(-3.381232221976,42.680311905247));
#11311 = CARTESIAN_POINT('',(-4.080940655235,42.158033126256));
#11312 = CARTESIAN_POINT('',(-4.73263925928,41.605131729088));
#11313 = CARTESIAN_POINT('',(-5.337855591533,41.022367355054));
#11314 = CARTESIAN_POINT('',(-5.910443784111,40.3922454647));
#11315 = CARTESIAN_POINT('',(-6.420538034273,39.747409205041));
#11316 = CARTESIAN_POINT('',(-6.883518898962,39.072974988954));
#11317 = CARTESIAN_POINT('',(-7.298486644326,38.367797856748));
#11318 = CARTESIAN_POINT('',(-7.67096651686,37.610192253363));
#11319 = CARTESIAN_POINT('',(-7.979078415385,36.837839780931));
#11320 = CARTESIAN_POINT('',(-8.231773277157,36.029964316298));
#11321 = CARTESIAN_POINT('',(-8.42550097466,35.18349977364));
#11322 = CARTESIAN_POINT('',(-8.556164117265,34.27296123684));
#11323 = CARTESIAN_POINT('',(-8.611612608317,33.343165384743));
#11324 = CARTESIAN_POINT('',(-8.592258217678,32.36688876422));
#11325 = CARTESIAN_POINT('',(-8.490936763974,31.340670878501));
#11326 = CARTESIAN_POINT('',(-8.291249467091,30.23705258033));
#11327 = CARTESIAN_POINT('',(-7.998405067358,29.111064093022));
#11328 = CARTESIAN_POINT('',(-7.589078170952,27.933487772265));
#11329 = CARTESIAN_POINT('',(-7.055581640139,26.70429423241));
#11330 = CARTESIAN_POINT('',(-6.377765038857,25.391682245513));
#11331 = CARTESIAN_POINT('',(-5.578185203553,24.065747827849));
#11332 = CARTESIAN_POINT('',(-4.630789307926,22.687905843428));
#11333 = CARTESIAN_POINT('',(-3.523364729133,21.260439651933));
#11334 = CARTESIAN_POINT('',(-2.209846404675,19.753017757988));
#11335 = CARTESIAN_POINT('',(-0.753333871887,18.252182319148));
#11336 = CARTESIAN_POINT('',(0.919557641022,16.696203647599));
#11337 = CARTESIAN_POINT('',(2.707838975062,15.175532050721));
#11338 = CARTESIAN_POINT('',(5.099203627213,13.350090444196));
#11339 = CARTESIAN_POINT('',(5.776592839161,12.91100078668));
#11340 = CARTESIAN_POINT('',(7.051107079368,12.019693060918));
#11341 = ( GEOMETRIC_REPRESENTATION_CONTEXT(2) 
PARAMETRIC_REPRESENTATION_CONTEXT() REPRESENTATION_CONTEXT('2D SPACE',''
  ) );
#11342 = ORIENTED_EDGE('',*,*,#11031,.F.);
#11343 = ORIENTED_EDGE('',*,*,#11344,.F.);
#11344 = EDGE_CURVE('',#11204,#11032,#11345,.T.);
#11345 = SURFACE_CURVE('',#11346,(#11397,#11404),.PCURVE_S1.);
#11346 = B_SPLINE_CURVE_WITH_KNOTS('',3,(#11347,#11348,#11349,#11350,
    #11351,#11352,#11353,#11354,#11355,#11356,#11357,#11358,#11359,
    #11360,#11361,#11362,#11363,#11364,#11365,#11366,#11367,#11368,
    #11369,#11370,#11371,#11372,#11373,#11374,#11375,#11376,#11377,
    #11378,#11379,#11380,#11381,#11382,#11383,#11384,#11385,#11386,
    #11387,#11388,#11389,#11390,#11391,#11392,#11393,#11394,#11395,
    #11396),.UNSPECIFIED.,.F.,.F.,(4,1,1,1,1,1,1,1,1,1,1,1,1,1,1,1,1,1,1
    ,1,1,1,1,1,1,1,1,1,1,1,1,1,1,1,1,1,1,1,1,1,1,1,1,1,1,1,1,4),(0.,
    3.010134173011,5.734866089906,8.204243200285,10.280216915947,
    12.332164523515,14.201956865391,15.911237845672,17.363900720308,
    18.819208714806,20.167747400886,21.42468716853,22.515414853025,
    23.632925452475,24.694050367351,25.707901186754,26.608581862701,
    27.552388564938,28.468532489134,29.361872223827,30.169943636586,
    31.030962627216,31.880548884696,32.72227944396,33.495545472128,
    34.332992621126,35.174663745336,36.025783427864,36.825011523752,
    37.711824801461,38.627874308414,39.58148948206,40.502911686362,
    41.554574841448,42.671594637474,43.864256147866,45.041219012251,
    46.408073524505,47.880684921353,49.469922617188,51.049935999727,
    52.894334824252,54.887680127977,57.041280206621,59.18142193199,
    61.675679145654,64.364419403117,67.031728548195),.UNSPECIFIED.);
#11347 = CARTESIAN_POINT('',(23.850181619853,41.085637700577,0.));
#11348 = CARTESIAN_POINT('',(22.938332135406,41.464648671267,0.));
#11349 = CARTESIAN_POINT('',(21.163130514959,42.233951860987,0.));
#11350 = CARTESIAN_POINT('',(18.601783235794,43.172176847085,0.));
#11351 = CARTESIAN_POINT('',(16.293390226183,43.917930175137,0.));
#11352 = CARTESIAN_POINT('',(14.171495857912,44.496867964486,0.));
#11353 = CARTESIAN_POINT('',(12.219185074295,44.931909061641,0.));
#11354 = CARTESIAN_POINT('',(10.367263236389,45.243175382232,0.));
#11355 = CARTESIAN_POINT('',(8.699387147197,45.428866102245,0.));
#11356 = CARTESIAN_POINT('',(7.161839610024,45.51275965803,0.));
#11357 = CARTESIAN_POINT('',(5.74209949152,45.50759709289,0.));
#11358 = CARTESIAN_POINT('',(4.390579828522,45.417859008954,0.));
#11359 = CARTESIAN_POINT('',(3.168112538737,45.25745311143,0.));
#11360 = CARTESIAN_POINT('',(2.033887352887,45.0354906316,0.));
#11361 = CARTESIAN_POINT('',(0.978897551494,44.759140127289,0.));
#11362 = CARTESIAN_POINT('',(-3.132178123363E-02,44.4222298205,0.));
#11363 = CARTESIAN_POINT('',(-0.950367029506,44.047239045737,0.));
#11364 = CARTESIAN_POINT('',(-1.808748455452,43.632482975503,0.));
#11365 = CARTESIAN_POINT('',(-2.611400516349,43.18111342381,0.));
#11366 = CARTESIAN_POINT('',(-3.381232221976,42.680311905247,0.));
#11367 = CARTESIAN_POINT('',(-4.080940655235,42.158033126256,0.));
#11368 = CARTESIAN_POINT('',(-4.73263925928,41.605131729088,0.));
#11369 = CARTESIAN_POINT('',(-5.337855591533,41.022367355054,0.));
#11370 = CARTESIAN_POINT('',(-5.910443784111,40.3922454647,0.));
#11371 = CARTESIAN_POINT('',(-6.420538034273,39.747409205041,0.));
#11372 = CARTESIAN_POINT('',(-6.883518898962,39.072974988954,0.));
#11373 = CARTESIAN_POINT('',(-7.298486644326,38.367797856748,0.));
#11374 = CARTESIAN_POINT('',(-7.67096651686,37.610192253363,0.));
#11375 = CARTESIAN_POINT('',(-7.979078415385,36.837839780931,0.));
#11376 = CARTESIAN_POINT('',(-8.231773277157,36.029964316298,0.));
#11377 = CARTESIAN_POINT('',(-8.42550097466,35.18349977364,0.));
#11378 = CARTESIAN_POINT('',(-8.556164117265,34.27296123684,0.));
#11379 = CARTESIAN_POINT('',(-8.611612608317,33.343165384743,0.));
#11380 = CARTESIAN_POINT('',(-8.592258217678,32.36688876422,0.));
#11381 = CARTESIAN_POINT('',(-8.490936763974,31.340670878501,0.));
#11382 = CARTESIAN_POINT('',(-8.291249467091,30.23705258033,0.));
#11383 = CARTESIAN_POINT('',(-7.998405067358,29.111064093022,0.));
#11384 = CARTESIAN_POINT('',(-7.589078170952,27.933487772265,0.));
#11385 = CARTESIAN_POINT('',(-7.055581640139,26.70429423241,0.));
#11386 = CARTESIAN_POINT('',(-6.377765038857,25.391682245513,0.));
#11387 = CARTESIAN_POINT('',(-5.578185203553,24.065747827849,0.));
#11388 = CARTESIAN_POINT('',(-4.630789307926,22.687905843428,0.));
#11389 = CARTESIAN_POINT('',(-3.523364729133,21.260439651933,0.));
#11390 = CARTESIAN_POINT('',(-2.209846404675,19.753017757988,0.));
#11391 = CARTESIAN_POINT('',(-0.753333871887,18.252182319148,0.));
#11392 = CARTESIAN_POINT('',(0.919557641022,16.696203647599,0.));
#11393 = CARTESIAN_POINT('',(2.707838975062,15.175532050721,0.));
#11394 = CARTESIAN_POINT('',(5.099203627213,13.350090444196,0.));
#11395 = CARTESIAN_POINT('',(5.776592839161,12.91100078668,0.));
#11396 = CARTESIAN_POINT('',(7.051107079368,12.019693060918,0.));
#11397 = PCURVE('',#11049,#11398);
#11398 = DEFINITIONAL_REPRESENTATION('',(#11399),#11403);
#11399 = LINE('',#11400,#11401);
#11400 = CARTESIAN_POINT('',(0.,0.));
#11401 = VECTOR('',#11402,1.);
#11402 = DIRECTION('',(1.,0.));
#11403 = ( GEOMETRIC_REPRESENTATION_CONTEXT(2) 
PARAMETRIC_REPRESENTATION_CONTEXT() REPRESENTATION_CONTEXT('2D SPACE',''
  ) );
#11404 = PCURVE('',#94,#11405);
#11405 = DEFINITIONAL_REPRESENTATION('',(#11406),#11457);
#11406 = B_SPLINE_CURVE_WITH_KNOTS('',3,(#11407,#11408,#11409,#11410,
    #11411,#11412,#11413,#11414,#11415,#11416,#11417,#11418,#11419,
    #11420,#11421,#11422,#11423,#11424,#11425,#11426,#11427,#11428,
    #11429,#11430,#11431,#11432,#11433,#11434,#11435,#11436,#11437,
    #11438,#11439,#11440,#11441,#11442,#11443,#11444,#11445,#11446,
    #11447,#11448,#11449,#11450,#11451,#11452,#11453,#11454,#11455,
    #11456),.UNSPECIFIED.,.F.,.F.,(4,1,1,1,1,1,1,1,1,1,1,1,1,1,1,1,1,1,1
    ,1,1,1,1,1,1,1,1,1,1,1,1,1,1,1,1,1,1,1,1,1,1,1,1,1,1,1,1,4),(0.,
    3.010134173011,5.734866089906,8.204243200285,10.280216915947,
    12.332164523515,14.201956865391,15.911237845672,17.363900720308,
    18.819208714806,20.167747400886,21.42468716853,22.515414853025,
    23.632925452475,24.694050367351,25.707901186754,26.608581862701,
    27.552388564938,28.468532489134,29.361872223827,30.169943636586,
    31.030962627216,31.880548884696,32.72227944396,33.495545472128,
    34.332992621126,35.174663745336,36.025783427864,36.825011523752,
    37.711824801461,38.627874308414,39.58148948206,40.502911686362,
    41.554574841448,42.671594637474,43.864256147866,45.041219012251,
    46.408073524505,47.880684921353,49.469922617188,51.049935999727,
    52.894334824252,54.887680127977,57.041280206621,59.18142193199,
    61.675679145654,64.364419403117,67.031728548195),.UNSPECIFIED.);
#11407 = CARTESIAN_POINT('',(23.850181619853,41.085637700577));
#11408 = CARTESIAN_POINT('',(22.938332135406,41.464648671267));
#11409 = CARTESIAN_POINT('',(21.163130514959,42.233951860987));
#11410 = CARTESIAN_POINT('',(18.601783235794,43.172176847085));
#11411 = CARTESIAN_POINT('',(16.293390226183,43.917930175137));
#11412 = CARTESIAN_POINT('',(14.171495857912,44.496867964486));
#11413 = CARTESIAN_POINT('',(12.219185074295,44.931909061641));
#11414 = CARTESIAN_POINT('',(10.367263236389,45.243175382232));
#11415 = CARTESIAN_POINT('',(8.699387147197,45.428866102245));
#11416 = CARTESIAN_POINT('',(7.161839610024,45.51275965803));
#11417 = CARTESIAN_POINT('',(5.74209949152,45.50759709289));
#11418 = CARTESIAN_POINT('',(4.390579828522,45.417859008954));
#11419 = CARTESIAN_POINT('',(3.168112538737,45.25745311143));
#11420 = CARTESIAN_POINT('',(2.033887352887,45.0354906316));
#11421 = CARTESIAN_POINT('',(0.978897551494,44.759140127289));
#11422 = CARTESIAN_POINT('',(-3.132178123363E-02,44.4222298205));
#11423 = CARTESIAN_POINT('',(-0.950367029506,44.047239045737));
#11424 = CARTESIAN_POINT('',(-1.808748455452,43.632482975503));
#11425 = CARTESIAN_POINT('',(-2.611400516349,43.18111342381));
#11426 = CARTESIAN_POINT('',(-3.381232221976,42.680311905247));
#11427 = CARTESIAN_POINT('',(-4.080940655235,42.158033126256));
#11428 = CARTESIAN_POINT('',(-4.73263925928,41.605131729088));
#11429 = CARTESIAN_POINT('',(-5.337855591533,41.022367355054));
#11430 = CARTESIAN_POINT('',(-5.910443784111,40.3922454647));
#11431 = CARTESIAN_POINT('',(-6.420538034273,39.747409205041));
#11432 = CARTESIAN_POINT('',(-6.883518898962,39.072974988954));
#11433 = CARTESIAN_POINT('',(-7.298486644326,38.367797856748));
#11434 = CARTESIAN_POINT('',(-7.67096651686,37.610192253363));
#11435 = CARTESIAN_POINT('',(-7.979078415385,36.837839780931));
#11436 = CARTESIAN_POINT('',(-8.231773277157,36.029964316298));
#11437 = CARTESIAN_POINT('',(-8.42550097466,35.18349977364));
#11438 = CARTESIAN_POINT('',(-8.556164117265,34.27296123684));
#11439 = CARTESIAN_POINT('',(-8.611612608317,33.343165384743));
#11440 = CARTESIAN_POINT('',(-8.592258217678,32.36688876422));
#11441 = CARTESIAN_POINT('',(-8.490936763974,31.340670878501));
#11442 = CARTESIAN_POINT('',(-8.291249467091,30.23705258033));
#11443 = CARTESIAN_POINT('',(-7.998405067358,29.111064093022));
#11444 = CARTESIAN_POINT('',(-7.589078170952,27.933487772265));
#11445 = CARTESIAN_POINT('',(-7.055581640139,26.70429423241));
#11446 = CARTESIAN_POINT('',(-6.377765038857,25.391682245513));
#11447 = CARTESIAN_POINT('',(-5.578185203553,24.065747827849));
#11448 = CARTESIAN_POINT('',(-4.630789307926,22.687905843428));
#11449 = CARTESIAN_POINT('',(-3.523364729133,21.260439651933));
#11450 = CARTESIAN_POINT('',(-2.209846404675,19.753017757988));
#11451 = CARTESIAN_POINT('',(-0.753333871887,18.252182319148));
#11452 = CARTESIAN_POINT('',(0.919557641022,16.696203647599));
#11453 = CARTESIAN_POINT('',(2.707838975062,15.175532050721));
#11454 = CARTESIAN_POINT('',(5.099203627213,13.350090444196));
#11455 = CARTESIAN_POINT('',(5.776592839161,12.91100078668));
#11456 = CARTESIAN_POINT('',(7.051107079368,12.019693060918));
#11457 = ( GEOMETRIC_REPRESENTATION_CONTEXT(2) 
PARAMETRIC_REPRESENTATION_CONTEXT() REPRESENTATION_CONTEXT('2D SPACE',''
  ) );
#11458 = ADVANCED_FACE('',(#11459),#10730,.T.);
#11459 = FACE_BOUND('',#11460,.T.);
#11460 = EDGE_LOOP('',(#11461,#11462,#11483,#11484));
#11461 = ORIENTED_EDGE('',*,*,#10714,.T.);
#11462 = ORIENTED_EDGE('',*,*,#11463,.T.);
#11463 = EDGE_CURVE('',#10691,#11206,#11464,.T.);
#11464 = SURFACE_CURVE('',#11465,(#11469,#11476),.PCURVE_S1.);
#11465 = LINE('',#11466,#11467);
#11466 = CARTESIAN_POINT('',(34.411750715304,36.69590941308,22.4));
#11467 = VECTOR('',#11468,1.);
#11468 = DIRECTION('',(-0.923415700917,0.383801307059,0.));
#11469 = PCURVE('',#10730,#11470);
#11470 = DEFINITIONAL_REPRESENTATION('',(#11471),#11475);
#11471 = LINE('',#11472,#11473);
#11472 = CARTESIAN_POINT('',(-6.094433791486,-22.4));
#11473 = VECTOR('',#11474,1.);
#11474 = DIRECTION('',(1.,0.));
#11475 = ( GEOMETRIC_REPRESENTATION_CONTEXT(2) 
PARAMETRIC_REPRESENTATION_CONTEXT() REPRESENTATION_CONTEXT('2D SPACE',''
  ) );
#11476 = PCURVE('',#66,#11477);
#11477 = DEFINITIONAL_REPRESENTATION('',(#11478),#11482);
#11478 = LINE('',#11479,#11480);
#11479 = CARTESIAN_POINT('',(34.411750715304,36.69590941308));
#11480 = VECTOR('',#11481,1.);
#11481 = DIRECTION('',(-0.923415700917,0.383801307059));
#11482 = ( GEOMETRIC_REPRESENTATION_CONTEXT(2) 
PARAMETRIC_REPRESENTATION_CONTEXT() REPRESENTATION_CONTEXT('2D SPACE',''
  ) );
#11483 = ORIENTED_EDGE('',*,*,#11203,.F.);
#11484 = ORIENTED_EDGE('',*,*,#11485,.F.);
#11485 = EDGE_CURVE('',#10715,#11204,#11486,.T.);
#11486 = SURFACE_CURVE('',#11487,(#11491,#11498),.PCURVE_S1.);
#11487 = LINE('',#11488,#11489);
#11488 = CARTESIAN_POINT('',(34.411750715304,36.69590941308,0.));
#11489 = VECTOR('',#11490,1.);
#11490 = DIRECTION('',(-0.923415700917,0.383801307059,0.));
#11491 = PCURVE('',#10730,#11492);
#11492 = DEFINITIONAL_REPRESENTATION('',(#11493),#11497);
#11493 = LINE('',#11494,#11495);
#11494 = CARTESIAN_POINT('',(-6.094433791486,-0.));
#11495 = VECTOR('',#11496,1.);
#11496 = DIRECTION('',(1.,0.));
#11497 = ( GEOMETRIC_REPRESENTATION_CONTEXT(2) 
PARAMETRIC_REPRESENTATION_CONTEXT() REPRESENTATION_CONTEXT('2D SPACE',''
  ) );
#11498 = PCURVE('',#94,#11499);
#11499 = DEFINITIONAL_REPRESENTATION('',(#11500),#11504);
#11500 = LINE('',#11501,#11502);
#11501 = CARTESIAN_POINT('',(34.411750715304,36.69590941308));
#11502 = VECTOR('',#11503,1.);
#11503 = DIRECTION('',(-0.923415700917,0.383801307059));
#11504 = ( GEOMETRIC_REPRESENTATION_CONTEXT(2) 
PARAMETRIC_REPRESENTATION_CONTEXT() REPRESENTATION_CONTEXT('2D SPACE',''
  ) );
#11505 = ADVANCED_FACE('',(#11506,#11509,#11516,#11523,#11530,#11537,
    #11544,#11551,#11558,#11565,#11572,#11579,#11586),#94,.F.);
#11506 = FACE_BOUND('',#11507,.F.);
#11507 = EDGE_LOOP('',(#11508));
#11508 = ORIENTED_EDGE('',*,*,#79,.T.);
#11509 = FACE_BOUND('',#11510,.F.);
#11510 = EDGE_LOOP('',(#11511,#11512,#11513,#11514,#11515));
#11511 = ORIENTED_EDGE('',*,*,#292,.F.);
#11512 = ORIENTED_EDGE('',*,*,#463,.F.);
#11513 = ORIENTED_EDGE('',*,*,#729,.F.);
#11514 = ORIENTED_EDGE('',*,*,#894,.F.);
#11515 = ORIENTED_EDGE('',*,*,#1035,.F.);
#11516 = FACE_BOUND('',#11517,.F.);
#11517 = EDGE_LOOP('',(#11518,#11519,#11520,#11521,#11522));
#11518 = ORIENTED_EDGE('',*,*,#1242,.F.);
#11519 = ORIENTED_EDGE('',*,*,#1413,.F.);
#11520 = ORIENTED_EDGE('',*,*,#1679,.F.);
#11521 = ORIENTED_EDGE('',*,*,#1844,.F.);
#11522 = ORIENTED_EDGE('',*,*,#1985,.F.);
#11523 = FACE_BOUND('',#11524,.F.);
#11524 = EDGE_LOOP('',(#11525,#11526,#11527,#11528,#11529));
#11525 = ORIENTED_EDGE('',*,*,#2192,.F.);
#11526 = ORIENTED_EDGE('',*,*,#2363,.F.);
#11527 = ORIENTED_EDGE('',*,*,#2629,.F.);
#11528 = ORIENTED_EDGE('',*,*,#2794,.F.);
#11529 = ORIENTED_EDGE('',*,*,#2935,.F.);
#11530 = FACE_BOUND('',#11531,.F.);
#11531 = EDGE_LOOP('',(#11532,#11533,#11534,#11535,#11536));
#11532 = ORIENTED_EDGE('',*,*,#3142,.F.);
#11533 = ORIENTED_EDGE('',*,*,#3313,.F.);
#11534 = ORIENTED_EDGE('',*,*,#3579,.F.);
#11535 = ORIENTED_EDGE('',*,*,#3744,.F.);
#11536 = ORIENTED_EDGE('',*,*,#3885,.F.);
#11537 = FACE_BOUND('',#11538,.F.);
#11538 = EDGE_LOOP('',(#11539,#11540,#11541,#11542,#11543));
#11539 = ORIENTED_EDGE('',*,*,#4092,.F.);
#11540 = ORIENTED_EDGE('',*,*,#4263,.F.);
#11541 = ORIENTED_EDGE('',*,*,#4529,.F.);
#11542 = ORIENTED_EDGE('',*,*,#4694,.F.);
#11543 = ORIENTED_EDGE('',*,*,#4835,.F.);
#11544 = FACE_BOUND('',#11545,.F.);
#11545 = EDGE_LOOP('',(#11546,#11547,#11548,#11549,#11550));
#11546 = ORIENTED_EDGE('',*,*,#5042,.F.);
#11547 = ORIENTED_EDGE('',*,*,#5213,.F.);
#11548 = ORIENTED_EDGE('',*,*,#5479,.F.);
#11549 = ORIENTED_EDGE('',*,*,#5644,.F.);
#11550 = ORIENTED_EDGE('',*,*,#5785,.F.);
#11551 = FACE_BOUND('',#11552,.F.);
#11552 = EDGE_LOOP('',(#11553,#11554,#11555,#11556,#11557));
#11553 = ORIENTED_EDGE('',*,*,#5992,.F.);
#11554 = ORIENTED_EDGE('',*,*,#6163,.F.);
#11555 = ORIENTED_EDGE('',*,*,#6429,.F.);
#11556 = ORIENTED_EDGE('',*,*,#6594,.F.);
#11557 = ORIENTED_EDGE('',*,*,#6735,.F.);
#11558 = FACE_BOUND('',#11559,.F.);
#11559 = EDGE_LOOP('',(#11560,#11561,#11562,#11563,#11564));
#11560 = ORIENTED_EDGE('',*,*,#6942,.F.);
#11561 = ORIENTED_EDGE('',*,*,#7113,.F.);
#11562 = ORIENTED_EDGE('',*,*,#7379,.F.);
#11563 = ORIENTED_EDGE('',*,*,#7544,.F.);
#11564 = ORIENTED_EDGE('',*,*,#7685,.F.);
#11565 = FACE_BOUND('',#11566,.F.);
#11566 = EDGE_LOOP('',(#11567,#11568,#11569,#11570,#11571));
#11567 = ORIENTED_EDGE('',*,*,#7892,.F.);
#11568 = ORIENTED_EDGE('',*,*,#8063,.F.);
#11569 = ORIENTED_EDGE('',*,*,#8329,.F.);
#11570 = ORIENTED_EDGE('',*,*,#8494,.F.);
#11571 = ORIENTED_EDGE('',*,*,#8635,.F.);
#11572 = FACE_BOUND('',#11573,.F.);
#11573 = EDGE_LOOP('',(#11574,#11575,#11576,#11577,#11578));
#11574 = ORIENTED_EDGE('',*,*,#8842,.F.);
#11575 = ORIENTED_EDGE('',*,*,#9013,.F.);
#11576 = ORIENTED_EDGE('',*,*,#9279,.F.);
#11577 = ORIENTED_EDGE('',*,*,#9444,.F.);
#11578 = ORIENTED_EDGE('',*,*,#9585,.F.);
#11579 = FACE_BOUND('',#11580,.F.);
#11580 = EDGE_LOOP('',(#11581,#11582,#11583,#11584,#11585));
#11581 = ORIENTED_EDGE('',*,*,#9792,.F.);
#11582 = ORIENTED_EDGE('',*,*,#9963,.F.);
#11583 = ORIENTED_EDGE('',*,*,#10229,.F.);
#11584 = ORIENTED_EDGE('',*,*,#10394,.F.);
#11585 = ORIENTED_EDGE('',*,*,#10535,.F.);
#11586 = FACE_BOUND('',#11587,.F.);
#11587 = EDGE_LOOP('',(#11588,#11589,#11590,#11591,#11592));
#11588 = ORIENTED_EDGE('',*,*,#10742,.F.);
#11589 = ORIENTED_EDGE('',*,*,#10913,.F.);
#11590 = ORIENTED_EDGE('',*,*,#11179,.F.);
#11591 = ORIENTED_EDGE('',*,*,#11344,.F.);
#11592 = ORIENTED_EDGE('',*,*,#11485,.F.);
#11593 = ADVANCED_FACE('',(#11594,#11597,#11604,#11611,#11618,#11625,
    #11632,#11639,#11646,#11653,#11660,#11667,#11674),#66,.T.);
#11594 = FACE_BOUND('',#11595,.T.);
#11595 = EDGE_LOOP('',(#11596));
#11596 = ORIENTED_EDGE('',*,*,#51,.T.);
#11597 = FACE_BOUND('',#11598,.T.);
#11598 = EDGE_LOOP('',(#11599,#11600,#11601,#11602,#11603));
#11599 = ORIENTED_EDGE('',*,*,#240,.F.);
#11600 = ORIENTED_EDGE('',*,*,#347,.F.);
#11601 = ORIENTED_EDGE('',*,*,#707,.F.);
#11602 = ORIENTED_EDGE('',*,*,#778,.F.);
#11603 = ORIENTED_EDGE('',*,*,#1013,.F.);
#11604 = FACE_BOUND('',#11605,.T.);
#11605 = EDGE_LOOP('',(#11606,#11607,#11608,#11609,#11610));
#11606 = ORIENTED_EDGE('',*,*,#1190,.F.);
#11607 = ORIENTED_EDGE('',*,*,#1297,.F.);
#11608 = ORIENTED_EDGE('',*,*,#1657,.F.);
#11609 = ORIENTED_EDGE('',*,*,#1728,.F.);
#11610 = ORIENTED_EDGE('',*,*,#1963,.F.);
#11611 = FACE_BOUND('',#11612,.T.);
#11612 = EDGE_LOOP('',(#11613,#11614,#11615,#11616,#11617));
#11613 = ORIENTED_EDGE('',*,*,#2140,.F.);
#11614 = ORIENTED_EDGE('',*,*,#2247,.F.);
#11615 = ORIENTED_EDGE('',*,*,#2607,.F.);
#11616 = ORIENTED_EDGE('',*,*,#2678,.F.);
#11617 = ORIENTED_EDGE('',*,*,#2913,.F.);
#11618 = FACE_BOUND('',#11619,.T.);
#11619 = EDGE_LOOP('',(#11620,#11621,#11622,#11623,#11624));
#11620 = ORIENTED_EDGE('',*,*,#3090,.F.);
#11621 = ORIENTED_EDGE('',*,*,#3197,.F.);
#11622 = ORIENTED_EDGE('',*,*,#3557,.F.);
#11623 = ORIENTED_EDGE('',*,*,#3628,.F.);
#11624 = ORIENTED_EDGE('',*,*,#3863,.F.);
#11625 = FACE_BOUND('',#11626,.T.);
#11626 = EDGE_LOOP('',(#11627,#11628,#11629,#11630,#11631));
#11627 = ORIENTED_EDGE('',*,*,#4040,.F.);
#11628 = ORIENTED_EDGE('',*,*,#4147,.F.);
#11629 = ORIENTED_EDGE('',*,*,#4507,.F.);
#11630 = ORIENTED_EDGE('',*,*,#4578,.F.);
#11631 = ORIENTED_EDGE('',*,*,#4813,.F.);
#11632 = FACE_BOUND('',#11633,.T.);
#11633 = EDGE_LOOP('',(#11634,#11635,#11636,#11637,#11638));
#11634 = ORIENTED_EDGE('',*,*,#4990,.F.);
#11635 = ORIENTED_EDGE('',*,*,#5097,.F.);
#11636 = ORIENTED_EDGE('',*,*,#5457,.F.);
#11637 = ORIENTED_EDGE('',*,*,#5528,.F.);
#11638 = ORIENTED_EDGE('',*,*,#5763,.F.);
#11639 = FACE_BOUND('',#11640,.T.);
#11640 = EDGE_LOOP('',(#11641,#11642,#11643,#11644,#11645));
#11641 = ORIENTED_EDGE('',*,*,#5940,.F.);
#11642 = ORIENTED_EDGE('',*,*,#6047,.F.);
#11643 = ORIENTED_EDGE('',*,*,#6407,.F.);
#11644 = ORIENTED_EDGE('',*,*,#6478,.F.);
#11645 = ORIENTED_EDGE('',*,*,#6713,.F.);
#11646 = FACE_BOUND('',#11647,.T.);
#11647 = EDGE_LOOP('',(#11648,#11649,#11650,#11651,#11652));
#11648 = ORIENTED_EDGE('',*,*,#6890,.F.);
#11649 = ORIENTED_EDGE('',*,*,#6997,.F.);
#11650 = ORIENTED_EDGE('',*,*,#7357,.F.);
#11651 = ORIENTED_EDGE('',*,*,#7428,.F.);
#11652 = ORIENTED_EDGE('',*,*,#7663,.F.);
#11653 = FACE_BOUND('',#11654,.T.);
#11654 = EDGE_LOOP('',(#11655,#11656,#11657,#11658,#11659));
#11655 = ORIENTED_EDGE('',*,*,#7840,.F.);
#11656 = ORIENTED_EDGE('',*,*,#7947,.F.);
#11657 = ORIENTED_EDGE('',*,*,#8307,.F.);
#11658 = ORIENTED_EDGE('',*,*,#8378,.F.);
#11659 = ORIENTED_EDGE('',*,*,#8613,.F.);
#11660 = FACE_BOUND('',#11661,.T.);
#11661 = EDGE_LOOP('',(#11662,#11663,#11664,#11665,#11666));
#11662 = ORIENTED_EDGE('',*,*,#8790,.F.);
#11663 = ORIENTED_EDGE('',*,*,#8897,.F.);
#11664 = ORIENTED_EDGE('',*,*,#9257,.F.);
#11665 = ORIENTED_EDGE('',*,*,#9328,.F.);
#11666 = ORIENTED_EDGE('',*,*,#9563,.F.);
#11667 = FACE_BOUND('',#11668,.T.);
#11668 = EDGE_LOOP('',(#11669,#11670,#11671,#11672,#11673));
#11669 = ORIENTED_EDGE('',*,*,#9740,.F.);
#11670 = ORIENTED_EDGE('',*,*,#9847,.F.);
#11671 = ORIENTED_EDGE('',*,*,#10207,.F.);
#11672 = ORIENTED_EDGE('',*,*,#10278,.F.);
#11673 = ORIENTED_EDGE('',*,*,#10513,.F.);
#11674 = FACE_BOUND('',#11675,.T.);
#11675 = EDGE_LOOP('',(#11676,#11677,#11678,#11679,#11680));
#11676 = ORIENTED_EDGE('',*,*,#10690,.F.);
#11677 = ORIENTED_EDGE('',*,*,#10797,.F.);
#11678 = ORIENTED_EDGE('',*,*,#11157,.F.);
#11679 = ORIENTED_EDGE('',*,*,#11228,.F.);
#11680 = ORIENTED_EDGE('',*,*,#11463,.F.);
#11681 = ( GEOMETRIC_REPRESENTATION_CONTEXT(3) 
GLOBAL_UNCERTAINTY_ASSIGNED_CONTEXT((#11685)) 
GLOBAL_UNIT_ASSIGNED_CONTEXT((#11682,#11683,#11684)) 
REPRESENTATION_CONTEXT('Context #1',
  '3D Context with UNIT and UNCERTAINTY') );
#11682 = ( LENGTH_UNIT() NAMED_UNIT(*) SI_UNIT(.MILLI.,.METRE.) );
#11683 = ( NAMED_UNIT(*) PLANE_ANGLE_UNIT() SI_UNIT($,.RADIAN.) );
#11684 = ( NAMED_UNIT(*) SI_UNIT($,.STERADIAN.) SOLID_ANGLE_UNIT() );
#11685 = UNCERTAINTY_MEASURE_WITH_UNIT(LENGTH_MEASURE(1.E-07),#11682,
  'distance_accuracy_value','confusion accuracy');
#11686 = PRODUCT_RELATED_PRODUCT_CATEGORY('part',$,(#7));
ENDSEC;
END-ISO-10303-21;
